id_municipio,nome_municipio,sigla_uf,regiao,taxa_2023,taxa_2024,meta_2025,meta_2030,delta_observado,delta_projetado,projecao_2025,projecao_2026,projecao_2027,projecao_2028,projecao_2029,projecao_2030,atinge_meta_2025,atinge_meta_2030,gap_2030,ritmo_necessario_ate_2030,ritmo_projetado,classificacao_ritmo
3532868,Nova Castilho,SP,Sudeste,40.0,25.0,52.66,80.0,-15.0,-5.94,19.95,15.66,12.01,8.91,6.28,4.03,0,0,-75.97,9.17,-5.94,Em retrocesso
1704600,Chapada de Areia,TO,Norte,50.0,6.25,59.77,80.0,-43.75,-17.77,0.0,0.0,0.0,0.0,0.0,0.0,0,0,-80.0,12.29,-17.77,Em retrocesso
2406155,Jundiá,RN,Nordeste,54.55,33.33,41.43,80.0,-21.22,-8.0,26.53,20.75,15.84,11.66,8.11,5.09,0,0,-74.91,7.78,-8.0,Em retrocesso
2406205,Lagoa d'Anta,RN,Nordeste,13.11,11.65,19.26,80.0,-1.46,1.88,13.25,14.61,15.76,16.74,17.58,18.29,0,0,-61.71,11.39,1.88,Em retrocesso
1710706,Itaguatins,TO,Norte,32.53,18.09,46.88,80.0,-14.44,-3.12,15.44,13.18,11.27,9.64,8.25,7.08,0,0,-72.92,10.32,-3.12,Em retrocesso
4301750,Barão do Triunfo,RS,Sul,88.23,4.4,14.05,80.0,-83.83,-51.89,0.0,0.0,0.0,0.0,0.0,0.0,0,0,-80.0,12.6,-51.89,Em retrocesso
1712702,Mateiros,TO,Norte,27.59,9.09,42.72,80.0,-18.5,-5.15,4.71,0.99,0.0,0.0,0.0,0.0,0,0,-80.0,11.82,-5.15,Em retrocesso
4318440,São Jorge,RS,Sul,76.67,66.7,77.66,80.0,-9.97,-14.96,53.98,43.18,33.99,26.18,19.54,13.9,0,0,-66.1,2.22,-14.96,Em retrocesso
2902252,Arataca,BA,Nordeste,16.86,13.11,32.22,80.0,-3.75,-2.33,11.13,9.45,8.02,6.8,5.77,4.89,0,0,-75.11,11.15,-2.33,Em retrocesso
4321634,Três Arroios,RS,Sul,100.0,40.0,80.0,80.0,-60.0,-39.98,6.02,0.0,0.0,0.0,0.0,0.0,0,0,-80.0,6.67,-39.98,Em retrocesso
4319208,São Nicolau,RS,Sul,57.89,7.1,65.1,80.0,-50.79,-35.37,0.0,0.0,0.0,0.0,0.0,0.0,0,0,-80.0,12.15,-35.37,Em retrocesso
2408706,Paraú,RN,Nordeste,13.33,14.29,22.17,80.0,0.96,3.09,16.92,19.15,21.05,22.66,24.03,25.2,0,0,-54.8,10.95,3.09,Ritmo critico
1707702,Filadélfia,TO,Norte,11.95,12.63,26.3,80.0,0.68,4.44,16.4,19.61,22.34,24.66,26.63,28.3,0,0,-51.7,11.23,4.44,Ritmo critico
2919900,Macururé,BA,Nordeste,4.65,12.5,14.66,80.0,7.85,3.47,15.45,17.96,20.09,21.9,23.44,24.75,1,0,-55.25,11.25,3.47,Ritmo critico
2801504,Carmópolis,SE,Nordeste,24.85,16.16,40.27,80.0,-8.69,-0.99,15.32,14.6,14.0,13.48,13.04,12.67,0,0,-67.33,10.64,-0.99,Em retrocesso
2802007,Divina Pastora,SE,Nordeste,39.34,19.53,52.17,80.0,-19.81,-6.55,13.96,9.23,5.21,1.79,0.0,0.0,0,0,-80.0,10.08,-6.55,Em retrocesso
2413201,Senador Georgino Avelino,RN,Nordeste,23.89,27.46,39.38,80.0,3.57,4.39,31.19,34.36,37.06,39.35,41.3,42.95,0,0,-37.05,8.76,4.39,Ritmo critico
2900207,Abaré,BA,Nordeste,28.28,18.24,43.32,80.0,-10.04,-5.47,13.59,9.64,6.28,3.42,1.0,0.0,0,0,-80.0,10.29,-5.47,Em retrocesso
4310363,Imigrante,RS,Sul,78.24,50.0,78.75,80.0,-28.24,-24.1,29.52,12.1,0.0,0.0,0.0,0.0,0,0,-80.0,5.0,-24.1,Em retrocesso
4312005,Mariano Moro,RS,Sul,94.12,58.3,80.0,80.0,-35.82,-27.89,34.59,14.44,0.0,0.0,0.0,0.0,0,0,-80.0,3.62,-27.89,Em retrocesso
3142254,Miravânia,MG,Sudeste,40.71,41.67,53.18,80.0,0.96,6.64,47.31,52.11,56.19,59.66,62.6,65.11,0,0,-14.89,6.39,6.64,No ritmo da meta
2802601,Graccho Cardoso,SE,Nordeste,20.0,16.67,35.57,80.0,-3.33,1.69,18.11,19.33,20.37,21.25,22.0,22.63,0,0,-57.37,10.56,1.69,Em retrocesso
1304260,Uarini,AM,Norte,13.39,11.25,28.14,80.0,-2.14,-1.79,9.73,8.44,7.34,6.4,5.61,4.93,0,0,-75.07,11.46,-1.79,Em retrocesso
2915403,Itaju do Colônia,BA,Nordeste,20.17,15.25,35.74,80.0,-4.92,-2.91,12.78,10.67,8.89,7.37,6.08,4.98,0,0,-75.02,10.79,-2.91,Em retrocesso
1718659,Rio da Conceição,TO,Norte,17.56,19.61,32.99,80.0,2.05,5.13,23.97,27.68,30.83,33.51,35.78,37.72,0,0,-42.28,10.06,5.13,Ritmo critico
4317004,Santana da Boa Vista,RS,Sul,48.82,13.1,58.96,80.0,-35.72,-27.84,0.0,0.0,0.0,0.0,0.0,0.0,0,0,-80.0,11.15,-27.84,Em retrocesso
2409704,Pedro Avelino,RN,Nordeste,19.48,21.89,35.03,80.0,2.41,3.81,25.13,27.88,30.22,32.21,33.9,35.34,0,0,-44.66,9.68,3.81,Ritmo critico
2509370,Mato Grosso,PB,Nordeste,40.0,18.18,52.66,80.0,-21.82,-8.35,11.08,5.05,0.0,0.0,0.0,0.0,0,0,-80.0,10.3,-8.35,Em retrocesso
1703008,Babaçulândia,TO,Norte,20.49,19.17,36.07,80.0,-1.32,3.44,22.09,24.58,26.69,28.49,30.01,31.31,0,0,-48.69,10.14,3.44,Em retrocesso
2203255,Curralinhos,PI,Nordeste,32.63,27.56,46.96,80.0,-5.07,0.58,28.05,28.47,28.83,29.13,29.39,29.61,0,0,-50.39,8.74,0.58,Em retrocesso
2206654,Morro Cabeça no Tempo,PI,Nordeste,23.7,19.39,39.2,80.0,-4.31,0.96,20.21,20.9,21.49,21.99,22.42,22.78,0,0,-57.22,10.1,0.96,Em retrocesso
1301100,Careiro,AM,Norte,20.71,17.29,,,-3.42,-2.43,15.22,13.47,11.98,10.71,9.63,8.71,0,0,,,-2.43,Em retrocesso
4302600,Braga,RS,Sul,40.0,20.0,52.66,80.0,-20.0,-19.98,3.02,0.0,0.0,0.0,0.0,0.0,0,0,-80.0,10.0,-19.98,Em retrocesso
4320354,Sentinela do Sul,RS,Sul,73.81,23.5,75.7,80.0,-50.31,-35.13,0.0,0.0,0.0,0.0,0.0,0.0,0,0,-80.0,9.42,-35.13,Em retrocesso
2102507,Cajari,MA,Nordeste,53.27,34.1,62.0,80.0,-19.17,-8.54,26.84,20.67,15.43,10.97,7.18,3.96,0,0,-76.04,7.65,-8.54,Em retrocesso
1301407,Eirunepé,AM,Norte,19.19,23.81,,,4.62,1.59,25.16,26.31,27.29,28.12,28.82,29.42,0,0,,,1.59,Ritmo critico
2802700,Ilha das Flores,SE,Nordeste,26.97,16.26,42.18,80.0,-10.71,-2.0,14.56,13.12,11.89,10.84,9.96,9.2,0,0,-70.8,10.62,-2.0,Em retrocesso
2933158,Várzea Nova,BA,Nordeste,32.8,17.95,47.1,80.0,-14.85,-7.88,11.25,5.56,0.72,0.0,0.0,0.0,0,0,-80.0,10.34,-7.88,Em retrocesso
2502201,Bom Jesus,PB,Nordeste,25.56,68.42,40.92,80.0,42.86,23.99,88.81,100.0,100.0,100.0,100.0,100.0,1,1,20.0,1.93,23.99,No ritmo da meta
2924207,Pedro Alexandre,BA,Nordeste,29.14,20.45,44.06,80.0,-8.69,-4.8,16.37,12.9,9.95,7.45,5.32,3.51,0,0,-76.49,9.92,-4.8,Em retrocesso
2512721,Pedro Régis,PB,Nordeste,47.41,23.99,57.98,80.0,-23.42,-9.15,16.21,9.6,3.98,0.0,0.0,0.0,0,0,-80.0,9.34,-9.15,Em retrocesso
2507408,Jericó,PB,Nordeste,53.45,23.83,62.12,80.0,-29.62,-12.25,13.42,4.57,0.0,0.0,0.0,0.0,0,0,-80.0,9.36,-12.25,Em retrocesso
2932457,Umburanas,BA,Nordeste,21.31,22.95,36.89,80.0,1.64,0.37,23.26,23.53,23.76,23.95,24.12,24.26,0,0,-55.74,9.51,0.37,Ritmo critico
2900900,Almadina,BA,Nordeste,31.19,23.91,45.78,80.0,-7.28,-4.09,20.43,17.48,14.97,12.83,11.02,9.47,0,0,-70.53,9.35,-4.09,Em retrocesso
4320453,Sério,RS,Sul,85.41,11.1,80.0,80.0,-74.31,-47.13,0.0,0.0,0.0,0.0,0.0,0.0,0,0,-80.0,11.48,-47.13,Em retrocesso
1300805,Borba,AM,Norte,28.35,22.82,43.38,80.0,-5.53,-3.49,19.85,17.33,15.19,13.37,11.82,10.5,0,0,-69.5,9.53,-3.49,Em retrocesso
1711951,Lagoa do Tocantins,TO,Norte,20.75,15.09,36.33,80.0,-5.66,1.27,16.17,17.09,17.87,18.53,19.09,19.57,0,0,-60.43,10.82,1.27,Em retrocesso
2929370,São José do Jacuípe,BA,Nordeste,23.18,28.41,38.7,80.0,5.23,2.16,30.25,31.81,33.13,34.26,35.22,36.03,0,0,-43.97,8.6,2.16,Ritmo critico
2405306,Januário Cicco,RN,Nordeste,45.53,20.55,,,-24.98,-9.88,12.15,5.01,0.0,0.0,0.0,0.0,0,0,,,-9.88,Em retrocesso
4307500,Espumoso,RS,Sul,81.25,39.1,80.0,80.0,-42.15,-31.05,12.71,0.0,0.0,0.0,0.0,0.0,0,0,-80.0,6.82,-31.05,Em retrocesso
1302553,Manaquiri,AM,Norte,47.0,20.56,57.7,80.0,-26.44,-13.94,8.71,0.0,0.0,0.0,0.0,0.0,0,0,-80.0,9.91,-13.94,Em retrocesso
2203354,Dirceu Arcoverde,PI,Nordeste,33.24,11.96,47.45,80.0,-21.28,-7.52,5.57,0.13,0.0,0.0,0.0,0.0,0,0,-80.0,11.34,-7.52,Em retrocesso
1711100,Itaporã do Tocantins,TO,Norte,64.16,24.0,69.25,80.0,-40.16,-15.98,10.42,0.0,0.0,0.0,0.0,0.0,0,0,-80.0,9.33,-15.98,Em retrocesso
2925600,Presidente Dutra,BA,Nordeste,21.28,20.0,36.86,80.0,-1.28,-1.09,19.07,18.29,17.62,17.05,16.56,16.15,0,0,-63.85,10.0,-1.09,Em retrocesso
2919926,Madre de Deus,BA,Nordeste,40.71,25.81,53.18,80.0,-14.9,-7.9,19.1,13.39,8.54,4.41,0.91,0.0,0,0,-80.0,9.03,-7.9,Em retrocesso
2916302,Itapebi,BA,Nordeste,14.97,23.44,30.06,80.0,8.47,3.78,26.65,29.38,31.71,33.68,35.36,36.78,0,0,-43.22,9.43,3.78,Ritmo critico
2911402,Glória,BA,Nordeste,35.91,29.69,49.56,80.0,-6.22,-3.56,26.66,24.09,21.91,20.05,18.47,17.13,0,0,-62.87,8.38,-3.56,Em retrocesso
4318614,São José do Sul,RS,Sul,85.0,37.5,80.0,80.0,-47.5,-33.73,8.83,0.0,0.0,0.0,0.0,0.0,0,0,-80.0,7.08,-33.73,Em retrocesso
4310850,Jaboticaba,RS,Sul,85.54,25.0,80.0,80.0,-60.54,-40.25,0.0,0.0,0.0,0.0,0.0,0.0,0,0,-80.0,9.17,-40.25,Em retrocesso
2410702,Riacho da Cruz,RN,Nordeste,25.0,37.5,40.4,80.0,12.5,8.86,45.03,51.43,56.87,61.5,65.43,68.77,1,0,-11.23,7.08,8.86,No ritmo da meta
4319752,São Vendelino,RS,Sul,100.0,25.0,80.0,80.0,-75.0,-47.48,0.0,0.0,0.0,0.0,0.0,0.0,0,0,-80.0,9.17,-47.48,Em retrocesso
2802502,General Maynard,SE,Nordeste,20.0,21.91,35.57,80.0,1.91,4.31,25.57,28.69,31.33,33.58,35.5,37.12,0,0,-42.88,9.68,4.31,Ritmo critico
2928059,Santa Luzia,BA,Nordeste,33.46,28.42,47.63,80.0,-5.04,-2.97,25.9,23.75,21.93,20.38,19.06,17.94,0,0,-62.06,8.6,-2.97,Em retrocesso
2401859,Caiçara do Norte,RN,Nordeste,31.2,26.47,45.79,80.0,-4.73,0.24,26.67,26.85,26.99,27.12,27.23,27.32,0,0,-52.68,8.92,0.24,Em retrocesso
3103108,Antônio Prado de Minas,MG,Sudeste,78.57,86.67,78.99,80.0,8.1,10.21,95.35,100.0,100.0,100.0,100.0,100.0,1,1,20.0,-1.11,10.21,No ritmo da meta
4300661,André da Rocha,RS,Sul,68.75,33.3,72.3,80.0,-35.45,-27.7,9.75,0.0,0.0,0.0,0.0,0.0,0,0,-80.0,7.78,-27.7,Em retrocesso
1303601,Santa Isabel do Rio Negro,AM,Norte,26.71,36.02,41.95,80.0,9.31,3.93,39.36,42.2,44.61,46.66,48.41,49.89,0,0,-30.11,7.33,3.93,Ritmo critico
2922250,Muquém do São Francisco,BA,Nordeste,30.98,22.03,45.61,80.0,-8.95,-4.93,17.84,14.28,11.25,8.68,6.49,4.63,0,0,-75.37,9.66,-4.93,Em retrocesso
4312138,Mato Castelhano,RS,Sul,76.48,38.7,77.53,80.0,-37.78,-28.87,14.16,0.0,0.0,0.0,0.0,0.0,0,0,-80.0,6.88,-28.87,Em retrocesso
4301073,Arroio do Padre,RS,Sul,94.58,18.2,80.0,80.0,-76.38,-48.17,0.0,0.0,0.0,0.0,0.0,0.0,0,0,-80.0,10.3,-48.17,Em retrocesso
2908606,Conde,BA,Nordeste,40.59,28.14,53.1,80.0,-12.45,-6.68,22.46,17.64,13.53,10.05,7.08,4.56,0,0,-75.44,8.64,-6.68,Em retrocesso
3522653,Itapirapuã Paulista,SP,Sudeste,45.73,29.85,56.8,80.0,-15.88,-6.38,24.43,19.82,15.9,12.57,9.74,7.33,0,0,-72.67,8.36,-6.38,Em retrocesso
2505204,Cuitegi,PB,Nordeste,29.25,24.78,44.16,80.0,-4.47,0.33,25.06,25.3,25.5,25.67,25.82,25.94,0,0,-54.06,9.2,0.33,Em retrocesso
1301159,Careiro da Várzea,AM,Norte,38.04,27.35,51.19,80.0,-10.69,-6.07,22.19,17.8,14.08,10.91,8.22,5.93,0,0,-74.07,8.78,-6.07,Em retrocesso
3544103,Rio Grande da Serra,SP,Sudeste,31.67,57.14,46.18,80.0,25.47,14.29,69.29,79.61,88.39,95.85,100.0,100.0,1,1,20.0,3.81,14.29,No ritmo da meta
2411700,São Bento do Trairí,RN,Nordeste,33.35,33.62,47.54,80.0,0.27,2.74,35.95,37.93,39.61,41.04,42.26,43.29,0,0,-36.71,7.73,2.74,Ritmo critico
1714302,Nazaré,TO,Norte,45.94,34.23,56.95,80.0,-11.71,-1.75,32.74,31.48,30.4,29.49,28.71,28.05,0,0,-51.95,7.63,-1.75,Em retrocesso
1301506,Envira,AM,Norte,56.52,19.3,27.7,80.0,-37.22,-19.33,2.87,0.0,0.0,0.0,0.0,0.0,0,0,-80.0,10.12,-19.33,Em retrocesso
2211357,Várzea Branca,PI,Nordeste,25.97,31.25,41.29,80.0,5.28,5.76,36.15,40.31,43.84,46.85,49.41,51.58,0,0,-28.42,8.12,5.76,Ritmo insuficiente
3162450,São João das Missões,MG,Sudeste,40.91,33.42,53.33,80.0,-7.49,2.41,35.47,37.21,38.69,39.95,41.02,41.93,0,0,-38.07,7.76,2.41,Em retrocesso
2928307,Santanópolis,BA,Nordeste,26.96,22.95,31.5,80.0,-4.01,-2.46,20.86,19.08,17.57,16.29,15.2,14.27,0,0,-65.73,9.51,-2.46,Em retrocesso
1703891,Carrasco Bonito,TO,Norte,34.09,23.86,48.13,80.0,-10.23,-1.01,23.0,22.27,21.65,21.12,20.68,20.3,0,0,-59.7,9.36,-1.01,Em retrocesso
2201804,Bocaina,PI,Nordeste,90.77,55.0,80.0,80.0,-35.77,-14.77,42.45,31.77,22.7,14.99,8.44,2.87,0,0,-77.13,4.17,-14.77,Em retrocesso
2915908,Itanagra,BA,Nordeste,22.47,24.53,,,2.06,0.58,25.02,25.44,25.8,26.1,26.36,26.58,0,0,,,0.58,Ritmo critico
4204178,Cerro Negro,SC,Sul,28.93,49.84,43.88,80.0,20.91,11.07,59.25,67.25,74.05,79.82,84.74,88.91,1,1,8.91,5.03,11.07,No ritmo da meta
2918605,Jussiape,BA,Nordeste,32.1,33.33,46.53,80.0,1.23,0.16,33.47,33.58,33.68,33.76,33.83,33.89,0,0,-46.11,7.78,0.16,Ritmo critico
4319125,São Martinho da Serra,RS,Sul,76.47,46.2,77.52,80.0,-30.27,-25.11,24.86,6.71,0.0,0.0,0.0,0.0,0,0,-80.0,5.63,-25.11,Em retrocesso
2907608,Central,BA,Nordeste,30.85,25.64,45.5,80.0,-5.21,-3.06,23.04,20.83,18.95,17.35,15.99,14.84,0,0,-65.16,9.06,-3.06,Em retrocesso
2929354,São José da Vitória,BA,Nordeste,31.3,27.27,45.87,80.0,-4.03,-2.47,25.17,23.39,21.87,20.58,19.48,18.55,0,0,-61.45,8.79,-2.47,Em retrocesso
2912608,Ibiquera,BA,Nordeste,20.08,15.62,35.65,80.0,-4.46,-2.68,13.34,11.41,9.76,8.36,7.17,6.16,0,0,-73.84,10.73,-2.68,Em retrocesso
2924058,Pé de Serra,BA,Nordeste,37.89,39.22,,,1.33,0.21,39.4,39.55,39.68,39.79,39.88,39.96,0,0,,,0.21,Ritmo critico
4305439,Chuí,RS,Sul,50.0,21.1,59.77,80.0,-28.9,-24.43,0.33,0.0,0.0,0.0,0.0,0.0,0,0,-80.0,9.82,-24.43,Em retrocesso
2920908,Mascote,BA,Nordeste,22.32,26.73,37.88,80.0,4.41,1.75,28.22,29.48,30.56,31.47,32.25,32.91,0,0,-47.09,8.88,1.75,Ritmo critico
2903508,Belo Campo,BA,Nordeste,47.6,33.06,58.11,80.0,-14.54,-7.72,26.5,20.92,16.18,12.15,8.72,5.81,0,0,-74.19,7.82,-7.72,Em retrocesso
2803807,Malhada dos Bois,SE,Nordeste,40.0,37.63,52.66,80.0,-2.37,2.17,39.47,41.04,42.37,43.51,44.47,45.29,0,0,-34.71,7.06,2.17,Em retrocesso
2409803,Pedro Velho,RN,Nordeste,16.96,23.56,32.33,80.0,6.6,5.91,28.58,32.85,36.48,39.57,42.19,44.42,0,0,-35.58,9.41,5.91,Ritmo insuficiente
5108352,Vale de São Domingos,MT,Centro-Oeste,48.81,23.86,58.95,80.0,-24.95,-8.56,16.58,10.4,5.14,0.67,0.0,0.0,0,0,-80.0,9.36,-8.56,Em retrocesso
2902401,Aurelino Leal,BA,Nordeste,42.65,33.61,54.6,80.0,-9.04,-4.97,29.39,25.79,22.74,20.15,17.94,16.07,0,0,-63.93,7.73,-4.97,Em retrocesso
4311981,Mariana Pimentel,RS,Sul,61.86,21.9,,,-39.96,-29.96,0.0,0.0,0.0,0.0,0.0,0.0,0,0,,,-29.96,Em retrocesso
2901809,Antônio Gonçalves,BA,Nordeste,32.58,25.32,46.92,80.0,-7.26,-4.08,21.85,18.9,16.4,14.27,12.46,10.92,0,0,-69.08,9.11,-4.08,Em retrocesso
2514453,São José dos Ramos,PB,Nordeste,58.86,27.36,65.74,80.0,-31.5,-13.19,16.15,6.62,0.0,0.0,0.0,0.0,0,0,-80.0,8.77,-13.19,Em retrocesso
2514602,São José do Bonfim,PB,Nordeste,11.97,29.62,26.33,80.0,17.65,11.39,39.3,47.53,54.53,60.47,65.53,69.82,1,0,-10.18,8.4,11.39,No ritmo da meta
2206357,Milton Brandão,PI,Nordeste,37.5,33.33,50.78,80.0,-4.17,1.03,34.21,34.95,35.58,36.12,36.58,36.97,0,0,-43.03,7.78,1.03,Em retrocesso
3113107,Caranaíba,MG,Sudeste,70.0,83.33,73.13,80.0,13.33,12.82,94.23,100.0,100.0,100.0,100.0,100.0,1,1,20.0,-0.55,12.82,No ritmo da meta
4322103,Tucunduva,RS,Sul,64.29,16.7,,,-47.59,-33.77,0.0,0.0,0.0,0.0,0.0,0.0,0,0,,,-33.77,Em retrocesso
2916906,Itiruçu,BA,Nordeste,32.86,30.0,47.15,80.0,-2.86,-1.88,28.4,27.04,25.89,24.91,24.07,23.36,0,0,-56.64,8.33,-1.88,Em retrocesso
3118502,Consolação,MG,Sudeste,62.5,38.89,68.16,80.0,-23.61,-5.65,34.09,30.01,26.54,23.59,21.08,18.95,0,0,-61.05,6.85,-5.65,Em retrocesso
3505401,Barra do Turvo,SP,Sudeste,87.5,34.89,80.0,80.0,-52.61,-24.75,13.85,0.0,0.0,0.0,0.0,0.0,0,0,-80.0,7.52,-24.75,Em retrocesso
2806800,São Domingos,SE,Nordeste,29.59,29.79,44.44,80.0,0.2,3.45,32.72,35.22,37.33,39.13,40.67,41.97,0,0,-38.03,8.37,3.45,Ritmo critico
2907400,Catolândia,BA,Nordeste,10.48,25.71,24.3,80.0,15.23,7.16,31.8,36.97,41.37,45.1,48.28,50.98,1,0,-29.02,9.05,7.16,Ritmo insuficiente
1303809,São Gabriel da Cachoeira,AM,Norte,36.49,31.59,50.01,80.0,-4.9,-3.17,28.9,26.61,24.66,23.0,21.6,20.4,0,0,-59.6,8.07,-3.17,Em retrocesso
2405207,Janduís,RN,Nordeste,23.48,37.93,38.99,80.0,14.45,9.83,46.29,53.39,59.42,64.56,68.92,72.62,1,0,-7.38,7.01,9.83,No ritmo da meta
1303957,São Sebastião do Uatumã,AM,Norte,51.77,29.46,60.98,80.0,-22.31,-11.88,19.36,10.78,3.48,0.0,0.0,0.0,0,0,-80.0,8.42,-11.88,Em retrocesso
4302238,Boa Vista do Incra,RS,Sul,71.3,26.6,74.0,80.0,-44.7,-32.33,0.0,0.0,0.0,0.0,0.0,0.0,0,0,-80.0,8.9,-32.33,Em retrocesso
4310413,Inhacorá,RS,Sul,62.65,35.3,68.26,80.0,-27.35,-23.65,15.2,0.0,0.0,0.0,0.0,0.0,0,0,-80.0,7.45,-23.65,Em retrocesso
4311502,Lavras do Sul,RS,Sul,57.89,45.7,65.1,80.0,-12.19,-16.07,32.04,20.43,10.56,2.17,0.0,0.0,0,0,-80.0,5.72,-16.07,Em retrocesso
4312617,Muitos Capões,RS,Sul,68.75,29.4,72.3,80.0,-39.35,-29.65,4.2,0.0,0.0,0.0,0.0,0.0,0,0,-80.0,8.43,-29.65,Em retrocesso
4203105,Caibi,SC,Sul,75.47,27.3,76.83,80.0,-48.17,-23.47,7.35,0.0,0.0,0.0,0.0,0.0,0,0,-80.0,8.78,-23.47,Em retrocesso
2705804,Olho d'Água do Casado,AL,Nordeste,34.23,36.22,48.24,80.0,1.99,4.32,39.89,43.01,45.67,47.92,49.84,51.47,0,0,-28.53,7.3,4.32,Ritmo critico
2411429,Santana do Seridó,RN,Nordeste,52.34,40.91,61.37,80.0,-11.43,-3.11,38.27,36.02,34.11,32.49,31.11,29.93,0,0,-50.07,6.52,-3.11,Em retrocesso
2407302,Marcelino Vieira,RN,Nordeste,26.9,22.73,42.12,80.0,-4.17,0.52,23.17,23.55,23.87,24.14,24.37,24.57,0,0,-55.43,9.54,0.52,Em retrocesso
3553658,Taquaral,SP,Sudeste,75.0,27.27,76.51,80.0,-47.73,-22.31,8.31,0.0,0.0,0.0,0.0,0.0,0,0,-80.0,8.79,-22.31,Em retrocesso
4303608,Cambará do Sul,RS,Sul,60.0,63.6,66.5,80.0,3.6,-8.18,56.65,50.74,45.71,41.44,37.81,34.73,0,0,-45.27,2.73,-8.18,Ritmo critico
2501153,Areia de Baraúnas,PB,Nordeste,25.0,36.36,40.4,80.0,11.36,8.24,43.36,49.32,54.38,58.68,62.34,65.44,1,0,-14.56,7.27,8.24,No ritmo da meta
2704906,Mar Vermelho,AL,Nordeste,58.97,57.65,65.82,80.0,-1.32,2.67,59.92,61.85,63.49,64.88,66.07,67.07,0,0,-12.93,3.72,2.67,Em retrocesso
4315305,Quaraí,RS,Sul,54.77,36.3,63.01,80.0,-18.47,-19.21,19.97,6.09,0.0,0.0,0.0,0.0,0,0,-80.0,7.28,-19.21,Em retrocesso
2910909,Firmino Alves,BA,Nordeste,36.52,23.26,,,-13.26,-7.08,17.24,12.13,7.78,4.08,0.94,0.0,0,0,,,-7.08,Em retrocesso
1300839,Caapiranga,AM,Norte,30.2,21.72,30.23,80.0,-8.48,-4.96,17.5,13.92,10.87,8.29,6.08,4.21,0,0,-75.79,9.71,-4.96,Em retrocesso
2925402,Potiraguá,BA,Nordeste,27.88,27.54,42.98,80.0,-0.34,-0.62,27.01,26.57,26.18,25.86,25.59,25.35,0,0,-54.65,8.74,-0.62,Em retrocesso
3129657,Ibiracatu,MG,Sudeste,64.3,37.74,69.35,80.0,-26.56,-7.12,31.69,26.54,22.17,18.45,15.3,12.61,0,0,-67.39,7.04,-7.12,Em retrocesso
2922052,Mulungu do Morro,BA,Nordeste,22.47,28.83,38.02,80.0,6.36,2.73,31.15,33.12,34.8,36.22,37.44,38.47,0,0,-41.53,8.53,2.73,Ritmo critico
2801603,Cedro de São João,SE,Nordeste,22.22,45.3,37.78,80.0,23.08,14.89,57.96,68.71,77.86,85.63,92.24,97.85,1,1,17.85,5.78,14.89,No ritmo da meta
2210904,Socorro do Piauí,PI,Nordeste,68.44,30.86,72.09,80.0,-37.58,-15.67,17.54,6.22,0.0,0.0,0.0,0.0,0,0,-80.0,8.19,-15.67,Em retrocesso
1701101,Aparecida do Rio Negro,TO,Norte,30.07,35.78,44.85,80.0,5.71,6.96,41.7,46.72,51.0,54.63,57.72,60.35,0,0,-19.65,7.37,6.96,Ritmo insuficiente
2804003,Maruim,SE,Nordeste,21.39,31.19,36.97,80.0,9.8,8.25,38.2,44.16,49.23,53.54,57.2,60.31,1,0,-19.69,8.14,8.25,No ritmo da meta
1507003,Santo Antônio do Tauá,PA,Norte,25.72,31.66,41.06,80.0,5.94,4.19,35.22,38.25,40.82,43.01,44.87,46.45,0,0,-33.55,8.06,4.19,Ritmo critico
4202438,Bocaina do Sul,SC,Sul,39.12,28.06,52.0,80.0,-11.06,-4.91,23.89,20.34,17.32,14.76,12.58,10.73,0,0,-69.27,8.66,-4.91,Em retrocesso
2806602,Santo Amaro das Brotas,SE,Nordeste,34.57,26.79,48.51,80.0,-7.78,-0.54,26.33,25.94,25.61,25.33,25.09,24.88,0,0,-55.12,8.87,-0.54,Em retrocesso
3140852,Matias Cardoso,MG,Sudeste,37.68,31.08,50.92,80.0,-6.6,2.86,33.51,35.58,37.33,38.83,40.1,41.17,0,0,-38.83,8.15,2.86,Em retrocesso
4203402,Campo Belo do Sul,SC,Sul,41.77,53.29,53.96,80.0,11.52,6.38,58.71,63.32,67.24,70.57,73.4,75.81,1,0,-4.19,4.45,6.38,No ritmo da meta
2923357,Ourolândia,BA,Nordeste,22.65,34.04,38.2,80.0,11.39,5.24,38.49,42.28,45.5,48.23,50.56,52.53,1,0,-27.47,7.66,5.24,Ritmo insuficiente
4306957,Entre Rios do Sul,RS,Sul,79.48,60.0,79.63,80.0,-19.48,-19.72,43.24,28.99,16.88,6.59,0.0,0.0,0,0,-80.0,3.33,-19.72,Em retrocesso
3144672,Nova Belém,MG,Sudeste,50.0,48.0,59.77,80.0,-2.0,5.16,52.39,56.11,59.28,61.98,64.27,66.21,0,0,-13.79,5.33,5.16,Em retrocesso
2920403,Manoel Vitorino,BA,Nordeste,39.54,41.67,52.32,80.0,2.13,0.61,42.19,42.63,43.0,43.32,43.59,43.82,0,0,-36.18,6.39,0.61,Ritmo critico
4308409,Formigueiro,RS,Sul,89.47,40.0,80.0,80.0,-49.47,-34.71,10.5,0.0,0.0,0.0,0.0,0.0,0,0,-80.0,6.67,-34.71,Em retrocesso
2607406,Itacuruba,PE,Nordeste,64.79,48.57,69.67,80.0,-16.22,-5.49,43.9,39.94,36.57,33.7,31.26,29.19,0,0,-50.81,5.24,-5.49,Em retrocesso
2800100,Amparo do São Francisco,SE,Nordeste,41.18,50.0,53.53,80.0,8.82,7.76,56.6,62.2,66.97,71.02,74.46,77.39,1,0,-2.61,5.0,7.76,No ritmo da meta
2401651,Bodó,RN,Nordeste,65.0,60.0,69.81,80.0,-5.0,0.11,60.09,60.17,60.24,60.3,60.35,60.39,0,0,-19.61,3.33,0.11,Em retrocesso
2805208,Pinhão,SE,Nordeste,16.22,40.26,31.5,80.0,24.04,15.37,53.32,64.43,73.87,81.89,88.71,94.51,1,1,14.51,6.62,15.37,No ritmo da meta
5004809,Japorã,MS,Centro-Oeste,12.68,41.76,27.25,80.0,29.08,18.74,57.69,71.23,82.74,92.52,100.0,100.0,1,1,20.0,6.37,18.74,No ritmo da meta
3139805,Mar de Espanha,MG,Sudeste,54.82,49.4,63.05,80.0,-5.42,3.45,52.33,54.83,56.94,58.74,60.28,61.58,0,0,-18.42,5.1,3.45,Em retrocesso
1711506,Jaú do Tocantins,TO,Norte,61.09,62.32,67.22,80.0,1.23,4.72,66.33,69.74,72.64,75.1,77.2,78.98,0,0,-1.02,2.95,4.72,No ritmo da meta
2505501,Vista Serrana,PB,Nordeste,44.1,58.31,55.64,80.0,14.21,9.67,66.53,73.52,79.45,84.5,88.79,92.44,1,1,12.44,3.62,9.67,No ritmo da meta
1507201,São Domingos do Capim,PA,Norte,30.82,32.97,45.48,80.0,2.15,2.29,34.92,36.57,37.98,39.17,40.19,41.05,0,0,-38.95,7.84,2.29,Ritmo critico
2800670,Boquim,SE,Nordeste,22.76,33.02,38.3,80.0,10.26,8.48,40.23,46.35,51.56,55.99,59.75,62.95,1,0,-17.05,7.83,8.48,No ritmo da meta
2504504,Condado,PB,Nordeste,56.24,46.13,64.0,80.0,-10.11,-2.49,44.01,42.21,40.69,39.39,38.28,37.34,0,0,-42.66,5.64,-2.49,Em retrocesso
4311718,Maçambará,RS,Sul,66.97,42.4,71.11,80.0,-24.57,-22.26,23.48,7.4,0.0,0.0,0.0,0.0,0,0,-80.0,6.27,-22.26,Em retrocesso
1715002,Nova Rosalândia,TO,Norte,32.17,55.38,46.59,80.0,23.21,15.71,68.73,80.08,89.73,97.93,100.0,100.0,1,1,20.0,4.1,15.71,No ritmo da meta
4320651,Silveira Martins,RS,Sul,66.67,35.7,70.92,80.0,-30.97,-25.46,14.06,0.0,0.0,0.0,0.0,0.0,0,0,-80.0,7.38,-25.46,Em retrocesso
1709807,Ipueiras,TO,Norte,27.27,21.43,42.44,80.0,-5.84,1.18,22.43,23.29,24.01,24.63,25.15,25.59,0,0,-54.41,9.76,1.18,Em retrocesso
2801108,Canhoba,SE,Nordeste,45.45,64.29,56.6,80.0,18.84,12.77,75.14,84.37,92.21,98.88,100.0,100.0,1,1,20.0,2.62,12.77,No ritmo da meta
2111672,São Roberto,MA,Nordeste,48.24,35.69,58.56,80.0,-12.55,-5.23,31.24,27.47,24.25,21.52,19.2,17.23,0,0,-62.77,7.39,-5.23,Em retrocesso
2805000,Pedra Mole,SE,Nordeste,47.62,47.76,58.13,80.0,0.14,3.42,50.67,53.14,55.24,57.02,58.54,59.83,0,0,-20.17,5.37,3.42,Ritmo insuficiente
2409332,Santa Maria,RN,Nordeste,47.93,43.4,,,-4.53,0.34,43.69,43.93,44.14,44.32,44.47,44.6,0,0,,,0.34,Em retrocesso
4313102,Nova Palma,RS,Sul,81.13,35.9,80.0,80.0,-45.23,-32.59,8.2,0.0,0.0,0.0,0.0,0.0,0,0,-80.0,7.35,-32.59,Em retrocesso
2806503,Santa Rosa de Lima,SE,Nordeste,25.0,26.74,40.4,80.0,1.74,4.22,30.33,33.38,35.97,38.17,40.04,41.63,0,0,-38.37,8.88,4.22,Ritmo critico
4304358,Candiota,RS,Sul,48.87,41.0,,,-7.87,-13.91,29.18,19.13,10.58,3.32,0.0,0.0,0,0,,,-13.91,Em retrocesso
4317954,Santo Expedito do Sul,RS,Sul,100.0,66.7,80.0,80.0,-33.3,-26.63,44.06,24.82,8.47,0.0,0.0,0.0,0,0,-80.0,2.22,-26.63,Em retrocesso
4323507,Vista Alegre,RS,Sul,90.0,33.3,80.0,80.0,-56.7,-38.33,0.72,0.0,0.0,0.0,0.0,0.0,0,0,-80.0,7.78,-38.33,Em retrocesso
4322376,Unistalda,RS,Sul,58.82,38.1,65.72,80.0,-20.72,-20.34,20.81,6.12,0.0,0.0,0.0,0.0,0,0,-80.0,6.98,-20.34,Em retrocesso
4305124,Cerrito,RS,Sul,75.07,39.8,76.56,80.0,-35.27,-27.61,16.33,0.0,0.0,0.0,0.0,0.0,0,0,-80.0,6.7,-27.61,Em retrocesso
1507805,Senador José Porfírio,PA,Norte,33.22,35.9,47.44,80.0,2.68,2.56,38.08,39.93,41.5,42.83,43.97,44.94,0,0,-35.06,7.35,2.56,Ritmo critico
4111308,Itaúna do Sul,PR,Sul,77.38,40.32,78.15,80.0,-37.06,-19.39,23.84,9.83,0.0,0.0,0.0,0.0,0,0,-80.0,6.61,-19.39,Em retrocesso
2109759,Santa Filomena do Maranhão,MA,Nordeste,36.45,40.91,49.98,80.0,4.46,3.28,43.7,46.07,48.08,49.79,51.25,52.49,0,0,-27.51,6.52,3.28,Ritmo critico
4316733,Santa Cecília do Sul,RS,Sul,75.0,40.9,76.51,80.0,-34.1,-27.03,17.92,0.0,0.0,0.0,0.0,0.0,0,0,-80.0,6.52,-27.03,Em retrocesso
5003488,Dois Irmãos do Buriti,MS,Centro-Oeste,38.16,39.87,51.28,80.0,1.71,5.05,44.16,47.81,50.91,53.55,55.79,57.69,0,0,-22.31,6.69,5.05,Ritmo insuficiente
4317558,Santo Antônio do Palma,RS,Sul,72.22,34.6,74.62,80.0,-37.62,-28.79,10.13,0.0,0.0,0.0,0.0,0.0,0,0,-80.0,7.57,-28.79,Em retrocesso
4320552,Sertão Santana,RS,Sul,74.77,46.2,76.35,80.0,-28.57,-24.26,25.58,8.05,0.0,0.0,0.0,0.0,0,0,-80.0,5.63,-24.26,Em retrocesso
4306973,Erebango,RS,Sul,73.33,38.5,75.37,80.0,-34.83,-27.39,15.22,0.0,0.0,0.0,0.0,0.0,0,0,-80.0,6.92,-27.39,Em retrocesso
4312476,Morro Reuter,RS,Sul,51.54,76.9,60.83,80.0,25.36,2.7,79.2,81.15,82.8,84.21,85.41,86.43,1,1,6.43,0.52,2.7,No ritmo da meta
4302006,Barros Cassal,RS,Sul,51.05,46.9,60.49,80.0,-4.15,-12.05,36.66,27.95,20.55,14.26,8.91,4.37,0,0,-75.63,5.52,-12.05,Em retrocesso
2411403,Santana do Matos,RN,Nordeste,21.7,51.92,37.27,80.0,30.22,17.72,66.98,79.78,90.67,99.92,100.0,100.0,1,1,20.0,4.68,17.72,No ritmo da meta
2933109,Várzea do Poço,BA,Nordeste,44.82,43.64,56.16,80.0,-1.18,-1.04,42.76,42.0,41.37,40.82,40.36,39.97,0,0,-40.03,6.06,-1.04,Em retrocesso
4115903,Mirador,PR,Sul,70.36,56.0,73.37,80.0,-14.36,-8.04,49.17,43.36,38.42,34.22,30.66,27.62,0,0,-52.38,4.0,-8.04,Em retrocesso
2701506,Campo Grande,AL,Nordeste,51.51,37.4,60.81,80.0,-14.11,-3.73,34.23,31.53,29.24,27.3,25.64,24.24,0,0,-55.76,7.1,-3.73,Em retrocesso
4210704,Matos Costa,SC,Sul,70.5,37.3,45.04,80.0,-33.2,-15.98,23.72,12.17,2.36,0.0,0.0,0.0,0,0,-80.0,7.12,-15.98,Em retrocesso
4218350,Treviso,SC,Sul,68.59,56.3,72.19,80.0,-12.29,-5.53,51.6,47.6,44.21,41.32,38.87,36.78,0,0,-43.22,3.95,-5.53,Em retrocesso
2926806,Rio do Antônio,BA,Nordeste,62.54,43.82,68.18,80.0,-18.72,-9.81,35.48,28.39,22.37,17.25,12.9,9.2,0,0,-70.8,6.03,-9.81,Em retrocesso
1304401,Urucurituba,AM,Norte,48.58,46.46,52.79,80.0,-2.12,-1.78,44.95,43.66,42.57,41.64,40.85,40.18,0,0,-39.82,5.59,-1.78,Em retrocesso
3103603,Arantina,MG,Sudeste,75.0,57.09,76.51,80.0,-17.91,-2.8,54.71,52.69,50.97,49.51,48.26,47.21,0,0,-32.79,3.82,-2.8,Em retrocesso
4305850,Coqueiros do Sul,RS,Sul,86.57,41.7,80.0,80.0,-44.87,-32.41,14.15,0.0,0.0,0.0,0.0,0.0,0,0,-80.0,6.38,-32.41,Em retrocesso
4312609,Muçum,RS,Sul,50.88,53.6,60.38,80.0,2.72,-8.62,46.27,40.05,34.75,30.25,26.43,23.18,0,0,-56.82,4.4,-8.62,Ritmo critico
4320230,Sede Nova,RS,Sul,85.29,36.1,80.0,80.0,-49.19,-34.57,6.72,0.0,0.0,0.0,0.0,0.0,0,0,-80.0,7.32,-34.57,Em retrocesso
4114708,Maria Helena,PR,Sul,64.7,49.96,69.61,80.0,-14.74,-8.23,42.96,37.02,31.96,27.67,24.02,20.91,0,0,-59.09,5.01,-8.23,Em retrocesso
4126702,Tamboara,PR,Sul,47.6,46.83,58.11,80.0,-0.77,-1.25,45.77,44.86,44.1,43.44,42.89,42.42,0,0,-37.58,5.53,-1.25,Em retrocesso
4110052,Iguatu,PR,Sul,74.1,43.48,50.31,80.0,-30.62,-16.17,29.74,18.05,8.12,0.0,0.0,0.0,0,0,-80.0,6.09,-16.17,Em retrocesso
4211454,Nova Itaberaba,SC,Sul,67.4,71.17,71.4,80.0,3.77,2.5,73.3,75.1,76.64,77.94,79.05,79.99,1,0,-0.01,1.47,2.5,No ritmo da meta
1506112,Quatipuru,PA,Norte,48.89,47.3,59.01,80.0,-1.59,0.42,47.66,47.96,48.22,48.44,48.62,48.78,0,0,-31.22,5.45,0.42,Em retrocesso
1302207,Juruá,AM,Norte,40.6,44.2,53.1,80.0,3.6,1.08,45.12,45.9,46.56,47.13,47.6,48.01,0,0,-31.99,5.97,1.08,Ritmo critico
4116000,Miraselva,PR,Sul,77.05,51.38,77.92,80.0,-25.67,-13.7,39.74,29.84,21.42,14.27,8.19,3.03,0,0,-76.97,4.77,-13.7,Em retrocesso
3167509,Simão Pereira,MG,Sudeste,8.82,48.25,21.89,80.0,39.43,25.87,70.24,88.93,100.0,100.0,100.0,100.0,1,1,20.0,5.29,25.87,No ritmo da meta
3135076,Jampruca,MG,Sudeste,51.85,43.59,,,-8.26,2.03,45.32,46.78,48.03,49.09,49.99,50.75,0,0,,,2.03,Em retrocesso
4301651,Barão,RS,Sul,86.39,53.5,80.0,80.0,-32.89,-26.42,31.04,11.95,0.0,0.0,0.0,0.0,0,0,-80.0,4.42,-26.42,Em retrocesso
4311254,Lagoão,RS,Sul,84.62,42.9,80.0,80.0,-41.72,-30.84,16.69,0.0,0.0,0.0,0.0,0.0,0,0,-80.0,6.18,-30.84,Em retrocesso
4113254,Laranjal,PR,Sul,58.83,46.64,52.96,80.0,-12.19,-6.96,40.72,35.7,31.42,27.79,24.7,22.07,0,0,-57.93,5.56,-6.96,Em retrocesso
3108255,Bonito de Minas,MG,Sudeste,64.3,49.15,69.35,80.0,-15.15,-1.42,47.94,46.92,46.04,45.3,44.67,44.14,0,0,-35.86,5.14,-1.42,Em retrocesso
1507466,São João da Ponta,PA,Norte,36.81,43.23,,,6.42,4.43,47.0,50.2,52.92,55.23,57.19,58.87,0,0,,,4.43,Ritmo critico
4218954,Urupema,SC,Sul,80.15,36.34,80.0,80.0,-43.81,-21.29,18.24,2.86,0.0,0.0,0.0,0.0,0,0,-80.0,7.28,-21.29,Em retrocesso
4305306,Chapada,RS,Sul,75.31,47.5,76.72,80.0,-27.81,-23.88,27.2,9.95,0.0,0.0,0.0,0.0,0,0,-80.0,5.42,-23.88,Em retrocesso
2207793,Pau D'Arco do Piauí,PI,Nordeste,100.0,51.85,80.0,80.0,-48.15,-20.96,34.03,18.89,6.02,0.0,0.0,0.0,0,0,-80.0,4.69,-20.96,Em retrocesso
4313607,Paim Filho,RS,Sul,78.96,53.1,79.26,80.0,-25.86,-22.91,33.63,17.07,3.0,0.0,0.0,0.0,0,0,-80.0,4.48,-22.91,Em retrocesso
2414506,Umarizal,RN,Nordeste,21.75,50.0,,,28.25,16.73,64.22,76.31,86.58,95.32,100.0,100.0,0,0,,,16.73,Ritmo critico
4304952,Caseiros,RS,Sul,86.13,40.0,80.0,80.0,-46.13,-33.04,11.92,0.0,0.0,0.0,0.0,0.0,0,0,-80.0,6.67,-33.04,Em retrocesso
1701051,Angico,TO,Norte,40.16,59.12,52.78,80.0,18.96,13.58,70.66,80.47,88.81,95.9,100.0,100.0,1,1,20.0,3.48,13.58,No ritmo da meta
3146305,Padre Paraíso,MG,Sudeste,48.95,48.96,59.05,80.0,0.01,6.16,54.2,58.65,62.43,65.65,68.38,70.7,0,0,-9.3,5.17,6.16,No ritmo da meta
2100550,Amapá do Maranhão,MA,Nordeste,22.97,43.0,38.5,80.0,20.03,11.06,52.4,60.39,67.18,72.96,77.86,82.04,1,1,2.04,6.17,11.06,No ritmo da meta
1505494,Palestina do Pará,PA,Norte,33.8,44.75,47.9,80.0,10.95,6.69,50.44,55.27,59.38,62.87,65.84,68.36,1,0,-11.64,5.88,6.69,No ritmo da meta
3116902,Comendador Gomes,MG,Sudeste,35.71,74.3,49.4,80.0,38.59,25.45,95.93,100.0,100.0,100.0,100.0,100.0,1,1,20.0,0.95,25.45,No ritmo da meta
4319737,São Valério do Sul,RS,Sul,71.43,46.2,74.09,80.0,-25.23,-22.59,27.0,10.68,0.0,0.0,0.0,0.0,0,0,-80.0,5.63,-22.59,Em retrocesso
3100906,Águas Formosas,MG,Sudeste,77.78,69.23,71.23,80.0,-8.55,1.88,70.83,72.19,73.34,74.32,75.16,75.87,0,0,-4.13,1.79,1.88,Em retrocesso
2807006,São Miguel do Aleixo,SE,Nordeste,38.64,46.34,51.64,80.0,7.7,7.2,52.46,57.66,62.08,65.84,69.04,71.75,1,0,-8.25,5.61,7.2,No ritmo da meta
4316428,Sagrada Família,RS,Sul,78.81,43.8,79.16,80.0,-35.01,-27.48,20.44,0.59,0.0,0.0,0.0,0.0,0,0,-80.0,6.03,-27.48,Em retrocesso
4116505,Nova Aliança do Ivaí,PR,Sul,38.1,43.75,51.24,80.0,5.65,1.96,45.42,46.83,48.04,49.06,49.93,50.67,0,0,-29.33,6.04,1.96,Ritmo critico
2110807,São Félix de Balsas,MA,Nordeste,43.78,44.69,55.41,80.0,0.91,1.5,45.96,47.05,47.97,48.75,49.42,49.98,0,0,-30.02,5.89,1.5,Ritmo critico
1505551,Pau D'Arco,PA,Norte,50.65,48.91,60.22,80.0,-1.74,0.35,49.21,49.46,49.68,49.86,50.01,50.15,0,0,-29.85,5.18,0.35,Em retrocesso
4313441,Novo Tiradentes,RS,Sul,71.43,47.4,74.09,80.0,-24.03,-21.99,28.71,12.82,0.0,0.0,0.0,0.0,0,0,-80.0,5.43,-21.99,Em retrocesso
1717206,Piraquê,TO,Norte,26.08,54.55,41.39,80.0,28.47,18.34,70.14,83.39,94.65,100.0,100.0,100.0,1,1,20.0,4.24,18.34,No ritmo da meta
2922607,Nilo Peçanha,BA,Nordeste,36.06,50.52,49.67,80.0,14.46,6.78,56.28,61.18,65.35,68.88,71.89,74.45,1,0,-5.55,4.91,6.78,No ritmo da meta
1703826,Cachoeirinha,TO,Norte,27.54,64.0,42.68,80.0,36.46,22.33,82.98,99.11,100.0,100.0,100.0,100.0,1,1,20.0,2.67,22.33,No ritmo da meta
4312054,Marques de Souza,RS,Sul,75.87,47.8,77.11,80.0,-28.07,-24.01,27.39,10.04,0.0,0.0,0.0,0.0,0,0,-80.0,5.37,-24.01,Em retrocesso
4215075,Riqueza,SC,Sul,83.43,72.07,80.0,80.0,-11.36,-5.06,67.77,64.11,61.01,58.36,56.12,54.21,0,0,-25.79,1.32,-5.06,Em retrocesso
1507961,Terra Alta,PA,Norte,41.96,49.88,54.1,80.0,7.92,5.18,54.28,58.03,61.21,63.91,66.21,68.16,1,0,-11.84,5.02,5.18,No ritmo da meta
4305157,Cerro Grande,RS,Sul,50.0,100.0,,,50.0,15.02,100.0,100.0,100.0,100.0,100.0,100.0,0,0,,,15.02,Ritmo critico
4304853,Carlos Gomes,RS,Sul,54.55,50.0,62.87,80.0,-4.55,-12.25,39.59,30.74,23.21,16.82,11.38,6.76,0,0,-73.24,5.0,-12.25,Em retrocesso
5221577,Uirapuru,GO,Centro-Oeste,38.84,66.67,51.79,80.0,27.83,17.72,81.73,94.53,100.0,100.0,100.0,100.0,1,1,20.0,2.22,17.72,No ritmo da meta
4109104,Guaporema,PR,Sul,84.38,66.67,80.0,80.0,-17.71,-9.72,58.41,51.39,45.42,40.34,36.03,32.36,0,0,-47.64,2.22,-9.72,Em retrocesso
2801900,Cumbe,SE,Nordeste,44.12,54.53,55.66,80.0,10.41,8.56,61.81,67.99,73.25,77.72,81.51,84.74,1,1,4.74,4.24,8.56,No ritmo da meta
3120839,Cuparaque,MG,Sudeste,98.0,69.0,80.0,80.0,-29.0,-8.34,61.91,55.89,50.76,46.41,42.71,39.56,0,0,-40.44,1.83,-8.34,Em retrocesso
3150208,Piedade de Ponte Nova,MG,Sudeste,35.21,80.01,49.01,80.0,44.8,28.56,100.0,100.0,100.0,100.0,100.0,100.0,1,1,20.0,-0.0,28.56,No ritmo da meta
4212056,Palmeira,SC,Sul,67.15,57.22,71.23,80.0,-9.93,-4.35,53.52,50.38,47.71,45.44,43.51,41.87,0,0,-38.13,3.8,-4.35,Em retrocesso
4301404,Arvorezinha,RS,Sul,78.93,63.2,66.42,80.0,-15.73,-17.84,48.04,35.15,24.19,14.88,6.96,0.23,0,0,-79.77,2.8,-17.84,Em retrocesso
1101468,Pimenteiras do Oeste,RO,Norte,54.77,57.63,63.01,80.0,2.86,2.48,59.74,61.53,63.05,64.35,65.45,66.38,0,0,-13.62,3.73,2.48,Ritmo insuficiente
4308458,Fortaleza dos Valos,RS,Sul,100.0,72.7,80.0,80.0,-27.3,-23.63,52.61,35.54,21.03,8.7,0.0,0.0,0,0,-80.0,1.22,-23.63,Em retrocesso
4113106,Kaloré,PR,Sul,83.41,77.98,80.0,80.0,-5.43,-3.58,74.94,72.35,70.15,68.28,66.69,65.34,0,0,-14.66,0.34,-3.58,Em retrocesso
3153707,Quartel Geral,MG,Sudeste,42.5,63.55,54.49,80.0,21.05,16.68,77.73,89.78,100.0,100.0,100.0,100.0,1,1,20.0,2.74,16.68,No ritmo da meta
3116001,Chalé,MG,Sudeste,89.1,70.09,80.0,80.0,-19.01,-3.35,67.24,64.82,62.76,61.02,59.53,58.27,0,0,-21.73,1.65,-3.35,Em retrocesso
1100908,Castanheiras,RO,Norte,70.14,65.42,73.22,80.0,-4.72,-1.31,64.31,63.36,62.56,61.87,61.29,60.8,0,0,-19.2,2.43,-1.31,Em retrocesso
4301503,Augusto Pestana,RS,Sul,82.81,63.2,80.0,80.0,-19.61,-19.78,46.39,32.1,19.95,9.62,0.85,0.0,0,0,-80.0,2.8,-19.78,Em retrocesso
5204557,Caldazinha,GO,Centro-Oeste,72.02,60.87,74.49,80.0,-11.15,-1.77,59.37,58.09,57.0,56.08,55.29,54.62,0,0,-25.38,3.19,-1.77,Em retrocesso
4323200,Victor Graeff,RS,Sul,88.92,56.3,80.0,80.0,-32.62,-26.29,33.95,14.96,0.0,0.0,0.0,0.0,0,0,-80.0,3.95,-26.29,Em retrocesso
4312443,Morrinhos do Sul,RS,Sul,80.01,75.0,80.0,80.0,-5.01,-12.48,64.39,55.38,47.71,41.2,35.66,30.95,0,0,-49.05,0.83,-12.48,Em retrocesso
3159357,Santa Rita de Minas,MG,Sudeste,61.31,58.94,67.37,80.0,-2.37,4.97,63.16,66.76,69.81,72.4,74.61,76.48,0,0,-3.52,3.51,4.97,Em retrocesso
4301958,Barra Funda,RS,Sul,68.75,53.9,72.3,80.0,-14.85,-17.4,39.11,26.54,15.85,6.77,0.0,0.0,0,0,-80.0,4.35,-17.4,Em retrocesso
4318457,São José das Missões,RS,Sul,78.44,60.4,78.89,80.0,-18.04,-19.0,44.25,30.52,18.85,8.94,0.51,0.0,0,0,-80.0,3.27,-19.0,Em retrocesso
4202099,Barra Bonita,SC,Sul,50.0,66.67,59.77,80.0,16.67,8.95,74.28,80.74,86.24,90.91,94.88,98.26,1,1,18.26,2.22,8.95,No ritmo da meta
3166105,Senhora do Porto,MG,Sudeste,46.56,56.52,57.39,80.0,9.96,11.14,65.99,74.04,80.88,86.69,91.64,95.84,1,1,15.84,3.91,11.14,No ritmo da meta
4322855,Vespasiano Corrêa,RS,Sul,81.25,46.7,80.0,80.0,-34.55,-27.25,23.54,3.85,0.0,0.0,0.0,0.0,0,0,-80.0,5.55,-27.25,Em retrocesso
3162302,São João da Mata,MG,Sudeste,78.13,72.0,78.68,80.0,-6.13,3.09,74.63,76.86,78.76,80.37,81.74,82.91,0,1,2.91,1.33,3.09,Em retrocesso
3165552,Setubinha,MG,Sudeste,48.72,60.0,58.89,80.0,11.28,11.8,70.03,78.56,85.8,91.96,97.2,100.0,1,1,20.0,3.33,11.8,No ritmo da meta
3114808,Carvalhos,MG,Sudeste,80.29,72.5,80.0,80.0,-7.79,2.26,74.42,76.05,77.44,78.62,79.62,80.48,0,1,0.48,1.25,2.26,Em retrocesso
3158102,Santa Maria do Salto,MG,Sudeste,47.31,60.65,57.91,80.0,13.34,12.83,71.56,80.83,88.7,95.4,100.0,100.0,1,1,20.0,3.22,12.83,No ritmo da meta
3136405,Joaquim Felício,MG,Sudeste,52.38,71.38,61.4,80.0,19.0,15.66,84.69,96.01,100.0,100.0,100.0,100.0,1,1,20.0,1.44,15.66,No ritmo da meta
3542800,Ribeira,SP,Sudeste,62.9,53.85,68.42,80.0,-9.05,-2.97,51.33,49.18,47.36,45.81,44.49,43.37,0,0,-36.63,4.36,-2.97,Em retrocesso
3130002,Ibituruna,MG,Sudeste,60.59,83.33,66.89,80.0,22.74,17.53,98.23,100.0,100.0,100.0,100.0,100.0,1,1,20.0,-0.55,17.53,No ritmo da meta
4216800,São José do Cerrito,SC,Sul,76.47,65.03,77.52,80.0,-11.44,-5.1,60.7,57.01,53.88,51.22,48.95,47.03,0,0,-32.97,2.49,-5.1,Em retrocesso
4121356,Rancho Alegre D'Oeste,PR,Sul,78.04,56.92,78.61,80.0,-21.12,-11.42,47.21,38.96,31.95,25.99,20.92,16.61,0,0,-63.39,3.85,-11.42,Em retrocesso
3142908,Monte Azul,MG,Sudeste,80.0,66.67,80.0,80.0,-13.33,-0.51,66.24,65.87,65.55,65.29,65.06,64.87,0,0,-15.13,2.22,-0.51,Em retrocesso
5213400,Moiporá,GO,Centro-Oeste,68.61,84.62,80.0,80.0,16.01,11.81,94.66,100.0,100.0,100.0,100.0,100.0,1,1,20.0,-0.77,11.81,No ritmo da meta
3125309,Faria Lemos,MG,Sudeste,14.74,69.23,29.78,80.0,54.49,33.4,97.62,100.0,100.0,100.0,100.0,100.0,1,1,20.0,1.79,33.4,No ritmo da meta
4103222,Bom Sucesso do Sul,PR,Sul,82.0,71.33,80.0,80.0,-10.67,-6.2,66.06,61.58,57.77,54.54,51.79,49.45,0,0,-30.55,1.45,-6.2,Em retrocesso
5006259,Novo Horizonte do Sul,MS,Centro-Oeste,47.37,78.44,57.95,80.0,31.07,19.73,95.21,100.0,100.0,100.0,100.0,100.0,1,1,20.0,0.26,19.73,No ritmo da meta
4302378,Bom Progresso,RS,Sul,56.25,71.4,64.01,80.0,15.15,-2.4,69.36,67.63,66.15,64.9,63.83,62.93,1,0,-17.07,1.43,-2.4,Ritmo critico
4125902,São Pedro do Paraná,PR,Sul,71.94,75.0,74.43,80.0,3.06,0.67,75.57,76.05,76.47,76.81,77.11,77.36,1,0,-2.64,0.83,0.67,Ritmo insuficiente
4101853,Ariranha do Ivaí,PR,Sul,75.6,69.82,76.92,80.0,-5.78,-3.75,66.63,63.92,61.62,59.66,58.0,56.58,0,0,-23.42,1.7,-3.75,Em retrocesso
4212270,Passos Maia,SC,Sul,49.26,60.0,59.27,80.0,10.74,5.99,65.09,69.42,73.1,76.22,78.88,81.14,1,1,1.14,3.33,5.99,No ritmo da meta
4308854,Gentil,RS,Sul,94.44,85.7,80.0,80.0,-8.74,-14.35,73.5,63.13,54.32,46.83,40.46,35.05,0,0,-44.95,-0.95,-14.35,Em retrocesso
2515807,Serra Redonda,PB,Nordeste,14.55,85.71,29.56,80.0,71.16,38.14,100.0,100.0,100.0,100.0,100.0,100.0,1,1,20.0,-0.95,38.14,No ritmo da meta
4113403,Leópolis,PR,Sul,91.11,89.7,80.0,80.0,-1.41,-1.57,88.37,87.23,86.27,85.45,84.75,84.16,1,1,4.16,-1.62,-1.57,Em retrocesso
3146701,Palma,MG,Sudeste,26.99,75.61,42.2,80.0,48.62,30.47,100.0,100.0,100.0,100.0,100.0,100.0,1,1,20.0,0.73,30.47,No ritmo da meta
3103306,Aracitaba,MG,Sudeste,80.0,86.96,80.0,80.0,6.96,9.64,95.15,100.0,100.0,100.0,100.0,100.0,1,1,20.0,-1.16,9.64,No ritmo da meta
4322343,Ubiretama,RS,Sul,100.0,55.6,80.0,80.0,-44.4,-32.18,28.25,5.0,0.0,0.0,0.0,0.0,0,0,-80.0,4.07,-32.18,Em retrocesso
3145505,Olímpio Noronha,MG,Sudeste,62.27,94.29,68.0,80.0,32.02,22.17,100.0,100.0,100.0,100.0,100.0,100.0,1,1,20.0,-2.38,22.17,No ritmo da meta
5210307,Israelândia,GO,Centro-Oeste,88.14,92.59,80.0,80.0,4.45,6.03,97.72,100.0,100.0,100.0,100.0,100.0,1,1,20.0,-2.1,6.03,No ritmo da meta
4123204,Santa Cecília do Pavão,PR,Sul,87.42,80.09,80.0,80.0,-7.33,-4.53,76.24,72.97,70.18,67.82,65.81,64.1,0,0,-15.9,-0.02,-4.53,Em retrocesso
4305603,Colorado,RS,Sul,63.64,90.0,68.91,80.0,26.36,3.2,92.72,95.03,97.0,98.67,100.0,100.0,1,1,20.0,-1.67,3.2,No ritmo da meta
3143153,Monte Formoso,MG,Sudeste,49.86,82.61,59.68,80.0,32.75,22.53,100.0,100.0,100.0,100.0,100.0,100.0,1,1,20.0,-0.43,22.53,No ritmo da meta
2100402,Altamira do Maranhão,MA,Nordeste,90.52,73.02,80.0,80.0,-17.5,-7.7,66.47,60.91,56.18,52.16,48.75,45.84,0,0,-34.16,1.16,-7.7,Em retrocesso
2805406,Poço Redondo,SE,Nordeste,16.91,26.61,32.28,80.0,9.7,8.2,33.58,39.5,44.54,48.82,52.46,55.55,1,0,-24.45,8.9,8.2,Ritmo insuficiente
2707107,Piranhas,AL,Nordeste,24.74,25.08,40.17,80.0,0.34,3.5,28.06,30.58,32.73,34.56,36.11,37.43,0,0,-42.57,9.15,3.5,Ritmo critico
2909901,Curaçá,BA,Nordeste,29.66,22.94,44.5,80.0,-6.72,-3.81,19.7,16.95,14.61,12.62,10.93,9.49,0,0,-70.51,9.51,-3.81,Em retrocesso
1503077,Garrafão do Norte,PA,Norte,37.96,32.89,51.13,80.0,-5.07,-1.32,31.77,30.81,30.0,29.31,28.73,28.23,0,0,-51.77,7.85,-1.32,Em retrocesso
2604205,Catende,PE,Nordeste,44.6,21.83,56.0,80.0,-22.77,-8.76,14.38,8.05,2.68,0.0,0.0,0.0,0,0,-80.0,9.7,-8.76,Em retrocesso
1500909,Augusto Corrêa,PA,Norte,38.56,43.99,51.58,80.0,5.43,3.93,47.33,50.17,52.58,54.63,56.38,57.86,0,0,-22.14,6.0,3.93,Ritmo insuficiente
1506351,Santa Bárbara do Pará,PA,Norte,37.63,46.35,50.88,80.0,8.72,5.58,51.09,55.12,58.55,61.46,63.94,66.04,1,0,-13.96,5.61,5.58,Ritmo insuficiente
2917003,Itiúba,BA,Nordeste,27.79,21.05,42.9,80.0,-6.74,-3.82,17.8,15.04,12.7,10.7,9.01,7.57,0,0,-72.43,9.83,-3.82,Em retrocesso
2915809,Itambé,BA,Nordeste,22.21,26.98,37.77,80.0,4.77,1.93,28.62,30.01,31.2,32.21,33.06,33.79,0,0,-46.21,8.84,1.93,Ritmo critico
2928109,Santa Maria da Vitória,BA,Nordeste,32.33,26.29,46.72,80.0,-6.04,-3.47,23.34,20.83,18.7,16.89,15.35,14.04,0,0,-65.96,8.95,-3.47,Em retrocesso
2902708,Barra,BA,Nordeste,26.84,28.48,42.06,80.0,1.64,0.37,28.79,29.06,29.29,29.48,29.65,29.79,0,0,-50.21,8.59,0.37,Ritmo critico
1507474,São João de Pirabas,PA,Norte,29.84,40.76,44.66,80.0,10.92,6.68,46.44,51.26,55.37,58.85,61.82,64.34,1,0,-15.66,6.54,6.68,No ritmo da meta
2110401,São Benedito do Rio Preto,MA,Nordeste,46.81,38.29,57.56,80.0,-8.52,-3.21,35.56,33.24,31.27,29.6,28.17,26.96,0,0,-53.04,6.95,-3.21,Em retrocesso
1100106,Guajará-Mirim,RO,Norte,41.76,43.07,53.95,80.0,1.31,1.71,44.52,45.76,46.81,47.7,48.46,49.11,0,0,-30.89,6.16,1.71,Ritmo critico
1502004,Cachoeira do Arari,PA,Norte,52.11,33.12,61.22,80.0,-18.99,-8.28,26.08,20.1,15.01,10.69,7.02,3.9,0,0,-76.1,7.81,-8.28,Em retrocesso
1506583,Santa Maria das Barreiras,PA,Norte,53.64,42.45,62.25,80.0,-11.19,-4.38,38.73,35.56,32.87,30.59,28.64,26.99,0,0,-53.01,6.26,-4.38,Em retrocesso
4105201,Cerro Azul,PR,Sul,54.77,49.89,63.01,80.0,-4.88,-3.3,47.08,44.7,42.67,40.95,39.49,38.24,0,0,-41.76,5.02,-3.3,Em retrocesso
3301157,Cardoso Moreira,RJ,Sudeste,31.94,34.97,46.4,80.0,3.03,3.04,37.55,39.75,41.62,43.2,44.55,45.7,0,0,-34.3,7.5,3.04,Ritmo critico
2925808,Queimadas,BA,Nordeste,27.35,30.32,42.51,80.0,2.97,1.03,31.2,31.94,32.57,33.11,33.57,33.96,0,0,-46.04,8.28,1.03,Ritmo critico
2931509,Teofilândia,BA,Nordeste,28.06,29.57,43.13,80.0,1.51,0.3,29.82,30.04,30.23,30.38,30.52,30.63,0,0,-49.37,8.4,0.3,Ritmo critico
1503002,Faro,PA,Norte,51.05,51.79,60.49,80.0,0.74,1.59,53.14,54.29,55.27,56.1,56.8,57.4,0,0,-22.6,4.7,1.59,Ritmo critico
1508308,Viseu,PA,Norte,34.28,38.21,48.28,80.0,3.93,3.18,40.91,43.21,45.16,46.82,48.23,49.43,0,0,-30.57,6.96,3.18,Ritmo critico
1504307,Maracanã,PA,Norte,68.07,47.51,71.85,80.0,-20.56,-9.06,39.81,33.26,27.7,22.97,18.95,15.53,0,0,-64.47,5.42,-9.06,Em retrocesso
2910602,Esplanada,BA,Nordeste,19.87,23.96,35.44,80.0,4.09,1.59,25.31,26.46,27.44,28.27,28.97,29.57,0,0,-50.43,9.34,1.59,Ritmo critico
2929206,São Francisco do Conde,BA,Nordeste,30.02,25.66,44.81,80.0,-4.36,-2.63,23.42,21.52,19.91,18.54,17.37,16.38,0,0,-63.62,9.06,-2.63,Em retrocesso
2608255,Jucati,PE,Nordeste,44.05,68.81,55.61,80.0,24.76,15.0,81.56,92.4,100.0,100.0,100.0,100.0,1,1,20.0,1.86,15.0,No ritmo da meta
1300607,Benjamin Constant,AM,Norte,38.02,34.3,42.28,80.0,-3.72,-2.58,32.11,30.24,28.66,27.31,26.17,25.19,0,0,-54.81,7.62,-2.58,Em retrocesso
1300409,Barcelos,AM,Norte,48.61,38.21,58.82,80.0,-10.4,-5.92,33.18,28.9,25.27,22.17,19.55,17.32,0,0,-62.68,6.96,-5.92,Em retrocesso
2926509,Ribeira do Amparo,BA,Nordeste,28.72,33.95,43.7,80.0,5.23,2.16,35.79,37.35,38.67,39.8,40.76,41.57,0,0,-38.43,7.68,2.16,Ritmo critico
3302270,Japeri,RJ,Sudeste,39.09,36.88,51.98,80.0,-2.21,0.42,37.24,37.54,37.8,38.02,38.2,38.36,0,0,-41.64,7.19,0.42,Em retrocesso
3302601,Mangaratiba,RJ,Sudeste,47.54,40.95,58.07,80.0,-6.59,-1.77,39.45,38.17,37.08,36.16,35.37,34.7,0,0,-45.3,6.51,-1.77,Em retrocesso
1504703,Moju,PA,Norte,32.11,34.29,46.54,80.0,2.18,2.31,36.25,37.92,39.34,40.55,41.57,42.44,0,0,-37.56,7.62,2.31,Ritmo critico
2914653,Itabela,BA,Nordeste,31.1,24.92,45.71,80.0,-6.18,-3.54,21.91,19.35,17.18,15.33,13.76,12.43,0,0,-67.57,9.18,-3.54,Em retrocesso
1503804,Jacundá,PA,Norte,40.47,37.87,53.01,80.0,-2.6,-0.08,37.8,37.74,37.7,37.65,37.62,37.59,0,0,-42.41,7.02,-0.08,Em retrocesso
2106805,Mirinzal,MA,Nordeste,91.54,69.37,80.0,80.0,-22.17,-10.04,60.84,53.58,47.42,42.18,37.72,33.93,0,0,-46.07,1.77,-10.04,Em retrocesso
2932200,Ubaitaba,BA,Nordeste,29.79,31.13,44.61,80.0,1.34,0.22,31.32,31.48,31.61,31.73,31.82,31.91,0,0,-48.09,8.15,0.22,Ritmo critico
2905503,Caldeirão Grande,BA,Nordeste,21.3,28.19,36.88,80.0,6.89,2.99,30.73,32.89,34.73,36.29,37.62,38.74,0,0,-41.26,8.64,2.99,Ritmo critico
1507300,São Félix do Xingu,PA,Norte,39.67,30.95,39.2,80.0,-8.72,-3.14,28.28,26.01,24.08,22.44,21.05,19.87,0,0,-60.13,8.17,-3.14,Em retrocesso
2106326,Maracaçumé,MA,Nordeste,57.95,41.67,65.14,80.0,-16.28,-7.09,35.64,30.52,26.17,22.47,19.32,16.65,0,0,-63.35,6.39,-7.09,Em retrocesso
2927101,Rodelas,BA,Nordeste,23.27,26.35,38.79,80.0,3.08,1.09,27.28,28.06,28.73,29.3,29.79,30.2,0,0,-49.8,8.94,1.09,Ritmo critico
1506104,Primavera,PA,Norte,48.96,49.94,59.06,80.0,0.98,1.71,51.39,52.63,53.68,54.57,55.33,55.98,0,0,-24.02,5.01,1.71,Ritmo critico
2908200,Conceição da Feira,BA,Nordeste,31.68,27.46,46.19,80.0,-4.22,-2.56,25.28,23.43,21.86,20.53,19.39,18.42,0,0,-61.58,8.76,-2.56,Em retrocesso
2930204,Sento Sé,BA,Nordeste,26.41,24.24,41.68,80.0,-2.17,-1.54,22.93,21.82,20.87,20.07,19.39,18.8,0,0,-61.2,9.29,-1.54,Em retrocesso
2800704,Brejo Grande,SE,Nordeste,27.27,34.6,42.44,80.0,7.33,7.02,40.57,45.64,49.95,53.61,56.73,59.38,0,0,-20.62,7.57,7.02,Ritmo insuficiente
3302858,Mesquita,RJ,Sudeste,37.82,35.09,51.02,80.0,-2.73,0.16,35.23,35.34,35.44,35.52,35.59,35.65,0,0,-44.35,7.48,0.16,Em retrocesso
2110278,Santo Amaro do Maranhão,MA,Nordeste,33.31,39.84,47.51,80.0,6.53,4.31,43.5,46.62,49.26,51.51,53.43,55.05,0,0,-24.95,6.69,4.31,Ritmo insuficiente
2705606,Novo Lino,AL,Nordeste,27.37,39.85,42.53,80.0,12.48,9.57,47.98,54.9,60.78,65.77,70.02,73.63,1,0,-6.37,6.69,9.57,No ritmo da meta
4102802,Bela Vista do Paraíso,PR,Sul,61.05,54.88,67.2,80.0,-6.17,-3.95,51.52,48.67,46.24,44.18,42.43,40.94,0,0,-39.06,4.19,-3.95,Em retrocesso
1505403,Ourém,PA,Norte,48.52,56.24,58.75,80.0,7.72,5.08,60.56,64.23,67.35,70.0,72.25,74.17,1,0,-5.83,3.96,5.08,No ritmo da meta
2613800,São Vicente Férrer,PE,Nordeste,48.62,42.6,58.82,80.0,-6.02,-0.39,42.27,41.99,41.75,41.54,41.37,41.22,0,0,-38.78,6.23,-0.39,Em retrocesso
2927507,Santa Bárbara,BA,Nordeste,21.01,31.58,36.59,80.0,10.57,4.83,35.69,39.18,42.14,44.66,46.81,48.63,0,0,-31.37,8.07,4.83,Ritmo critico
1500404,Alenquer,PA,Norte,36.41,34.75,49.94,80.0,-1.66,0.39,35.08,35.36,35.6,35.81,35.98,36.13,0,0,-43.87,7.54,0.39,Em retrocesso
4117800,Palmital,PR,Sul,74.27,69.5,76.01,80.0,-4.77,-3.25,66.74,64.39,62.39,60.7,59.25,58.03,0,0,-21.97,1.75,-3.25,Em retrocesso
2911907,Iaçu,BA,Nordeste,22.93,28.52,38.47,80.0,5.59,2.34,30.51,32.2,33.64,34.86,35.9,36.78,0,0,-43.22,8.58,2.34,Ritmo critico
2930808,Souto Soares,BA,Nordeste,25.49,31.82,40.85,80.0,6.33,2.71,34.12,36.08,37.75,39.16,40.36,41.38,0,0,-38.62,8.03,2.71,Ritmo critico
2924405,Pilão Arcado,BA,Nordeste,23.9,22.51,39.38,80.0,-1.39,-1.15,21.53,20.7,20.0,19.4,18.88,18.45,0,0,-61.55,9.58,-1.15,Em retrocesso
1303700,Santo Antônio do Içá,AM,Norte,59.68,37.94,66.29,80.0,-21.74,-11.59,28.09,19.71,12.6,6.55,1.4,0.0,0,0,-80.0,7.01,-11.59,Em retrocesso
1502806,Curralinho,PA,Norte,25.06,24.03,40.46,80.0,-1.03,0.7,24.62,25.13,25.56,25.93,26.24,26.5,0,0,-53.5,9.33,0.7,Em retrocesso
2910503,Entre Rios,BA,Nordeste,19.58,32.55,40.71,80.0,12.97,6.03,37.68,42.03,45.74,48.88,51.56,53.83,0,0,-26.17,7.91,6.03,Ritmo insuficiente
2904704,Buerarema,BA,Nordeste,24.27,29.37,39.73,80.0,5.1,2.1,31.16,32.67,33.96,35.06,35.99,36.78,0,0,-43.22,8.44,2.1,Ritmo critico
3126703,Francisco Sá,MG,Sudeste,41.63,35.05,53.86,80.0,-6.58,2.87,37.49,39.56,41.33,42.82,44.1,45.18,0,0,-34.82,7.49,2.87,Em retrocesso
3305109,São João de Meriti,RJ,Sudeste,37.6,35.97,50.86,80.0,-1.63,0.71,36.57,37.09,37.52,37.89,38.21,38.48,0,0,-41.52,7.34,0.71,Em retrocesso
2918506,Jussara,BA,Nordeste,23.19,43.44,38.71,80.0,20.25,9.67,51.66,58.65,64.58,69.63,73.92,77.57,1,0,-2.43,6.09,9.67,No ritmo da meta
2806305,Santa Luzia do Itanhy,SE,Nordeste,25.9,22.15,41.22,80.0,-3.75,1.48,23.41,24.48,25.39,26.16,26.82,27.37,0,0,-52.63,9.64,1.48,Em retrocesso
2903235,Barro Alto,BA,Nordeste,24.29,29.75,39.75,80.0,5.46,2.28,31.69,33.34,34.74,35.93,36.94,37.8,0,0,-42.2,8.38,2.28,Ritmo critico
1300300,Autazes,AM,Norte,44.6,35.04,,,-9.56,-5.5,30.36,26.39,23.01,20.14,17.7,15.63,0,0,,,-5.5,Em retrocesso
1302009,Itapiranga,AM,Norte,26.96,36.03,,,9.07,3.81,39.27,42.02,44.36,46.35,48.04,49.48,0,0,,,3.81,Ritmo critico
3111408,Campo Florido,MG,Sudeste,75.96,52.14,77.17,80.0,-23.82,-5.75,47.25,43.1,39.57,36.57,34.01,31.85,0,0,-48.15,4.64,-5.75,Em retrocesso
2804904,Pacatuba,SE,Nordeste,16.9,28.56,32.27,80.0,11.66,9.18,36.36,43.0,48.63,53.43,57.5,60.96,1,0,-19.04,8.57,9.18,No ritmo da meta
2911105,Formosa do Rio Preto,BA,Nordeste,19.66,28.21,35.22,80.0,8.55,3.82,31.46,34.22,36.56,38.56,40.25,41.69,0,0,-38.31,8.63,3.82,Ritmo critico
2707404,Porto de Pedras,AL,Nordeste,30.12,27.47,44.89,80.0,-2.65,2.0,29.17,30.62,31.84,32.89,33.77,34.53,0,0,-45.47,8.76,2.0,Em retrocesso
2910750,Fátima,BA,Nordeste,42.51,49.57,54.5,80.0,7.06,3.08,52.19,54.41,56.3,57.91,59.28,60.44,0,0,-19.56,5.07,3.08,Ritmo insuficiente
1303304,Novo Aripuanã,AM,Norte,83.98,50.99,80.0,80.0,-32.99,-17.22,36.35,23.91,13.34,4.35,0.0,0.0,0,0,-80.0,4.84,-17.22,Em retrocesso
2901908,Aporá,BA,Nordeste,17.78,16.52,33.23,80.0,-1.26,-1.08,15.6,14.82,14.16,13.59,13.12,12.71,0,0,-67.29,10.58,-1.08,Em retrocesso
2932804,Utinga,BA,Nordeste,33.84,33.04,47.93,80.0,-0.8,-0.85,32.32,31.7,31.18,30.74,30.36,30.04,0,0,-49.96,7.83,-0.85,Em retrocesso
1600105,Amapá,AP,Norte,31.2,19.03,45.79,80.0,-12.17,-2.57,16.85,14.99,13.41,12.07,10.93,9.96,0,0,-70.04,10.16,-2.57,Em retrocesso
4108007,Florestópolis,PR,Sul,64.38,63.48,69.4,80.0,-0.9,-1.31,62.37,61.42,60.62,59.93,59.35,58.86,0,0,-21.14,2.75,-1.31,Em retrocesso
2800407,Arauá,SE,Nordeste,31.03,28.6,45.65,80.0,-2.43,2.14,30.42,31.97,33.28,34.4,35.35,36.15,0,0,-43.85,8.57,2.14,Em retrocesso
2916807,Itarantim,BA,Nordeste,38.17,41.07,51.29,80.0,2.9,1.0,41.92,42.64,43.26,43.78,44.22,44.6,0,0,-35.4,6.49,1.0,Ritmo critico
2920106,Mairi,BA,Nordeste,40.81,23.42,53.26,80.0,-17.39,-9.15,15.64,9.03,3.41,0.0,0.0,0.0,0,0,-80.0,9.43,-9.15,Em retrocesso
2606408,Gravatá,PE,Nordeste,42.26,43.1,54.32,80.0,0.84,3.04,45.68,47.88,49.75,51.33,52.68,53.83,0,0,-26.17,6.15,3.04,Ritmo critico
1508001,Tomé-Açu,PA,Norte,48.0,49.49,58.39,80.0,1.49,1.96,51.16,52.57,53.78,54.8,55.67,56.41,0,0,-23.59,5.08,1.96,Ritmo critico
2805604,Porto da Folha,SE,Nordeste,23.53,16.87,39.04,80.0,-6.66,0.02,16.89,16.9,16.91,16.92,16.93,16.94,0,0,-63.06,10.52,0.02,Em retrocesso
4105003,Catanduvas,PR,Sul,66.05,56.16,70.5,80.0,-9.89,-5.81,51.22,47.02,43.46,40.42,37.84,35.65,0,0,-44.35,3.97,-5.81,Em retrocesso
2901353,Andorinha,BA,Nordeste,32.96,28.44,47.23,80.0,-4.52,-2.71,26.14,24.18,22.51,21.1,19.9,18.88,0,0,-61.12,8.59,-2.71,Em retrocesso
1301209,Coari,AM,Norte,38.77,32.72,51.74,80.0,-6.05,-3.75,29.53,26.82,24.52,22.56,20.9,19.48,0,0,-60.52,7.88,-3.75,Em retrocesso
3303500,Nova Iguaçu,RJ,Sudeste,33.23,33.42,47.44,80.0,0.19,1.62,34.8,35.97,36.96,37.81,38.53,39.14,0,0,-40.86,7.76,1.62,Ritmo critico
2706802,Piaçabuçu,AL,Nordeste,31.74,42.39,46.24,80.0,10.65,8.65,49.74,55.99,61.3,65.82,69.66,72.92,1,0,-7.08,6.27,8.65,No ritmo da meta
2803609,Laranjeiras,SE,Nordeste,16.28,27.35,31.57,80.0,11.07,8.89,34.91,41.33,46.79,51.43,55.37,58.73,1,0,-21.27,8.78,8.89,No ritmo da meta
2916104,Itaparica,BA,Nordeste,38.25,28.57,51.35,80.0,-9.68,-5.29,24.07,20.25,17.0,14.24,11.89,9.9,0,0,-70.1,8.57,-5.29,Em retrocesso
2907707,Chorrochó,BA,Nordeste,34.56,36.19,48.5,80.0,1.63,0.36,36.5,36.76,36.98,37.17,37.32,37.46,0,0,-42.54,7.3,0.36,Ritmo critico
2909406,Cotegipe,BA,Nordeste,40.77,41.9,53.23,80.0,1.13,0.11,41.99,42.07,42.14,42.2,42.25,42.29,0,0,-37.71,6.35,0.11,Ritmo critico
2917102,Itororó,BA,Nordeste,47.4,28.85,57.97,80.0,-18.55,-9.73,20.58,13.55,7.57,2.5,0.0,0.0,0,0,-80.0,8.52,-9.73,Em retrocesso
1507508,São João do Araguaia,PA,Norte,33.62,35.42,47.76,80.0,1.8,2.12,37.22,38.75,40.06,41.16,42.1,42.9,0,0,-37.1,7.43,2.12,Ritmo critico
2604601,Condado,PE,Nordeste,45.57,43.24,56.69,80.0,-2.33,1.46,44.48,45.54,46.43,47.19,47.84,48.39,0,0,-31.61,6.13,1.46,Em retrocesso
1302801,Maraã,AM,Norte,20.95,48.41,36.53,80.0,27.46,13.01,59.47,68.87,76.86,83.65,89.42,94.33,1,1,14.33,5.26,13.01,No ritmo da meta
2912707,Ibirapitanga,BA,Nordeste,31.23,22.06,45.82,80.0,-9.17,-5.04,17.78,14.13,11.04,8.41,6.17,4.27,0,0,-75.73,9.66,-5.04,Em retrocesso
4322202,Tupanciretã,RS,Sul,71.92,44.4,74.42,80.0,-27.52,-23.74,24.22,7.07,0.0,0.0,0.0,0.0,0,0,-80.0,5.93,-23.74,Em retrocesso
1301902,Itacoatiara,AM,Norte,46.31,42.66,57.21,80.0,-3.65,-2.55,40.49,38.65,37.08,35.75,34.62,33.66,0,0,-46.34,6.22,-2.55,Em retrocesso
1501709,Bragança,PA,Norte,42.72,37.0,54.65,80.0,-5.72,-1.64,35.61,34.42,33.41,32.56,31.83,31.21,0,0,-48.79,7.17,-1.64,Em retrocesso
2801009,Campo do Brito,SE,Nordeste,39.18,41.74,52.05,80.0,2.56,4.63,45.68,49.02,51.86,54.28,56.34,58.08,0,0,-21.92,6.38,4.63,Ritmo insuficiente
2913101,Ibititá,BA,Nordeste,26.1,28.0,41.4,80.0,1.9,0.5,28.42,28.79,29.09,29.35,29.58,29.76,0,0,-50.24,8.67,0.5,Ritmo critico
2904100,Boquira,BA,Nordeste,39.47,32.0,52.26,80.0,-7.47,-4.19,28.44,25.41,22.84,20.65,18.79,17.21,0,0,-62.79,8.0,-4.19,Em retrocesso
4313953,Pantano Grande,RS,Sul,72.52,25.7,74.82,80.0,-46.82,-33.39,0.0,0.0,0.0,0.0,0.0,0.0,0,0,-80.0,9.05,-33.39,Em retrocesso
1100338,Nova Mamoré,RO,Norte,63.02,45.3,68.5,80.0,-17.72,-7.81,38.66,33.02,28.22,24.15,20.68,17.73,0,0,-62.27,5.78,-7.81,Em retrocesso
1303403,Parintins,AM,Norte,51.88,51.36,61.06,80.0,-0.52,-0.98,50.53,49.82,49.22,48.71,48.27,47.9,0,0,-32.1,4.77,-0.98,Em retrocesso
2602001,Bodocó,PE,Nordeste,45.23,47.32,56.45,80.0,2.09,3.67,50.44,53.09,55.34,57.26,58.89,60.27,0,0,-19.73,5.45,3.67,Ritmo insuficiente
1502707,Conceição do Araguaia,PA,Norte,38.67,50.69,51.67,80.0,12.02,7.23,56.84,62.06,66.5,70.27,73.48,76.21,1,0,-3.79,4.89,7.23,No ritmo da meta
1304237,Tonantins,AM,Norte,45.93,30.02,56.94,80.0,-15.91,-8.68,22.64,16.37,11.04,6.51,2.66,0.0,0,0,-80.0,8.33,-8.68,Em retrocesso
3302007,Itaguaí,RJ,Sudeste,42.05,41.61,54.17,80.0,-0.44,1.31,42.72,43.67,44.47,45.16,45.74,46.23,0,0,-33.77,6.4,1.31,Em retrocesso
2918100,Jeremoabo,BA,Nordeste,27.04,29.53,42.24,80.0,2.49,0.79,30.2,30.77,31.26,31.67,32.02,32.32,0,0,-47.68,8.41,0.79,Ritmo critico
1508209,Vigia,PA,Norte,29.77,37.71,44.6,80.0,7.94,5.19,42.12,45.87,49.06,51.77,54.07,56.03,0,0,-23.97,7.05,5.19,Ritmo insuficiente
2112605,Urbano Santos,MA,Nordeste,76.76,38.63,77.72,80.0,-38.13,-18.02,23.31,10.29,0.0,0.0,0.0,0.0,0,0,-80.0,6.9,-18.02,Em retrocesso
1500305,Afuá,PA,Norte,30.81,38.18,45.47,80.0,7.37,4.9,42.34,45.89,48.89,51.45,53.63,55.47,0,0,-24.53,6.97,4.9,Ritmo insuficiente
2108801,Pirapemas,MA,Nordeste,83.02,42.38,80.0,80.0,-40.64,-19.27,26.0,12.08,0.24,0.0,0.0,0.0,0,0,-80.0,6.27,-19.27,Em retrocesso
2915205,Itagibá,BA,Nordeste,36.92,44.21,50.34,80.0,7.29,3.19,46.92,49.23,51.19,52.85,54.27,55.47,0,0,-24.53,5.96,3.19,Ritmo critico
2702405,Delmiro Gouveia,AL,Nordeste,31.11,28.13,45.72,80.0,-2.98,1.84,29.69,31.02,32.15,33.11,33.93,34.62,0,0,-45.38,8.65,1.84,Em retrocesso
1502400,Castanhal,PA,Norte,38.09,32.97,41.06,80.0,-5.12,-1.34,31.83,30.86,30.04,29.34,28.75,28.24,0,0,-51.76,7.84,-1.34,Em retrocesso
5200803,Alvorada do Norte,GO,Centro-Oeste,64.57,64.99,69.53,80.0,0.42,4.01,68.4,71.3,73.76,75.85,77.63,79.14,0,0,-0.86,2.5,4.01,No ritmo da meta
2100832,Apicum-Açu,MA,Nordeste,31.51,39.08,46.05,80.0,7.57,4.83,43.19,46.68,49.64,52.16,54.31,56.13,0,0,-23.87,6.82,4.83,Ritmo insuficiente
2921203,Miguel Calmon,BA,Nordeste,47.8,36.96,58.25,80.0,-10.84,-5.87,31.97,27.73,24.12,21.06,18.46,16.24,0,0,-63.76,7.17,-5.87,Em retrocesso
4103057,Boa Vista da Aparecida,PR,Sul,72.39,53.35,74.74,80.0,-19.04,-10.38,44.53,37.03,30.65,25.23,20.63,16.71,0,0,-63.29,4.44,-10.38,Em retrocesso
4118857,Perobal,PR,Sul,57.6,70.19,64.91,80.0,12.59,5.43,74.81,78.73,82.06,84.9,87.31,89.36,1,1,9.36,1.64,5.43,No ritmo da meta
2906303,Canavieiras,BA,Nordeste,28.98,28.68,43.93,80.0,-0.3,-0.6,28.17,27.74,27.37,27.05,26.79,26.56,0,0,-53.44,8.55,-0.6,Em retrocesso
1303106,Nova Olinda do Norte,AM,Norte,51.39,32.8,60.73,80.0,-18.59,-10.02,24.28,17.04,10.89,5.66,1.21,0.0,0,0,-80.0,7.87,-10.02,Em retrocesso
1502608,Colares,PA,Norte,54.39,37.22,62.76,80.0,-17.17,-7.37,30.96,25.63,21.1,17.26,13.99,11.21,0,0,-68.79,7.13,-7.37,Em retrocesso
1301605,Fonte Boa,AM,Norte,26.88,35.57,,,8.69,3.62,38.65,41.26,43.49,45.38,46.98,48.35,0,0,,,3.62,Ritmo critico
2800209,Aquidabã,SE,Nordeste,21.43,20.53,37.01,80.0,-0.9,2.9,23.0,25.09,26.87,28.39,29.67,30.77,0,0,-49.23,9.91,2.9,Em retrocesso
2921609,Morpará,BA,Nordeste,31.78,28.89,46.27,80.0,-2.89,-1.9,27.28,25.9,24.74,23.74,22.9,22.18,0,0,-57.82,8.52,-1.9,Em retrocesso
2906899,Caraíbas,BA,Nordeste,46.59,35.56,57.41,80.0,-11.03,-5.97,30.49,26.17,22.51,19.39,16.74,14.49,0,0,-65.51,7.41,-5.97,Em retrocesso
1300060,Amaturá,AM,Norte,62.67,64.58,68.27,80.0,1.91,0.23,64.78,64.94,65.08,65.2,65.31,65.39,0,0,-14.61,2.57,0.23,Ritmo critico
2201929,Bonfim do Piauí,PI,Nordeste,50.63,35.96,60.21,80.0,-14.67,-4.22,32.37,29.32,26.73,24.53,22.66,21.07,0,0,-58.93,7.34,-4.22,Em retrocesso
2903300,Barro Preto,BA,Nordeste,39.29,24.72,52.13,80.0,-14.57,-7.74,18.14,12.55,7.8,3.76,0.32,0.0,0,0,-80.0,9.21,-7.74,Em retrocesso
2927002,Rio Real,BA,Nordeste,40.97,33.21,53.38,80.0,-7.76,-4.33,29.53,26.4,23.74,21.48,19.56,17.93,0,0,-62.07,7.8,-4.33,Em retrocesso
2801702,Cristinápolis,SE,Nordeste,24.74,34.73,40.17,80.0,9.99,8.35,41.83,47.86,52.99,57.35,61.05,64.2,1,0,-15.8,7.55,8.35,No ritmo da meta
2103174,Centro Novo do Maranhão,MA,Nordeste,40.03,36.86,52.68,80.0,-3.17,-0.54,36.4,36.01,35.68,35.4,35.16,34.95,0,0,-45.05,7.19,-0.54,Em retrocesso
3300456,Belford Roxo,RJ,Sudeste,34.73,38.9,48.64,80.0,4.17,3.61,41.97,44.58,46.79,48.68,50.28,51.64,0,0,-28.36,6.85,3.61,Ritmo critico
2806008,Ribeirópolis,SE,Nordeste,33.67,38.48,47.8,80.0,4.81,5.76,43.38,47.54,51.07,54.08,56.64,58.81,0,0,-21.19,6.92,5.76,Ritmo insuficiente
4122602,Rondon,PR,Sul,68.42,41.63,72.08,80.0,-26.79,-14.26,29.51,19.21,10.45,3.0,0.0,0.0,0,0,-80.0,6.4,-14.26,Em retrocesso
1503309,Igarapé-Miri,PA,Norte,36.72,41.34,50.18,80.0,4.62,3.53,44.34,46.89,49.06,50.9,52.47,53.8,0,0,-26.2,6.44,3.53,Ritmo critico
5007901,Sidrolândia,MS,Centro-Oeste,36.19,39.84,49.77,80.0,3.65,6.02,44.96,49.31,53.0,56.15,58.82,61.09,0,0,-18.91,6.69,6.02,Ritmo insuficiente
1301654,Guajará,AM,Norte,61.86,54.66,67.73,80.0,-7.2,-4.32,50.99,47.87,45.21,42.96,41.04,39.41,0,0,-40.59,4.22,-4.32,Em retrocesso
2902609,Baixa Grande,BA,Nordeste,36.29,36.78,49.85,80.0,0.49,-0.21,36.6,36.45,36.32,36.21,36.12,36.04,0,0,-43.96,7.2,-0.21,Ritmo critico
1501204,Baião,PA,Norte,27.52,38.16,42.66,80.0,10.64,6.54,43.72,48.44,52.46,55.87,58.78,61.24,1,0,-18.76,6.97,6.54,Ritmo insuficiente
2804102,Moita Bonita,SE,Nordeste,43.16,58.01,54.97,80.0,14.85,10.78,67.17,74.96,81.58,87.21,91.99,96.06,1,1,16.06,3.67,10.78,No ritmo da meta
1505700,Ponta de Pedras,PA,Norte,38.7,57.13,51.69,80.0,18.43,10.43,66.0,73.53,79.94,85.38,90.01,93.94,1,1,13.94,3.81,10.43,No ritmo da meta
2920007,Maiquinique,BA,Nordeste,29.83,32.56,44.65,80.0,2.73,0.91,33.33,33.99,34.55,35.02,35.43,35.77,0,0,-44.23,7.91,0.91,Ritmo critico
1303007,Nhamundá,AM,Norte,64.67,57.1,69.59,80.0,-7.57,-4.51,53.27,50.01,47.24,44.88,42.88,41.18,0,0,-38.82,3.82,-4.51,Em retrocesso
3301405,Conceição de Macabu,RJ,Sudeste,49.73,56.17,59.59,80.0,6.44,4.75,60.21,63.64,66.56,69.04,71.14,72.94,1,0,-7.06,3.97,4.75,No ritmo da meta
2806404,Santana do São Francisco,SE,Nordeste,28.89,22.21,43.85,80.0,-6.68,0.01,22.22,22.23,22.23,22.24,22.24,22.25,0,0,-57.75,9.63,0.01,Em retrocesso
2906204,Canarana,BA,Nordeste,29.21,33.73,44.12,80.0,4.52,1.81,35.27,36.58,37.69,38.63,39.44,40.12,0,0,-39.88,7.71,1.81,Ritmo critico
2802304,Frei Paulo,SE,Nordeste,19.23,37.21,34.77,80.0,17.98,12.34,47.7,56.61,64.19,70.63,76.11,80.76,1,1,0.76,7.13,12.34,No ritmo da meta
2803203,Itaporanga d'Ajuda,SE,Nordeste,24.31,39.49,39.77,80.0,15.18,10.94,48.79,56.69,63.41,69.12,73.98,78.1,1,0,-1.9,6.75,10.94,No ritmo da meta
1504505,Melgaço,PA,Norte,38.0,28.64,51.16,80.0,-9.36,-3.46,25.7,23.2,21.07,19.27,17.73,16.43,0,0,-63.57,8.56,-3.46,Em retrocesso
2912301,Ibicuí,BA,Nordeste,58.94,50.0,65.8,80.0,-8.94,-4.92,45.82,42.26,39.24,36.67,34.49,32.63,0,0,-47.37,5.0,-4.92,Em retrocesso
2932408,Uibaí,BA,Nordeste,33.09,27.71,47.33,80.0,-5.38,-3.14,25.04,22.77,20.84,19.2,17.81,16.63,0,0,-63.37,8.72,-3.14,Em retrocesso
2914505,Irará,BA,Nordeste,33.6,32.53,,,-1.07,-0.99,31.69,30.97,30.37,29.85,29.41,29.04,0,0,,,-0.99,Em retrocesso
2902005,Aracatu,BA,Nordeste,41.95,28.92,54.09,80.0,-13.03,-6.97,23.0,17.96,13.68,10.04,6.95,4.32,0,0,-75.68,8.51,-6.97,Em retrocesso
2929008,São Félix,BA,Nordeste,32.07,31.33,46.51,80.0,-0.74,-0.82,30.63,30.04,29.54,29.11,28.75,28.44,0,0,-51.56,8.11,-0.82,Em retrocesso
2902104,Araci,BA,Nordeste,20.27,24.47,35.84,80.0,4.2,1.65,25.87,27.06,28.08,28.94,29.67,30.29,0,0,-49.71,9.26,1.65,Ritmo critico
2706505,Passo de Camaragibe,AL,Nordeste,42.03,32.59,54.15,80.0,-9.44,-1.39,31.41,30.4,29.55,28.83,28.21,27.68,0,0,-52.32,7.9,-1.39,Em retrocesso
2802205,Feira Nova,SE,Nordeste,29.58,26.0,44.44,80.0,-3.58,1.56,27.33,28.45,29.41,30.23,30.92,31.51,0,0,-48.49,9.0,1.56,Em retrocesso
1504604,Mocajuba,PA,Norte,31.97,37.29,46.42,80.0,5.32,3.88,40.59,43.39,45.77,47.8,49.52,50.98,0,0,-29.02,7.12,3.88,Ritmo critico
2707206,Poço das Trincheiras,AL,Nordeste,33.38,48.87,47.56,80.0,15.49,11.07,58.28,66.28,73.08,78.85,83.77,87.94,1,1,7.94,5.19,11.07,No ritmo da meta
2929800,Saúde,BA,Nordeste,15.02,20.73,30.12,80.0,5.71,2.4,22.77,24.5,25.98,27.23,28.3,29.2,0,0,-50.8,9.88,2.4,Ritmo critico
1504901,Muaná,PA,Norte,36.17,33.63,49.76,80.0,-2.54,-0.05,33.59,33.55,33.52,33.49,33.47,33.45,0,0,-46.55,7.73,-0.05,Em retrocesso
2605202,Escada,PE,Nordeste,54.51,30.48,62.84,80.0,-24.03,-9.39,22.5,15.71,9.95,5.05,0.88,0.0,0,0,-80.0,8.25,-9.39,Em retrocesso
1507458,São Geraldo do Araguaia,PA,Norte,46.49,52.06,57.34,80.0,5.57,4.0,55.46,58.35,60.81,62.89,64.67,66.18,0,0,-13.82,4.66,4.0,Ritmo insuficiente
2930105,Senhor do Bonfim,BA,Nordeste,19.93,24.02,35.5,80.0,4.09,1.59,25.37,26.52,27.5,28.33,29.03,29.63,0,0,-50.37,9.33,1.59,Ritmo critico
3304805,São Fidélis,RJ,Sudeste,39.79,48.7,52.5,80.0,8.91,5.98,53.78,58.1,61.78,64.9,67.55,69.81,1,0,-10.19,5.22,5.98,No ritmo da meta
2802106,Estância,SE,Nordeste,33.96,29.77,48.03,80.0,-4.19,1.26,30.84,31.75,32.53,33.18,33.74,34.22,0,0,-45.78,8.37,1.26,Em retrocesso
2803302,Japaratuba,SE,Nordeste,42.14,58.28,54.23,80.0,16.14,11.42,67.99,76.24,83.25,89.21,94.28,98.59,1,1,18.59,3.62,11.42,No ritmo da meta
4306502,Dom Feliciano,RS,Sul,59.64,35.0,66.26,80.0,-24.64,-22.3,16.04,0.0,0.0,0.0,0.0,0.0,0,0,-80.0,7.5,-22.3,Em retrocesso
3304144,Queimados,RJ,Sudeste,38.08,37.63,51.22,80.0,-0.45,1.3,38.74,39.67,40.47,41.15,41.73,42.22,0,0,-37.78,7.06,1.3,Em retrocesso
3302502,Magé,RJ,Sudeste,46.26,46.66,57.18,80.0,0.4,1.73,48.13,49.38,50.44,51.35,52.11,52.77,0,0,-27.23,5.56,1.73,Ritmo critico
3301801,Engenheiro Paulo de Frontin,RJ,Sudeste,63.0,55.56,68.49,80.0,-7.44,-2.19,53.7,52.12,50.77,49.63,48.66,47.83,0,0,-32.17,4.07,-2.19,Em retrocesso
1505304,Oriximiná,PA,Norte,34.52,30.61,48.47,80.0,-3.91,-0.74,29.98,29.45,28.99,28.61,28.28,28.0,0,0,-52.0,8.23,-0.74,Em retrocesso
1503200,Igarapé-Açu,PA,Norte,32.77,40.43,47.07,80.0,7.66,5.05,44.72,48.37,51.47,54.11,56.35,58.25,0,0,-21.75,6.6,5.05,Ritmo insuficiente
4108502,General Carneiro,PR,Sul,79.05,55.52,79.32,80.0,-23.53,-12.63,44.78,35.66,27.9,21.31,15.71,10.94,0,0,-69.06,4.08,-12.63,Em retrocesso
4321303,Taquari,RS,Sul,49.6,13.2,59.5,80.0,-36.4,-28.18,0.0,0.0,0.0,0.0,0.0,0.0,0,0,-80.0,11.13,-28.18,Em retrocesso
2902203,Aramari,BA,Nordeste,21.73,17.95,37.3,80.0,-3.78,-2.34,15.96,14.27,12.83,11.61,10.57,9.69,0,0,-70.31,10.34,-2.34,Em retrocesso
2906824,Canudos,BA,Nordeste,18.85,30.13,34.38,80.0,11.28,5.19,34.54,38.29,41.48,44.19,46.49,48.45,1,0,-31.55,8.31,5.19,Ritmo insuficiente
2804805,Nossa Senhora do Socorro,SE,Nordeste,19.85,29.8,35.42,80.0,9.95,8.33,36.88,42.9,48.01,52.36,56.06,59.2,1,0,-20.8,8.37,8.33,Ritmo insuficiente
2921450,Mirante,BA,Nordeste,52.17,46.15,61.26,80.0,-6.02,-3.46,43.21,40.71,38.58,36.78,35.24,33.94,0,0,-46.06,5.64,-3.46,Em retrocesso
2611705,Riacho das Almas,PE,Nordeste,63.97,68.11,69.13,80.0,4.14,4.69,72.1,75.49,78.37,80.81,82.89,84.66,1,1,4.66,1.98,4.69,No ritmo da meta
2923704,Paratinga,BA,Nordeste,21.13,24.46,36.71,80.0,3.33,1.21,25.49,26.36,27.11,27.74,28.27,28.73,0,0,-51.27,9.26,1.21,Ritmo critico
2914802,Itabuna,BA,Nordeste,31.6,29.75,46.12,80.0,-1.85,-1.38,28.58,27.58,26.73,26.01,25.4,24.88,0,0,-55.12,8.38,-1.38,Em retrocesso
4200705,Alfredo Wagner,SC,Sul,42.9,37.44,,,-5.46,-2.11,35.65,34.12,32.83,31.72,30.79,29.99,0,0,,,-2.11,Em retrocesso
4106456,Coronel Domingos Soares,PR,Sul,78.28,62.47,78.78,80.0,-15.81,-8.77,55.02,48.68,43.29,38.72,34.82,31.52,0,0,-48.48,2.92,-8.77,Em retrocesso
2933505,Wenceslau Guimarães,BA,Nordeste,38.38,31.17,51.45,80.0,-7.21,-4.06,27.72,24.79,22.29,20.17,18.37,16.84,0,0,-63.16,8.14,-4.06,Em retrocesso
2916401,Itapetinga,BA,Nordeste,39.63,32.22,52.38,80.0,-7.41,-4.16,28.68,25.68,23.12,20.95,19.11,17.54,0,0,-62.46,7.96,-4.16,Em retrocesso
2410900,Riachuelo,RN,Nordeste,41.04,27.78,53.43,80.0,-13.26,-4.02,24.36,21.46,18.99,16.89,15.11,13.59,0,0,-66.41,8.7,-4.02,Em retrocesso
1500701,Anajás,PA,Norte,26.81,33.83,42.04,80.0,7.02,4.73,37.85,41.27,44.17,46.64,48.74,50.52,0,0,-29.48,7.7,4.73,Ritmo insuficiente
3302809,Mendes,RJ,Sudeste,58.36,56.89,65.41,80.0,-1.47,0.79,57.56,58.13,58.62,59.03,59.38,59.68,0,0,-20.32,3.85,0.79,Em retrocesso
2700508,Barra de Santo Antônio,AL,Nordeste,30.57,32.98,45.27,80.0,2.41,4.53,36.83,40.1,42.89,45.25,47.26,48.97,0,0,-31.03,7.84,4.53,Ritmo critico
4214409,Rio das Antas,SC,Sul,51.1,44.51,,,-6.59,-2.68,42.23,40.3,38.65,37.25,36.06,35.05,0,0,,,-2.68,Em retrocesso
1101203,Ministro Andreazza,RO,Norte,72.5,69.17,74.81,80.0,-3.33,-0.61,68.65,68.21,67.84,67.52,67.25,67.02,0,0,-12.98,1.8,-0.61,Em retrocesso
2928505,Santa Terezinha,BA,Nordeste,26.63,27.63,41.88,80.0,1.0,0.05,27.67,27.71,27.74,27.77,27.79,27.81,0,0,-52.19,8.73,0.05,Ritmo critico
1302900,Maués,AM,Norte,53.17,45.97,61.93,80.0,-7.2,-4.32,42.3,39.18,36.52,34.27,32.35,30.72,0,0,-49.28,5.67,-4.32,Em retrocesso
2805703,Propriá,SE,Nordeste,19.64,29.59,35.2,80.0,9.95,8.33,36.67,42.69,47.8,52.15,55.85,58.99,1,0,-21.01,8.4,8.33,Ritmo insuficiente
2703601,Japaratinga,AL,Nordeste,23.07,27.69,38.6,80.0,4.62,5.64,32.48,36.56,40.02,42.97,45.47,47.6,0,0,-32.4,8.72,5.64,Ritmo insuficiente
1303502,Pauini,AM,Norte,38.95,48.43,51.88,80.0,9.48,4.02,51.85,54.75,57.22,59.32,61.1,62.62,0,0,-17.38,5.26,4.02,Ritmo insuficiente
3109204,Buenópolis,MG,Sudeste,82.01,75.91,80.0,80.0,-6.1,3.11,78.55,80.8,82.71,84.33,85.71,86.89,0,1,6.89,0.68,3.11,Em retrocesso
1300508,Barreirinha,AM,Norte,29.7,24.4,44.54,80.0,-5.3,-3.37,21.54,19.1,17.03,15.27,13.78,12.51,0,0,-67.49,9.27,-3.37,Em retrocesso
2408953,Rio do Fogo,RN,Nordeste,14.85,31.56,29.91,80.0,16.71,10.96,40.88,48.79,55.53,61.25,66.11,70.24,1,0,-9.76,8.07,10.96,No ritmo da meta
1302306,Jutaí,AM,Norte,36.64,30.91,50.12,80.0,-5.73,-3.59,27.86,25.26,23.06,21.19,19.59,18.24,0,0,-61.76,8.18,-3.59,Em retrocesso
2912806,Ibirapuã,BA,Nordeste,60.48,37.84,66.82,80.0,-22.64,-11.77,27.84,19.33,12.1,5.96,0.74,0.0,0,0,-80.0,7.03,-11.77,Em retrocesso
1500107,Abaetetuba,PA,Norte,39.73,35.85,52.46,80.0,-3.88,-0.72,35.24,34.72,34.28,33.9,33.58,33.31,0,0,-46.69,7.36,-0.72,Em retrocesso
1503093,Goianésia do Pará,PA,Norte,46.05,42.29,57.03,80.0,-3.76,-0.66,41.73,41.25,40.85,40.5,40.21,39.96,0,0,-40.04,6.28,-0.66,Em retrocesso
4121000,Querência do Norte,PR,Sul,45.28,50.32,56.48,80.0,5.04,1.66,51.73,52.93,53.95,54.82,55.55,56.18,0,0,-23.82,4.95,1.66,Ritmo critico
4208104,Itaiópolis,SC,Sul,65.52,57.23,70.15,80.0,-8.29,-3.53,54.23,51.68,49.51,47.67,46.1,44.77,0,0,-35.23,3.8,-3.53,Em retrocesso
2104677,Governador Nunes Freire,MA,Nordeste,76.23,60.92,77.35,80.0,-15.31,-6.61,55.3,50.53,46.47,43.02,40.08,37.59,0,0,-42.41,3.18,-6.61,Em retrocesso
1502103,Cametá,PA,Norte,40.41,39.08,52.96,80.0,-1.33,0.55,39.55,39.94,40.28,40.57,40.81,41.02,0,0,-38.98,6.82,0.55,Em retrocesso
2930766,Sítio do Quinto,BA,Nordeste,44.05,42.47,55.61,80.0,-1.58,-1.24,41.42,40.52,39.76,39.11,38.56,38.09,0,0,-41.91,6.26,-1.24,Em retrocesso
2112274,Tufilândia,MA,Nordeste,34.79,36.17,48.68,80.0,1.38,1.74,37.65,38.91,39.97,40.88,41.66,42.31,0,0,-37.69,7.3,1.74,Ritmo critico
3301009,Campos dos Goytacazes,RJ,Sudeste,38.69,38.33,51.68,80.0,-0.36,1.35,39.48,40.45,41.28,41.99,42.59,43.09,0,0,-36.91,6.94,1.35,Em retrocesso
3301702,Duque de Caxias,RJ,Sudeste,47.15,45.37,57.8,80.0,-1.78,0.64,45.91,46.38,46.77,47.1,47.39,47.63,0,0,-32.37,5.77,0.64,Em retrocesso
4117008,Nova Fátima,PR,Sul,81.68,79.65,80.0,80.0,-2.03,-1.88,78.05,76.69,75.54,74.56,73.72,73.01,0,0,-6.99,0.06,-1.88,Em retrocesso
2930600,Serrolândia,BA,Nordeste,32.84,25.69,47.13,80.0,-7.15,-4.03,22.26,19.35,16.88,14.77,12.99,11.47,0,0,-68.53,9.05,-4.03,Em retrocesso
2931400,Teodoro Sampaio,BA,Nordeste,41.03,30.56,53.42,80.0,-10.47,-5.69,25.72,21.61,18.12,15.15,12.62,10.48,0,0,-69.52,8.24,-5.69,Em retrocesso
2909703,Cristópolis,BA,Nordeste,44.52,43.75,55.94,80.0,-0.77,-0.84,43.04,42.43,41.91,41.47,41.1,40.79,0,0,-39.21,6.04,-0.84,Em retrocesso
2802908,Itabaiana,SE,Nordeste,26.63,41.79,41.88,80.0,15.16,10.93,51.08,58.98,65.69,71.4,76.25,80.37,1,1,0.37,6.37,10.93,No ritmo da meta
3140902,Matipó,MG,Sudeste,85.52,65.0,80.0,80.0,-20.52,-4.1,61.52,58.55,56.03,53.89,52.08,50.53,0,0,-29.47,2.5,-4.1,Em retrocesso
2907202,Casa Nova,BA,Nordeste,13.13,20.93,27.82,80.0,7.8,3.45,23.86,26.36,28.47,30.27,31.81,33.11,0,0,-46.89,9.85,3.45,Ritmo critico
1503754,Jacareacanga,PA,Norte,36.03,24.95,33.52,80.0,-11.08,-4.32,21.28,18.16,15.5,13.25,11.33,9.7,0,0,-70.3,9.17,-4.32,Em retrocesso
1506195,Rurópolis,PA,Norte,57.97,54.76,65.15,80.0,-3.21,-0.39,54.43,54.15,53.91,53.7,53.53,53.38,0,0,-26.62,4.21,-0.39,Em retrocesso
2103703,Cururupu,MA,Nordeste,65.83,66.32,70.36,80.0,0.49,1.29,67.42,68.35,69.14,69.81,70.39,70.87,0,0,-9.13,2.28,1.29,Ritmo critico
2609907,Ouricuri,PE,Nordeste,36.16,30.78,49.75,80.0,-5.38,-0.07,30.72,30.67,30.63,30.59,30.56,30.53,0,0,-49.47,8.2,-0.07,Em retrocesso
2916609,Itapitanga,BA,Nordeste,31.02,36.62,45.64,80.0,5.6,2.35,38.62,40.32,41.76,42.99,44.03,44.91,0,0,-35.09,7.23,2.35,Ritmo critico
2510204,Nova Olinda,PB,Nordeste,45.95,38.04,56.96,80.0,-7.91,-1.39,36.86,35.85,35.0,34.28,33.66,33.13,0,0,-46.87,6.99,-1.39,Em retrocesso
2707909,Santa Luzia do Norte,AL,Nordeste,31.87,38.52,46.34,80.0,6.65,6.65,44.17,48.98,53.06,56.53,59.48,61.99,0,0,-18.01,6.91,6.65,Ritmo insuficiente
2603801,Capoeiras,PE,Nordeste,50.95,69.34,60.43,80.0,18.39,11.82,79.39,87.93,95.19,100.0,100.0,100.0,1,1,20.0,1.78,11.82,No ritmo da meta
2911600,Governador Mangabeira,BA,Nordeste,36.92,29.08,50.34,80.0,-7.84,-4.37,25.37,22.21,19.52,17.24,15.3,13.66,0,0,-66.34,8.49,-4.37,Em retrocesso
2920809,Marcionílio Souza,BA,Nordeste,21.15,18.57,36.73,80.0,-2.58,-1.74,17.09,15.83,14.77,13.86,13.08,12.43,0,0,-67.57,10.24,-1.74,Em retrocesso
2903805,Boa Vista do Tupim,BA,Nordeste,33.4,32.14,47.58,80.0,-1.26,-1.08,31.22,30.44,29.78,29.21,28.74,28.33,0,0,-51.67,7.98,-1.08,Em retrocesso
1703842,Campos Lindos,TO,Norte,16.16,38.52,31.43,80.0,22.36,15.28,51.51,62.55,71.93,79.91,86.69,92.45,1,1,12.45,6.91,15.28,No ritmo da meta
5005608,Miranda,MS,Centro-Oeste,26.61,38.78,41.86,80.0,12.17,10.28,47.52,54.95,61.26,66.62,71.19,75.06,1,0,-4.94,6.87,10.28,No ritmo da meta
1500503,Almeirim,PA,Norte,30.68,38.92,45.36,80.0,8.24,5.34,43.46,47.32,50.6,53.38,55.75,57.77,0,0,-22.23,6.85,5.34,Ritmo insuficiente
3103405,Araçuaí,MG,Sudeste,44.27,50.75,55.77,80.0,6.48,9.4,58.74,65.53,71.3,76.21,80.38,83.93,1,1,3.93,4.88,9.4,No ritmo da meta
1505205,Oeiras do Pará,PA,Norte,18.54,31.03,34.05,80.0,12.49,7.46,37.37,42.76,47.34,51.24,54.55,57.36,1,0,-22.64,8.16,7.46,Ritmo insuficiente
2932903,Valença,BA,Nordeste,31.04,31.89,45.66,80.0,0.85,-0.03,31.86,31.84,31.82,31.81,31.8,31.78,0,0,-48.22,8.02,-0.03,Ritmo critico
2106607,Matões,MA,Nordeste,72.34,34.52,74.7,80.0,-37.82,-17.86,19.34,6.44,0.0,0.0,0.0,0.0,0,0,-80.0,7.58,-17.86,Em retrocesso
2803906,Malhador,SE,Nordeste,34.29,36.75,48.29,80.0,2.46,4.58,40.64,43.95,46.76,49.16,51.19,52.92,0,0,-27.08,7.21,4.58,Ritmo insuficiente
1503507,Irituia,PA,Norte,45.28,49.64,56.48,80.0,4.36,3.4,52.53,54.99,57.07,58.85,60.36,61.64,0,0,-18.36,5.06,3.4,Ritmo insuficiente
1505536,Parauapebas,PA,Norte,54.32,49.49,62.71,80.0,-4.83,-1.2,48.47,47.6,46.87,46.24,45.71,45.25,0,0,-34.75,5.08,-1.2,Em retrocesso
3303807,Paraty,RJ,Sudeste,50.72,48.89,60.27,80.0,-1.83,0.61,49.41,49.85,50.22,50.54,50.81,51.04,0,0,-28.96,5.18,0.61,Em retrocesso
4216206,São Francisco do Sul,SC,Sul,44.54,49.5,,,4.96,3.1,52.14,54.37,56.28,57.9,59.27,60.44,0,0,,,3.1,Ritmo critico
2803401,Japoatã,SE,Nordeste,26.06,39.3,41.37,80.0,13.24,9.97,47.77,54.98,61.1,66.31,70.73,74.49,1,0,-5.51,6.78,9.97,No ritmo da meta
5003108,Corguinho,MS,Centro-Oeste,45.65,58.66,56.75,80.0,13.01,10.7,67.76,75.49,82.06,87.64,92.39,96.43,1,1,16.43,3.56,10.7,No ritmo da meta
1501105,Bagre,PA,Norte,46.7,53.31,57.48,80.0,6.61,4.52,57.15,60.42,63.19,65.55,67.56,69.26,0,0,-10.74,4.45,4.52,No ritmo da meta
2100709,Anajatuba,MA,Nordeste,72.8,41.33,75.01,80.0,-31.47,-14.69,28.84,18.23,9.21,1.54,0.0,0.0,0,0,-80.0,6.44,-14.69,Em retrocesso
2910859,Filadélfia,BA,Nordeste,18.28,36.76,33.77,80.0,18.48,8.79,44.23,50.58,55.98,60.57,64.47,67.78,1,0,-12.22,7.21,8.79,No ritmo da meta
2911501,Gongogi,BA,Nordeste,27.74,50.0,42.85,80.0,22.26,10.68,59.08,66.79,73.35,78.93,83.67,87.69,1,1,7.69,5.0,10.68,No ritmo da meta
2106631,Matões do Norte,MA,Nordeste,63.8,57.42,69.02,80.0,-6.38,-2.14,55.6,54.05,52.74,51.62,50.67,49.87,0,0,-30.13,3.76,-2.14,Em retrocesso
3301207,Carmo,RJ,Sudeste,43.6,67.98,55.29,80.0,24.38,13.72,79.64,89.55,97.98,100.0,100.0,100.0,1,1,20.0,2.0,13.72,No ritmo da meta
2413904,Taipu,RN,Nordeste,36.54,17.68,50.04,80.0,-18.86,-6.82,11.88,6.96,2.77,0.0,0.0,0.0,0,0,-80.0,10.39,-6.82,Em retrocesso
2929305,São Gonçalo dos Campos,BA,Nordeste,36.4,24.63,49.94,80.0,-11.77,-6.34,19.24,14.66,10.77,7.46,4.64,2.25,0,0,-77.75,9.23,-6.34,Em retrocesso
2907301,Castro Alves,BA,Nordeste,44.01,30.54,55.58,80.0,-13.47,-7.19,24.43,19.23,14.82,11.06,7.87,5.16,0,0,-74.84,8.24,-7.19,Em retrocesso
2905305,Cafarnaum,BA,Nordeste,21.63,30.37,37.2,80.0,8.74,3.92,33.7,36.53,38.94,40.99,42.73,44.21,0,0,-35.79,8.27,3.92,Ritmo critico
3521150,Ipiguá,SP,Sudeste,48.0,43.3,58.39,80.0,-4.7,-0.79,42.63,42.06,41.57,41.16,40.81,40.51,0,0,-39.49,6.12,-0.79,Em retrocesso
1304062,Tabatinga,AM,Norte,41.53,37.75,53.79,80.0,-3.78,-2.61,35.53,33.65,32.04,30.68,29.52,28.54,0,0,-51.46,7.04,-2.61,Em retrocesso
2923100,Olindina,BA,Nordeste,34.5,21.29,48.45,80.0,-13.21,-7.06,15.29,10.19,5.85,2.17,0.0,0.0,0,0,-80.0,9.78,-7.06,Em retrocesso
2703106,Igaci,AL,Nordeste,29.74,24.34,44.57,80.0,-5.4,0.63,24.88,25.33,25.72,26.05,26.33,26.56,0,0,-53.44,9.28,0.63,Em retrocesso
1703107,Barrolândia,TO,Norte,59.45,49.74,66.14,80.0,-9.71,-0.75,49.1,48.56,48.1,47.71,47.38,47.09,0,0,-32.91,5.04,-0.75,Em retrocesso
5218102,Portelândia,GO,Centro-Oeste,71.68,76.08,74.26,80.0,4.4,6.0,81.18,85.51,89.2,92.33,94.99,97.26,1,1,17.26,0.65,6.0,No ritmo da meta
3120151,Crisólita,MG,Sudeste,52.99,48.66,61.81,80.0,-4.33,3.99,52.05,54.93,57.38,59.47,61.24,62.74,0,0,-17.26,5.22,3.99,Em retrocesso
2100873,Araguanã,MA,Nordeste,98.19,91.6,80.0,80.0,-6.59,-2.25,89.69,88.06,86.68,85.51,84.51,83.66,1,1,3.66,-1.93,-2.25,Em retrocesso
2702553,Estrela de Alagoas,AL,Nordeste,34.55,36.15,48.49,80.0,1.6,4.13,39.66,42.64,45.18,47.34,49.17,50.73,0,0,-29.27,7.31,4.13,Ritmo critico
1505486,Pacajá,PA,Norte,37.32,45.49,50.64,80.0,8.17,5.3,50.0,53.82,57.08,59.85,62.2,64.2,0,0,-15.8,5.75,5.3,Ritmo insuficiente
2925907,Quijingue,BA,Nordeste,38.46,34.85,51.51,80.0,-3.61,-2.26,32.93,31.3,29.91,28.73,27.73,26.87,0,0,-53.13,7.52,-2.26,Em retrocesso
2804409,Neópolis,SE,Nordeste,21.18,25.49,36.76,80.0,4.31,5.51,30.17,34.15,37.54,40.41,42.86,44.94,0,0,-35.06,9.09,5.51,Ritmo insuficiente
1502905,Curuçá,PA,Norte,30.81,33.48,45.47,80.0,2.67,2.55,35.65,37.49,39.06,40.39,41.52,42.48,0,0,-37.52,7.75,2.55,Ritmo critico
2804607,Nossa Senhora das Dores,SE,Nordeste,32.7,28.39,47.02,80.0,-4.31,1.2,29.41,30.28,31.01,31.64,32.17,32.63,0,0,-47.37,8.6,1.2,Em retrocesso
2911857,Heliópolis,BA,Nordeste,31.4,36.36,45.96,80.0,4.96,2.03,38.09,39.55,40.8,41.86,42.76,43.52,0,0,-36.48,7.27,2.03,Ritmo critico
1301852,Iranduba,AM,Norte,45.23,34.35,56.45,80.0,-10.88,-6.16,29.11,24.66,20.88,17.66,14.93,12.61,0,0,-67.39,7.61,-6.16,Em retrocesso
2906857,Capela do Alto Alegre,BA,Nordeste,35.87,45.45,49.53,80.0,9.58,4.34,49.14,52.27,54.94,57.21,59.13,60.77,0,0,-19.23,5.76,4.34,Ritmo insuficiente
4216354,São João do Itaperiú,SC,Sul,55.09,64.01,63.23,80.0,8.92,5.08,68.33,72.0,75.12,77.77,80.02,81.94,1,1,1.94,2.66,5.08,No ritmo da meta
4111902,Jaguapitã,PR,Sul,76.25,62.26,77.37,80.0,-13.99,-7.86,55.58,49.9,45.07,40.97,37.48,34.52,0,0,-45.48,2.96,-7.86,Em retrocesso
2411502,Santo Antônio,RN,Nordeste,66.5,23.56,70.8,80.0,-42.94,-18.86,7.53,0.0,0.0,0.0,0.0,0.0,0,0,-80.0,9.41,-18.86,Em retrocesso
1712504,Marianópolis do Tocantins,TO,Norte,24.15,36.72,39.62,80.0,12.57,10.39,45.55,53.06,59.44,64.86,69.47,73.39,1,0,-6.61,7.21,10.39,No ritmo da meta
4300406,Alegrete,RS,Sul,53.93,41.0,,,-12.93,-16.44,27.03,15.15,5.05,0.0,0.0,0.0,0,0,,,-16.44,Em retrocesso
2932101,Ubaíra,BA,Nordeste,47.39,38.93,57.97,80.0,-8.46,-4.68,34.95,31.57,28.7,26.25,24.18,22.41,0,0,-57.59,6.84,-4.68,Em retrocesso
2805109,Pedrinhas,SE,Nordeste,14.81,11.52,29.87,80.0,-3.29,1.71,12.97,14.21,15.26,16.15,16.91,17.56,0,0,-62.44,11.41,1.71,Em retrocesso
4314902,Porto Alegre,RS,Sul,40.04,20.4,,,-19.64,-19.8,3.57,0.0,0.0,0.0,0.0,0.0,0,0,,,-19.8,Em retrocesso
2928406,Santa Rita de Cássia,BA,Nordeste,46.95,32.05,57.66,80.0,-14.9,-7.9,25.33,19.63,14.78,10.65,7.15,4.17,0,0,-75.83,7.99,-7.9,Em retrocesso
1708254,Tabocão,TO,Norte,48.93,51.71,59.04,80.0,2.78,5.49,56.38,60.34,63.71,66.58,69.02,71.09,0,0,-8.91,4.72,5.49,No ritmo da meta
5212956,Matrinchã,GO,Centro-Oeste,59.71,52.82,66.31,80.0,-6.89,0.36,53.13,53.39,53.61,53.8,53.95,54.09,0,0,-25.91,4.53,0.36,Em retrocesso
3301900,Itaboraí,RJ,Sudeste,51.3,50.45,60.66,80.0,-0.85,1.1,51.39,52.18,52.86,53.43,53.92,54.33,0,0,-25.67,4.92,1.1,Em retrocesso
2803500,Lagarto,SE,Nordeste,35.6,31.27,49.32,80.0,-4.33,1.19,32.28,33.14,33.87,34.49,35.02,35.47,0,0,-44.53,8.12,1.19,Em retrocesso
2410306,Serra Caiada,RN,Nordeste,29.52,40.45,,,10.93,8.07,47.31,53.14,58.1,62.31,65.89,68.93,0,0,,,8.07,Ritmo critico
1500206,Acará,PA,Norte,39.02,41.73,51.93,80.0,2.71,2.57,43.91,45.77,47.35,48.69,49.83,50.8,0,0,-29.2,6.38,2.57,Ritmo critico
1301001,Carauari,AM,Norte,47.38,49.19,57.96,80.0,1.81,0.18,49.34,49.47,49.58,49.68,49.76,49.83,0,0,-30.17,5.14,0.18,Ritmo critico
4305173,Cerro Grande do Sul,RS,Sul,57.48,41.7,64.83,80.0,-15.78,-17.87,26.51,13.6,2.63,0.0,0.0,0.0,0,0,-80.0,6.38,-17.87,Em retrocesso
5106505,Poconé,MT,Centro-Oeste,31.43,38.36,45.98,80.0,6.93,7.38,44.63,49.97,54.5,58.35,61.62,64.41,0,0,-15.59,6.94,7.38,No ritmo da meta
2506103,Fagundes,PB,Nordeste,60.71,41.67,66.97,80.0,-19.04,-6.96,35.75,30.73,26.45,22.82,19.73,17.1,0,0,-62.9,6.39,-6.96,Em retrocesso
2106904,Monção,MA,Nordeste,51.98,36.19,61.13,80.0,-15.79,-6.85,30.37,25.42,21.21,17.64,14.6,12.01,0,0,-67.99,7.3,-6.85,Em retrocesso
2110237,Santana do Maranhão,MA,Nordeste,85.85,54.17,80.0,80.0,-31.68,-14.79,41.6,30.91,21.83,14.11,7.55,1.97,0,0,-78.03,4.3,-14.79,Em retrocesso
1502954,Eldorado do Carajás,PA,Norte,52.88,50.59,61.74,80.0,-2.29,0.07,50.65,50.7,50.74,50.78,50.81,50.84,0,0,-29.16,4.9,0.07,Em retrocesso
2930907,Tabocas do Brejo Velho,BA,Nordeste,35.84,43.31,49.5,80.0,7.47,3.28,46.1,48.47,50.48,52.19,53.65,54.89,0,0,-25.11,6.11,3.28,Ritmo critico
2101202,Bacabal,MA,Nordeste,45.66,51.38,56.75,80.0,5.72,3.91,54.7,57.53,59.93,61.97,63.71,65.18,0,0,-14.82,4.77,3.91,Ritmo insuficiente
2109700,Sambaíba,MA,Nordeste,85.92,77.94,80.0,80.0,-7.98,-2.94,75.44,73.32,71.51,69.98,68.67,67.56,0,0,-12.44,0.34,-2.94,Em retrocesso
2800605,Barra dos Coqueiros,SE,Nordeste,22.14,28.04,37.7,80.0,5.9,6.3,33.39,37.95,41.82,45.1,47.9,50.28,0,0,-29.72,8.66,6.3,Ritmo insuficiente
1702158,Araguanã,TO,Norte,37.72,37.81,50.95,80.0,0.09,4.15,41.34,44.34,46.88,49.05,50.89,52.46,0,0,-27.54,7.03,4.15,Ritmo critico
1300029,Alvarães,AM,Norte,39.91,58.47,52.59,80.0,18.56,8.56,65.75,71.93,77.19,81.66,85.45,88.68,1,1,8.68,3.59,8.56,No ritmo da meta
2921500,Monte Santo,BA,Nordeste,30.9,27.49,45.54,80.0,-3.41,-2.16,25.65,24.09,22.77,21.64,20.68,19.87,0,0,-60.13,8.75,-2.16,Em retrocesso
2102200,Buriti,MA,Nordeste,44.96,28.95,56.26,80.0,-16.01,-6.96,23.03,18.01,13.73,10.1,7.01,4.38,0,0,-75.62,8.51,-6.96,Em retrocesso
2922201,Muniz Ferreira,BA,Nordeste,45.91,41.27,56.93,80.0,-4.64,-2.77,38.92,36.91,35.21,33.77,32.54,31.49,0,0,-48.51,6.45,-2.77,Em retrocesso
2905909,Campo Alegre de Lourdes,BA,Nordeste,36.68,28.04,50.15,80.0,-8.64,-4.77,23.99,20.54,17.61,15.12,13.0,11.2,0,0,-68.8,8.66,-4.77,Em retrocesso
2100154,Água Doce do Maranhão,MA,Nordeste,67.29,63.75,71.33,80.0,-3.54,-0.72,63.14,62.62,62.18,61.8,61.48,61.21,0,0,-18.79,2.71,-0.72,Em retrocesso
2900801,Alcobaça,BA,Nordeste,45.33,29.6,56.52,80.0,-15.73,-8.32,22.53,16.52,11.41,7.06,3.37,0.23,0,0,-79.77,8.4,-8.32,Em retrocesso
3138906,Machacalis,MG,Sudeste,62.01,65.94,67.83,80.0,3.93,8.12,72.84,78.71,83.7,87.93,91.54,94.6,1,1,14.6,2.34,8.12,No ritmo da meta
2109106,Presidente Dutra,MA,Nordeste,54.77,45.11,63.01,80.0,-9.66,-3.78,41.9,39.17,36.84,34.87,33.19,31.77,0,0,-48.23,5.82,-3.78,Em retrocesso
2917508,Jacobina,BA,Nordeste,30.73,28.49,45.4,80.0,-2.24,-1.57,27.16,26.02,25.06,24.24,23.54,22.95,0,0,-57.05,8.59,-1.57,Em retrocesso
2923902,Pau Brasil,BA,Nordeste,44.65,34.68,56.04,80.0,-9.97,-5.44,30.06,26.13,22.78,19.95,17.53,15.48,0,0,-64.52,7.55,-5.44,Em retrocesso
2110658,São Domingos do Azeitão,MA,Nordeste,22.32,36.83,37.88,80.0,14.51,8.3,43.88,49.88,54.98,59.31,62.99,66.12,1,0,-13.88,7.2,8.3,No ritmo da meta
1100262,Rio Crespo,RO,Norte,83.84,62.81,80.0,80.0,-21.03,-9.46,54.77,47.93,42.12,37.19,32.99,29.42,0,0,-50.58,2.86,-9.46,Em retrocesso
1503101,Gurupá,PA,Norte,25.73,38.25,,,12.52,7.48,44.61,50.01,54.61,58.51,61.83,64.65,0,0,,,7.48,Ritmo critico
1508035,Tracuateua,PA,Norte,48.47,37.16,58.72,80.0,-11.31,-4.44,33.39,30.18,27.45,25.13,23.16,21.49,0,0,-58.51,7.14,-4.44,Em retrocesso
1101500,Seringueiras,RO,Norte,63.02,66.06,68.5,80.0,3.04,2.57,68.24,70.1,71.68,73.02,74.16,75.13,0,0,-4.87,2.32,2.57,No ritmo da meta
2926103,Retirolândia,BA,Nordeste,18.48,23.58,33.98,80.0,5.1,2.1,25.36,26.88,28.17,29.27,30.2,30.99,0,0,-49.01,9.4,2.1,Ritmo critico
2508802,Malta,PB,Nordeste,68.43,48.74,72.08,80.0,-19.69,-7.28,42.55,37.29,32.82,29.02,25.79,23.05,0,0,-56.95,5.21,-7.28,Em retrocesso
4318507,São José do Norte,RS,Sul,53.9,38.2,62.43,80.0,-15.7,-17.83,23.04,10.16,0.0,0.0,0.0,0.0,0,0,-80.0,6.97,-17.83,Em retrocesso
2701308,Cajueiro,AL,Nordeste,26.75,33.4,41.98,80.0,6.65,6.65,39.05,43.86,47.94,51.41,54.36,56.87,0,0,-23.13,7.77,6.65,Ritmo insuficiente
5007109,Ribas do Rio Pardo,MS,Centro-Oeste,34.35,42.87,48.34,80.0,8.52,8.46,50.06,56.17,61.37,65.79,69.54,72.73,1,0,-7.27,6.19,8.46,No ritmo da meta
1304203,Tefé,AM,Norte,41.26,36.78,44.5,80.0,-4.48,-2.96,34.26,32.13,30.31,28.76,27.45,26.33,0,0,-53.67,7.2,-2.96,Em retrocesso
1303569,Rio Preto da Eva,AM,Norte,35.31,46.76,49.09,80.0,11.45,5.0,51.01,54.62,57.69,60.3,62.52,64.41,1,0,-15.59,5.54,5.0,Ritmo insuficiente
4204558,Correia Pinto,SC,Sul,59.62,56.53,66.25,80.0,-3.09,-0.93,55.74,55.07,54.5,54.01,53.6,53.25,0,0,-26.75,3.91,-0.93,Em retrocesso
2610400,Parnamirim,PE,Nordeste,48.66,58.91,58.85,80.0,10.25,7.75,65.5,71.1,75.86,79.9,83.34,86.26,1,1,6.26,3.52,7.75,No ritmo da meta
2601607,Belém do São Francisco,PE,Nordeste,51.55,62.62,60.84,80.0,11.07,8.16,69.56,75.45,80.46,84.72,88.34,91.42,1,1,11.42,2.9,8.16,No ritmo da meta
2930501,Serrinha,BA,Nordeste,25.2,19.92,40.59,80.0,-5.28,-3.09,17.29,15.06,13.16,11.55,10.18,9.01,0,0,-70.99,10.01,-3.09,Em retrocesso
2401602,Bento Fernandes,RN,Nordeste,14.89,29.29,29.96,80.0,14.4,9.81,37.63,44.72,50.74,55.86,60.21,63.91,1,0,-16.09,8.45,9.81,No ritmo da meta
2702702,Feliz Deserto,AL,Nordeste,37.55,45.9,50.82,80.0,8.35,7.5,52.28,57.69,62.3,66.21,69.54,72.37,1,0,-7.63,5.68,7.5,No ritmo da meta
3502002,Analândia,SP,Sudeste,44.62,68.65,56.02,80.0,24.03,13.57,80.18,89.99,98.32,100.0,100.0,100.0,1,1,20.0,1.89,13.57,No ritmo da meta
3304904,São Gonçalo,RJ,Sudeste,45.67,43.71,56.76,80.0,-1.96,0.55,44.18,44.57,44.91,45.2,45.44,45.65,0,0,-34.35,6.05,0.55,Em retrocesso
5221080,Teresina de Goiás,GO,Centro-Oeste,56.82,62.3,64.39,80.0,5.48,6.54,67.86,72.58,76.6,80.01,82.92,85.38,1,1,5.38,2.95,6.54,No ritmo da meta
4314506,Pinheiro Machado,RS,Sul,67.1,50.2,71.2,80.0,-16.9,-18.43,34.53,21.22,9.9,0.28,0.0,0.0,0,0,-80.0,4.97,-18.43,Em retrocesso
2602605,Brejo da Madre de Deus,PE,Nordeste,52.96,48.73,61.79,80.0,-4.23,0.51,49.16,49.53,49.85,50.11,50.34,50.53,0,0,-29.47,5.21,0.51,Em retrocesso
2909000,Cordeiros,BA,Nordeste,69.32,52.46,72.68,80.0,-16.86,-8.88,44.91,38.5,33.04,28.41,24.47,21.12,0,0,-58.88,4.59,-8.88,Em retrocesso
2922904,Nova Soure,BA,Nordeste,22.14,31.41,37.7,80.0,9.27,4.18,34.96,37.98,40.55,42.73,44.59,46.16,0,0,-33.84,8.1,4.18,Ritmo critico
3301504,Cordeiro,RJ,Sudeste,59.21,64.16,65.98,80.0,4.95,4.0,67.56,70.45,72.91,74.99,76.77,78.28,1,0,-1.72,2.64,4.0,No ritmo da meta
5209903,Iaciara,GO,Centro-Oeste,64.01,65.45,69.15,80.0,1.44,4.52,69.29,72.56,75.33,77.69,79.7,81.4,1,1,1.4,2.42,4.52,No ritmo da meta
2919157,Lapão,BA,Nordeste,25.08,25.25,40.48,80.0,0.17,-0.37,24.94,24.67,24.44,24.25,24.08,23.94,0,0,-56.06,9.12,-0.37,Ritmo critico
4310538,Itaara,RS,Sul,58.94,38.5,65.8,80.0,-20.44,-20.2,21.33,6.74,0.0,0.0,0.0,0.0,0,0,-80.0,6.92,-20.2,Em retrocesso
1505064,Novo Repartimento,PA,Norte,55.6,47.88,63.57,80.0,-7.72,-2.64,45.64,43.73,42.11,40.73,39.56,38.56,0,0,-41.44,5.35,-2.64,Em retrocesso
1506203,Salinópolis,PA,Norte,43.26,50.44,55.04,80.0,7.18,4.81,54.53,58.0,60.96,63.47,65.6,67.42,0,0,-12.58,4.93,4.81,Ritmo insuficiente
2414209,Tibau do Sul,RN,Nordeste,17.6,24.98,33.04,80.0,7.38,6.3,30.34,34.89,38.76,42.04,44.84,47.22,0,0,-32.78,9.17,6.3,Ritmo insuficiente
2906600,Candiba,BA,Nordeste,46.72,41.67,57.5,80.0,-5.05,-2.98,39.14,36.98,35.15,33.6,32.28,31.15,0,0,-48.85,6.39,-2.98,Em retrocesso
4206652,Guatambú,SC,Sul,44.44,38.7,55.89,80.0,-5.74,-2.25,36.79,35.16,33.78,32.61,31.61,30.76,0,0,-49.24,6.88,-2.25,Em retrocesso
3160801,São Bento Abade,MG,Sudeste,58.23,76.67,65.33,80.0,18.44,15.38,89.74,100.0,100.0,100.0,100.0,100.0,1,1,20.0,0.55,15.38,No ritmo da meta
2801207,Canindé de São Francisco,SE,Nordeste,22.69,26.66,38.24,80.0,3.97,5.34,31.2,35.06,38.34,41.12,43.49,45.51,0,0,-34.49,8.89,5.34,Ritmo insuficiente
4319802,São Vicente do Sul,RS,Sul,77.33,45.7,78.12,80.0,-31.63,-25.79,23.78,5.15,0.0,0.0,0.0,0.0,0,0,-80.0,5.72,-25.79,Em retrocesso
2920452,Mansidão,BA,Nordeste,30.7,37.29,45.38,80.0,6.59,2.84,39.7,41.76,43.5,44.98,46.24,47.31,0,0,-32.69,7.12,2.84,Ritmo critico
2603306,Calçado,PE,Nordeste,57.35,40.68,64.74,80.0,-16.67,-5.71,35.83,31.7,28.19,25.21,22.68,20.53,0,0,-59.47,6.55,-5.71,Em retrocesso
1508159,Uruará,PA,Norte,65.52,60.84,70.15,80.0,-4.68,-1.12,59.89,59.08,58.39,57.81,57.31,56.89,0,0,-23.11,3.19,-1.12,Em retrocesso
3305752,Tanguá,RJ,Sudeste,55.41,54.46,63.44,80.0,-0.95,1.05,55.35,56.11,56.76,57.3,57.77,58.17,0,0,-21.83,4.26,1.05,Em retrocesso
2922656,Nordestina,BA,Nordeste,31.25,26.14,45.83,80.0,-5.11,-3.01,23.58,21.41,19.56,17.99,16.65,15.52,0,0,-64.48,8.98,-3.01,Em retrocesso
2409902,Pendências,RN,Nordeste,40.87,33.3,53.3,80.0,-7.57,-1.18,32.3,31.44,30.72,30.1,29.58,29.14,0,0,-50.86,7.78,-1.18,Em retrocesso
1302702,Manicoré,AM,Norte,51.77,57.02,60.98,80.0,5.25,1.9,58.64,60.01,61.17,62.17,63.01,63.73,0,0,-16.27,3.83,1.9,Ritmo critico
4123857,Santa Maria do Oeste,PR,Sul,76.25,70.26,77.37,80.0,-5.99,-3.86,66.98,64.19,61.82,59.8,58.09,56.64,0,0,-23.36,1.62,-3.86,Em retrocesso
1504109,Magalhães Barata,PA,Norte,54.01,60.05,62.5,80.0,6.04,4.24,63.65,66.72,69.32,71.53,73.42,75.02,1,0,-4.98,3.33,4.24,No ritmo da meta
4121257,Ramilândia,PR,Sul,88.1,77.23,80.0,80.0,-10.87,-6.3,71.88,67.32,63.45,60.17,57.37,54.99,0,0,-25.01,0.46,-6.3,Em retrocesso
1508100,Tucuruí,PA,Norte,37.28,44.7,50.61,80.0,7.42,4.93,48.89,52.45,55.48,58.05,60.24,62.1,0,0,-17.9,5.88,4.93,Ritmo insuficiente
1507409,São Francisco do Pará,PA,Norte,37.02,37.44,50.41,80.0,0.42,1.43,38.66,39.69,40.57,41.31,41.95,42.49,0,0,-37.51,7.09,1.43,Ritmo critico
2609808,Orocó,PE,Nordeste,45.91,50.86,56.93,80.0,4.95,5.1,55.2,58.88,62.01,64.67,66.94,68.86,0,0,-11.14,4.86,5.1,No ritmo da meta
2913200,Ibotirama,BA,Nordeste,42.38,32.87,54.41,80.0,-9.51,-5.21,28.44,24.68,21.48,18.76,16.45,14.48,0,0,-65.52,7.86,-5.21,Em retrocesso
2933208,Vera Cruz,BA,Nordeste,39.14,38.27,52.02,80.0,-0.87,-0.89,37.51,36.87,36.32,35.86,35.46,35.13,0,0,-44.87,6.95,-0.89,Em retrocesso
1501782,Breu Branco,PA,Norte,31.24,50.55,45.82,80.0,19.31,10.87,59.79,67.64,74.32,79.99,84.82,88.92,1,1,8.92,4.91,10.87,No ritmo da meta
1100346,Alvorada D'Oeste,RO,Norte,29.2,65.35,44.11,80.0,36.15,19.13,81.61,95.43,100.0,100.0,100.0,100.0,1,1,20.0,2.44,19.13,No ritmo da meta
2907004,Cardeal da Silva,BA,Nordeste,26.67,33.04,41.91,80.0,6.37,2.73,35.36,37.33,39.01,40.43,41.65,42.68,0,0,-37.32,7.83,2.73,Ritmo critico
1304005,Silves,AM,Norte,35.75,38.73,46.24,80.0,2.98,0.77,39.38,39.94,40.41,40.82,41.16,41.45,0,0,-38.55,6.88,0.77,Ritmo critico
2900603,Aiquara,BA,Nordeste,29.26,26.32,44.16,80.0,-2.94,-1.92,24.69,23.3,22.12,21.12,20.27,19.54,0,0,-60.46,8.95,-1.92,Em retrocesso
2600708,Aliança,PE,Nordeste,55.15,39.22,63.27,80.0,-15.93,-5.34,34.68,30.82,27.54,24.76,22.39,20.37,0,0,-59.63,6.8,-5.34,Em retrocesso
2918555,Jussari,BA,Nordeste,35.85,31.58,49.51,80.0,-4.27,-2.59,29.38,27.51,25.92,24.56,23.42,22.44,0,0,-57.56,8.07,-2.59,Em retrocesso
2905404,Cairu,BA,Nordeste,36.91,32.87,50.33,80.0,-4.04,-2.47,30.77,28.99,27.47,26.18,25.08,24.15,0,0,-55.85,7.86,-2.47,Em retrocesso
2805505,Poço Verde,SE,Nordeste,30.77,40.54,45.43,80.0,9.77,8.24,47.54,53.5,58.56,62.86,66.52,69.62,1,0,-10.38,6.58,8.24,No ritmo da meta
4113601,Lobato,PR,Sul,61.87,54.92,67.74,80.0,-6.95,-4.34,51.23,48.1,45.43,43.16,41.24,39.6,0,0,-40.4,4.18,-4.34,Em retrocesso
3300308,Barra do Piraí,RJ,Sudeste,45.28,48.01,56.48,80.0,2.73,2.89,50.47,52.55,54.33,55.84,57.12,58.21,0,0,-21.79,5.33,2.89,Ritmo critico
4211058,Monte Carlo,SC,Sul,63.76,52.67,68.99,80.0,-11.09,-4.93,48.48,44.92,41.89,39.32,37.13,35.27,0,0,-44.73,4.56,-4.93,Em retrocesso
2109551,Ribamar Fiquene,MA,Nordeste,54.24,50.14,62.66,80.0,-4.1,-1.0,49.29,48.57,47.95,47.43,46.99,46.61,0,0,-33.39,4.98,-1.0,Em retrocesso
2807501,Tomar do Geru,SE,Nordeste,42.86,40.43,54.75,80.0,-2.43,2.14,42.25,43.8,45.11,46.23,47.18,47.98,0,0,-32.02,6.6,2.14,Em retrocesso
2701902,Chã Preta,AL,Nordeste,43.85,51.71,55.46,80.0,7.86,7.26,57.88,63.13,67.58,71.37,74.6,77.33,1,0,-2.67,4.72,7.26,No ritmo da meta
4322707,Vera Cruz,RS,Sul,66.46,41.9,70.78,80.0,-24.56,-22.26,22.98,6.9,0.0,0.0,0.0,0.0,0,0,-80.0,6.35,-22.26,Em retrocesso
1506559,Santa Luzia do Pará,PA,Norte,56.45,39.77,64.14,80.0,-16.68,-7.12,33.72,28.57,24.2,20.48,17.33,14.64,0,0,-65.36,6.7,-7.12,Em retrocesso
2906907,Caravelas,BA,Nordeste,40.91,49.78,53.33,80.0,8.87,3.98,53.16,56.04,58.48,60.56,62.33,63.83,0,0,-16.17,5.04,3.98,Ritmo insuficiente
2109270,Presidente Sarney,MA,Nordeste,62.8,39.6,68.35,80.0,-23.2,-10.55,30.63,23.01,16.53,11.02,6.34,2.36,0,0,-77.64,6.73,-10.55,Em retrocesso
3518859,Guatapará,SP,Sudeste,64.55,33.82,69.51,80.0,-30.73,-13.81,22.08,12.1,3.62,0.0,0.0,0.0,0,0,-80.0,7.7,-13.81,Em retrocesso
1507706,São Sebastião da Boa Vista,PA,Norte,48.08,47.41,58.45,80.0,-0.67,0.88,48.16,48.79,49.33,49.79,50.18,50.52,0,0,-29.48,5.43,0.88,Em retrocesso
2104073,Feira Nova do Maranhão,MA,Nordeste,84.89,65.38,80.0,80.0,-19.51,-8.71,57.98,51.68,46.33,41.79,37.92,34.64,0,0,-45.36,2.44,-8.71,Em retrocesso
1600501,Oiapoque,AP,Norte,26.09,21.03,41.39,80.0,-5.06,0.99,21.87,22.59,23.19,23.71,24.15,24.52,0,0,-55.48,9.83,0.99,Em retrocesso
2918407,Juazeiro,BA,Nordeste,31.18,29.31,45.77,80.0,-1.87,-1.39,28.13,27.12,26.27,25.55,24.93,24.4,0,0,-55.6,8.45,-1.39,Em retrocesso
2909208,Coronel João Sá,BA,Nordeste,28.7,36.04,43.69,80.0,7.34,3.22,38.78,41.1,43.08,44.76,46.19,47.4,0,0,-32.6,7.33,3.22,Ritmo critico
1703909,Caseara,TO,Norte,17.04,31.53,32.42,80.0,14.49,11.35,41.18,49.38,56.35,62.27,67.31,71.59,1,0,-8.41,8.08,11.35,No ritmo da meta
2924603,Pindobaçu,BA,Nordeste,34.17,39.19,48.19,80.0,5.02,2.06,40.94,42.43,43.69,44.77,45.68,46.46,0,0,-33.54,6.8,2.06,Ritmo critico
4107256,Douradina,PR,Sul,50.3,68.96,59.98,80.0,18.66,8.47,76.16,82.28,87.48,91.9,95.66,98.85,1,1,18.85,1.84,8.47,No ritmo da meta
2906808,Cansanção,BA,Nordeste,29.69,23.19,44.53,80.0,-6.5,-3.7,20.05,17.37,15.1,13.17,11.53,10.13,0,0,-69.87,9.47,-3.7,Em retrocesso
1503457,Ipixuna do Pará,PA,Norte,39.7,42.95,52.44,80.0,3.25,2.84,45.36,47.42,49.16,50.64,51.9,52.97,0,0,-27.03,6.18,2.84,Ritmo critico
2609402,Moreno,PE,Nordeste,53.38,43.93,62.08,80.0,-9.45,-2.1,42.14,40.63,39.34,38.24,37.31,36.52,0,0,-43.48,6.01,-2.1,Em retrocesso
4218301,Três Barras,SC,Sul,49.8,47.98,59.64,80.0,-1.82,-0.29,47.73,47.52,47.35,47.19,47.07,46.96,0,0,-33.04,5.34,-0.29,Em retrocesso
1300144,Apuí,AM,Norte,56.79,49.25,64.37,80.0,-7.54,-4.49,45.43,42.19,39.43,37.09,35.1,33.4,0,0,-46.6,5.12,-4.49,Em retrocesso
4124004,Santana do Itararé,PR,Sul,78.27,54.43,78.78,80.0,-23.84,-12.78,43.57,34.33,26.48,19.81,14.14,9.32,0,0,-70.68,4.26,-12.78,Em retrocesso
2930154,Serra do Ramalho,BA,Nordeste,36.17,26.65,49.76,80.0,-9.52,-5.21,22.22,18.46,15.26,12.54,10.23,8.26,0,0,-71.74,8.89,-5.21,Em retrocesso
2805307,Pirambu,SE,Nordeste,25.81,37.68,41.14,80.0,11.87,9.29,45.58,52.29,57.99,62.84,66.97,70.47,1,0,-9.53,7.05,9.29,No ritmo da meta
2913457,Igrapiúna,BA,Nordeste,30.3,43.64,45.04,80.0,13.34,6.22,48.93,53.42,57.24,60.49,63.25,65.59,1,0,-14.41,6.06,6.22,No ritmo da meta
2909505,Cravolândia,BA,Nordeste,57.33,34.55,64.73,80.0,-22.78,-11.84,24.49,15.93,8.66,2.48,0.0,0.0,0,0,-80.0,7.58,-11.84,Em retrocesso
3300803,Cachoeiras de Macacu,RJ,Sudeste,50.58,49.28,60.17,80.0,-1.3,0.88,50.03,50.66,51.2,51.66,52.05,52.39,0,0,-27.61,5.12,0.88,Em retrocesso
2111904,Sucupira do Norte,MA,Nordeste,49.97,60.0,59.75,80.0,10.03,6.06,65.15,69.53,73.25,76.41,79.1,81.39,1,1,1.39,3.33,6.06,No ritmo da meta
2914901,Itacaré,BA,Nordeste,32.32,31.19,46.71,80.0,-1.13,-1.02,30.32,29.59,28.96,28.43,27.97,27.59,0,0,-52.41,8.14,-1.02,Em retrocesso
2901403,Angical,BA,Nordeste,38.05,28.44,51.2,80.0,-9.61,-5.26,23.97,20.17,16.94,14.19,11.86,9.87,0,0,-70.13,8.59,-5.26,Em retrocesso
3302056,Italva,RJ,Sudeste,54.49,61.79,62.82,80.0,7.3,5.18,66.19,69.94,73.12,75.82,78.12,80.07,1,1,0.07,3.04,5.18,No ritmo da meta
2104404,Gonçalves Dias,MA,Nordeste,45.23,66.96,56.45,80.0,21.73,11.91,77.08,85.69,93.0,99.22,100.0,100.0,1,1,20.0,2.17,11.91,No ritmo da meta
4318101,São Francisco de Assis,RS,Sul,58.21,45.6,65.31,80.0,-12.61,-16.28,31.76,20.0,10.0,1.5,0.0,0.0,0,0,-80.0,5.73,-16.28,Em retrocesso
1505007,Nova Timboteua,PA,Norte,50.32,51.68,59.99,80.0,1.36,1.9,53.3,54.67,55.83,56.83,57.67,58.39,0,0,-21.61,4.72,1.9,Ritmo critico
4120333,Prado Ferreira,PR,Sul,76.64,73.85,77.64,80.0,-2.79,-2.26,71.93,70.3,68.91,67.73,66.73,65.87,0,0,-14.13,1.03,-2.26,Em retrocesso
1303908,São Paulo de Olivença,AM,Norte,33.12,32.06,47.36,80.0,-1.06,-1.25,31.0,30.09,29.33,28.67,28.12,27.65,0,0,-52.35,7.99,-1.25,Em retrocesso
4205209,Erval Velho,SC,Sul,56.49,58.15,64.17,80.0,1.66,1.45,59.38,60.43,61.32,62.08,62.72,63.27,0,0,-16.73,3.64,1.45,Ritmo critico
5007703,Sete Quedas,MS,Centro-Oeste,54.25,53.09,62.66,80.0,-1.16,3.62,56.17,58.78,61.01,62.9,64.5,65.87,0,0,-14.13,4.48,3.62,Em retrocesso
2603603,Camutanga,PE,Nordeste,56.1,66.81,63.9,80.0,10.71,7.98,73.59,79.36,84.26,88.42,91.97,94.98,1,1,14.98,2.2,7.98,No ritmo da meta
2509206,Massaranduba,PB,Nordeste,44.27,40.69,55.77,80.0,-3.58,0.77,41.34,41.9,42.37,42.78,43.12,43.41,0,0,-36.59,6.55,0.77,Em retrocesso
1703867,Cariri do Tocantins,TO,Norte,15.77,52.01,30.99,80.0,36.24,22.22,70.9,86.95,100.0,100.0,100.0,100.0,1,1,20.0,4.66,22.22,No ritmo da meta
2103208,Chapadinha,MA,Nordeste,47.1,41.58,57.77,80.0,-5.52,-1.71,40.13,38.89,37.84,36.95,36.19,35.54,0,0,-44.46,6.4,-1.71,Em retrocesso
1100403,Alto Paraíso,RO,Norte,61.53,60.45,67.51,80.0,-1.08,0.51,60.88,61.25,61.57,61.83,62.06,62.25,0,0,-17.75,3.26,0.51,Em retrocesso
2407104,Macaíba,RN,Nordeste,29.15,30.13,44.07,80.0,0.98,3.1,32.76,35.0,36.91,38.53,39.9,41.07,0,0,-38.93,8.31,3.1,Ritmo critico
2909307,Correntina,BA,Nordeste,36.71,26.64,50.18,80.0,-10.07,-5.49,21.97,18.01,14.64,11.77,9.33,7.26,0,0,-72.74,8.89,-5.49,Em retrocesso
2100303,Aldeias Altas,MA,Nordeste,67.9,45.37,71.73,80.0,-22.53,-10.22,36.68,29.3,23.02,17.69,13.15,9.3,0,0,-70.7,5.77,-10.22,Em retrocesso
2609204,Maraial,PE,Nordeste,69.2,58.48,72.6,80.0,-10.72,-2.74,56.15,54.17,52.49,51.06,49.84,48.81,0,0,-31.19,3.59,-2.74,Em retrocesso
2601102,Araripina,PE,Nordeste,56.89,52.06,64.43,80.0,-4.83,0.21,52.24,52.39,52.52,52.63,52.72,52.8,0,0,-27.2,4.66,0.21,Em retrocesso
2912400,Ibipeba,BA,Nordeste,29.8,36.88,44.62,80.0,7.08,3.09,39.51,41.74,43.64,45.25,46.62,47.79,0,0,-32.21,7.19,3.09,Ritmo critico
1507953,Tailândia,PA,Norte,37.67,37.9,50.91,80.0,0.23,1.33,39.03,39.99,40.81,41.5,42.09,42.59,0,0,-37.41,7.02,1.33,Ritmo critico
1502855,Curuá,PA,Norte,37.54,42.47,50.81,80.0,4.93,3.68,45.6,48.26,50.52,52.44,54.07,55.46,0,0,-24.54,6.26,3.68,Ritmo critico
1500859,Anapu,PA,Norte,48.76,48.45,58.92,80.0,-0.31,1.06,49.35,50.12,50.77,51.32,51.79,52.19,0,0,-27.81,5.26,1.06,Em retrocesso
2911808,Guaratinga,BA,Nordeste,22.69,22.64,38.24,80.0,-0.05,-0.48,22.23,21.89,21.59,21.34,21.13,20.95,0,0,-59.05,9.56,-0.48,Em retrocesso
1507151,São Domingos do Araguaia,PA,Norte,46.05,40.37,57.03,80.0,-5.68,-1.62,38.99,37.82,36.83,35.98,35.26,34.65,0,0,-45.35,6.6,-1.62,Em retrocesso
4216503,São Joaquim,SC,Sul,34.45,43.26,48.42,80.0,8.81,5.02,47.53,51.15,54.24,56.86,59.08,60.98,0,0,-19.02,6.12,5.02,Ritmo insuficiente
2503803,Caldas Brandão,PB,Nordeste,54.92,32.4,63.11,80.0,-22.52,-8.7,25.0,18.72,13.38,8.83,4.97,1.69,0,0,-78.31,7.93,-8.7,Em retrocesso
4110904,Itaguajé,PR,Sul,59.34,76.11,66.06,80.0,16.77,7.52,82.5,87.94,92.55,96.48,99.82,100.0,1,1,20.0,0.65,7.52,No ritmo da meta
1501006,Aveiro,PA,Norte,57.23,64.37,64.66,80.0,7.14,4.79,68.44,71.9,74.84,77.34,79.47,81.28,1,1,1.28,2.6,4.79,No ritmo da meta
2929255,São Gabriel,BA,Nordeste,33.19,33.54,47.41,80.0,0.35,-0.28,33.3,33.1,32.93,32.78,32.66,32.55,0,0,-47.45,7.74,-0.28,Ritmo critico
2919553,Luís Eduardo Magalhães,BA,Nordeste,29.41,35.72,44.29,80.0,6.31,2.7,38.02,39.97,41.62,43.03,44.23,45.25,0,0,-34.75,7.38,2.7,Ritmo critico
2907103,Carinhanha,BA,Nordeste,28.55,31.96,43.56,80.0,3.41,1.25,33.02,33.93,34.69,35.35,35.9,36.37,0,0,-43.63,8.01,1.25,Ritmo critico
2933604,Xique-Xique,BA,Nordeste,31.02,32.25,45.64,80.0,1.23,0.16,32.39,32.5,32.6,32.68,32.75,32.81,0,0,-47.19,7.96,0.16,Ritmo critico
1300706,Boca do Acre,AM,Norte,59.09,44.78,65.9,80.0,-14.31,-7.88,38.08,32.39,27.55,23.44,19.94,16.97,0,0,-63.03,5.87,-7.88,Em retrocesso
4108601,Goioerê,PR,Sul,70.49,63.77,73.46,80.0,-6.72,-4.22,60.18,57.13,54.54,52.34,50.47,48.88,0,0,-31.12,2.7,-4.22,Em retrocesso
2906402,Candeal,BA,Nordeste,30.92,30.77,45.56,80.0,-0.15,-0.53,30.32,29.94,29.61,29.33,29.1,28.9,0,0,-51.1,8.2,-0.53,Em retrocesso
1501303,Barcarena,PA,Norte,46.55,39.5,57.38,80.0,-7.05,-2.31,37.54,35.87,34.45,33.24,32.22,31.35,0,0,-48.65,6.75,-2.31,Em retrocesso
1504208,Marabá,PA,Norte,51.46,50.68,60.77,80.0,-0.78,0.83,51.39,51.99,52.49,52.93,53.3,53.61,0,0,-26.39,4.89,0.83,Em retrocesso
4106001,Congonhinhas,PR,Sul,68.8,41.19,72.33,80.0,-27.61,-14.67,28.72,18.12,9.11,1.45,0.0,0.0,0,0,-80.0,6.47,-14.67,Em retrocesso
3304755,São Francisco de Itabapoana,RJ,Sudeste,43.51,47.47,55.22,80.0,3.96,3.51,50.45,52.99,55.15,56.98,58.53,59.86,0,0,-20.14,5.42,3.51,Ritmo insuficiente
4125001,São João do Ivaí,PR,Sul,61.46,73.17,67.47,80.0,11.71,4.99,77.41,81.02,84.08,86.69,88.9,90.78,1,1,10.78,1.14,4.99,No ritmo da meta
2201705,Bertolínia,PI,Nordeste,59.48,43.42,66.16,80.0,-16.06,-4.91,39.25,35.7,32.68,30.12,27.94,26.09,0,0,-53.91,6.1,-4.91,Em retrocesso
2414159,Tenente Laurentino Cruz,RN,Nordeste,44.64,37.18,56.03,80.0,-7.46,-1.12,36.23,35.42,34.73,34.15,33.65,33.23,0,0,-46.77,7.14,-1.12,Em retrocesso
1506401,Santa Cruz do Arari,PA,Norte,49.87,52.31,59.69,80.0,2.44,2.44,54.38,56.15,57.65,58.92,60.0,60.92,0,0,-19.08,4.61,2.44,Ritmo critico
1722081,Wanderlândia,TO,Norte,35.16,41.89,48.97,80.0,6.73,7.47,48.24,53.64,58.22,62.12,65.44,68.26,0,0,-11.74,6.35,7.47,No ritmo da meta
2511301,Piancó,PB,Nordeste,48.84,38.92,58.98,80.0,-9.92,-2.4,36.88,35.15,33.67,32.42,31.35,30.45,0,0,-49.55,6.85,-2.4,Em retrocesso
1508407,Xinguara,PA,Norte,49.86,49.27,59.68,80.0,-0.59,0.92,50.05,50.72,51.28,51.76,52.17,52.52,0,0,-27.48,5.12,0.92,Em retrocesso
3304300,Rio Bonito,RJ,Sudeste,55.86,57.46,63.74,80.0,1.6,2.33,59.44,61.12,62.55,63.77,64.8,65.68,0,0,-14.32,3.76,2.33,Ritmo insuficiente
2908309,Conceição do Almeida,BA,Nordeste,53.85,41.18,62.39,80.0,-12.67,-6.79,35.41,30.5,26.33,22.79,19.78,17.21,0,0,-62.79,6.47,-6.79,Em retrocesso
2928950,São Domingos,BA,Nordeste,25.27,52.94,40.65,80.0,27.67,13.38,64.31,73.98,82.2,89.18,95.12,100.0,1,1,20.0,4.51,13.38,No ritmo da meta
2910404,Encruzilhada,BA,Nordeste,41.87,37.25,54.03,80.0,-4.62,-2.76,34.9,32.91,31.21,29.77,28.55,27.51,0,0,-52.49,7.12,-2.76,Em retrocesso
3305604,Silva Jardim,RJ,Sudeste,55.39,57.35,63.43,80.0,1.96,2.51,59.48,61.3,62.84,64.15,65.26,66.21,0,0,-13.79,3.78,2.51,Ritmo insuficiente
1508084,Tucumã,PA,Norte,58.8,48.54,65.7,80.0,-10.26,-3.91,45.22,42.39,39.99,37.95,36.21,34.74,0,0,-45.26,5.24,-3.91,Em retrocesso
2913408,Igaporã,BA,Nordeste,57.17,42.57,64.62,80.0,-14.6,-7.75,35.98,30.38,25.62,21.58,18.14,15.22,0,0,-64.78,6.24,-7.75,Em retrocesso
4203709,Canelinha,SC,Sul,59.28,41.37,66.02,80.0,-17.91,-8.34,34.28,28.26,23.13,18.78,15.08,11.93,0,0,-68.07,6.44,-8.34,Em retrocesso
5003504,Douradina,MS,Centro-Oeste,28.79,68.7,43.76,80.0,39.91,24.15,89.23,100.0,100.0,100.0,100.0,100.0,1,1,20.0,1.88,24.15,No ritmo da meta
2930774,Sobradinho,BA,Nordeste,26.44,34.44,41.71,80.0,8.0,3.55,37.46,40.02,42.2,44.06,45.63,46.97,0,0,-33.03,7.59,3.55,Ritmo critico
2923407,Palmas de Monte Alto,BA,Nordeste,45.51,35.76,56.65,80.0,-9.75,-5.33,31.23,27.38,24.11,21.32,18.96,16.95,0,0,-63.05,7.37,-5.33,Em retrocesso
2909604,Crisópolis,BA,Nordeste,50.31,43.05,59.99,80.0,-7.26,-4.08,39.58,36.63,34.13,32.0,30.19,28.65,0,0,-51.35,6.16,-4.08,Em retrocesso
1505635,Piçarra,PA,Norte,58.29,57.18,65.37,80.0,-1.11,0.66,57.74,58.22,58.62,58.97,59.26,59.51,0,0,-20.49,3.8,0.66,Em retrocesso
2109304,Presidente Vargas,MA,Nordeste,44.27,47.82,55.77,80.0,3.55,2.82,50.22,52.25,53.99,55.46,56.71,57.77,0,0,-22.23,5.36,2.82,Ritmo critico
2102325,Buriticupu,MA,Nordeste,39.23,42.03,52.09,80.0,2.8,2.45,44.11,45.88,47.39,48.67,49.75,50.68,0,0,-29.32,6.33,2.45,Ritmo critico
1506138,Redenção,PA,Norte,55.06,58.25,63.21,80.0,3.19,2.81,60.64,62.67,64.39,65.86,67.11,68.17,0,0,-11.83,3.62,2.81,Ritmo insuficiente
4302907,Cacequi,RS,Sul,50.76,49.0,60.3,80.0,-1.76,-10.86,39.77,31.92,25.25,19.58,14.77,10.67,0,0,-69.33,5.17,-10.86,Em retrocesso
2928000,Santaluz,BA,Nordeste,25.08,29.15,40.48,80.0,4.07,1.58,30.49,31.63,32.6,33.43,34.13,34.73,0,0,-45.27,8.48,1.58,Ritmo critico
2600054,Abreu e Lima,PE,Nordeste,47.44,46.4,58.0,80.0,-1.04,2.1,48.18,49.7,50.99,52.09,53.02,53.81,0,0,-26.19,5.6,2.1,Em retrocesso
2405108,Jandaíra,RN,Nordeste,30.43,29.91,45.15,80.0,-0.52,2.35,31.91,33.61,35.05,36.28,37.32,38.2,0,0,-41.8,8.35,2.35,Em retrocesso
2927200,Ruy Barbosa,BA,Nordeste,38.25,27.94,51.35,80.0,-10.31,-5.61,23.17,19.12,15.67,12.74,10.26,8.14,0,0,-71.86,8.68,-5.61,Em retrocesso
1303536,Presidente Figueiredo,AM,Norte,34.17,35.31,48.19,80.0,1.14,-0.15,35.18,35.07,34.98,34.9,34.84,34.78,0,0,-45.22,7.45,-0.15,Ritmo critico
4314035,Pareci Novo,RS,Sul,73.01,54.0,75.15,80.0,-19.01,-19.48,37.44,23.37,11.4,1.24,0.0,0.0,0,0,-80.0,4.33,-19.48,Em retrocesso
2928604,Santo Amaro,BA,Nordeste,43.81,36.96,55.44,80.0,-6.85,-3.88,33.66,30.86,28.48,26.45,24.73,23.27,0,0,-56.73,7.17,-3.88,Em retrocesso
2932606,Urandi,BA,Nordeste,59.24,40.54,66.0,80.0,-18.7,-9.8,32.21,25.13,19.11,14.0,9.65,5.95,0,0,-74.05,6.58,-9.8,Em retrocesso
2910800,Feira de Santana,BA,Nordeste,31.96,33.19,46.42,80.0,1.23,0.16,33.33,33.44,33.54,33.62,33.69,33.75,0,0,-46.25,7.8,0.16,Ritmo critico
2923209,Oliveira dos Brejinhos,BA,Nordeste,38.11,39.29,51.24,80.0,1.18,0.14,39.41,39.51,39.6,39.67,39.73,39.78,0,0,-40.22,6.78,0.14,Ritmo critico
1506609,Santa Maria do Pará,PA,Norte,39.55,39.79,47.15,80.0,0.24,1.34,40.93,41.9,42.72,43.42,44.01,44.52,0,0,-35.48,6.7,1.34,Ritmo critico
2922755,Nova Ibiá,BA,Nordeste,50.34,48.98,60.01,80.0,-1.36,-1.13,48.02,47.2,46.51,45.92,45.42,44.99,0,0,-35.01,5.17,-1.13,Em retrocesso
1502756,Concórdia do Pará,PA,Norte,40.62,54.24,53.12,80.0,13.62,8.03,61.07,66.87,71.8,75.99,79.55,82.58,1,1,2.58,4.29,8.03,No ritmo da meta
2919603,Macajuba,BA,Nordeste,18.56,30.14,34.07,80.0,11.58,5.34,34.68,38.54,41.82,44.6,46.97,48.99,1,0,-31.01,8.31,5.34,Ritmo insuficiente
2902906,Barra do Choça,BA,Nordeste,36.09,30.6,49.7,80.0,-5.49,-3.2,27.88,25.57,23.6,21.93,20.51,19.31,0,0,-60.69,8.23,-3.2,Em retrocesso
4304630,Capão da Canoa,RS,Sul,46.75,34.4,42.44,80.0,-12.35,-16.15,20.67,9.0,0.0,0.0,0.0,0.0,0,0,-80.0,7.6,-16.15,Em retrocesso
5002902,Cassilândia,MS,Centro-Oeste,37.72,54.38,50.95,80.0,16.66,12.53,65.03,74.08,81.78,88.32,93.88,98.6,1,1,18.6,4.27,12.53,No ritmo da meta
1100148,Nova Brasilândia D'Oeste,RO,Norte,74.81,75.61,76.38,80.0,0.8,1.45,76.84,77.89,78.78,79.54,80.18,80.73,1,1,0.73,0.73,1.45,No ritmo da meta
2107308,Nova Iorque,MA,Nordeste,77.43,51.24,78.19,80.0,-26.19,-12.05,41.0,32.29,24.89,18.6,13.25,8.71,0,0,-71.29,4.79,-12.05,Em retrocesso
1504406,Marapanim,PA,Norte,28.74,45.42,43.72,80.0,16.68,9.56,53.55,60.45,66.32,71.31,75.56,79.16,1,0,-0.84,5.76,9.56,No ritmo da meta
2704807,Maribondo,AL,Nordeste,46.59,41.5,57.41,80.0,-5.09,0.78,42.16,42.73,43.21,43.61,43.96,44.25,0,0,-35.75,6.42,0.78,Em retrocesso
1500602,Altamira,PA,Norte,46.67,45.32,57.46,80.0,-1.35,0.54,45.78,46.17,46.5,46.78,47.02,47.23,0,0,-32.77,5.78,0.54,Em retrocesso
1506302,Salvaterra,PA,Norte,51.95,49.47,61.11,80.0,-2.48,-0.02,49.45,49.44,49.43,49.42,49.41,49.4,0,0,-30.6,5.09,-0.02,Em retrocesso
1504976,Nova Ipixuna,PA,Norte,44.35,52.55,55.82,80.0,8.2,5.32,57.07,60.92,64.18,66.96,69.32,71.33,1,0,-8.67,4.58,5.32,No ritmo da meta
2904902,Cachoeira,BA,Nordeste,24.85,33.06,40.27,80.0,8.21,3.65,36.16,38.8,41.04,42.95,44.57,45.94,0,0,-34.06,7.82,3.65,Ritmo critico
3305208,São Pedro da Aldeia,RJ,Sudeste,56.22,55.74,63.99,80.0,-0.48,1.29,56.84,57.77,58.56,59.23,59.81,60.29,0,0,-19.71,4.04,1.29,Em retrocesso
1506005,Prainha,PA,Norte,57.34,43.28,64.73,80.0,-14.06,-5.81,38.34,34.14,30.58,27.54,24.96,22.77,0,0,-57.23,6.12,-5.81,Em retrocesso
3303302,Niterói,RJ,Sudeste,51.92,51.2,61.09,80.0,-0.72,1.17,52.19,53.04,53.76,54.37,54.89,55.33,0,0,-24.67,4.8,1.17,Em retrocesso
5212907,Marzagão,GO,Centro-Oeste,92.15,83.33,80.0,80.0,-8.82,-0.61,82.81,82.37,82.0,81.68,81.41,81.18,1,1,1.18,-0.55,-0.61,Em retrocesso
2905602,Camacan,BA,Nordeste,34.0,24.61,48.06,80.0,-9.39,-5.15,20.23,16.51,13.35,10.66,8.38,6.43,0,0,-73.57,9.23,-5.15,Em retrocesso
1501402,Belém,PA,Norte,48.22,46.08,58.55,80.0,-2.14,0.15,46.21,46.32,46.41,46.49,46.55,46.61,0,0,-33.39,5.65,0.15,Em retrocesso
2802809,Indiaroba,SE,Nordeste,38.33,34.31,51.41,80.0,-4.02,1.34,35.45,36.42,37.24,37.94,38.53,39.04,0,0,-40.96,7.61,1.34,Em retrocesso
5002100,Bela Vista,MS,Centro-Oeste,43.77,48.18,55.41,80.0,4.41,6.4,53.62,58.24,62.17,65.52,68.35,70.77,0,0,-9.23,5.3,6.4,No ritmo da meta
2919207,Lauro de Freitas,BA,Nordeste,29.63,28.75,44.48,80.0,-0.88,-0.89,27.99,27.35,26.8,26.34,25.94,25.61,0,0,-54.39,8.54,-0.89,Em retrocesso
2705200,Messias,AL,Nordeste,30.81,41.87,45.47,80.0,11.06,8.86,49.4,55.8,61.24,65.87,69.8,73.14,1,0,-6.86,6.36,8.86,No ritmo da meta
2807402,Tobias Barreto,SE,Nordeste,41.9,46.26,54.06,80.0,4.36,5.53,50.96,54.96,58.35,61.24,63.69,65.78,0,0,-14.22,5.62,5.53,Ritmo insuficiente
2102101,Brejo,MA,Nordeste,50.31,58.08,59.99,80.0,7.77,4.93,62.27,65.83,68.86,71.43,73.62,75.48,1,0,-4.52,3.65,4.93,No ritmo da meta
2413409,Serra Negra do Norte,RN,Nordeste,25.83,31.59,41.16,80.0,5.76,5.49,36.26,40.22,43.59,46.46,48.9,50.97,0,0,-29.03,8.07,5.49,Ritmo insuficiente
2917334,Iuiu,BA,Nordeste,49.03,25.53,59.11,80.0,-23.5,-12.2,15.16,6.35,0.0,0.0,0.0,0.0,0,0,-80.0,9.08,-12.2,Em retrocesso
2804458,Nossa Senhora Aparecida,SE,Nordeste,38.1,59.01,51.24,80.0,20.91,13.81,70.75,80.73,89.21,96.42,100.0,100.0,1,1,20.0,3.5,13.81,No ritmo da meta
2931202,Taperoá,BA,Nordeste,38.83,47.52,51.79,80.0,8.69,3.89,50.83,53.64,56.03,58.06,59.78,61.25,0,0,-18.75,5.41,3.89,Ritmo insuficiente
4100459,Altamira do Paraná,PR,Sul,79.08,74.47,79.35,80.0,-4.61,-3.17,71.78,69.49,67.54,65.88,64.48,63.28,0,0,-16.72,0.92,-3.17,Em retrocesso
2909109,Coribe,BA,Nordeste,47.33,30.71,57.93,80.0,-16.62,-8.76,23.26,16.93,11.56,6.98,3.1,0.0,0,0,-80.0,8.22,-8.76,Em retrocesso
1502764,Cumaru do Norte,PA,Norte,50.13,45.2,59.86,80.0,-4.93,-1.25,44.14,43.23,42.47,41.81,41.26,40.79,0,0,-39.21,5.8,-1.25,Em retrocesso
1505809,Portel,PA,Norte,43.69,40.72,55.35,80.0,-2.97,-0.27,40.49,40.3,40.13,39.99,39.87,39.77,0,0,-40.23,6.55,-0.27,Em retrocesso
1717909,Ponte Alta do Tocantins,TO,Norte,47.6,30.99,58.11,80.0,-16.61,-4.2,27.42,24.39,21.81,19.61,17.75,16.17,0,0,-63.83,8.17,-4.2,Em retrocesso
2415008,Vila Flor,RN,Nordeste,19.38,39.06,34.93,80.0,19.68,12.45,49.64,58.64,66.28,72.78,78.31,83.0,1,1,3.0,6.82,12.45,No ritmo da meta
2927903,Santa Inês,BA,Nordeste,47.34,47.31,57.93,80.0,-0.03,-0.47,46.91,46.57,46.28,46.04,45.83,45.65,0,0,-34.35,5.45,-0.47,Em retrocesso
2910701,Euclides da Cunha,BA,Nordeste,33.07,32.37,47.32,80.0,-0.7,-0.8,31.69,31.11,30.62,30.2,29.85,29.55,0,0,-50.45,7.94,-0.8,Em retrocesso
5001904,Bataguassu,MS,Centro-Oeste,37.66,52.31,50.9,80.0,14.65,11.52,62.1,70.43,77.5,83.51,88.62,92.97,1,1,12.97,4.61,11.52,No ritmo da meta
3301306,Casimiro de Abreu,RJ,Sudeste,54.93,58.33,63.12,80.0,3.4,3.23,61.08,63.41,65.39,67.08,68.51,69.73,0,0,-10.27,3.61,3.23,Ritmo insuficiente
2611309,Pombos,PE,Nordeste,46.95,40.45,57.66,80.0,-6.5,-0.63,39.91,39.46,39.07,38.74,38.46,38.23,0,0,-41.77,6.59,-0.63,Em retrocesso
1703057,Bandeirantes do Tocantins,TO,Norte,35.63,36.96,49.34,80.0,1.33,4.77,41.01,44.46,47.39,49.88,52.0,53.8,0,0,-26.2,7.17,4.77,Ritmo insuficiente
3167905,Tabuleiro,MG,Sudeste,80.53,74.43,80.0,80.0,-6.1,3.11,77.07,79.32,81.23,82.85,84.23,85.41,0,1,5.41,0.93,3.11,Em retrocesso
4301800,Barracão,RS,Sul,73.34,56.4,75.38,80.0,-16.94,-18.45,40.72,27.39,16.06,6.43,0.0,0.0,0,0,-80.0,3.93,-18.45,Em retrocesso
2913705,Inhambupe,BA,Nordeste,29.49,30.13,44.36,80.0,0.64,-0.13,30.02,29.93,29.85,29.78,29.72,29.67,0,0,-50.33,8.31,-0.13,Ritmo critico
2925501,Prado,BA,Nordeste,34.88,28.97,48.75,80.0,-5.91,-3.41,26.07,23.61,21.51,19.73,18.22,16.93,0,0,-63.07,8.51,-3.41,Em retrocesso
2106706,Mirador,MA,Nordeste,35.01,55.82,48.86,80.0,20.81,11.45,65.55,73.83,80.86,86.83,91.91,96.23,1,1,16.23,4.03,11.45,No ritmo da meta
1504950,Nova Esperança do Piriá,PA,Norte,35.64,50.02,49.35,80.0,14.38,8.41,57.17,63.24,68.41,72.8,76.53,79.7,1,0,-0.3,5.0,8.41,No ritmo da meta
2107407,Olho d'Água das Cunhãs,MA,Nordeste,53.93,58.91,62.45,80.0,4.98,3.54,61.92,64.48,66.65,68.5,70.07,71.4,0,0,-8.6,3.52,3.54,No ritmo da meta
4112306,Japira,PR,Sul,75.69,64.46,76.98,80.0,-11.23,-6.48,58.95,54.27,50.29,46.91,44.03,41.59,0,0,-38.41,2.59,-6.48,Em retrocesso
1504059,Mãe do Rio,PA,Norte,45.48,46.97,56.63,80.0,1.49,1.96,48.64,50.05,51.26,52.28,53.15,53.89,0,0,-26.11,5.5,1.96,Ritmo critico
2903904,Bom Jesus da Lapa,BA,Nordeste,33.88,34.55,47.96,80.0,0.67,-0.12,34.45,34.36,34.29,34.22,34.17,34.13,0,0,-45.87,7.58,-0.12,Ritmo critico
2704203,Limoeiro de Anadia,AL,Nordeste,43.45,44.61,55.18,80.0,1.16,3.91,47.93,50.76,53.16,55.2,56.94,58.41,0,0,-21.59,5.9,3.91,Ritmo insuficiente
2903276,Barrocas,BA,Nordeste,42.08,46.15,54.19,80.0,4.07,1.58,47.49,48.63,49.6,50.43,51.13,51.73,0,0,-28.27,5.64,1.58,Ritmo critico
2105658,Junco do Maranhão,MA,Nordeste,94.78,67.86,80.0,80.0,-26.92,-12.41,57.31,48.35,40.72,34.25,28.74,24.06,0,0,-55.94,2.02,-12.41,Em retrocesso
2913606,Ilhéus,BA,Nordeste,32.25,26.35,46.65,80.0,-5.9,-3.4,23.46,21.0,18.92,17.14,15.63,14.35,0,0,-65.65,8.94,-3.4,Em retrocesso
2925006,Planalto,BA,Nordeste,40.09,24.31,52.73,80.0,-15.78,-8.34,17.22,11.2,6.07,1.72,0.0,0.0,0,0,-80.0,9.28,-8.34,Em retrocesso
2930303,Serra Dourada,BA,Nordeste,28.99,33.09,43.93,80.0,4.1,1.6,34.45,35.61,36.59,37.42,38.13,38.74,0,0,-41.26,7.82,1.6,Ritmo critico
2109056,Porto Rico do Maranhão,MA,Nordeste,73.83,34.42,75.71,80.0,-39.41,-18.66,18.56,5.08,0.0,0.0,0.0,0.0,0,0,-80.0,7.6,-18.66,Em retrocesso
3172004,Visconde do Rio Branco,MG,Sudeste,56.33,65.77,64.06,80.0,9.44,10.88,75.02,82.88,89.56,95.24,100.0,100.0,1,1,20.0,2.37,10.88,No ritmo da meta
2705408,Monteirópolis,AL,Nordeste,35.28,31.11,49.07,80.0,-4.17,1.24,32.16,33.06,33.82,34.47,35.02,35.49,0,0,-44.51,8.15,1.24,Em retrocesso
2930402,Serra Preta,BA,Nordeste,31.84,36.67,46.32,80.0,4.83,1.96,38.34,39.75,40.96,41.98,42.85,43.59,0,0,-36.41,7.22,1.96,Ritmo critico
2204907,Isaías Coelho,PI,Nordeste,27.85,34.44,42.95,80.0,6.59,6.41,39.89,44.52,48.46,51.8,54.65,57.06,0,0,-22.94,7.59,6.41,Ritmo insuficiente
4100400,Almirante Tamandaré,PR,Sul,52.44,45.12,61.44,80.0,-7.32,-4.52,41.28,38.01,35.24,32.88,30.87,29.17,0,0,-50.83,5.81,-4.52,Em retrocesso
3140209,Maripá de Minas,MG,Sudeste,65.47,59.26,70.12,80.0,-6.21,3.05,61.85,64.06,65.93,67.52,68.87,70.02,0,0,-9.98,3.46,3.05,Em retrocesso
1717800,Ponte Alta do Bom Jesus,TO,Norte,9.52,44.56,22.93,80.0,35.04,21.62,62.94,78.56,91.83,100.0,100.0,100.0,1,1,20.0,5.91,21.62,No ritmo da meta
2102374,Cachoeira Grande,MA,Nordeste,41.14,56.05,53.5,80.0,14.91,8.5,63.28,69.42,74.64,79.07,82.84,86.05,1,1,6.05,3.99,8.5,No ritmo da meta
1501600,Bonito,PA,Norte,37.01,32.2,50.41,80.0,-4.81,-1.19,31.19,30.33,29.6,28.98,28.45,28.0,0,0,-52.0,7.97,-1.19,Em retrocesso
4320859,Tabaí,RS,Sul,59.69,24.7,66.3,80.0,-34.99,-27.47,1.35,0.0,0.0,0.0,0.0,0.0,0,0,-80.0,9.22,-27.47,Em retrocesso
3142809,Monte Alegre de Minas,MG,Sudeste,74.78,56.72,76.36,80.0,-18.06,-2.87,54.28,52.21,50.44,48.95,47.67,46.59,0,0,-33.41,3.88,-2.87,Em retrocesso
3122504,Dom Cavati,MG,Sudeste,74.74,73.35,76.33,80.0,-1.39,5.46,77.99,81.94,85.29,88.14,90.56,92.62,1,1,12.62,1.11,5.46,Em retrocesso
3142007,Mirabela,MG,Sudeste,58.98,48.06,65.82,80.0,-10.92,0.7,48.66,49.16,49.59,49.96,50.27,50.53,0,0,-29.47,5.32,0.7,Em retrocesso
2601003,Angelim,PE,Nordeste,62.05,62.41,67.86,80.0,0.36,2.8,64.79,66.81,68.53,69.99,71.24,72.29,0,0,-7.71,2.93,2.8,Ritmo insuficiente
2906006,Campo Formoso,BA,Nordeste,36.78,39.03,50.23,80.0,2.25,0.67,39.6,40.08,40.5,40.84,41.14,41.39,0,0,-38.61,6.83,0.67,Ritmo critico
1715101,Novo Acordo,TO,Norte,39.24,36.09,52.09,80.0,-3.15,2.53,38.24,40.07,41.62,42.94,44.07,45.02,0,0,-34.98,7.32,2.53,Em retrocesso
2101400,Balsas,MA,Nordeste,39.83,39.54,52.53,80.0,-0.29,0.9,40.3,40.96,41.51,41.98,42.38,42.72,0,0,-37.28,6.74,0.9,Em retrocesso
2929701,Sátiro Dias,BA,Nordeste,15.36,30.68,30.51,80.0,15.32,7.21,36.81,42.02,46.45,50.21,53.41,56.13,1,0,-23.87,8.22,7.21,Ritmo insuficiente
3532157,Nantes,SP,Sudeste,59.26,36.18,66.01,80.0,-23.08,-9.98,27.7,20.49,14.36,9.15,4.72,0.96,0,0,-79.04,7.3,-9.98,Em retrocesso
3127073,Fruta de Leite,MG,Sudeste,43.91,66.89,,,22.98,17.65,81.89,94.64,100.0,100.0,100.0,100.0,0,0,,,17.65,Ritmo critico
4103602,Cambará,PR,Sul,62.53,58.04,68.18,80.0,-4.49,-3.11,55.4,53.15,51.24,49.62,48.24,47.06,0,0,-32.94,3.66,-3.11,Em retrocesso
1100205,Porto Velho,RO,Norte,65.06,50.84,69.85,80.0,-14.22,-6.06,45.69,41.31,37.59,34.43,31.74,29.45,0,0,-50.55,4.86,-6.06,Em retrocesso
2103802,Dom Pedro,MA,Nordeste,40.39,43.95,52.95,80.0,3.56,2.83,46.36,48.4,50.14,51.62,52.87,53.94,0,0,-26.06,6.01,2.83,Ritmo critico
4120507,Primeiro de Maio,PR,Sul,51.44,62.66,60.76,80.0,11.22,4.75,66.7,70.13,73.05,75.53,77.63,79.43,1,0,-0.57,2.89,4.75,No ritmo da meta
3153301,Presidente Kubitschek,MG,Sudeste,75.75,79.86,77.02,80.0,4.11,8.21,86.84,92.77,97.81,100.0,100.0,100.0,1,1,20.0,0.02,8.21,No ritmo da meta
1506500,Santa Izabel do Pará,PA,Norte,40.8,34.18,53.25,80.0,-6.62,-2.09,32.4,30.89,29.61,28.52,27.59,26.8,0,0,-53.2,7.64,-2.09,Em retrocesso
2923001,Nova Viçosa,BA,Nordeste,56.37,37.21,64.09,80.0,-19.16,-10.03,28.68,21.44,15.28,10.04,5.59,1.81,0,0,-78.19,7.13,-10.03,Em retrocesso
4315503,Restinga Sêca,RS,Sul,45.49,33.0,56.63,80.0,-12.49,-16.22,19.21,7.49,0.0,0.0,0.0,0.0,0,0,-80.0,7.83,-16.22,Em retrocesso
2807600,Umbaúba,SE,Nordeste,25.4,39.34,40.77,80.0,13.94,10.32,48.11,55.57,61.91,67.29,71.87,75.76,1,0,-4.24,6.78,10.32,No ritmo da meta
2911659,Guajeru,BA,Nordeste,29.2,36.78,44.11,80.0,7.58,3.34,39.62,42.03,44.08,45.83,47.31,48.57,0,0,-31.43,7.2,3.34,Ritmo critico
2806206,Salgado,SE,Nordeste,33.77,44.89,47.88,80.0,11.12,8.91,52.46,58.9,64.37,69.02,72.98,76.34,1,0,-3.66,5.85,8.91,No ritmo da meta
5004908,Jaraguari,MS,Centro-Oeste,38.46,45.19,51.51,80.0,6.73,7.56,51.62,57.08,61.72,65.67,69.02,71.87,1,0,-8.13,5.8,7.56,No ritmo da meta
2201770,Boa Hora,PI,Nordeste,58.74,47.16,65.66,80.0,-11.58,-2.67,44.89,42.96,41.32,39.93,38.74,37.74,0,0,-42.26,5.47,-2.67,Em retrocesso
3141108,Matozinhos,MG,Sudeste,47.48,57.88,58.03,80.0,10.4,11.36,67.54,75.74,82.72,88.65,93.69,97.97,1,1,17.97,3.69,11.36,No ritmo da meta
1502202,Capanema,PA,Norte,62.0,59.49,67.83,80.0,-2.51,-0.04,59.46,59.43,59.4,59.38,59.36,59.35,0,0,-20.65,3.42,-0.04,Em retrocesso
2925253,Ponto Novo,BA,Nordeste,23.17,36.99,38.69,80.0,13.82,6.46,42.48,47.15,51.12,54.49,57.35,59.79,1,0,-20.21,7.17,6.46,Ritmo insuficiente
2925956,Rafael Jambeiro,BA,Nordeste,48.41,33.53,58.68,80.0,-14.88,-7.89,26.82,21.12,16.28,12.16,8.66,5.68,0,0,-74.32,7.74,-7.89,Em retrocesso
1507904,Soure,PA,Norte,62.77,52.41,68.33,80.0,-10.36,-3.96,49.04,46.18,43.75,41.68,39.93,38.43,0,0,-41.57,4.6,-3.96,Em retrocesso
2801306,Capela,SE,Nordeste,33.52,35.78,47.68,80.0,2.26,4.48,39.59,42.82,45.58,47.91,49.9,51.59,0,0,-28.41,7.37,4.48,Ritmo insuficiente
1710508,Itacajá,TO,Norte,60.46,41.1,66.81,80.0,-19.36,-5.58,36.36,32.33,28.9,25.99,23.51,21.41,0,0,-58.59,6.48,-5.58,Em retrocesso
3113305,Carangola,MG,Sudeste,50.83,52.42,60.34,80.0,1.59,6.95,58.33,63.35,67.62,71.24,74.33,76.95,0,0,-3.05,4.6,6.95,No ritmo da meta
3305554,Seropédica,RJ,Sudeste,46.5,50.53,57.34,80.0,4.03,3.54,53.54,56.1,58.27,60.12,61.69,63.02,0,0,-16.98,4.91,3.54,Ritmo insuficiente
1101435,Nova União,RO,Norte,60.65,70.92,66.93,80.0,10.27,6.19,76.18,80.65,84.46,87.69,90.43,92.77,1,1,12.77,1.51,6.19,No ritmo da meta
1101401,Monte Negro,RO,Norte,72.19,69.92,74.6,80.0,-2.27,-0.08,69.85,69.79,69.75,69.7,69.67,69.64,0,0,-10.36,1.68,-0.08,Em retrocesso
1506807,Santarém,PA,Norte,54.92,51.29,63.11,80.0,-3.63,-0.6,50.78,50.35,49.98,49.66,49.4,49.17,0,0,-30.83,4.78,-0.6,Em retrocesso
4303707,Campina das Missões,RS,Sul,91.99,50.3,80.0,80.0,-41.69,-30.82,24.1,1.84,0.0,0.0,0.0,0.0,0,0,-80.0,4.95,-30.82,Em retrocesso
3301108,Cantagalo,RJ,Sudeste,55.75,52.0,63.67,80.0,-3.75,-0.35,51.7,51.45,51.23,51.05,50.9,50.76,0,0,-29.24,4.67,-0.35,Em retrocesso
2910057,Dias d'Ávila,BA,Nordeste,35.5,32.25,49.24,80.0,-3.25,-2.08,30.48,28.98,27.7,26.62,25.69,24.91,0,0,-55.09,7.96,-2.08,Em retrocesso
2915601,Itamaraju,BA,Nordeste,44.07,37.41,55.62,80.0,-6.66,-3.78,34.2,31.47,29.14,27.17,25.49,24.07,0,0,-55.93,7.1,-3.78,Em retrocesso
4202305,Biguaçu,SC,Sul,38.76,35.03,,,-3.73,-1.25,33.97,33.06,32.3,31.64,31.09,30.62,0,0,,,-1.25,Em retrocesso
3126901,Frei Inocêncio,MG,Sudeste,53.11,64.71,61.89,80.0,11.6,11.96,74.88,83.52,90.86,97.11,100.0,100.0,1,1,20.0,2.55,11.96,No ritmo da meta
1505437,Ourilândia do Norte,PA,Norte,48.68,53.11,58.86,80.0,4.43,3.43,56.03,58.5,60.61,62.4,63.92,65.22,0,0,-14.78,4.48,3.43,Ritmo insuficiente
5005806,Nioaque,MS,Centro-Oeste,53.94,60.98,62.45,80.0,7.04,7.72,67.54,73.12,77.86,81.89,85.32,88.23,1,1,8.23,3.17,7.72,No ritmo da meta
2202653,Caxingó,PI,Nordeste,20.36,46.21,35.94,80.0,25.85,16.04,59.84,71.43,81.28,89.66,96.77,100.0,1,1,20.0,5.63,16.04,No ritmo da meta
2923308,Ouriçangas,BA,Nordeste,35.94,50.59,49.58,80.0,14.65,6.87,56.43,61.39,65.61,69.2,72.25,74.84,1,0,-5.16,4.9,6.87,No ritmo da meta
4127908,Tuneiras do Oeste,PR,Sul,71.46,68.12,74.11,80.0,-3.34,-2.53,65.97,64.14,62.59,61.27,60.14,59.19,0,0,-20.81,1.98,-2.53,Em retrocesso
5005152,Juti,MS,Centro-Oeste,22.63,47.67,38.18,80.0,25.04,16.72,61.88,73.96,84.23,92.96,100.0,100.0,1,1,20.0,5.39,16.72,No ritmo da meta
5007554,Santa Rita do Pardo,MS,Centro-Oeste,48.28,51.3,58.59,80.0,3.02,5.71,56.15,60.28,63.79,66.77,69.3,71.45,0,0,-8.55,4.78,5.71,No ritmo da meta
2908903,Coração de Maria,BA,Nordeste,30.95,21.3,45.58,80.0,-9.65,-5.28,16.81,13.0,9.75,7.0,4.66,2.66,0,0,-77.34,9.78,-5.28,Em retrocesso
2412559,São Miguel do Gostoso,RN,Nordeste,33.46,30.54,38.85,80.0,-2.92,1.15,31.52,32.35,33.05,33.65,34.17,34.6,0,0,-45.4,8.24,1.15,Em retrocesso
2924678,Piraí do Norte,BA,Nordeste,47.67,42.86,,,-4.81,-2.86,40.43,38.36,36.61,35.11,33.84,32.77,0,0,,,-2.86,Em retrocesso
2602100,Bom Conselho,PE,Nordeste,59.98,60.74,66.49,80.0,0.76,3.0,63.29,65.46,67.3,68.87,70.2,71.33,0,0,-8.67,3.21,3.0,Ritmo insuficiente
5005681,Mundo Novo,MS,Centro-Oeste,83.81,46.46,80.0,80.0,-37.35,-14.48,34.15,23.69,14.8,7.24,0.81,0.0,0,0,-80.0,5.59,-14.48,Em retrocesso
2915353,Itaguaçu da Bahia,BA,Nordeste,20.89,32.8,36.47,80.0,11.91,5.5,37.47,41.45,44.83,47.7,50.14,52.21,1,0,-27.79,7.87,5.5,Ritmo insuficiente
2805802,Riachão do Dantas,SE,Nordeste,37.96,34.65,51.13,80.0,-3.31,1.7,36.1,37.32,38.37,39.25,40.01,40.65,0,0,-39.35,7.56,1.7,Em retrocesso
2908507,Conceição do Jacuípe,BA,Nordeste,34.3,37.5,48.3,80.0,3.2,1.15,38.48,39.31,40.01,40.61,41.13,41.56,0,0,-38.44,7.08,1.15,Ritmo critico
2611408,Primavera,PE,Nordeste,77.53,50.41,78.26,80.0,-27.12,-10.94,41.11,33.21,26.49,20.78,15.92,11.8,0,0,-68.2,4.93,-10.94,Em retrocesso
4109203,Guaraci,PR,Sul,72.75,72.67,74.98,80.0,-0.08,-0.9,71.9,71.25,70.7,70.23,69.83,69.49,0,0,-10.51,1.22,-0.9,Em retrocesso
1500958,Aurora do Pará,PA,Norte,33.96,55.54,48.03,80.0,21.58,12.01,65.75,74.43,81.8,88.07,93.4,97.93,1,1,17.93,4.08,12.01,No ritmo da meta
2413359,Serra do Mel,RN,Nordeste,32.67,27.68,46.99,80.0,-4.99,0.11,27.77,27.85,27.92,27.98,28.03,28.07,0,0,-51.93,8.72,0.11,Em retrocesso
2914000,Ipirá,BA,Nordeste,29.98,34.46,44.77,80.0,4.48,1.79,35.98,37.27,38.37,39.31,40.1,40.78,0,0,-39.22,7.59,1.79,Ritmo critico
1300680,Boa Vista do Ramos,AM,Norte,26.16,31.41,41.46,80.0,5.25,1.9,33.02,34.4,35.56,36.56,37.4,38.12,0,0,-41.88,8.1,1.9,Ritmo critico
2912103,Ibicaraí,BA,Nordeste,34.21,37.95,45.54,80.0,3.74,1.42,39.16,40.18,41.06,41.8,42.43,42.96,0,0,-37.04,7.01,1.42,Ritmo critico
2413102,Senador Elói de Souza,RN,Nordeste,59.85,26.26,,,-33.59,-14.19,14.2,3.95,0.0,0.0,0.0,0.0,0,0,,,-14.19,Em retrocesso
1506161,Rio Maria,PA,Norte,41.79,56.31,53.98,80.0,14.52,8.48,63.52,69.64,74.85,79.28,83.04,86.24,1,1,6.24,3.95,8.48,No ritmo da meta
3121308,Descoberto,MG,Sudeste,62.69,73.05,68.28,80.0,10.36,11.34,82.69,90.88,97.85,100.0,100.0,100.0,1,1,20.0,1.16,11.34,No ritmo da meta
1503705,Itupiranga,PA,Norte,42.67,44.08,54.62,80.0,1.41,1.92,45.71,47.1,48.28,49.28,50.13,50.86,0,0,-29.14,5.99,1.92,Ritmo critico
2107456,Olinda Nova do Maranhão,MA,Nordeste,80.81,37.64,80.0,80.0,-43.17,-20.54,20.18,5.34,0.0,0.0,0.0,0.0,0,0,-80.0,7.06,-20.54,Em retrocesso
3171501,Mathias Lobato,MG,Sudeste,51.56,67.61,60.84,80.0,16.05,14.18,79.66,89.91,98.62,100.0,100.0,100.0,1,1,20.0,2.06,14.18,No ritmo da meta
2933059,Várzea da Roça,BA,Nordeste,32.58,20.73,46.92,80.0,-11.85,-6.38,15.31,10.7,6.78,3.45,0.62,0.0,0,0,-80.0,9.88,-6.38,Em retrocesso
2700607,Barra de São Miguel,AL,Nordeste,31.79,39.04,46.28,80.0,7.25,6.95,44.95,49.97,54.24,57.86,60.95,63.57,0,0,-16.43,6.83,6.95,No ritmo da meta
1503903,Juruti,PA,Norte,49.15,51.0,59.19,80.0,1.85,2.14,52.82,54.37,55.68,56.8,57.75,58.55,0,0,-21.45,4.83,2.14,Ritmo critico
1503408,Inhangapi,PA,Norte,21.83,45.41,37.4,80.0,23.58,13.01,56.47,65.87,73.86,80.65,86.42,91.33,1,1,11.33,5.76,13.01,No ritmo da meta
3156502,Rubelita,MG,Sudeste,100.0,76.83,80.0,80.0,-23.17,-5.43,72.21,68.29,64.96,62.12,59.71,57.66,0,0,-22.34,0.53,-5.43,Em retrocesso
2913903,Ipiaú,BA,Nordeste,33.64,25.15,47.77,80.0,-8.49,-4.7,21.15,17.76,14.87,12.42,10.33,8.56,0,0,-71.44,9.14,-4.7,Em retrocesso
4107702,Fênix,PR,Sul,65.16,61.86,69.92,80.0,-3.3,-2.51,59.73,57.91,56.37,55.06,53.95,53.0,0,0,-27.0,3.02,-2.51,Em retrocesso
3124807,Estrela do Sul,MG,Sudeste,46.84,69.36,57.58,80.0,22.52,17.42,84.17,96.75,100.0,100.0,100.0,100.0,1,1,20.0,1.77,17.42,No ritmo da meta
4218004,Tijucas,SC,Sul,44.26,15.28,,,-28.98,-13.87,3.49,0.0,0.0,0.0,0.0,0.0,0,0,,,-13.87,Em retrocesso
2608008,Jataúba,PE,Nordeste,51.9,37.15,61.07,80.0,-14.75,-4.75,33.11,29.68,26.76,24.28,22.18,20.38,0,0,-59.62,7.14,-4.75,Em retrocesso
1302504,Manacapuru,AM,Norte,43.99,37.28,55.57,80.0,-6.71,-4.08,33.81,30.86,28.36,26.23,24.42,22.88,0,0,-57.12,7.12,-4.08,Em retrocesso
2100501,Alto Parnaíba,MA,Nordeste,46.76,51.99,57.53,80.0,5.23,3.66,55.1,57.75,59.99,61.9,63.53,64.91,0,0,-15.09,4.67,3.66,Ritmo insuficiente
3112703,Capitão Enéas,MG,Sudeste,61.87,63.8,67.74,80.0,1.93,7.12,69.85,75.0,79.37,83.09,86.24,88.93,1,1,8.93,2.7,7.12,No ritmo da meta
5203302,Bela Vista de Goiás,GO,Centro-Oeste,61.22,62.27,67.31,80.0,1.05,4.33,65.95,69.08,71.74,74.0,75.92,77.55,0,0,-2.45,2.95,4.33,No ritmo da meta
2107605,Palmeirândia,MA,Nordeste,42.07,70.09,54.18,80.0,28.02,15.06,82.89,93.77,100.0,100.0,100.0,100.0,1,1,20.0,1.65,15.06,No ritmo da meta
1101005,Governador Jorge Teixeira,RO,Norte,65.11,70.76,69.88,80.0,5.65,3.88,74.06,76.86,79.24,81.27,82.99,84.45,1,1,4.45,1.54,3.88,No ritmo da meta
2908408,Conceição do Coité,BA,Nordeste,28.58,30.94,43.58,80.0,2.36,0.73,31.56,32.09,32.54,32.92,33.24,33.52,0,0,-46.48,8.18,0.73,Ritmo critico
2406502,Lagoa Nova,RN,Nordeste,34.74,35.61,48.64,80.0,0.87,3.04,38.19,40.39,42.26,43.84,45.19,46.34,0,0,-33.66,7.4,3.04,Ritmo critico
2207751,Passagem Franca do Piauí,PI,Nordeste,100.0,64.51,80.0,80.0,-35.49,-14.63,52.07,41.5,32.52,24.88,18.39,12.87,0,0,-67.13,2.58,-14.63,Em retrocesso
3133303,Itaobim,MG,Sudeste,49.69,49.62,59.56,80.0,-0.07,6.12,54.82,59.24,63.0,66.2,68.91,71.22,0,0,-8.78,5.06,6.12,Em retrocesso
3303203,Nilópolis,RJ,Sudeste,44.36,47.32,55.83,80.0,2.96,3.01,49.88,52.05,53.9,55.47,56.81,57.94,0,0,-22.06,5.45,3.01,Ritmo critico
4322327,Turuçu,RS,Sul,82.83,61.7,80.0,80.0,-21.13,-20.54,44.24,29.4,16.79,6.06,0.0,0.0,0,0,-80.0,3.05,-20.54,Em retrocesso
2112456,Turilândia,MA,Nordeste,56.43,49.69,64.13,80.0,-6.74,-2.32,47.72,46.04,44.62,43.41,42.38,41.5,0,0,-38.5,5.05,-2.32,Em retrocesso
4318622,São José dos Ausentes,RS,Sul,61.59,37.1,,,-24.49,-22.22,18.21,2.16,0.0,0.0,0.0,0.0,0,0,,,-22.22,Em retrocesso
5003207,Corumbá,MS,Centro-Oeste,41.52,38.3,53.78,80.0,-3.22,2.59,40.5,42.37,43.96,45.32,46.46,47.44,0,0,-32.56,6.95,2.59,Em retrocesso
2700409,Atalaia,AL,Nordeste,32.36,44.27,46.74,80.0,11.91,9.28,52.16,58.86,64.56,69.41,73.52,77.02,1,0,-2.98,5.95,9.28,No ritmo da meta
5003801,Fátima do Sul,MS,Centro-Oeste,60.8,59.59,67.03,80.0,-1.21,3.59,62.64,65.24,67.44,69.31,70.91,72.26,0,0,-7.74,3.4,3.59,Em retrocesso
2606101,Glória do Goitá,PE,Nordeste,70.58,66.22,73.52,80.0,-4.36,0.44,66.59,66.91,67.18,67.41,67.61,67.77,0,0,-12.23,2.3,0.44,Em retrocesso
1502509,Chaves,PA,Norte,44.8,74.09,56.14,80.0,29.29,15.86,87.57,99.03,100.0,100.0,100.0,100.0,1,1,20.0,0.98,15.86,No ritmo da meta
2915304,Itagimirim,BA,Nordeste,32.81,25.0,47.11,80.0,-7.81,-4.36,21.29,18.14,15.47,13.19,11.26,9.61,0,0,-70.39,9.17,-4.36,Em retrocesso
2917300,Ituberá,BA,Nordeste,44.09,29.17,55.64,80.0,-14.92,-7.91,22.45,16.73,11.87,7.74,4.24,1.25,0,0,-78.75,8.47,-7.91,Em retrocesso
4117404,Ourizona,PR,Sul,88.82,57.5,80.0,80.0,-31.32,-16.52,43.46,31.52,21.38,12.75,5.42,0.0,0,0,-80.0,3.75,-16.52,Em retrocesso
3300704,Cabo Frio,RJ,Sudeste,54.58,55.08,62.89,80.0,0.5,1.78,56.59,57.88,58.97,59.9,60.69,61.36,0,0,-18.64,4.15,1.78,Ritmo critico
2613404,São José da Coroa Grande,PE,Nordeste,41.77,39.24,53.96,80.0,-2.53,1.36,40.4,41.38,42.21,42.92,43.53,44.04,0,0,-35.96,6.79,1.36,Em retrocesso
1501451,Belterra,PA,Norte,60.62,57.61,66.91,80.0,-3.01,-0.29,57.36,57.15,56.98,56.82,56.7,56.59,0,0,-23.41,3.73,-0.29,Em retrocesso
1303205,Novo Airão,AM,Norte,75.88,57.09,77.11,80.0,-18.79,-10.12,48.49,41.18,34.96,29.68,25.19,21.37,0,0,-58.63,3.82,-10.12,Em retrocesso
2921401,Mirangaba,BA,Nordeste,33.73,29.41,47.84,80.0,-4.32,-2.61,27.19,25.31,23.7,22.34,21.18,20.2,0,0,-59.8,8.43,-2.61,Em retrocesso
2915106,Itagi,BA,Nordeste,37.75,23.53,50.97,80.0,-14.22,-7.56,17.1,11.64,7.0,3.05,0.0,0.0,0,0,-80.0,9.41,-7.56,Em retrocesso
3303104,Natividade,RJ,Sudeste,60.3,56.91,66.7,80.0,-3.39,-0.17,56.77,56.64,56.54,56.45,56.37,56.31,0,0,-23.69,3.85,-0.17,Em retrocesso
2706109,Ouro Branco,AL,Nordeste,20.41,52.43,35.99,80.0,32.02,19.34,68.87,82.84,94.72,100.0,100.0,100.0,1,1,20.0,4.6,19.34,No ritmo da meta
2206803,Nossa Senhora dos Remédios,PI,Nordeste,64.19,45.57,69.27,80.0,-18.62,-6.19,40.31,35.84,32.03,28.8,26.06,23.72,0,0,-56.28,5.74,-6.19,Em retrocesso
1504422,Marituba,PA,Norte,57.34,48.97,64.73,80.0,-8.37,-2.97,46.45,44.3,42.48,40.93,39.61,38.49,0,0,-41.51,5.17,-2.97,Em retrocesso
2607802,Itaquitinga,PE,Nordeste,48.29,57.35,58.59,80.0,9.06,7.15,63.43,68.59,72.98,76.72,79.89,82.59,1,1,2.59,3.78,7.15,No ritmo da meta
2402808,Coronel Ezequiel,RN,Nordeste,40.66,32.68,53.15,80.0,-7.98,-1.38,31.51,30.51,29.66,28.94,28.33,27.81,0,0,-52.19,7.89,-1.38,Em retrocesso
4317103,Sant'Ana do Livramento,RS,Sul,49.75,44.5,59.6,80.0,-5.25,-12.6,33.79,24.69,16.95,10.37,4.78,0.03,0,0,-79.97,5.92,-12.6,Em retrocesso
1503606,Itaituba,PA,Norte,61.0,59.22,67.16,80.0,-1.78,0.33,59.5,59.74,59.94,60.11,60.26,60.38,0,0,-19.62,3.46,0.33,Em retrocesso
3154150,Reduto,MG,Sudeste,39.44,83.87,52.24,80.0,44.43,28.37,100.0,100.0,100.0,100.0,100.0,100.0,1,1,20.0,-0.65,28.37,No ritmo da meta
2804508,Nossa Senhora da Glória,SE,Nordeste,29.55,31.24,44.41,80.0,1.69,4.2,34.81,37.84,40.42,42.62,44.48,46.06,0,0,-33.94,8.13,4.2,Ritmo critico
2922003,Mucuri,BA,Nordeste,49.09,47.96,59.15,80.0,-1.13,-1.02,47.09,46.36,45.73,45.2,44.74,44.36,0,0,-35.64,5.34,-1.02,Em retrocesso
2701803,Carneiros,AL,Nordeste,43.52,38.85,55.23,80.0,-4.67,0.99,39.69,40.41,41.01,41.53,41.97,42.34,0,0,-37.66,6.86,0.99,Em retrocesso
2904605,Brumado,BA,Nordeste,53.28,42.15,62.01,80.0,-11.13,-6.02,37.03,32.68,28.99,25.84,23.17,20.9,0,0,-59.1,6.31,-6.02,Em retrocesso
4212700,Petrolândia,SC,Sul,62.16,66.84,69.32,80.0,4.68,2.96,69.36,71.49,73.31,74.86,76.17,77.29,1,0,-2.71,2.19,2.96,No ritmo da meta
4100103,Abatiá,PR,Sul,56.08,57.74,63.89,80.0,1.66,-0.03,57.71,57.69,57.67,57.66,57.65,57.63,0,0,-22.37,3.71,-0.03,Ritmo critico
1508050,Trairão,PA,Norte,70.84,62.19,73.69,80.0,-8.65,-3.11,59.55,57.3,55.39,53.77,52.39,51.21,0,0,-28.79,2.97,-3.11,Em retrocesso
4117057,Nova Laranjeiras,PR,Sul,77.48,68.33,78.22,80.0,-9.15,-5.44,63.71,59.78,56.43,53.6,51.18,49.13,0,0,-30.87,1.95,-5.44,Em retrocesso
2807303,Telha,SE,Nordeste,17.39,42.47,32.81,80.0,25.08,15.89,55.98,67.46,77.22,85.51,92.56,98.55,1,1,18.55,6.26,15.89,No ritmo da meta
2100808,Anapurus,MA,Nordeste,91.05,34.63,80.0,80.0,-56.42,-27.16,11.54,0.0,0.0,0.0,0.0,0.0,0,0,-80.0,7.56,-27.16,Em retrocesso
2702900,Girau do Ponciano,AL,Nordeste,35.73,39.96,49.42,80.0,4.23,5.44,44.58,48.51,51.86,54.69,57.11,59.16,0,0,-20.84,6.67,5.44,Ritmo insuficiente
4109757,Ibema,PR,Sul,72.84,70.35,75.04,80.0,-2.49,-2.11,68.56,67.03,65.74,64.63,63.7,62.9,0,0,-17.1,1.61,-2.11,Em retrocesso
2106359,Marajá do Sena,MA,Nordeste,83.33,39.77,80.0,80.0,-43.56,-20.73,22.15,7.17,0.0,0.0,0.0,0.0,0,0,-80.0,6.7,-20.73,Em retrocesso
2200509,Amarante,PI,Nordeste,22.26,32.94,37.82,80.0,10.68,8.46,40.13,46.24,51.44,55.86,59.61,62.8,1,0,-17.2,7.84,8.46,No ritmo da meta
5008404,Vicentina,MS,Centro-Oeste,65.38,53.73,70.06,80.0,-11.65,-1.63,52.34,51.17,50.17,49.31,48.59,47.98,0,0,-32.02,4.38,-1.63,Em retrocesso
3301850,Guapimirim,RJ,Sudeste,50.19,47.75,59.91,80.0,-2.44,0.31,48.01,48.24,48.43,48.59,48.73,48.84,0,0,-31.16,5.38,0.31,Em retrocesso
3300258,Arraial do Cabo,RJ,Sudeste,50.49,58.05,60.11,80.0,7.56,5.31,62.56,66.4,69.66,72.43,74.79,76.79,1,0,-3.21,3.66,5.31,No ritmo da meta
2927606,Santa Brígida,BA,Nordeste,25.65,28.39,41.0,80.0,2.74,0.92,29.17,29.84,30.4,30.88,31.29,31.64,0,0,-48.36,8.6,0.92,Ritmo critico
2101905,Bequimão,MA,Nordeste,33.01,59.75,47.27,80.0,26.74,14.42,72.01,82.43,91.28,98.81,100.0,100.0,1,1,20.0,3.38,14.42,No ritmo da meta
2707701,Rio Largo,AL,Nordeste,36.89,38.78,50.31,80.0,1.89,4.27,42.41,45.49,48.12,50.35,52.24,53.85,0,0,-26.15,6.87,4.27,Ritmo insuficiente
2607604,Ilha de Itamaracá,PE,Nordeste,53.17,50.6,61.93,80.0,-2.57,1.34,51.74,52.71,53.53,54.23,54.82,55.33,0,0,-24.67,4.9,1.34,Em retrocesso
1302603,Manaus,AM,Norte,52.2,50.13,61.28,80.0,-2.07,-1.76,48.63,47.36,46.28,45.36,44.58,43.92,0,0,-36.08,4.98,-1.76,Em retrocesso
2112407,Turiaçu,MA,Nordeste,40.48,64.42,53.01,80.0,23.94,13.02,75.49,84.89,92.89,99.69,100.0,100.0,1,1,20.0,2.6,13.02,No ritmo da meta
2907509,Catu,BA,Nordeste,43.47,39.39,55.19,80.0,-4.08,-2.49,37.27,35.47,33.95,32.65,31.54,30.6,0,0,-49.4,6.77,-2.49,Em retrocesso
2929503,São Sebastião do Passé,BA,Nordeste,49.95,46.1,59.74,80.0,-3.85,-2.38,44.08,42.36,40.9,39.65,38.6,37.7,0,0,-42.3,5.65,-2.38,Em retrocesso
2104602,Governador Eugênio Barros,MA,Nordeste,52.89,48.13,61.75,80.0,-4.76,-1.33,47.0,46.04,45.22,44.53,43.94,43.44,0,0,-36.56,5.31,-1.33,Em retrocesso
4111258,Itaperuçu,PR,Sul,56.44,52.37,64.13,80.0,-4.07,-2.9,49.9,47.81,46.03,44.51,43.23,42.13,0,0,-37.87,4.61,-2.9,Em retrocesso
2703403,Jacaré dos Homens,AL,Nordeste,38.18,54.66,51.3,80.0,16.48,11.57,64.49,72.85,79.96,86.0,91.13,95.5,1,1,15.5,4.22,11.57,No ritmo da meta
2107001,Montes Altos,MA,Nordeste,71.31,55.27,74.01,80.0,-16.04,-6.97,49.35,44.31,40.03,36.39,33.3,30.67,0,0,-49.33,4.12,-6.97,Em retrocesso
1100924,Chupinguaia,RO,Norte,80.72,71.99,80.0,80.0,-8.73,-3.31,69.18,66.79,64.75,63.02,61.56,60.31,0,0,-19.69,1.34,-3.31,Em retrocesso
2902054,Araçás,BA,Nordeste,36.67,38.26,50.14,80.0,1.59,0.34,38.55,38.79,39.0,39.18,39.33,39.46,0,0,-40.54,6.96,0.34,Ritmo critico
2901205,Anagé,BA,Nordeste,36.54,32.17,50.04,80.0,-4.37,-2.64,29.93,28.02,26.4,25.02,23.85,22.85,0,0,-57.15,7.97,-2.64,Em retrocesso
4116208,Morretes,PR,Sul,68.42,59.7,72.08,80.0,-8.72,-5.22,55.26,51.49,48.29,45.56,43.24,41.28,0,0,-38.72,3.38,-5.22,Em retrocesso
2601409,Barreiros,PE,Nordeste,61.78,53.05,67.68,80.0,-8.73,-1.74,51.57,50.31,49.25,48.34,47.56,46.91,0,0,-33.09,4.49,-1.74,Em retrocesso
2612455,Santa Cruz,PE,Nordeste,69.26,69.1,72.64,80.0,-0.16,2.54,71.26,73.09,74.65,75.98,77.11,78.06,0,0,-1.94,1.82,2.54,Em retrocesso
2104206,Fortuna,MA,Nordeste,40.4,72.06,52.96,80.0,31.66,16.88,86.41,98.6,100.0,100.0,100.0,100.0,1,1,20.0,1.32,16.88,No ritmo da meta
4101101,Andirá,PR,Sul,65.02,64.82,69.82,80.0,-0.2,-0.96,64.0,63.31,62.72,62.22,61.79,61.43,0,0,-18.57,2.53,-0.96,Em retrocesso
4126108,São Tomé,PR,Sul,88.97,69.88,80.0,80.0,-19.09,-10.41,61.03,53.51,47.12,41.68,37.06,33.14,0,0,-46.86,1.69,-10.41,Em retrocesso
1101807,Vale do Paraíso,RO,Norte,55.69,44.06,63.63,80.0,-11.63,-4.76,40.01,36.57,33.65,31.17,29.05,27.26,0,0,-52.74,5.99,-4.76,Em retrocesso
1302405,Lábrea,AM,Norte,64.34,66.7,69.37,80.0,2.36,0.46,67.09,67.42,67.71,67.95,68.15,68.32,0,0,-11.68,2.22,0.46,Ritmo critico
1703073,Barra do Ouro,TO,Norte,11.92,18.26,26.26,80.0,6.34,7.27,24.44,29.69,34.16,37.95,41.18,43.92,0,0,-36.08,10.29,7.27,Ritmo insuficiente
2401909,Caiçara do Rio do Vento,RN,Nordeste,38.04,32.54,51.19,80.0,-5.5,-0.14,32.42,32.32,32.23,32.16,32.1,32.05,0,0,-47.95,7.91,-0.14,Em retrocesso
2919959,Maetinga,BA,Nordeste,60.98,47.37,67.15,80.0,-13.61,-7.26,41.2,35.95,31.5,27.71,24.48,21.75,0,0,-58.25,5.44,-7.26,Em retrocesso
2202117,Campo Alegre do Fidalgo,PI,Nordeste,38.53,59.33,51.56,80.0,20.8,13.52,70.82,80.59,88.89,95.95,100.0,100.0,1,1,20.0,3.44,13.52,No ritmo da meta
3112059,Cantagalo,MG,Sudeste,60.18,65.99,66.62,80.0,5.81,9.06,73.69,80.24,85.8,90.53,94.55,97.97,1,1,17.97,2.34,9.06,No ritmo da meta
2926657,Ribeirão do Largo,BA,Nordeste,47.25,52.63,57.87,80.0,5.38,2.24,54.53,56.15,57.53,58.7,59.69,60.54,0,0,-19.46,4.56,2.24,Ritmo critico
5215900,Palminópolis,GO,Centro-Oeste,89.15,82.81,80.0,80.0,-6.34,0.63,83.35,83.8,84.19,84.52,84.8,85.03,1,1,5.03,-0.47,0.63,Em retrocesso
4118303,Paranapoema,PR,Sul,59.18,61.71,65.96,80.0,2.53,0.4,62.05,62.34,62.58,62.79,62.97,63.12,0,0,-16.88,3.05,0.4,Ritmo critico
2103752,Davinópolis,MA,Nordeste,66.75,69.82,70.97,80.0,3.07,2.58,72.01,73.88,75.46,76.81,77.95,78.93,1,0,-1.07,1.7,2.58,No ritmo da meta
2616001,Venturosa,PE,Nordeste,53.25,59.29,61.99,80.0,6.04,5.64,64.08,68.16,71.62,74.57,77.07,79.2,1,0,-0.8,3.45,5.64,No ritmo da meta
2903201,Barreiras,BA,Nordeste,37.98,36.09,51.14,80.0,-1.89,-1.4,34.9,33.89,33.03,32.3,31.68,31.15,0,0,-48.85,7.32,-1.4,Em retrocesso
2106508,Matinha,MA,Nordeste,63.97,46.67,69.13,80.0,-17.3,-7.6,40.21,34.72,30.05,26.08,22.71,19.85,0,0,-60.15,5.56,-7.6,Em retrocesso
4219853,Zortéa,SC,Sul,65.06,57.58,69.85,80.0,-7.48,-3.12,54.93,52.67,50.76,49.13,47.74,46.57,0,0,-33.43,3.74,-3.12,Em retrocesso
2904050,Bonito,BA,Nordeste,40.18,34.0,52.79,80.0,-6.18,-3.54,30.99,28.43,26.26,24.41,22.84,21.51,0,0,-58.49,7.67,-3.54,Em retrocesso
2931103,Tanquinho,BA,Nordeste,18.93,30.67,34.46,80.0,11.74,5.42,35.28,39.19,42.52,45.35,47.76,49.8,1,0,-30.2,8.22,5.42,Ritmo insuficiente
4321600,Tramandaí,RS,Sul,54.39,36.7,62.76,80.0,-17.69,-18.82,20.7,7.11,0.0,0.0,0.0,0.0,0,0,-80.0,7.22,-18.82,Em retrocesso
2602902,Cabo de Santo Agostinho,PE,Nordeste,55.12,50.72,63.25,80.0,-4.4,0.42,51.08,51.38,51.64,51.86,52.04,52.2,0,0,-27.8,4.88,0.42,Em retrocesso
4214151,Princesa,SC,Sul,89.34,64.05,80.0,80.0,-25.29,-12.03,53.82,45.13,37.74,31.47,26.13,21.59,0,0,-58.41,2.66,-12.03,Em retrocesso
1703883,Carmolândia,TO,Norte,25.12,27.47,40.51,80.0,2.35,5.28,31.96,35.77,39.02,41.77,44.11,46.11,0,0,-33.89,8.76,5.28,Ritmo insuficiente
1501576,Bom Jesus do Tocantins,PA,Norte,58.11,51.82,65.25,80.0,-6.29,-1.93,50.18,48.79,47.6,46.59,45.74,45.01,0,0,-34.99,4.7,-1.93,Em retrocesso
2513604,Santana dos Garrotes,PB,Nordeste,32.69,52.77,47.01,80.0,20.08,12.6,63.48,72.58,80.32,86.9,92.49,97.24,1,1,17.24,4.54,12.6,No ritmo da meta
1711803,Juarina,TO,Norte,35.36,49.1,49.13,80.0,13.74,10.97,58.42,66.35,73.09,78.81,83.68,87.82,1,1,7.82,5.15,10.97,No ritmo da meta
2513109,Salgado de São Félix,PB,Nordeste,87.4,40.52,80.0,80.0,-46.88,-20.88,22.77,7.69,0.0,0.0,0.0,0.0,0,0,-80.0,6.58,-20.88,Em retrocesso
2922854,Nova Redenção,BA,Nordeste,31.91,27.03,46.37,80.0,-4.88,-2.89,24.57,22.49,20.71,19.2,17.92,16.83,0,0,-63.17,8.83,-2.89,Em retrocesso
4117602,Palmas,PR,Sul,55.66,54.27,63.61,80.0,-1.39,-1.56,52.94,51.82,50.86,50.04,49.35,48.76,0,0,-31.24,4.29,-1.56,Em retrocesso
2108603,Pinheiro,MA,Nordeste,53.04,46.82,61.85,80.0,-6.22,-2.06,45.07,43.58,42.32,41.24,40.33,39.55,0,0,-40.45,5.53,-2.06,Em retrocesso
4103370,Brasilândia do Sul,PR,Sul,74.32,77.7,76.04,80.0,3.38,0.83,78.41,79.01,79.51,79.95,80.32,80.63,1,1,0.63,0.38,0.83,No ritmo da meta
4312302,Miraguaí,RS,Sul,78.98,51.7,79.28,80.0,-27.28,-23.62,31.62,14.56,0.05,0.0,0.0,0.0,0,0,-80.0,4.72,-23.62,Em retrocesso
1507607,São Miguel do Guamá,PA,Norte,38.69,49.59,51.68,80.0,10.9,6.67,55.26,60.08,64.17,67.66,70.62,73.13,1,0,-6.87,5.07,6.67,No ritmo da meta
2105005,Humberto de Campos,MA,Nordeste,61.59,59.22,67.55,80.0,-2.37,-0.14,59.1,59.0,58.91,58.84,58.78,58.73,0,0,-21.27,3.46,-0.14,Em retrocesso
2501807,Bayeux,PB,Nordeste,33.89,36.71,47.97,80.0,2.82,3.97,40.08,42.95,45.39,47.46,49.22,50.72,0,0,-29.28,7.22,3.97,Ritmo critico
5107354,São José do Xingu,MT,Centro-Oeste,51.3,35.26,60.66,80.0,-16.04,-4.11,31.77,28.8,26.27,24.13,22.3,20.75,0,0,-59.25,7.46,-4.11,Em retrocesso
3158201,Santa Maria do Suaçuí,MG,Sudeste,61.58,66.73,67.55,80.0,5.15,8.73,74.15,80.46,85.82,90.38,94.25,97.54,1,1,17.54,2.21,8.73,No ritmo da meta
3161056,São Félix de Minas,MG,Sudeste,68.09,67.09,71.86,80.0,-1.0,5.66,71.9,75.99,79.47,82.42,84.93,87.07,1,1,7.07,2.15,5.66,Em retrocesso
4110003,Iguaraçu,PR,Sul,50.91,58.96,60.4,80.0,8.05,3.16,61.65,63.93,65.87,67.52,68.92,70.11,1,0,-9.89,3.51,3.16,Ritmo insuficiente
2916708,Itaquara,BA,Nordeste,34.36,34.25,48.34,80.0,-0.11,-0.51,33.82,33.45,33.13,32.87,32.64,32.45,0,0,-47.55,7.62,-0.51,Em retrocesso
2905701,Camaçari,BA,Nordeste,33.55,36.56,47.7,80.0,3.01,1.05,37.45,38.21,38.86,39.4,39.87,40.27,0,0,-39.73,7.24,1.05,Ritmo critico
2709004,Tanque d'Arca,AL,Nordeste,42.05,53.45,54.17,80.0,11.4,9.03,61.13,67.65,73.2,77.91,81.92,85.32,1,1,5.32,4.42,9.03,No ritmo da meta
3300936,Carapebus,RJ,Sudeste,51.01,59.54,60.47,80.0,8.53,5.79,64.46,68.64,72.2,75.22,77.79,79.98,1,0,-0.02,3.41,5.79,No ritmo da meta
5214002,Mozarlândia,GO,Centro-Oeste,51.21,66.57,60.6,80.0,15.36,11.48,76.33,84.62,91.67,97.67,100.0,100.0,1,1,20.0,2.24,11.48,No ritmo da meta
3304409,Rio Claro,RJ,Sudeste,65.58,65.54,70.19,80.0,-0.04,1.51,66.82,67.91,68.84,69.63,70.3,70.87,0,0,-9.13,2.41,1.51,Em retrocesso
2807105,Simão Dias,SE,Nordeste,33.19,30.35,47.41,80.0,-2.84,1.93,31.99,33.38,34.57,35.58,36.43,37.16,0,0,-42.84,8.28,1.93,Em retrocesso
2927408,Salvador,BA,Nordeste,39.16,36.75,52.03,80.0,-2.41,-1.66,35.34,34.14,33.12,32.25,31.52,30.89,0,0,-49.11,7.21,-1.66,Em retrocesso
2614857,Tamandaré,PE,Nordeste,44.9,57.18,56.21,80.0,12.28,8.76,64.63,70.96,76.33,80.91,84.79,88.1,1,1,8.1,3.8,8.76,No ritmo da meta
3306008,Três Rios,RJ,Sudeste,53.49,51.43,62.15,80.0,-2.06,0.5,51.86,52.22,52.52,52.78,53.01,53.19,0,0,-26.81,4.76,0.5,Em retrocesso
1100254,Presidente Médici,RO,Norte,62.41,71.14,68.1,80.0,8.73,5.42,75.75,79.66,82.99,85.82,88.23,90.27,1,1,10.27,1.48,5.42,No ritmo da meta
2913507,Iguaí,BA,Nordeste,49.55,31.48,59.47,80.0,-18.07,-9.49,23.41,16.56,10.73,5.78,1.56,0.0,0,0,-80.0,8.09,-9.49,Em retrocesso
1705607,Conceição do Tocantins,TO,Norte,27.6,35.8,42.73,80.0,8.2,8.2,42.77,48.69,53.73,58.01,61.65,64.74,1,0,-15.26,7.37,8.2,No ritmo da meta
2928703,Santo Antônio de Jesus,BA,Nordeste,33.47,40.9,47.64,80.0,7.43,3.26,43.67,46.03,48.03,49.73,51.18,52.41,0,0,-27.59,6.52,3.26,Ritmo critico
4303558,Camargo,RS,Sul,80.0,55.6,80.0,80.0,-24.4,-22.18,36.75,20.72,7.1,0.0,0.0,0.0,0,0,-80.0,4.07,-22.18,Em retrocesso
3126307,Fortaleza de Minas,MG,Sudeste,70.59,62.75,66.05,80.0,-7.84,2.24,64.65,66.27,67.65,68.82,69.81,70.66,0,0,-9.34,2.88,2.24,Em retrocesso
2402204,Canguaretama,RN,Nordeste,37.7,32.26,50.93,80.0,-5.44,-0.11,32.17,32.09,32.02,31.96,31.91,31.87,0,0,-48.13,7.96,-0.11,Em retrocesso
2405405,Japi,RN,Nordeste,15.32,31.34,30.47,80.0,16.02,10.62,40.37,48.04,54.56,60.11,64.82,68.82,1,0,-11.18,8.11,10.62,No ritmo da meta
2925709,Presidente Jânio Quadros,BA,Nordeste,30.41,31.78,45.13,80.0,1.37,0.23,31.98,32.14,32.28,32.4,32.51,32.59,0,0,-47.41,8.04,0.23,Ritmo critico
2917805,Jaguaripe,BA,Nordeste,25.85,46.85,41.18,80.0,21.0,10.05,55.39,62.65,68.83,74.07,78.53,82.32,1,1,2.32,5.52,10.05,No ritmo da meta
2918001,Jequié,BA,Nordeste,37.87,39.48,51.06,80.0,1.61,0.35,39.78,40.03,40.25,40.43,40.58,40.72,0,0,-39.28,6.75,0.35,Ritmo critico
5008008,Terenos,MS,Centro-Oeste,60.42,47.09,66.78,80.0,-13.33,-2.47,44.99,43.21,41.69,40.4,39.3,38.37,0,0,-41.63,5.48,-2.47,Em retrocesso
2609154,Manari,PE,Nordeste,56.89,52.89,64.43,80.0,-4.0,0.62,53.42,53.86,54.25,54.57,54.84,55.08,0,0,-24.92,4.52,0.62,Em retrocesso
1505502,Paragominas,PA,Norte,62.45,56.72,68.12,80.0,-5.73,-1.65,55.32,54.13,53.11,52.25,51.52,50.9,0,0,-29.1,3.88,-1.65,Em retrocesso
2902500,Baianópolis,BA,Nordeste,39.85,35.92,52.55,80.0,-3.93,-2.42,33.86,32.11,30.63,29.37,28.29,27.38,0,0,-52.62,7.35,-2.42,Em retrocesso
2204659,Ilha Grande,PI,Nordeste,39.89,34.84,52.58,80.0,-5.05,0.59,35.34,35.77,36.13,36.44,36.7,36.92,0,0,-43.08,7.53,0.59,Em retrocesso
2925105,Poções,BA,Nordeste,44.01,42.93,55.58,80.0,-1.08,-0.99,42.09,41.37,40.77,40.25,39.81,39.44,0,0,-40.56,6.18,-0.99,Em retrocesso
1100114,Jaru,RO,Norte,62.82,63.99,68.37,80.0,1.17,1.64,65.38,66.57,67.58,68.43,69.16,69.78,0,0,-10.22,2.67,1.64,Ritmo insuficiente
2209302,Santa Luz,PI,Nordeste,100.0,55.68,80.0,80.0,-44.32,-19.04,39.5,25.74,14.05,4.11,0.0,0.0,0,0,-80.0,4.05,-19.04,Em retrocesso
4309308,Guaíba,RS,Sul,49.72,31.5,59.58,80.0,-18.22,-19.09,15.27,1.48,0.0,0.0,0.0,0.0,0,0,-80.0,8.08,-19.09,Em retrocesso
4317905,Santo Cristo,RS,Sul,76.02,60.5,77.21,80.0,-15.52,-17.74,45.42,32.6,21.71,12.45,4.58,0.0,0,0,-80.0,3.25,-17.74,Em retrocesso
2505808,Duas Estradas,PB,Nordeste,11.05,60.0,25.09,80.0,48.95,27.04,82.98,100.0,100.0,100.0,100.0,100.0,1,1,20.0,3.33,27.04,No ritmo da meta
5213772,Montividiu do Norte,GO,Centro-Oeste,59.37,65.74,66.08,80.0,6.37,6.99,71.68,76.73,81.02,84.67,87.77,90.41,1,1,10.41,2.38,6.99,No ritmo da meta
2703809,Joaquim Gomes,AL,Nordeste,33.47,27.93,47.64,80.0,-5.54,0.56,28.41,28.81,29.15,29.45,29.7,29.91,0,0,-50.09,8.68,0.56,Em retrocesso
2924009,Paulo Afonso,BA,Nordeste,24.79,30.51,40.21,80.0,5.72,2.41,32.56,34.3,35.78,37.04,38.11,39.02,0,0,-40.98,8.25,2.41,Ritmo critico
4320677,Sinimbu,RS,Sul,69.64,36.3,72.89,80.0,-33.34,-26.65,13.65,0.0,0.0,0.0,0.0,0.0,0,0,-80.0,7.28,-26.65,Em retrocesso
2933174,Varzedo,BA,Nordeste,44.14,40.0,55.67,80.0,-4.14,-2.52,37.86,36.04,34.49,33.17,32.06,31.11,0,0,-48.89,6.67,-2.52,Em retrocesso
4313011,Nova Candelária,RS,Sul,90.91,60.0,80.0,80.0,-30.91,-25.43,38.38,20.01,4.39,0.0,0.0,0.0,0,0,-80.0,3.33,-25.43,Em retrocesso
2932309,Ubatã,BA,Nordeste,31.43,41.9,45.98,80.0,10.47,4.78,45.96,49.42,52.35,54.85,56.97,58.77,0,0,-21.23,6.35,4.78,Ritmo insuficiente
2901106,Amélia Rodrigues,BA,Nordeste,37.49,47.14,50.77,80.0,9.65,4.37,50.85,54.01,56.7,58.98,60.92,62.56,1,0,-17.44,5.48,4.37,Ritmo insuficiente
4119251,Pinhal de São Bento,PR,Sul,91.12,97.14,80.0,80.0,6.02,2.15,98.97,100.0,100.0,100.0,100.0,100.0,1,1,20.0,-2.86,2.15,No ritmo da meta
4308102,Feliz,RS,Sul,72.78,51.1,75.0,80.0,-21.68,-20.82,33.4,18.36,5.57,0.0,0.0,0.0,0,0,-80.0,4.82,-20.82,Em retrocesso
4126272,Saudade do Iguaçu,PR,Sul,92.53,85.49,80.0,80.0,-7.04,-4.38,81.77,78.6,75.91,73.63,71.68,70.03,1,0,-9.97,-0.91,-4.38,Em retrocesso
2800308,Aracaju,SE,Nordeste,29.69,47.18,44.53,80.0,17.49,12.1,57.46,66.21,73.64,79.95,85.32,89.89,1,1,9.89,5.47,12.1,No ritmo da meta
3517802,Guaraçaí,SP,Sudeste,54.35,60.72,62.73,80.0,6.37,4.74,64.75,68.17,71.08,73.56,75.66,77.45,1,0,-2.55,3.21,4.74,No ritmo da meta
2502300,Bom Sucesso,PB,Nordeste,65.39,45.24,70.07,80.0,-20.15,-7.51,38.86,33.43,28.82,24.9,21.57,18.73,0,0,-61.27,5.79,-7.51,Em retrocesso
2610806,Pedra,PE,Nordeste,47.04,54.87,57.72,80.0,7.83,6.54,60.43,65.15,69.17,72.58,75.49,77.95,1,0,-2.05,4.19,6.54,No ritmo da meta
2109601,Rosário,MA,Nordeste,56.65,57.6,64.27,80.0,0.95,1.52,58.89,59.99,60.92,61.72,62.39,62.96,0,0,-17.04,3.73,1.52,Ritmo critico
4116109,Moreira Sales,PR,Sul,79.33,78.01,79.52,80.0,-1.32,-1.52,76.72,75.62,74.69,73.89,73.22,72.65,0,0,-7.35,0.33,-1.52,Em retrocesso
2906873,Capim Grosso,BA,Nordeste,26.2,29.34,41.49,80.0,3.14,1.12,30.29,31.1,31.79,32.37,32.87,33.29,0,0,-46.71,8.44,1.12,Ritmo critico
4111803,Jacarezinho,PR,Sul,55.12,47.68,63.25,80.0,-7.44,-4.58,43.79,40.48,37.67,35.27,33.24,31.51,0,0,-48.49,5.39,-4.58,Em retrocesso
2110708,São Domingos do Maranhão,MA,Nordeste,41.82,50.11,54.0,80.0,8.29,5.19,54.52,58.27,61.46,64.17,66.47,68.43,1,0,-11.57,4.98,5.19,No ritmo da meta
2509057,Marcação,PB,Nordeste,68.93,24.23,72.42,80.0,-44.7,-19.79,7.41,0.0,0.0,0.0,0.0,0.0,0,0,-80.0,9.3,-19.79,Em retrocesso
2924801,Piritiba,BA,Nordeste,43.07,40.58,54.9,80.0,-2.49,-1.7,39.14,37.91,36.86,35.98,35.22,34.58,0,0,-45.42,6.57,-1.7,Em retrocesso
2706422,Pariconha,AL,Nordeste,41.46,68.76,53.73,80.0,27.3,16.98,83.19,95.46,100.0,100.0,100.0,100.0,1,1,20.0,1.87,16.98,No ritmo da meta
4312377,Monte Alegre dos Campos,RS,Sul,63.26,36.2,68.66,80.0,-27.06,-23.51,16.22,0.0,0.0,0.0,0.0,0.0,0,0,-80.0,7.3,-23.51,Em retrocesso
1300904,Canutama,AM,Norte,49.75,70.75,,,21.0,9.78,79.06,86.13,92.14,97.24,100.0,100.0,0,0,,,9.78,Ritmo critico
1716604,Peixe,TO,Norte,46.47,42.93,57.32,80.0,-3.54,2.33,44.91,46.59,48.02,49.24,50.27,51.15,0,0,-28.85,6.18,2.33,Em retrocesso
5107859,São Félix do Araguaia,MT,Centro-Oeste,34.84,33.38,48.72,80.0,-1.46,3.18,36.08,38.38,40.33,41.99,43.4,44.6,0,0,-35.4,7.77,3.18,Em retrocesso
1501956,Cachoeira do Piriá,PA,Norte,47.73,52.04,58.2,80.0,4.31,3.37,54.9,57.34,59.41,61.17,62.66,63.93,0,0,-16.07,4.66,3.37,Ritmo insuficiente
4322301,Tuparendi,RS,Sul,88.1,52.7,80.0,80.0,-35.4,-27.68,29.17,9.17,0.0,0.0,0.0,0.0,0,0,-80.0,4.55,-27.68,Em retrocesso
3302700,Maricá,RJ,Sudeste,56.64,59.97,64.27,80.0,3.33,3.19,62.68,64.99,66.95,68.61,70.03,71.23,0,0,-8.77,3.34,3.19,Ritmo insuficiente
4100202,Adrianópolis,PR,Sul,60.08,60.95,66.55,80.0,0.87,-0.43,60.58,60.27,60.01,59.79,59.59,59.43,0,0,-20.57,3.17,-0.43,Ritmo critico
2931350,Teixeira de Freitas,BA,Nordeste,51.85,35.04,61.04,80.0,-16.81,-8.86,27.51,21.11,15.67,11.04,7.11,3.77,0,0,-76.23,7.49,-8.86,Em retrocesso
2914703,Itaberaba,BA,Nordeste,42.22,41.07,54.29,80.0,-1.15,-1.03,40.19,39.45,38.82,38.28,37.82,37.43,0,0,-42.57,6.49,-1.03,Em retrocesso
5103809,Figueirópolis D'Oeste,MT,Centro-Oeste,86.02,58.78,80.0,80.0,-27.24,-9.71,50.53,43.51,37.55,32.48,28.17,24.51,0,0,-55.49,3.54,-9.71,Em retrocesso
1502301,Capitão Poço,PA,Norte,50.98,48.98,60.45,80.0,-2.0,0.22,49.17,49.33,49.46,49.58,49.67,49.76,0,0,-30.24,5.17,0.22,Em retrocesso
3118106,Congonhas do Norte,MG,Sudeste,91.99,60.49,80.0,80.0,-31.5,-9.59,52.34,45.41,39.52,34.51,30.26,26.64,0,0,-53.36,3.25,-9.59,Em retrocesso
2929404,São Miguel das Matas,BA,Nordeste,28.76,36.76,43.74,80.0,8.0,3.55,39.78,42.34,44.52,46.38,47.95,49.29,0,0,-30.71,7.21,3.55,Ritmo critico
4301636,Balneário Pinhal,RS,Sul,58.38,43.6,65.43,80.0,-14.78,-17.37,28.84,16.29,5.62,0.0,0.0,0.0,0,0,-80.0,6.07,-17.37,Em retrocesso
2900702,Alagoinhas,BA,Nordeste,33.57,36.64,47.72,80.0,3.07,1.08,37.56,38.34,39.0,39.57,40.04,40.45,0,0,-39.55,7.23,1.08,Ritmo critico
2910305,Elísio Medrado,BA,Nordeste,29.96,35.29,44.76,80.0,5.33,2.21,37.17,38.77,40.12,41.28,42.26,43.09,0,0,-36.91,7.45,2.21,Ritmo critico
2933000,Valente,BA,Nordeste,32.24,37.25,46.64,80.0,5.01,2.05,38.99,40.47,41.73,42.8,43.71,44.49,0,0,-35.51,7.12,2.05,Ritmo critico
2607505,Itaíba,PE,Nordeste,59.5,58.6,66.17,80.0,-0.9,2.17,60.44,62.01,63.34,64.48,65.44,66.26,0,0,-13.74,3.57,2.17,Em retrocesso
4119301,Pinhão,PR,Sul,61.89,61.33,67.75,80.0,-0.56,-1.14,60.36,59.54,58.84,58.24,57.74,57.31,0,0,-22.69,3.11,-1.14,Em retrocesso
5209606,Heitoraí,GO,Centro-Oeste,53.58,83.54,62.21,80.0,29.96,18.78,99.5,100.0,100.0,100.0,100.0,100.0,1,1,20.0,-0.59,18.78,No ritmo da meta
2929909,Seabra,BA,Nordeste,48.67,34.98,58.86,80.0,-13.69,-7.3,28.78,23.5,19.02,15.21,11.97,9.21,0,0,-70.79,7.5,-7.3,Em retrocesso
3112109,Caparaó,MG,Sudeste,60.15,67.92,66.6,80.0,7.77,10.04,76.45,83.71,89.87,95.11,99.57,100.0,1,1,20.0,2.01,10.04,No ritmo da meta
2603207,Caetés,PE,Nordeste,45.78,57.25,56.84,80.0,11.47,8.36,64.36,70.4,75.53,79.89,83.6,86.76,1,1,6.76,3.79,8.36,No ritmo da meta
2905800,Camamu,BA,Nordeste,25.96,28.39,41.28,80.0,2.43,0.76,29.04,29.59,30.05,30.45,30.79,31.07,0,0,-48.93,8.6,0.76,Ritmo critico
2922805,Nova Itarana,BA,Nordeste,32.97,34.65,47.23,80.0,1.68,0.39,34.98,35.26,35.5,35.71,35.88,36.03,0,0,-43.97,7.56,0.39,Ritmo critico
4211108,Monte Castelo,SC,Sul,58.78,43.19,50.04,80.0,-15.59,-7.18,37.09,31.9,27.49,23.74,20.56,17.85,0,0,-62.15,6.14,-7.18,Em retrocesso
1500800,Ananindeua,PA,Norte,59.04,52.74,65.86,80.0,-6.3,-1.93,51.1,49.71,48.52,47.51,46.66,45.93,0,0,-34.07,4.54,-1.93,Em retrocesso
4203501,Campo Erê,SC,Sul,60.89,48.28,67.09,80.0,-12.61,-5.69,43.44,39.33,35.84,32.87,30.34,28.2,0,0,-51.8,5.29,-5.69,Em retrocesso
4308508,Frederico Westphalen,RS,Sul,63.23,53.8,68.64,80.0,-9.43,-14.69,41.31,30.7,21.68,14.01,7.49,1.95,0,0,-78.05,4.37,-14.69,Em retrocesso
2109452,Raposa,MA,Nordeste,68.06,48.35,71.84,80.0,-19.71,-8.81,40.86,34.5,29.09,24.49,20.58,17.26,0,0,-62.74,5.28,-8.81,Em retrocesso
2209005,Rio Grande do Piauí,PI,Nordeste,48.59,41.79,58.8,80.0,-6.8,-0.28,41.55,41.35,41.18,41.03,40.91,40.8,0,0,-39.2,6.37,-0.28,Em retrocesso
2926608,Ribeira do Pombal,BA,Nordeste,34.39,40.72,48.37,80.0,6.33,2.71,43.02,44.98,46.65,48.06,49.26,50.28,0,0,-29.72,6.55,2.71,Ritmo critico
4109906,Icaraíma,PR,Sul,73.26,51.76,75.32,80.0,-21.5,-11.61,41.89,33.5,26.37,20.31,15.16,10.78,0,0,-69.22,4.71,-11.61,Em retrocesso
2927309,Salinas da Margarida,BA,Nordeste,47.81,45.77,58.26,80.0,-2.04,-1.47,44.52,43.46,42.56,41.79,41.14,40.58,0,0,-39.42,5.7,-1.47,Em retrocesso
1501808,Breves,PA,Norte,44.0,55.58,55.57,80.0,11.58,7.01,61.54,66.6,70.91,74.57,77.68,80.32,1,1,0.32,4.07,7.01,No ritmo da meta
4313656,Palmares do Sul,RS,Sul,53.49,45.2,62.15,80.0,-8.29,-14.12,33.2,23.0,14.32,6.95,0.69,0.0,0,0,-80.0,5.8,-14.12,Em retrocesso
2917706,Jaguarari,BA,Nordeste,30.56,40.77,45.26,80.0,10.21,4.65,44.72,48.08,50.94,53.37,55.43,57.18,0,0,-22.82,6.54,4.65,Ritmo insuficiente
1301951,Itamarati,AM,Norte,70.62,82.23,73.55,80.0,11.61,5.08,86.55,90.22,93.34,95.99,98.24,100.0,1,1,20.0,-0.37,5.08,No ritmo da meta
2928802,Santo Estêvão,BA,Nordeste,32.65,31.86,46.98,80.0,-0.79,-0.85,31.14,30.52,30.0,29.56,29.18,28.86,0,0,-51.14,8.02,-0.85,Em retrocesso
1718865,Santa Fé do Araguaia,TO,Norte,16.67,31.33,32.01,80.0,14.66,11.43,41.05,49.3,56.32,62.29,67.36,71.67,1,0,-8.33,8.11,11.43,No ritmo da meta
2701605,Canapi,AL,Nordeste,45.5,62.21,56.64,80.0,16.71,11.68,72.14,80.58,87.75,93.85,99.03,100.0,1,1,20.0,2.96,11.68,No ritmo da meta
2107803,Parnarama,MA,Nordeste,90.73,54.65,80.0,80.0,-36.08,-16.99,40.21,27.93,17.5,8.63,1.09,0.0,0,0,-80.0,4.23,-16.99,Em retrocesso
4201406,Araranguá,SC,Sul,50.65,61.61,,,10.96,6.1,66.8,71.2,74.95,78.13,80.84,83.14,0,0,,,6.1,Ritmo critico
4306205,Cruzeiro do Sul,RS,Sul,68.21,35.2,71.94,80.0,-33.01,-26.48,12.69,0.0,0.0,0.0,0.0,0.0,0,0,-80.0,7.47,-26.48,Em retrocesso
4316907,Santa Maria,RS,Sul,65.32,39.7,70.02,80.0,-25.62,-22.79,20.33,3.86,0.0,0.0,0.0,0.0,0,0,-80.0,6.72,-22.79,Em retrocesso
2706307,Palmeira dos Índios,AL,Nordeste,32.18,38.67,46.59,80.0,6.49,6.57,44.25,49.0,53.04,56.47,59.38,61.86,0,0,-18.14,6.89,6.57,Ritmo insuficiente
5003306,Coxim,MS,Centro-Oeste,39.69,39.19,52.43,80.0,-0.5,3.95,42.55,45.4,47.83,49.89,51.64,53.13,0,0,-26.87,6.8,3.95,Em retrocesso
2614303,Moreilândia,PE,Nordeste,44.18,56.94,55.7,80.0,12.76,9.0,64.59,71.09,76.62,81.32,85.31,88.71,1,1,8.71,3.84,9.0,No ritmo da meta
3305000,São João da Barra,RJ,Sudeste,52.12,58.22,61.22,80.0,6.1,4.58,62.11,65.42,68.23,70.63,72.66,74.39,1,0,-5.61,3.63,4.58,No ritmo da meta
5219258,Santa Fé de Goiás,GO,Centro-Oeste,76.89,92.78,77.81,80.0,15.89,11.75,100.0,100.0,100.0,100.0,100.0,100.0,1,1,20.0,-2.13,11.75,No ritmo da meta
2901700,Antônio Cardoso,BA,Nordeste,33.89,25.76,47.97,80.0,-8.13,-4.52,21.92,18.65,15.88,13.52,11.51,9.81,0,0,-70.19,9.04,-4.52,Em retrocesso
3501400,Álvaro de Carvalho,SP,Sudeste,54.76,58.33,63.01,80.0,3.57,3.34,61.17,63.58,65.63,67.38,68.86,70.12,0,0,-9.88,3.61,3.34,Ritmo insuficiente
4300604,Alvorada,RS,Sul,46.56,37.0,57.39,80.0,-9.56,-14.76,24.45,13.79,4.73,0.0,0.0,0.0,0,0,-80.0,7.17,-14.76,Em retrocesso
2914307,Iramaia,BA,Nordeste,27.38,36.36,,,8.98,4.04,39.79,42.71,45.19,47.3,49.1,50.62,0,0,,,4.04,Ritmo critico
2209401,Santo Antônio de Lisboa,PI,Nordeste,61.21,55.71,67.3,80.0,-5.5,0.37,56.02,56.29,56.52,56.71,56.88,57.02,0,0,-22.98,4.05,0.37,Em retrocesso
2900108,Abaíra,BA,Nordeste,34.57,42.42,48.51,80.0,7.85,3.47,45.37,47.88,50.01,51.82,53.36,54.67,0,0,-25.33,6.26,3.47,Ritmo critico
5104500,Indiavaí,MT,Centro-Oeste,44.71,67.61,56.08,80.0,22.9,15.36,80.67,91.76,100.0,100.0,100.0,100.0,1,1,20.0,2.06,15.36,No ritmo da meta
2706448,Paripueira,AL,Nordeste,53.42,35.8,62.1,80.0,-17.62,-5.48,31.14,27.18,23.82,20.96,18.53,16.46,0,0,-63.54,7.37,-5.48,Em retrocesso
1713957,Muricilândia,TO,Norte,17.89,49.28,33.35,80.0,31.39,19.8,66.11,80.42,92.58,100.0,100.0,100.0,1,1,20.0,5.12,19.8,No ritmo da meta
4110300,Inajá,PR,Sul,73.73,69.71,75.64,80.0,-4.02,-2.87,67.27,65.2,63.43,61.94,60.66,59.58,0,0,-20.42,1.72,-2.87,Em retrocesso
2929057,São Félix do Coribe,BA,Nordeste,54.89,36.59,63.09,80.0,-18.3,-9.6,28.43,21.49,15.6,10.59,6.33,2.71,0,0,-77.29,7.24,-9.6,Em retrocesso
4323457,Vila Nova do Sul,RS,Sul,49.03,44.0,59.11,80.0,-5.03,-12.49,33.38,24.36,16.69,10.17,4.63,0.0,0,0,-80.0,6.0,-12.49,Em retrocesso
2902658,Banzaê,BA,Nordeste,40.8,36.73,53.25,80.0,-4.07,-2.49,34.61,32.81,31.29,29.99,28.88,27.94,0,0,-52.06,7.21,-2.49,Em retrocesso
2918308,Jitaúna,BA,Nordeste,24.15,40.82,39.62,80.0,16.67,7.88,47.52,53.21,58.05,62.16,65.66,68.63,1,0,-11.37,6.53,7.88,No ritmo da meta
5219803,São Domingos,GO,Centro-Oeste,45.68,65.94,56.77,80.0,20.26,13.93,77.78,87.84,96.4,100.0,100.0,100.0,1,1,20.0,2.34,13.93,No ritmo da meta
4312401,Montenegro,RS,Sul,65.93,39.8,70.43,80.0,-26.13,-23.04,20.22,3.57,0.0,0.0,0.0,0.0,0,0,-80.0,6.7,-23.04,Em retrocesso
1504802,Monte Alegre,PA,Norte,53.95,46.69,62.46,80.0,-7.26,-2.41,44.64,42.9,41.42,40.16,39.09,38.18,0,0,-41.82,5.55,-2.41,Em retrocesso
4119509,Piraquara,PR,Sul,58.33,50.54,65.39,80.0,-7.79,-4.76,46.49,43.05,40.13,37.65,35.53,33.74,0,0,-46.26,4.91,-4.76,Em retrocesso
2916203,Itapé,BA,Nordeste,30.59,35.38,45.28,80.0,4.79,1.94,37.03,38.43,39.62,40.63,41.5,42.23,0,0,-37.77,7.44,1.94,Ritmo critico
2912905,Ibirataia,BA,Nordeste,32.79,37.44,47.09,80.0,4.65,1.87,39.03,40.38,41.53,42.51,43.33,44.04,0,0,-35.96,7.09,1.87,Ritmo critico
2614709,Tacaimbó,PE,Nordeste,45.92,43.99,56.94,80.0,-1.93,1.66,45.4,46.6,47.62,48.49,49.22,49.85,0,0,-30.15,6.0,1.66,Em retrocesso
3304102,Porciúncula,RJ,Sudeste,35.38,52.38,49.15,80.0,17.0,10.03,60.91,68.15,74.31,79.55,84.0,87.78,1,1,7.78,4.6,10.03,No ritmo da meta
2613701,São Lourenço da Mata,PE,Nordeste,44.07,53.32,55.62,80.0,9.25,7.25,59.48,64.72,69.17,72.96,76.17,78.91,1,0,-1.09,4.45,7.25,No ritmo da meta
2906709,Cândido Sales,BA,Nordeste,38.1,30.86,51.24,80.0,-7.24,-4.07,27.4,24.46,21.96,19.84,18.03,16.49,0,0,-63.51,8.19,-4.07,Em retrocesso
2514107,São João do Tigre,PB,Nordeste,36.73,48.38,50.19,80.0,11.65,8.39,55.51,61.57,66.73,71.11,74.83,77.99,1,0,-2.01,5.27,8.39,No ritmo da meta
4207205,Imaruí,SC,Sul,63.38,44.91,51.51,80.0,-18.47,-8.62,37.58,31.36,26.06,21.56,17.74,14.49,0,0,-65.51,5.85,-8.62,Em retrocesso
3155900,Rio Preto,MG,Sudeste,71.16,62.04,73.91,80.0,-9.12,1.6,63.4,64.56,65.54,66.37,67.08,67.69,0,0,-12.31,2.99,1.6,Em retrocesso
2100436,Alto Alegre do Maranhão,MA,Nordeste,70.23,51.5,73.29,80.0,-18.73,-8.32,44.43,38.42,33.31,28.96,25.27,22.13,0,0,-57.87,4.75,-8.32,Em retrocesso
2613008,São Bento do Una,PE,Nordeste,55.89,64.03,63.76,80.0,8.14,6.69,69.72,74.55,78.66,82.15,85.12,87.64,1,1,7.64,2.66,6.69,No ritmo da meta
3170438,União de Minas,MG,Sudeste,72.25,72.68,74.64,80.0,0.43,6.37,78.09,82.7,86.61,89.93,92.76,95.16,1,1,15.16,1.22,6.37,No ritmo da meta
2907905,Cipó,BA,Nordeste,27.9,31.09,42.99,80.0,3.19,1.14,32.06,32.88,33.58,34.18,34.68,35.11,0,0,-44.89,8.15,1.14,Ritmo critico
4309050,Glorinha,RS,Sul,65.09,34.3,69.87,80.0,-30.79,-25.37,12.74,0.0,0.0,0.0,0.0,0.0,0,0,-80.0,7.62,-25.37,Em retrocesso
3169604,Tupaciguara,MG,Sudeste,39.03,58.34,51.94,80.0,19.31,15.81,71.78,83.2,92.91,100.0,100.0,100.0,1,1,20.0,3.61,15.81,No ritmo da meta
1100023,Ariquemes,RO,Norte,62.3,65.62,68.02,80.0,3.32,2.71,67.92,69.88,71.55,72.96,74.16,75.18,0,0,-4.82,2.4,2.71,No ritmo da meta
3109451,Cabeceira Grande,MG,Sudeste,40.49,54.59,53.02,80.0,14.1,13.21,65.82,75.36,83.48,90.37,96.23,100.0,1,1,20.0,4.23,13.21,No ritmo da meta
2926905,Rio do Pires,BA,Nordeste,36.5,15.62,50.01,80.0,-20.88,-10.89,6.36,0.0,0.0,0.0,0.0,0.0,0,0,-80.0,10.73,-10.89,Em retrocesso
2931905,Tucano,BA,Nordeste,28.98,35.55,43.93,80.0,6.57,2.83,37.96,40.0,41.74,43.22,44.47,45.54,0,0,-34.46,7.41,2.83,Ritmo critico
2908804,Contendas do Sincorá,BA,Nordeste,24.0,40.62,39.48,80.0,16.62,7.86,47.3,52.98,57.81,61.91,65.4,68.36,1,0,-11.64,6.56,7.86,No ritmo da meta
2604403,Chã de Alegria,PE,Nordeste,62.99,63.28,68.48,80.0,0.29,2.77,65.63,67.64,69.34,70.78,72.01,73.06,0,0,-6.94,2.79,2.77,Ritmo insuficiente
4107520,Esperança Nova,PR,Sul,42.11,71.04,54.21,80.0,28.93,13.6,82.6,92.43,100.0,100.0,100.0,100.0,1,1,20.0,1.49,13.6,No ritmo da meta
2407500,Maxaranguape,RN,Nordeste,39.12,35.11,42.99,80.0,-4.01,0.6,35.62,36.05,36.42,36.74,37.0,37.23,0,0,-42.77,7.48,0.6,Em retrocesso
4107306,Doutor Camargo,PR,Sul,79.12,60.84,79.37,80.0,-18.28,-10.0,52.34,45.12,38.97,33.75,29.32,25.55,0,0,-54.45,3.19,-10.0,Em retrocesso
2708956,Senador Rui Palmeira,AL,Nordeste,51.9,57.08,61.07,80.0,5.18,5.92,62.11,66.39,70.02,73.12,75.74,77.97,1,0,-2.03,3.82,5.92,No ritmo da meta
2705309,Minador do Negrão,AL,Nordeste,30.02,27.99,44.81,80.0,-2.03,2.31,29.95,31.62,33.04,34.25,35.27,36.14,0,0,-43.86,8.67,2.31,Em retrocesso
2932705,Uruçuca,BA,Nordeste,30.01,26.42,44.8,80.0,-3.59,-2.25,24.51,22.88,21.5,20.33,19.33,18.48,0,0,-61.52,8.93,-2.25,Em retrocesso
3156601,Rubim,MG,Sudeste,86.74,63.6,80.0,80.0,-23.14,-5.41,59.0,55.09,51.77,48.95,46.55,44.51,0,0,-35.49,2.73,-5.41,Em retrocesso
3305505,Saquarema,RJ,Sudeste,63.54,62.51,68.84,80.0,-1.03,1.01,63.37,64.1,64.72,65.25,65.69,66.07,0,0,-13.93,2.92,1.01,Em retrocesso
2806107,Rosário do Catete,SE,Nordeste,39.18,39.01,52.05,80.0,-0.17,3.27,41.79,44.15,46.16,47.87,49.32,50.55,0,0,-29.45,6.83,3.27,Em retrocesso
2704302,Maceió,AL,Nordeste,39.23,40.95,52.09,80.0,1.72,4.19,44.51,47.54,50.11,52.3,54.16,55.74,0,0,-24.26,6.51,4.19,Ritmo insuficiente
2110609,São Bernardo,MA,Nordeste,74.43,67.87,76.12,80.0,-6.56,-2.23,65.97,64.36,62.99,61.83,60.84,60.0,0,0,-20.0,2.02,-2.23,Em retrocesso
2701357,Campestre,AL,Nordeste,41.23,62.12,53.57,80.0,20.89,13.77,73.82,83.77,92.23,99.42,100.0,100.0,1,1,20.0,2.98,13.77,No ritmo da meta
2920205,Malhada,BA,Nordeste,25.23,33.68,40.62,80.0,8.45,3.77,36.88,39.61,41.92,43.89,45.56,46.99,0,0,-33.01,7.72,3.77,Ritmo critico
1100072,Corumbiara,RO,Norte,58.2,72.68,65.31,80.0,14.48,8.29,79.73,85.72,90.81,95.13,98.81,100.0,1,1,20.0,1.22,8.29,No ritmo da meta
4213302,Ponte Alta,SC,Sul,40.98,60.53,53.38,80.0,19.55,10.39,69.36,76.87,83.25,88.67,93.28,97.2,1,1,17.2,3.24,10.39,No ritmo da meta
4101051,Anahy,PR,Sul,62.4,69.97,68.09,80.0,7.57,2.92,72.45,74.56,76.35,77.88,79.17,80.28,1,1,0.28,1.67,2.92,No ritmo da meta
2204105,Francisco Ayres,PI,Nordeste,47.28,32.38,57.89,80.0,-14.9,-4.33,28.7,25.57,22.91,20.65,18.73,17.1,0,0,-62.9,7.94,-4.33,Em retrocesso
2922102,Mundo Novo,BA,Nordeste,26.61,33.33,41.86,80.0,6.72,2.91,35.8,37.91,39.69,41.21,42.5,43.6,0,0,-36.4,7.78,2.91,Ritmo critico
4218251,Timbó Grande,SC,Sul,57.76,38.62,,,-19.14,-8.95,31.01,24.55,19.05,14.38,10.41,7.03,0,0,,,-8.95,Em retrocesso
4319158,São Miguel das Missões,RS,Sul,76.3,47.5,77.4,80.0,-28.8,-24.38,26.78,9.16,0.0,0.0,0.0,0.0,0,0,-80.0,5.42,-24.38,Em retrocesso
2604007,Carpina,PE,Nordeste,65.28,59.18,70.0,80.0,-6.1,-0.43,58.81,58.5,58.24,58.02,57.82,57.66,0,0,-22.34,3.47,-0.43,Em retrocesso
1100130,Machadinho D'Oeste,RO,Norte,51.4,64.75,60.73,80.0,13.35,7.73,71.32,76.91,81.65,85.69,89.12,92.03,1,1,12.03,2.54,7.73,No ritmo da meta
2104305,Godofredo Viana,MA,Nordeste,82.97,88.4,80.0,80.0,5.43,3.76,91.6,94.31,96.62,98.58,100.0,100.0,1,1,20.0,-1.4,3.76,No ritmo da meta
2700300,Arapiraca,AL,Nordeste,39.44,43.75,52.24,80.0,4.31,5.48,48.41,52.37,55.73,58.59,61.02,63.09,0,0,-16.91,6.04,5.48,Ritmo insuficiente
2703205,Igreja Nova,AL,Nordeste,47.93,50.74,58.34,80.0,2.81,4.73,54.76,58.18,61.08,63.55,65.65,67.43,0,0,-12.57,4.88,4.73,Ritmo insuficiente
4304663,Capão do Leão,RS,Sul,48.68,28.2,58.86,80.0,-20.48,-20.22,11.01,0.0,0.0,0.0,0.0,0.0,0,0,-80.0,8.63,-20.22,Em retrocesso
2904407,Brejolândia,BA,Nordeste,41.09,40.43,53.46,80.0,-0.66,-0.78,39.77,39.2,38.72,38.32,37.97,37.68,0,0,-42.32,6.6,-0.78,Em retrocesso
2703700,Jaramataia,AL,Nordeste,36.05,40.27,49.67,80.0,4.22,5.44,44.89,48.82,52.17,55.0,57.42,59.47,0,0,-20.53,6.62,5.44,Ritmo insuficiente
2103307,Codó,MA,Nordeste,46.94,50.85,57.65,80.0,3.91,3.0,53.4,55.57,57.41,58.98,60.31,61.44,0,0,-18.56,4.86,3.0,Ritmo insuficiente
1702901,Axixá do Tocantins,TO,Norte,30.34,40.2,45.08,80.0,9.86,9.03,47.88,54.4,59.95,64.66,68.67,72.07,1,0,-7.93,6.63,9.03,No ritmo da meta
2515203,São Sebastião do Umbuzeiro,PB,Nordeste,94.99,69.29,80.0,80.0,-25.7,-10.29,60.54,53.11,46.79,41.42,36.85,32.97,0,0,-47.03,1.78,-10.29,Em retrocesso
3127057,Fronteira dos Vales,MG,Sudeste,37.26,58.66,50.6,80.0,21.4,16.86,72.99,85.17,95.53,100.0,100.0,100.0,1,1,20.0,3.56,16.86,No ritmo da meta
4305454,Cidreira,RS,Sul,42.82,28.2,,,-14.62,-17.29,13.5,1.01,0.0,0.0,0.0,0.0,0,0,,,-17.29,Em retrocesso
4307302,Erval Seco,RS,Sul,67.41,50.4,71.41,80.0,-17.01,-18.48,34.69,21.34,9.99,0.34,0.0,0.0,0,0,-80.0,4.93,-18.48,Em retrocesso
4120903,Quedas do Iguaçu,PR,Sul,71.7,62.11,74.27,80.0,-9.59,-5.66,57.3,53.21,49.73,46.78,44.27,42.13,0,0,-37.87,2.98,-5.66,Em retrocesso
3140308,Marliéria,MG,Sudeste,61.76,70.98,67.67,80.0,9.22,10.77,80.13,87.92,94.53,100.0,100.0,100.0,1,1,20.0,1.5,10.77,No ritmo da meta
2208874,Ribeira do Piauí,PI,Nordeste,57.75,54.84,65.01,80.0,-2.91,1.66,56.25,57.45,58.47,59.34,60.07,60.7,0,0,-19.3,4.19,1.66,Em retrocesso
2805901,Riachuelo,SE,Nordeste,11.32,31.48,25.46,80.0,20.16,13.43,42.9,52.6,60.85,67.86,73.82,78.88,1,0,-1.12,8.09,13.43,No ritmo da meta
2910107,Dom Basílio,BA,Nordeste,48.34,42.74,58.63,80.0,-5.6,-3.25,39.98,37.63,35.63,33.94,32.49,31.27,0,0,-48.73,6.21,-3.25,Em retrocesso
5215207,Novo Brasil,GO,Centro-Oeste,84.09,54.84,80.0,80.0,-29.25,-10.82,45.64,37.83,31.18,25.53,20.73,16.65,0,0,-63.35,4.19,-10.82,Em retrocesso
5200902,Amorinópolis,GO,Centro-Oeste,70.75,80.65,73.63,80.0,9.9,8.75,88.09,94.41,99.78,100.0,100.0,100.0,1,1,20.0,-0.11,8.75,No ritmo da meta
3302403,Macaé,RJ,Sudeste,59.86,59.46,66.41,80.0,-0.4,1.33,60.59,61.55,62.37,63.06,63.65,64.15,0,0,-15.85,3.42,1.33,Em retrocesso
3171907,Virgolândia,MG,Sudeste,87.28,70.97,80.0,80.0,-16.31,-2.0,69.27,67.82,66.6,65.55,64.67,63.91,0,0,-16.09,1.5,-2.0,Em retrocesso
1304302,Urucará,AM,Norte,57.02,73.95,64.52,80.0,16.93,7.74,80.53,86.12,90.87,94.91,98.35,100.0,1,1,20.0,1.01,7.74,No ritmo da meta
2909802,Cruz das Almas,BA,Nordeste,34.64,33.56,48.56,80.0,-1.08,-0.99,32.72,32.0,31.4,30.88,30.44,30.07,0,0,-49.93,7.74,-0.99,Em retrocesso
2932002,Uauá,BA,Nordeste,44.93,40.28,56.24,80.0,-4.65,-2.78,37.92,35.91,34.2,32.75,31.52,30.47,0,0,-49.53,6.62,-2.78,Em retrocesso
2101509,Barão de Grajaú,MA,Nordeste,41.6,51.56,53.84,80.0,9.96,6.03,56.69,61.04,64.75,67.89,70.57,72.84,1,0,-7.16,4.74,6.03,No ritmo da meta
1703701,Brejinho de Nazaré,TO,Norte,38.1,49.45,51.24,80.0,11.35,9.78,57.76,64.83,70.84,75.94,80.28,83.97,1,1,3.97,5.09,9.78,No ritmo da meta
1500131,Abel Figueiredo,PA,Norte,59.81,54.88,66.38,80.0,-4.93,-1.25,53.82,52.91,52.15,51.49,50.94,50.47,0,0,-29.53,4.19,-1.25,Em retrocesso
2601904,Bezerros,PE,Nordeste,51.47,56.84,60.78,80.0,5.37,5.31,61.35,65.19,68.45,71.22,73.58,75.58,1,0,-4.42,3.86,5.31,No ritmo da meta
1100379,Alto Alegre dos Parecis,RO,Norte,69.52,79.54,72.81,80.0,10.02,6.06,84.69,89.07,92.79,95.95,98.64,100.0,1,1,20.0,0.08,6.06,No ritmo da meta
4323002,Viamão,RS,Sul,58.86,38.9,65.74,80.0,-19.96,-19.96,21.93,7.51,0.0,0.0,0.0,0.0,0,0,-80.0,6.85,-19.96,Em retrocesso
2112803,Viana,MA,Nordeste,58.28,53.36,65.36,80.0,-4.92,-1.41,52.16,51.14,50.28,49.54,48.92,48.38,0,0,-31.62,4.44,-1.41,Em retrocesso
2708501,São Luís do Quitunde,AL,Nordeste,39.59,53.64,52.35,80.0,14.05,10.35,62.44,69.92,76.27,81.67,86.27,90.17,1,1,10.17,4.39,10.35,No ritmo da meta
2610103,Palmeirina,PE,Nordeste,60.56,59.45,66.87,80.0,-1.11,2.07,61.21,62.71,63.98,65.06,65.98,66.76,0,0,-13.24,3.42,2.07,Em retrocesso
2601508,Belém de Maria,PE,Nordeste,71.24,79.67,73.96,80.0,8.43,6.84,85.48,90.43,94.63,98.2,100.0,100.0,1,1,20.0,0.05,6.84,No ritmo da meta
1301308,Codajás,AM,Norte,43.66,40.59,55.33,80.0,-3.07,-2.26,38.67,37.04,35.65,34.47,33.47,32.61,0,0,-47.39,6.57,-2.26,Em retrocesso
4316501,Salvador do Sul,RS,Sul,88.12,70.4,80.0,80.0,-17.72,-18.84,54.39,40.77,29.2,19.37,11.01,3.9,0,0,-76.1,1.6,-18.84,Em retrocesso
2402600,Ceará-Mirim,RN,Nordeste,19.95,32.38,40.56,80.0,12.43,8.82,39.88,46.25,51.67,56.27,60.18,63.51,0,0,-16.49,7.94,8.82,No ritmo da meta
2905206,Caetité,BA,Nordeste,49.15,39.02,59.19,80.0,-10.13,-5.52,34.33,30.34,26.95,24.07,21.62,19.54,0,0,-60.46,6.83,-5.52,Em retrocesso
4211504,Nova Trento,SC,Sul,61.51,51.4,,,-10.11,-4.44,47.63,44.42,41.69,39.37,37.4,35.73,0,0,,,-4.44,Em retrocesso
4105607,Cidade Gaúcha,PR,Sul,64.72,63.42,69.62,80.0,-1.3,-1.51,62.14,61.05,60.12,59.33,58.66,58.09,0,0,-21.91,2.76,-1.51,Em retrocesso
4311627,Lindolfo Collor,RS,Sul,67.55,36.1,71.5,80.0,-31.45,-25.7,14.26,0.0,0.0,0.0,0.0,0.0,0,0,-80.0,7.32,-25.7,Em retrocesso
5107297,São José do Povo,MT,Centro-Oeste,80.66,74.75,80.0,80.0,-5.91,0.96,75.57,76.26,76.85,77.35,77.78,78.14,0,0,-1.86,0.88,0.96,Em retrocesso
2700102,Água Branca,AL,Nordeste,47.14,48.8,57.79,80.0,1.66,4.16,52.34,55.34,57.9,60.07,61.91,63.48,0,0,-16.52,5.2,4.16,Ritmo insuficiente
4112751,Jesuítas,PR,Sul,85.83,89.98,80.0,80.0,4.15,1.21,91.01,91.88,92.63,93.26,93.79,94.25,1,1,14.25,-1.66,1.21,No ritmo da meta
1100049,Cacoal,RO,Norte,62.51,65.81,68.16,80.0,3.3,2.7,68.1,70.06,71.71,73.12,74.32,75.34,0,0,-4.66,2.36,2.7,No ritmo da meta
3107000,Biquinhas,MG,Sudeste,88.0,58.22,80.0,80.0,-29.78,-8.73,50.8,44.49,39.13,34.57,30.7,27.41,0,0,-52.59,3.63,-8.73,Em retrocesso
2913002,Ibitiara,BA,Nordeste,62.17,37.36,67.94,80.0,-24.81,-12.86,26.43,17.14,9.24,2.53,0.0,0.0,0,0,-80.0,7.11,-12.86,Em retrocesso
2705705,Olho d'Água das Flores,AL,Nordeste,40.12,45.46,52.75,80.0,5.34,6.0,50.56,54.9,58.58,61.71,64.37,66.64,0,0,-13.36,5.76,6.0,No ritmo da meta
4103040,Boa Ventura de São Roque,PR,Sul,74.78,60.49,76.36,80.0,-14.29,-8.01,53.68,47.89,42.98,38.79,35.24,32.22,0,0,-47.78,3.25,-8.01,Em retrocesso
4116802,Nova Cantu,PR,Sul,79.5,88.03,79.64,80.0,8.53,3.4,90.92,93.38,95.46,97.24,98.75,100.0,1,1,20.0,-1.34,3.4,No ritmo da meta
2405801,João Câmara,RN,Nordeste,22.55,35.88,38.1,80.0,13.33,9.27,43.76,50.46,56.15,60.99,65.1,68.6,1,0,-11.4,7.35,9.27,No ritmo da meta
4108700,Grandes Rios,PR,Sul,65.01,61.6,69.82,80.0,-3.41,-2.57,59.42,57.56,55.98,54.64,53.5,52.53,0,0,-27.47,3.07,-2.57,Em retrocesso
4212502,Penha,SC,Sul,66.56,48.52,,,-18.04,-8.4,41.38,35.31,30.15,25.77,22.04,18.87,0,0,,,-8.4,Em retrocesso
2101301,Bacuri,MA,Nordeste,67.67,57.55,71.58,80.0,-10.12,-4.01,54.14,51.24,48.78,46.69,44.91,43.4,0,0,-36.6,3.74,-4.01,Em retrocesso
2924108,Pedrão,BA,Nordeste,20.72,13.33,36.3,80.0,-7.39,-4.15,9.8,6.8,4.26,2.09,0.25,0.0,0,0,-80.0,11.11,-4.15,Em retrocesso
2200905,Aroazes,PI,Nordeste,57.69,30.0,64.97,80.0,-27.69,-10.73,20.88,13.13,6.54,0.94,0.0,0.0,0,0,-80.0,8.33,-10.73,Em retrocesso
2903953,Bom Jesus da Serra,BA,Nordeste,41.85,24.44,54.02,80.0,-17.41,-9.16,16.65,10.04,4.41,0.0,0.0,0.0,0,0,-80.0,9.26,-9.16,Em retrocesso
2514701,São José do Sabugi,PB,Nordeste,51.51,48.54,60.81,80.0,-2.97,1.08,49.46,50.24,50.9,51.47,51.94,52.35,0,0,-27.65,5.24,1.08,Em retrocesso
4309753,Ibarama,RS,Sul,71.02,41.4,73.81,80.0,-29.62,-24.79,20.33,2.42,0.0,0.0,0.0,0.0,0,0,-80.0,6.43,-24.79,Em retrocesso
2924504,Pindaí,BA,Nordeste,71.04,38.33,73.83,80.0,-32.71,-16.81,24.04,11.9,1.57,0.0,0.0,0.0,0,0,-80.0,6.94,-16.81,Em retrocesso
5213053,Mimoso de Goiás,GO,Centro-Oeste,66.67,80.0,70.92,80.0,13.33,10.47,88.9,96.46,100.0,100.0,100.0,100.0,1,1,20.0,0.0,10.47,No ritmo da meta
3117207,Conceição das Pedras,MG,Sudeste,57.92,76.67,65.12,80.0,18.75,15.53,89.87,100.0,100.0,100.0,100.0,100.0,1,1,20.0,0.55,15.53,No ritmo da meta
3300159,Aperibé,RJ,Sudeste,59.34,68.41,66.06,80.0,9.07,6.06,73.56,77.94,81.66,84.82,87.51,89.8,1,1,9.8,1.93,6.06,No ritmo da meta
2204550,Guaribas,PI,Nordeste,58.08,75.0,65.23,80.0,16.92,11.58,84.84,93.21,100.0,100.0,100.0,100.0,1,1,20.0,0.83,11.58,No ritmo da meta
4200101,Abelardo Luz,SC,Sul,64.82,59.88,69.69,80.0,-4.94,-1.85,58.31,56.97,55.83,54.87,54.05,53.35,0,0,-26.65,3.35,-1.85,Em retrocesso
3300209,Araruama,RJ,Sudeste,50.86,55.89,60.36,80.0,5.03,4.04,59.32,62.24,64.72,66.83,68.63,70.15,0,0,-9.85,4.02,4.04,No ritmo da meta
4118204,Paranaguá,PR,Sul,61.91,61.71,67.77,80.0,-0.2,-0.96,60.89,60.2,59.61,59.11,58.68,58.32,0,0,-21.68,3.05,-0.96,Em retrocesso
2607653,Itambé,PE,Nordeste,48.56,43.31,58.78,80.0,-5.25,-0.0,43.31,43.31,43.31,43.31,43.31,43.31,0,0,-36.69,6.11,-0.0,Em retrocesso
5006002,Nova Alvorada do Sul,MS,Centro-Oeste,37.23,56.52,50.57,80.0,19.29,13.84,68.28,78.28,86.78,94.01,100.0,100.0,1,1,20.0,3.91,13.84,No ritmo da meta
3101508,Além Paraíba,MG,Sudeste,68.94,55.1,72.42,80.0,-13.84,-0.76,54.45,53.9,53.44,53.04,52.7,52.42,0,0,-27.58,4.15,-0.76,Em retrocesso
1101484,São Felipe D'Oeste,RO,Norte,53.34,78.36,62.05,80.0,25.02,13.56,89.89,99.68,100.0,100.0,100.0,100.0,1,1,20.0,0.27,13.56,No ritmo da meta
2904852,Cabaceiras do Paraguaçu,BA,Nordeste,28.03,32.77,,,4.74,1.92,34.4,35.79,36.97,37.97,38.82,39.55,0,0,,,1.92,Ritmo critico
2205581,Lagoa do Piauí,PI,Nordeste,7.17,44.87,19.26,80.0,37.7,21.97,63.54,79.42,92.91,100.0,100.0,100.0,1,1,20.0,5.86,21.97,No ritmo da meta
2804706,Nossa Senhora de Lourdes,SE,Nordeste,19.15,58.77,34.69,80.0,39.62,23.16,78.46,95.19,100.0,100.0,100.0,100.0,1,1,20.0,3.54,23.16,No ritmo da meta
2604502,Chã Grande,PE,Nordeste,55.33,58.51,63.39,80.0,3.18,4.21,62.09,65.13,67.72,69.91,71.78,73.37,0,0,-6.63,3.58,4.21,No ritmo da meta
4112702,Jataizinho,PR,Sul,62.4,60.93,68.09,80.0,-1.47,-1.6,59.57,58.41,57.43,56.6,55.89,55.28,0,0,-24.72,3.18,-1.6,Em retrocesso
4104253,Campo Magro,PR,Sul,59.84,57.97,66.39,80.0,-1.87,-1.8,56.44,55.14,54.03,53.09,52.3,51.62,0,0,-28.38,3.67,-1.8,Em retrocesso
3121209,Delfinópolis,MG,Sudeste,79.23,68.3,79.45,80.0,-10.93,0.69,68.89,69.39,69.81,70.17,70.48,70.74,0,0,-9.26,1.95,0.69,Em retrocesso
2108256,Pedro do Rosário,MA,Nordeste,65.82,57.92,70.35,80.0,-7.9,-2.9,55.46,53.36,51.58,50.06,48.78,47.68,0,0,-32.32,3.68,-2.9,Em retrocesso
3303708,Paraíba do Sul,RJ,Sudeste,49.95,51.96,59.74,80.0,2.01,2.53,54.11,55.94,57.49,58.81,59.94,60.89,0,0,-19.11,4.67,2.53,Ritmo critico
4304705,Carazinho,RS,Sul,63.87,42.0,69.06,80.0,-21.87,-20.91,24.23,9.12,0.0,0.0,0.0,0.0,0,0,-80.0,6.33,-20.91,Em retrocesso
2105401,Itapecuru Mirim,MA,Nordeste,53.35,60.47,62.06,80.0,7.12,4.61,64.39,67.72,70.55,72.96,75.0,76.74,1,0,-3.26,3.26,4.61,No ritmo da meta
2906105,Canápolis,BA,Nordeste,37.3,29.55,50.63,80.0,-7.75,-4.33,25.87,22.74,20.08,17.82,15.9,14.27,0,0,-65.73,8.41,-4.33,Em retrocesso
4318705,São Leopoldo,RS,Sul,57.01,37.2,64.51,80.0,-19.81,-19.88,20.3,5.94,0.0,0.0,0.0,0.0,0,0,-80.0,7.13,-19.88,Em retrocesso
4314605,Piratini,RS,Sul,60.04,42.8,66.53,80.0,-17.24,-18.6,26.99,13.55,2.13,0.0,0.0,0.0,0,0,-80.0,6.2,-18.6,Em retrocesso
2915502,Itajuípe,BA,Nordeste,34.37,34.09,48.35,80.0,-0.28,-0.59,33.59,33.16,32.8,32.49,32.23,32.01,0,0,-47.99,7.65,-0.59,Em retrocesso
1504455,Medicilândia,PA,Norte,48.99,48.44,59.08,80.0,-0.55,0.94,49.24,49.92,50.5,50.99,51.4,51.76,0,0,-28.24,5.26,0.94,Em retrocesso
4115101,Mariluz,PR,Sul,62.44,52.21,68.12,80.0,-10.23,-5.98,47.13,42.81,39.13,36.01,33.36,31.1,0,0,-48.9,4.63,-5.98,Em retrocesso
3151107,Pirapetinga,MG,Sudeste,62.67,66.15,68.27,80.0,3.48,7.9,72.87,78.57,83.42,87.55,91.05,94.03,1,1,14.03,2.31,7.9,No ritmo da meta
2506400,Gurinhém,PB,Nordeste,35.1,27.02,48.93,80.0,-8.08,-1.48,25.76,24.69,23.78,23.01,22.35,21.8,0,0,-58.2,8.83,-1.48,Em retrocesso
4316402,Rosário do Sul,RS,Sul,35.19,34.1,49.0,80.0,-1.09,-10.52,25.16,17.56,11.1,5.61,0.94,0.0,0,0,-80.0,7.65,-10.52,Em retrocesso
4304101,Campos Borges,RS,Sul,26.46,33.9,41.73,80.0,7.44,-6.26,28.58,24.06,20.21,16.94,14.17,11.81,0,0,-68.19,7.68,-6.26,Ritmo critico
4314050,Parobé,RS,Sul,57.83,37.8,65.06,80.0,-20.03,-19.99,20.81,6.37,0.0,0.0,0.0,0.0,0,0,-80.0,7.03,-19.99,Em retrocesso
1501907,Bujaru,PA,Norte,51.4,51.61,60.73,80.0,0.21,1.32,52.73,53.69,54.5,55.19,55.77,56.27,0,0,-23.73,4.73,1.32,Ritmo critico
3305158,São José do Vale do Rio Preto,RJ,Sudeste,71.41,76.78,74.08,80.0,5.37,4.21,80.36,83.4,85.99,88.18,90.05,91.64,1,1,11.64,0.54,4.21,No ritmo da meta
4312500,Mostardas,RS,Sul,51.38,40.8,60.72,80.0,-10.58,-15.27,27.82,16.79,7.41,0.0,0.0,0.0,0,0,-80.0,6.53,-15.27,Em retrocesso
4215505,Santa Cecília,SC,Sul,66.38,57.41,70.72,80.0,-8.97,-3.87,54.12,51.32,48.95,46.93,45.21,43.75,0,0,-36.25,3.77,-3.87,Em retrocesso
4209151,José Boiteux,SC,Sul,37.11,52.77,50.48,80.0,15.66,8.45,59.95,66.06,71.25,75.66,79.41,82.59,1,1,2.59,4.54,8.45,No ritmo da meta
2517407,Zabelê,PB,Nordeste,91.18,64.73,80.0,80.0,-26.45,-10.66,55.67,47.97,41.42,35.86,31.13,27.11,0,0,-52.89,2.54,-10.66,Em retrocesso
2500304,Alagoa Grande,PB,Nordeste,31.28,28.48,45.86,80.0,-2.8,1.16,29.47,30.3,31.02,31.62,32.14,32.57,0,0,-47.43,8.59,1.16,Em retrocesso
4304408,Canela,RS,Sul,78.68,42.2,79.06,80.0,-36.48,-28.22,18.21,0.0,0.0,0.0,0.0,0.0,0,0,-80.0,6.3,-28.22,Em retrocesso
2104800,Grajaú,MA,Nordeste,42.36,45.8,54.39,80.0,3.44,2.77,48.15,50.16,51.86,53.3,54.53,55.58,0,0,-24.42,5.7,2.77,Ritmo critico
3305307,São Sebastião do Alto,RJ,Sudeste,63.7,49.68,68.95,80.0,-14.02,-5.48,45.02,41.06,37.7,34.84,32.41,30.34,0,0,-49.66,5.05,-5.48,Em retrocesso
2209658,São Francisco de Assis do Piauí,PI,Nordeste,33.64,36.86,47.77,80.0,3.22,4.73,40.88,44.3,47.2,49.67,51.77,53.55,0,0,-26.45,7.19,4.73,Ritmo insuficiente
2505600,Diamante,PB,Nordeste,25.0,72.15,40.4,80.0,47.15,26.14,94.37,100.0,100.0,100.0,100.0,100.0,1,1,20.0,1.31,26.14,No ritmo da meta
4323804,Xangri-lá,RS,Sul,56.84,37.9,64.4,80.0,-18.94,-19.45,21.37,7.31,0.0,0.0,0.0,0.0,0,0,-80.0,7.02,-19.45,Em retrocesso
4212304,Paulo Lopes,SC,Sul,63.06,40.02,68.53,80.0,-23.04,-10.9,30.76,22.88,16.19,10.5,5.66,1.55,0,0,-78.45,6.66,-10.9,Em retrocesso
4310306,Ilópolis,RS,Sul,87.4,48.3,80.0,80.0,-39.1,-29.53,23.2,1.86,0.0,0.0,0.0,0.0,0,0,-80.0,5.28,-29.53,Em retrocesso
2614204,Sirinhaém,PE,Nordeste,60.3,74.49,66.7,80.0,14.19,9.72,82.75,89.77,95.74,100.0,100.0,100.0,1,1,20.0,0.92,9.72,No ritmo da meta
4101309,Antônio Olinto,PR,Sul,91.41,88.26,80.0,80.0,-3.15,-2.44,86.19,84.42,82.92,81.65,80.57,79.65,1,0,-0.35,-1.38,-2.44,Em retrocesso
3119609,Coronel Pacheco,MG,Sudeste,100.0,59.91,80.0,80.0,-40.09,-13.89,48.1,38.07,29.54,22.29,16.12,10.89,0,0,-69.11,3.35,-13.89,Em retrocesso
3303906,Petrópolis,RJ,Sudeste,62.52,64.81,68.17,80.0,2.29,2.67,67.08,69.01,70.65,72.04,73.23,74.23,0,0,-5.77,2.53,2.67,No ritmo da meta
2104552,Governador Edison Lobão,MA,Nordeste,80.4,67.46,80.0,80.0,-12.94,-5.42,62.85,58.94,55.61,52.78,50.37,48.33,0,0,-31.67,2.09,-5.42,Em retrocesso
4126504,Sertanópolis,PR,Sul,66.76,61.98,70.98,80.0,-4.78,-3.25,59.22,56.87,54.87,53.18,51.73,50.51,0,0,-29.49,3.0,-3.25,Em retrocesso
2928208,Santana,BA,Nordeste,29.91,38.7,44.72,80.0,8.79,3.94,42.05,44.9,47.32,49.37,51.12,52.61,0,0,-27.39,6.88,3.94,Ritmo critico
4217709,Sombrio,SC,Sul,64.93,49.72,69.76,80.0,-15.21,-6.99,43.78,38.73,34.44,30.79,27.69,25.05,0,0,-54.95,5.05,-6.99,Em retrocesso
2103505,Colinas,MA,Nordeste,59.5,49.9,66.17,80.0,-9.6,-3.75,46.71,44.0,41.7,39.74,38.08,36.66,0,0,-43.34,5.02,-3.75,Em retrocesso
2804201,Monte Alegre de Sergipe,SE,Nordeste,24.77,35.07,40.19,80.0,10.3,8.5,42.3,48.44,53.66,58.09,61.86,65.07,1,0,-14.93,7.49,8.5,No ritmo da meta
4211306,Navegantes,SC,Sul,54.66,53.39,,,-1.27,-0.02,53.37,53.36,53.35,53.34,53.33,53.32,0,0,,,-0.02,Em retrocesso
2919702,Macarani,BA,Nordeste,49.05,44.74,59.12,80.0,-4.31,-2.61,42.52,40.64,39.03,37.67,36.51,35.53,0,0,-44.47,5.88,-2.61,Em retrocesso
2603454,Camaragibe,PE,Nordeste,58.66,57.57,65.61,80.0,-1.09,2.08,59.34,60.84,62.12,63.2,64.13,64.91,0,0,-15.09,3.74,2.08,Em retrocesso
2605707,Floresta,PE,Nordeste,33.42,51.67,47.6,80.0,18.25,11.75,61.66,70.15,77.36,83.5,88.71,93.14,1,1,13.14,4.72,11.75,No ritmo da meta
1501501,Benevides,PA,Norte,60.59,65.29,66.89,80.0,4.7,3.57,68.32,70.9,73.1,74.96,76.54,77.89,1,0,-2.11,2.45,3.57,No ritmo da meta
4217907,Tangará,SC,Sul,80.35,77.62,,,-2.73,-0.75,76.98,76.44,75.98,75.59,75.26,74.97,0,0,,,-0.75,Em retrocesso
2515609,Serra da Raiz,PB,Nordeste,17.39,48.92,32.81,80.0,31.53,18.33,64.5,77.74,89.0,98.57,100.0,100.0,1,1,20.0,5.18,18.33,No ritmo da meta
2405009,Jaçanã,RN,Nordeste,47.01,39.09,57.7,80.0,-7.92,-1.35,37.94,36.97,36.14,35.43,34.83,34.33,0,0,-45.67,6.82,-1.35,Em retrocesso
1714880,Nova Olinda,TO,Norte,25.45,40.7,40.82,80.0,15.25,11.73,50.67,59.15,66.35,72.47,77.68,82.1,1,1,2.1,6.55,11.73,No ritmo da meta
1101609,Theobroma,RO,Norte,50.7,78.73,60.25,80.0,28.03,15.07,91.54,100.0,100.0,100.0,100.0,100.0,1,1,20.0,0.21,15.07,No ritmo da meta
2933307,Vitória da Conquista,BA,Nordeste,47.86,42.75,58.3,80.0,-5.11,-3.01,40.19,38.02,36.17,34.6,33.26,32.13,0,0,-47.87,6.21,-3.01,Em retrocesso
2921104,Medeiros Neto,BA,Nordeste,51.46,46.9,60.77,80.0,-4.56,-2.73,44.58,42.61,40.93,39.51,38.29,37.26,0,0,-42.74,5.52,-2.73,Em retrocesso
1504000,Limoeiro do Ajuru,PA,Norte,47.64,47.82,58.14,80.0,0.18,1.31,48.93,49.88,50.68,51.37,51.95,52.44,0,0,-27.56,5.36,1.31,Ritmo critico
5004106,Guia Lopes da Laguna,MS,Centro-Oeste,46.91,64.58,57.63,80.0,17.67,13.03,75.66,85.07,93.07,99.87,100.0,100.0,1,1,20.0,2.57,13.03,No ritmo da meta
3144300,Nanuque,MG,Sudeste,51.97,57.67,61.12,80.0,5.7,9.01,65.33,71.84,77.37,82.07,86.07,89.47,1,1,9.47,3.72,9.01,No ritmo da meta
4120101,Porto Amazonas,PR,Sul,69.78,76.84,72.98,80.0,7.06,2.67,79.11,81.04,82.68,84.07,85.26,86.26,1,1,6.26,0.53,2.67,No ritmo da meta
3134301,Itumirim,MG,Sudeste,59.21,73.75,65.98,80.0,14.54,13.43,85.17,94.87,100.0,100.0,100.0,100.0,1,1,20.0,1.04,13.43,No ritmo da meta
3160306,Santo Antônio do Jacinto,MG,Sudeste,62.95,65.72,68.45,80.0,2.77,7.54,72.13,77.58,82.21,86.14,89.49,92.33,1,1,12.33,2.38,7.54,No ritmo da meta
5007208,Rio Brilhante,MS,Centro-Oeste,40.18,52.67,52.79,80.0,12.49,10.44,61.54,69.09,75.5,80.95,85.58,89.52,1,1,9.52,4.56,10.44,No ritmo da meta
2613107,São Caitano,PE,Nordeste,45.1,53.17,56.36,80.0,8.07,6.66,58.83,63.64,67.73,71.21,74.16,76.68,1,0,-3.32,4.47,6.66,No ritmo da meta
3135050,Jaíba,MG,Sudeste,42.81,63.5,54.72,80.0,20.69,16.5,77.53,89.45,99.58,100.0,100.0,100.0,1,1,20.0,2.75,16.5,No ritmo da meta
1100809,Candeias do Jamari,RO,Norte,48.96,51.63,59.06,80.0,2.67,2.39,53.66,55.39,56.86,58.1,59.16,60.07,0,0,-19.93,4.73,2.39,Ritmo critico
2406403,Lagoa de Velhos,RN,Nordeste,41.67,29.67,53.89,80.0,-12.0,-3.39,26.79,24.34,22.26,20.49,18.98,17.71,0,0,-62.29,8.39,-3.39,Em retrocesso
2913309,Ichu,BA,Nordeste,28.43,32.14,,,3.71,1.4,33.33,34.34,35.2,35.93,36.55,37.08,0,0,,,1.4,Ritmo critico
2409100,Passa e Fica,RN,Nordeste,24.57,41.07,40.01,80.0,16.5,10.86,50.3,58.15,64.82,70.49,75.3,79.4,1,0,-0.6,6.49,10.86,No ritmo da meta
1700251,Abreulândia,TO,Norte,62.07,75.0,67.87,80.0,12.93,10.57,83.98,91.62,98.11,100.0,100.0,100.0,1,1,20.0,0.83,10.57,No ritmo da meta
2203800,Flores do Piauí,PI,Nordeste,46.83,43.3,57.58,80.0,-3.53,1.35,44.45,45.42,46.25,46.96,47.56,48.06,0,0,-31.94,6.12,1.35,Em retrocesso
2924900,Planaltino,BA,Nordeste,53.78,42.86,62.35,80.0,-10.92,-5.91,37.84,33.57,29.94,26.85,24.23,22.0,0,0,-58.0,6.19,-5.91,Em retrocesso
4218855,União do Oeste,SC,Sul,67.41,65.0,71.41,80.0,-2.41,-0.59,64.5,64.07,63.71,63.4,63.14,62.92,0,0,-17.08,2.5,-0.59,Em retrocesso
3144201,Nacip Raydan,MG,Sudeste,58.67,62.86,65.62,80.0,4.19,8.25,69.87,75.83,80.9,85.21,88.87,91.98,1,1,11.98,2.86,8.25,No ritmo da meta
2905156,Caetanos,BA,Nordeste,24.86,46.43,40.28,80.0,21.57,10.33,55.21,62.67,69.02,74.41,78.99,82.89,1,1,2.89,5.6,10.33,No ritmo da meta
2201309,Barreiras do Piauí,PI,Nordeste,38.39,50.77,51.45,80.0,12.38,9.31,58.68,65.41,71.13,75.99,80.12,83.63,1,1,3.63,4.87,9.31,No ritmo da meta
5205521,Colinas do Sul,GO,Centro-Oeste,62.72,58.9,68.3,80.0,-3.82,1.89,60.51,61.87,63.03,64.02,64.86,65.57,0,0,-14.43,3.52,1.89,Em retrocesso
2209757,São Gonçalo do Gurguéia,PI,Nordeste,76.47,60.71,77.52,80.0,-15.76,-4.76,56.66,53.22,50.3,47.82,45.7,43.91,0,0,-36.09,3.22,-4.76,Em retrocesso
3107505,Bom Jardim de Minas,MG,Sudeste,47.71,60.13,58.19,80.0,12.42,12.37,70.64,79.58,87.18,93.64,99.12,100.0,1,1,20.0,3.31,12.37,No ritmo da meta
2108702,Pio XII,MA,Nordeste,24.85,63.6,40.27,80.0,38.75,20.42,80.96,95.71,100.0,100.0,100.0,100.0,1,1,20.0,2.73,20.42,No ritmo da meta
2709103,Taquarana,AL,Nordeste,44.02,38.96,55.59,80.0,-5.06,0.8,39.64,40.22,40.71,41.13,41.48,41.78,0,0,-38.22,6.84,0.8,Em retrocesso
4321105,Tapes,RS,Sul,58.59,59.3,65.57,80.0,0.71,-9.62,51.12,44.17,38.26,33.24,28.97,25.35,0,0,-54.65,3.45,-9.62,Ritmo critico
4115358,Maripá,PR,Sul,80.97,76.69,80.0,80.0,-4.28,-3.0,74.14,71.97,70.13,68.56,67.23,66.1,0,0,-13.9,0.55,-3.0,Em retrocesso
2108900,Poção de Pedras,MA,Nordeste,89.32,77.27,80.0,80.0,-12.05,-4.98,73.04,69.44,66.38,63.78,61.57,59.69,0,0,-20.31,0.46,-4.98,Em retrocesso
2108405,Peri Mirim,MA,Nordeste,35.34,61.02,49.11,80.0,25.68,13.89,72.83,82.86,91.39,98.64,100.0,100.0,1,1,20.0,3.16,13.89,No ritmo da meta
3157336,Santa Cruz de Minas,MG,Sudeste,63.86,43.82,69.06,80.0,-20.04,-3.86,40.54,37.75,35.38,33.36,31.65,30.2,0,0,-49.8,6.03,-3.86,Em retrocesso
5002159,Bodoquena,MS,Centro-Oeste,44.62,46.43,56.02,80.0,1.81,5.1,50.76,54.45,57.58,60.24,62.51,64.43,0,0,-15.57,5.6,5.1,Ritmo insuficiente
2616407,Vitória de Santo Antão,PE,Nordeste,46.09,50.66,57.06,80.0,4.57,4.91,54.83,58.38,61.4,63.96,66.14,67.99,0,0,-12.01,4.89,4.91,No ritmo da meta
5200258,Águas Lindas de Goiás,GO,Centro-Oeste,48.9,53.9,59.02,80.0,5.0,6.3,59.26,63.81,67.68,70.96,73.76,76.14,1,0,-3.86,4.35,6.3,No ritmo da meta
3205150,Vila Pavão,ES,Sudeste,74.58,61.4,76.22,80.0,-13.18,-4.25,57.79,54.72,52.11,49.89,48.0,46.4,0,0,-33.6,3.1,-4.25,Em retrocesso
2608800,Lajedo,PE,Nordeste,47.71,57.42,58.19,80.0,9.71,7.48,63.78,69.18,73.78,77.68,81.0,83.82,1,1,3.82,3.76,7.48,No ritmo da meta
2900355,Adustina,BA,Nordeste,44.68,42.45,56.06,80.0,-2.23,-1.57,41.12,39.98,39.02,38.2,37.5,36.91,0,0,-43.09,6.26,-1.57,Em retrocesso
2922409,Mutuípe,BA,Nordeste,58.37,48.92,65.42,80.0,-9.45,-5.18,44.52,40.77,37.59,34.89,32.59,30.64,0,0,-49.36,5.18,-5.18,Em retrocesso
2803005,Itabaianinha,SE,Nordeste,59.05,58.61,65.87,80.0,-0.44,3.13,61.27,63.53,65.45,67.09,68.48,69.66,0,0,-10.34,3.56,3.13,Em retrocesso
4103503,Califórnia,PR,Sul,81.85,69.28,80.0,80.0,-12.57,-7.15,63.2,58.04,53.65,49.91,46.74,44.04,0,0,-35.96,1.79,-7.15,Em retrocesso
2912202,Ibicoara,BA,Nordeste,27.86,32.53,42.96,80.0,4.67,1.88,34.13,35.49,36.64,37.62,38.46,39.17,0,0,-40.83,7.91,1.88,Ritmo critico
4322509,Vacaria,RS,Sul,65.96,38.1,70.45,80.0,-27.86,-23.91,17.78,0.5,0.0,0.0,0.0,0.0,0,0,-80.0,6.98,-23.91,Em retrocesso
2901007,Amargosa,BA,Nordeste,51.07,51.0,60.51,80.0,-0.07,-0.49,50.58,50.23,49.93,49.67,49.46,49.27,0,0,-30.73,4.83,-0.49,Em retrocesso
4107801,Floraí,PR,Sul,77.34,85.2,78.12,80.0,7.86,3.07,87.81,90.03,91.91,93.52,94.88,96.04,1,1,16.04,-0.87,3.07,No ritmo da meta
2102309,Buriti Bravo,MA,Nordeste,31.4,57.18,45.96,80.0,25.78,13.94,69.03,79.1,87.66,94.94,100.0,100.0,1,1,20.0,3.8,13.94,No ritmo da meta
2109908,Santa Inês,MA,Nordeste,47.14,48.48,57.79,80.0,1.34,1.72,49.94,51.18,52.24,53.14,53.9,54.55,0,0,-25.45,5.25,1.72,Ritmo critico
3201100,Bom Jesus do Norte,ES,Sudeste,67.14,67.33,71.23,80.0,0.19,2.44,69.4,71.17,72.67,73.94,75.02,75.94,0,0,-4.06,2.11,2.44,No ritmo da meta
2606606,Ibimirim,PE,Nordeste,50.76,61.76,60.3,80.0,11.0,8.12,68.66,74.53,79.52,83.75,87.36,90.42,1,1,10.42,3.04,8.12,No ritmo da meta
3141009,Mato Verde,MG,Sudeste,69.02,61.37,72.48,80.0,-7.65,2.33,63.35,65.03,66.46,67.68,68.71,69.59,0,0,-10.41,3.11,2.33,Em retrocesso
4202503,Bom Jardim da Serra,SC,Sul,40.62,28.72,53.12,80.0,-11.9,-5.33,24.19,20.34,17.07,14.28,11.92,9.91,0,0,-70.09,8.55,-5.33,Em retrocesso
2402402,Carnaúba dos Dantas,RN,Nordeste,65.52,29.88,70.15,80.0,-35.64,-15.21,16.95,5.96,0.0,0.0,0.0,0.0,0,0,-80.0,8.35,-15.21,Em retrocesso
4306908,Encruzilhada do Sul,RS,Sul,63.87,39.4,69.06,80.0,-24.47,-22.21,20.52,4.47,0.0,0.0,0.0,0.0,0,0,-80.0,6.77,-22.21,Em retrocesso
4322400,Uruguaiana,RS,Sul,61.3,47.3,67.36,80.0,-14.0,-16.98,32.87,20.6,10.17,1.31,0.0,0.0,0,0,-80.0,5.45,-16.98,Em retrocesso
2702603,Feira Grande,AL,Nordeste,35.2,44.46,49.0,80.0,9.26,7.96,51.23,56.98,61.87,66.02,69.55,72.55,1,0,-7.45,5.92,7.96,No ritmo da meta
4104428,Candói,PR,Sul,73.37,64.69,75.4,80.0,-8.68,-5.2,60.27,56.51,53.32,50.61,48.3,46.34,0,0,-33.66,2.55,-5.2,Em retrocesso
4115705,Matinhos,PR,Sul,70.38,63.15,73.39,80.0,-7.23,-4.48,59.34,56.11,53.35,51.02,49.03,47.34,0,0,-32.66,2.81,-4.48,Em retrocesso
3107208,Bocaina de Minas,MG,Sudeste,50.0,73.33,59.77,80.0,23.33,17.82,88.48,100.0,100.0,100.0,100.0,100.0,1,1,20.0,1.11,17.82,No ritmo da meta
1712009,Lajeado,TO,Norte,40.45,38.15,52.99,80.0,-2.3,2.95,40.66,42.79,44.6,46.14,47.45,48.56,0,0,-31.44,6.98,2.95,Em retrocesso
4211702,Orleans,SC,Sul,65.83,68.14,70.36,80.0,2.31,1.77,69.64,70.92,72.01,72.93,73.72,74.39,0,0,-5.61,1.98,1.77,Ritmo insuficiente
2901601,Antas,BA,Nordeste,44.12,23.17,55.66,80.0,-20.95,-10.93,13.88,5.98,0.0,0.0,0.0,0.0,0,0,-80.0,9.47,-10.93,Em retrocesso
4310603,Itaqui,RS,Sul,61.18,44.1,,,-17.08,-18.52,28.36,14.98,3.6,0.0,0.0,0.0,0,0,,,-18.52,Em retrocesso
2513356,Santa Inês,PB,Nordeste,52.66,39.01,61.59,80.0,-13.65,-4.26,35.39,32.31,29.69,27.47,25.58,23.97,0,0,-56.03,6.83,-4.26,Em retrocesso
5104906,Jangada,MT,Centro-Oeste,55.89,54.87,63.76,80.0,-1.02,3.4,57.76,60.22,62.3,64.08,65.59,66.87,0,0,-13.13,4.19,3.4,Em retrocesso
3171303,Viçosa,MG,Sudeste,62.67,72.11,68.27,80.0,9.44,10.88,81.36,89.22,95.9,100.0,100.0,100.0,1,1,20.0,1.32,10.88,No ritmo da meta
3115201,Conceição da Barra de Minas,MG,Sudeste,68.75,70.43,72.3,80.0,1.68,7.0,76.38,81.44,85.74,89.39,92.5,95.14,1,1,15.14,1.59,7.0,No ritmo da meta
2707305,Porto Calvo,AL,Nordeste,36.55,45.99,50.05,80.0,9.44,8.05,52.83,58.65,63.59,67.79,71.37,74.4,1,0,-5.6,5.67,8.05,No ritmo da meta
2914604,Irecê,BA,Nordeste,42.02,46.83,54.14,80.0,4.81,1.95,48.49,49.9,51.09,52.11,52.98,53.71,0,0,-26.29,5.53,1.95,Ritmo critico
1502939,Dom Eliseu,PA,Norte,59.32,69.24,66.05,80.0,9.92,6.18,74.49,78.96,82.75,85.98,88.72,91.05,1,1,11.05,1.79,6.18,No ritmo da meta
3132305,Itaipé,MG,Sudeste,57.48,55.18,64.83,80.0,-2.3,5.01,59.44,63.06,66.13,68.75,70.97,72.86,0,0,-7.14,4.14,5.01,Em retrocesso
4313409,Novo Hamburgo,RS,Sul,62.37,36.0,68.07,80.0,-26.37,-23.16,16.31,0.0,0.0,0.0,0.0,0.0,0,0,-80.0,7.33,-23.16,Em retrocesso
2901304,Andaraí,BA,Nordeste,44.8,47.79,56.14,80.0,2.99,1.04,48.67,49.43,50.06,50.61,51.07,51.46,0,0,-28.54,5.37,1.04,Ritmo critico
4109807,Ibiporã,PR,Sul,73.36,64.9,75.39,80.0,-8.46,-5.09,60.57,56.9,53.77,51.11,48.85,46.93,0,0,-33.07,2.52,-5.09,Em retrocesso
5005202,Ladário,MS,Centro-Oeste,25.17,33.36,40.56,80.0,8.19,8.29,40.41,46.4,51.49,55.81,59.49,62.62,0,0,-17.38,7.77,8.29,No ritmo da meta
4321204,Taquara,RS,Sul,63.93,44.6,69.1,80.0,-19.33,-19.64,27.91,13.72,1.65,0.0,0.0,0.0,0,0,-80.0,5.9,-19.64,Em retrocesso
4108452,Foz do Jordão,PR,Sul,83.19,78.1,80.0,80.0,-5.09,-3.41,75.2,72.74,70.64,68.86,67.35,66.06,0,0,-13.94,0.32,-3.41,Em retrocesso
2927804,Santa Cruz da Vitória,BA,Nordeste,45.13,37.04,56.38,80.0,-8.09,-4.5,33.21,29.96,27.2,24.85,22.85,21.16,0,0,-58.84,7.16,-4.5,Em retrocesso
3120300,Cristália,MG,Sudeste,26.36,54.17,41.64,80.0,27.81,20.06,71.22,85.71,98.03,100.0,100.0,100.0,1,1,20.0,4.3,20.06,No ritmo da meta
4314423,Picada Café,RS,Sul,85.93,57.1,80.0,80.0,-28.83,-24.39,36.37,18.75,3.77,0.0,0.0,0.0,0,0,-80.0,3.82,-24.39,Em retrocesso
5218003,Porangatu,GO,Centro-Oeste,51.66,49.92,60.91,80.0,-1.74,2.93,52.41,54.53,56.33,57.86,59.16,60.26,0,0,-19.74,5.01,2.93,Em retrocesso
1101492,São Francisco do Guaporé,RO,Norte,65.79,62.99,70.33,80.0,-2.8,-0.35,62.69,62.44,62.22,62.04,61.89,61.75,0,0,-18.25,2.83,-0.35,Em retrocesso
4201109,Anitápolis,SC,Sul,61.48,56.94,61.39,80.0,-4.54,-1.65,55.54,54.35,53.33,52.47,51.74,51.12,0,0,-28.88,3.84,-1.65,Em retrocesso
2911303,Gentio do Ouro,BA,Nordeste,45.07,54.32,56.33,80.0,9.25,4.17,57.86,60.88,63.44,65.61,67.47,69.04,1,0,-10.96,4.28,4.17,Ritmo insuficiente
3136801,Juramento,MG,Sudeste,63.23,55.56,68.64,80.0,-7.67,2.32,57.53,59.21,60.63,61.84,62.87,63.75,0,0,-16.25,4.07,2.32,Em retrocesso
4113759,Lunardelli,PR,Sul,57.46,70.4,64.81,80.0,12.94,5.61,75.17,79.22,82.67,85.6,88.08,90.2,1,1,10.2,1.6,5.61,No ritmo da meta
4320503,Sertão,RS,Sul,59.81,47.2,66.38,80.0,-12.61,-16.28,33.36,21.6,11.6,3.1,0.0,0.0,0,0,-80.0,5.47,-16.28,Em retrocesso
3135704,Jequitibá,MG,Sudeste,52.44,65.96,61.44,80.0,13.52,12.92,76.94,86.28,94.21,100.0,100.0,100.0,1,1,20.0,2.34,12.92,No ritmo da meta
1301704,Humaitá,AM,Norte,50.25,57.23,59.95,80.0,6.98,2.77,59.58,61.59,63.29,64.73,65.96,67.01,0,0,-12.99,3.8,2.77,Ritmo insuficiente
2103554,Conceição do Lago-Açu,MA,Nordeste,43.89,54.26,55.49,80.0,10.37,6.23,59.56,64.06,67.88,71.13,73.9,76.25,1,0,-3.75,4.29,6.23,No ritmo da meta
3160009,Santo Antônio do Aventureiro,MG,Sudeste,80.0,45.65,80.0,80.0,-34.35,-11.02,36.28,28.32,21.55,15.8,10.91,6.76,0,0,-73.24,5.72,-11.02,Em retrocesso
4200754,Alto Bela Vista,SC,Sul,87.39,85.18,80.0,80.0,-2.21,-0.49,84.76,84.41,84.11,83.85,83.64,83.45,1,1,3.45,-0.86,-0.49,Em retrocesso
2708006,Santana do Ipanema,AL,Nordeste,34.79,44.16,48.68,80.0,9.37,8.01,50.97,56.76,61.67,65.86,69.41,72.43,1,0,-7.57,5.97,8.01,No ritmo da meta
4312906,Nova Bassano,RS,Sul,77.91,51.8,78.52,80.0,-26.11,-23.03,32.22,15.59,1.44,0.0,0.0,0.0,0,0,-80.0,4.7,-23.03,Em retrocesso
3166709,Serra dos Aimorés,MG,Sudeste,51.8,65.83,61.01,80.0,14.03,13.17,77.02,86.54,94.63,100.0,100.0,100.0,1,1,20.0,2.36,13.17,No ritmo da meta
4300059,Água Santa,RS,Sul,64.61,55.1,69.55,80.0,-9.51,-14.73,42.58,31.94,22.89,15.2,8.67,3.11,0,0,-76.89,4.15,-14.73,Em retrocesso
4113304,Laranjeiras do Sul,PR,Sul,72.14,68.0,74.57,80.0,-4.14,-2.93,65.51,63.39,61.59,60.06,58.76,57.66,0,0,-22.34,2.0,-2.93,Em retrocesso
2906501,Candeias,BA,Nordeste,32.66,36.67,46.98,80.0,4.01,1.55,37.99,39.11,40.06,40.87,41.56,42.14,0,0,-37.86,7.22,1.55,Ritmo critico
2706703,Penedo,AL,Nordeste,40.85,42.23,53.29,80.0,1.38,4.02,45.65,48.55,51.02,53.12,54.9,56.42,0,0,-23.58,6.3,4.02,Ritmo insuficiente
3302106,Itaocara,RJ,Sudeste,65.31,70.09,70.01,80.0,4.78,3.92,73.42,76.25,78.66,80.71,82.45,83.93,1,1,3.93,1.65,3.92,No ritmo da meta
4118709,Paulo Frontin,PR,Sul,90.71,84.51,80.0,80.0,-6.2,-3.96,81.14,78.28,75.85,73.78,72.03,70.53,1,0,-9.47,-0.75,-3.96,Em retrocesso
3519253,Iaras,SP,Sudeste,42.55,42.77,54.53,80.0,0.22,1.67,44.19,45.4,46.42,47.29,48.03,48.66,0,0,-31.34,6.2,1.67,Ritmo critico
4305801,Constantina,RS,Sul,80.01,45.7,80.0,80.0,-34.31,-27.13,22.64,3.04,0.0,0.0,0.0,0.0,0,0,-80.0,5.72,-27.13,Em retrocesso
1715705,Palmeirante,TO,Norte,9.01,31.27,22.17,80.0,22.26,15.23,44.22,55.22,64.57,72.52,79.28,85.02,1,1,5.02,8.12,15.23,No ritmo da meta
3154804,Rio Acima,MG,Sudeste,40.74,72.91,53.21,80.0,32.17,22.24,91.81,100.0,100.0,100.0,100.0,100.0,1,1,20.0,1.18,22.24,No ritmo da meta
2606705,Ibirajuba,PE,Nordeste,39.34,62.42,52.17,80.0,23.08,14.16,74.46,84.69,93.38,100.0,100.0,100.0,1,1,20.0,2.93,14.16,No ritmo da meta
2100907,Araioses,MA,Nordeste,56.23,42.52,63.99,80.0,-13.71,-5.81,37.58,33.38,29.82,26.78,24.2,22.01,0,0,-57.99,6.25,-5.81,Em retrocesso
4209706,Lebon Régis,SC,Sul,40.87,56.41,53.3,80.0,15.54,8.39,63.54,69.6,74.76,79.14,82.86,86.02,1,1,6.02,3.93,8.39,No ritmo da meta
2902807,Barra da Estiva,BA,Nordeste,47.58,47.17,58.1,80.0,-0.41,-0.66,46.61,46.13,45.73,45.38,45.09,44.84,0,0,-35.16,5.47,-0.66,Em retrocesso
4319356,São Pedro da Serra,RS,Sul,80.67,58.8,80.0,80.0,-21.87,-20.91,41.03,25.92,13.08,2.16,0.0,0.0,0,0,-80.0,3.53,-20.91,Em retrocesso
4105805,Colombo,PR,Sul,64.92,60.67,69.76,80.0,-4.25,-2.99,58.13,55.97,54.13,52.57,51.24,50.12,0,0,-29.88,3.22,-2.99,Em retrocesso
2211100,União,PI,Nordeste,26.82,35.21,42.05,80.0,8.39,7.31,41.42,46.7,51.19,55.01,58.25,61.01,0,0,-18.99,7.46,7.31,Ritmo insuficiente
3306107,Valença,RJ,Sudeste,58.36,55.84,65.41,80.0,-2.52,0.27,56.07,56.26,56.43,56.57,56.69,56.79,0,0,-23.21,4.03,0.27,Em retrocesso
1100940,Cujubim,RO,Norte,77.47,67.6,78.22,80.0,-9.87,-3.88,64.3,61.5,59.12,57.09,55.37,53.91,0,0,-26.09,2.07,-3.88,Em retrocesso
4113502,Loanda,PR,Sul,72.42,73.8,74.76,80.0,1.38,-0.17,73.66,73.53,73.43,73.34,73.26,73.2,0,0,-6.8,1.03,-0.17,Ritmo critico
2400406,Água Nova,RN,Nordeste,33.29,39.66,47.49,80.0,6.37,5.79,44.58,48.76,52.32,55.34,57.91,60.1,0,0,-19.9,6.72,5.79,Ritmo insuficiente
3114550,Carneirinho,MG,Sudeste,52.21,64.51,61.28,80.0,12.3,12.31,74.97,83.87,91.43,97.85,100.0,100.0,1,1,20.0,2.58,12.31,No ritmo da meta
5003751,Eldorado,MS,Centro-Oeste,75.4,56.45,76.78,80.0,-18.95,-5.28,51.96,48.15,44.9,42.15,39.81,37.81,0,0,-42.19,3.92,-5.28,Em retrocesso
2905107,Caém,BA,Nordeste,35.37,36.71,49.14,80.0,1.34,0.22,36.9,37.06,37.19,37.31,37.4,37.49,0,0,-42.51,7.22,0.22,Ritmo critico
4301107,Arroio dos Ratos,RS,Sul,40.49,43.2,53.02,80.0,2.71,-8.62,35.87,29.65,24.35,19.85,16.03,12.78,0,0,-67.22,6.13,-8.62,Ritmo critico
4126256,Sarandi,PR,Sul,57.98,56.55,65.16,80.0,-1.43,-1.58,55.21,54.07,53.1,52.27,51.57,50.97,0,0,-29.03,3.91,-1.58,Em retrocesso
4302501,Bossoroca,RS,Sul,50.0,38.4,59.77,80.0,-11.6,-15.78,24.99,13.59,3.9,0.0,0.0,0.0,0,0,-80.0,6.93,-15.78,Em retrocesso
2412203,São José de Mipibu,RN,Nordeste,34.64,34.77,48.56,80.0,0.13,2.67,37.04,38.97,40.61,42.0,43.19,44.19,0,0,-35.81,7.54,2.67,Ritmo critico
2800506,Areia Branca,SE,Nordeste,27.09,44.81,42.28,80.0,17.72,12.21,55.19,64.01,71.51,77.88,83.3,87.91,1,1,7.91,5.86,12.21,No ritmo da meta
4101606,Arapoti,PR,Sul,75.42,67.63,76.8,80.0,-7.79,-4.76,63.58,60.14,57.22,54.74,52.62,50.83,0,0,-29.17,2.06,-4.76,Em retrocesso
2412609,São Paulo do Potengi,RN,Nordeste,54.24,36.91,,,-17.33,-6.06,31.76,27.38,23.66,20.5,17.81,15.52,0,0,,,-6.06,Em retrocesso
4128807,Xambrê,PR,Sul,73.84,55.19,75.72,80.0,-18.65,-10.19,46.53,39.17,32.91,27.59,23.07,19.22,0,0,-60.78,4.14,-10.19,Em retrocesso
4128104,Umuarama,PR,Sul,64.14,63.1,69.24,80.0,-1.04,-1.38,61.93,60.93,60.08,59.36,58.75,58.23,0,0,-21.77,2.82,-1.38,Em retrocesso
3104502,Arinos,MG,Sudeste,45.28,46.89,56.48,80.0,1.61,6.96,52.81,57.83,62.11,65.74,68.83,71.46,0,0,-8.54,5.52,6.96,No ritmo da meta
1304104,Tapauá,AM,Norte,49.27,51.81,59.27,80.0,2.54,0.55,52.28,52.67,53.01,53.3,53.54,53.75,0,0,-26.25,4.7,0.55,Ritmo critico
1100296,Santa Luzia D'Oeste,RO,Norte,76.11,83.36,77.27,80.0,7.25,4.68,87.34,90.72,93.59,96.04,98.11,99.88,1,1,19.88,-0.56,4.68,No ritmo da meta
5102702,Canarana,MT,Centro-Oeste,32.45,42.06,46.81,80.0,9.61,8.72,49.47,55.77,61.13,65.68,69.55,72.84,1,0,-7.16,6.32,8.72,No ritmo da meta
2704500,Maragogi,AL,Nordeste,32.4,45.6,46.77,80.0,13.2,9.93,54.04,61.21,67.31,72.5,76.9,80.65,1,1,0.65,5.73,9.93,No ritmo da meta
2102606,Cândido Mendes,MA,Nordeste,61.61,49.53,67.57,80.0,-12.08,-4.99,45.29,41.68,38.62,36.01,33.8,31.92,0,0,-48.08,5.08,-4.99,Em retrocesso
1100155,Ouro Preto do Oeste,RO,Norte,72.39,66.4,74.74,80.0,-5.99,-1.94,64.75,63.35,62.16,61.15,60.28,59.55,0,0,-20.45,2.27,-1.94,Em retrocesso
4311122,Jaquirana,RS,Sul,68.5,25.6,72.13,80.0,-42.9,-31.43,0.0,0.0,0.0,0.0,0.0,0.0,0,0,-80.0,9.07,-31.43,Em retrocesso
3554656,Torre de Pedra,SP,Sudeste,33.33,30.77,47.52,80.0,-2.56,0.28,31.01,31.21,31.38,31.53,31.65,31.76,0,0,-48.24,8.2,0.28,Em retrocesso
1501253,Bannach,PA,Norte,61.11,47.37,53.57,80.0,-13.74,-5.65,42.57,38.49,35.02,32.07,29.56,27.43,0,0,-52.57,5.44,-5.65,Em retrocesso
3121902,Divinésia,MG,Sudeste,43.0,75.0,54.85,80.0,32.0,22.16,93.84,100.0,100.0,100.0,100.0,100.0,1,1,20.0,0.83,22.16,No ritmo da meta
1100502,Novo Horizonte do Oeste,RO,Norte,72.53,70.67,74.83,80.0,-1.86,0.12,70.77,70.86,70.93,71.0,71.05,71.09,0,0,-8.91,1.55,0.12,Em retrocesso
4301305,Arroio Grande,RS,Sul,60.01,38.1,,,-21.91,-20.93,20.31,5.19,0.0,0.0,0.0,0.0,0,0,,,-20.93,Em retrocesso
3135209,Januária,MG,Sudeste,20.14,47.12,35.71,80.0,26.98,19.65,63.82,78.02,90.09,100.0,100.0,100.0,1,1,20.0,5.48,19.65,No ritmo da meta
3143203,Monte Santo de Minas,MG,Sudeste,42.15,61.59,54.24,80.0,19.44,15.88,75.09,86.56,96.31,100.0,100.0,100.0,1,1,20.0,3.07,15.88,No ritmo da meta
4127106,Telêmaco Borba,PR,Sul,63.2,61.71,68.62,80.0,-1.49,-1.61,60.34,59.18,58.19,57.35,56.63,56.03,0,0,-23.97,3.05,-1.61,Em retrocesso
3112901,Caputira,MG,Sudeste,59.39,83.3,66.1,80.0,23.91,18.11,98.69,100.0,100.0,100.0,100.0,100.0,1,1,20.0,-0.55,18.11,No ritmo da meta
2903706,Boa Nova,BA,Nordeste,44.22,46.51,55.73,80.0,2.29,0.69,47.1,47.6,48.02,48.38,48.69,48.95,0,0,-31.05,5.58,0.69,Ritmo critico
1506708,Santana do Araguaia,PA,Norte,54.53,58.51,62.85,80.0,3.98,3.21,61.24,63.56,65.53,67.2,68.63,69.84,0,0,-10.16,3.58,3.21,Ritmo insuficiente
2614006,Serrita,PE,Nordeste,53.72,59.7,62.31,80.0,5.98,5.61,64.47,68.52,71.97,74.9,77.38,79.5,1,0,-0.5,3.38,5.61,No ritmo da meta
3113008,Caraí,MG,Sudeste,42.04,71.52,54.16,80.0,29.48,20.9,89.28,100.0,100.0,100.0,100.0,100.0,1,1,20.0,1.41,20.9,No ritmo da meta
4322533,Vale do Sol,RS,Sul,86.11,51.6,80.0,80.0,-34.51,-27.23,28.45,8.78,0.0,0.0,0.0,0.0,0,0,-80.0,4.73,-27.23,Em retrocesso
1700400,Almas,TO,Norte,15.92,48.18,31.16,80.0,32.26,20.23,65.38,79.99,92.42,100.0,100.0,100.0,1,1,20.0,5.3,20.23,No ritmo da meta
3105400,Barão de Cocais,MG,Sudeste,58.76,62.71,65.68,80.0,3.95,8.13,69.62,75.49,80.49,84.73,88.34,91.4,1,1,11.4,2.88,8.13,No ritmo da meta
4300034,Aceguá,RS,Sul,69.95,52.5,73.1,80.0,-17.45,-18.7,36.61,23.09,11.61,1.85,0.0,0.0,0,0,-80.0,4.58,-18.7,Em retrocesso
2507200,Itatuba,PB,Nordeste,23.32,36.64,38.84,80.0,13.32,9.22,44.48,51.14,56.8,61.61,65.7,69.18,1,0,-10.82,7.23,9.22,No ritmo da meta
2931806,Tremedal,BA,Nordeste,49.49,42.86,59.42,80.0,-6.63,-3.77,39.66,36.93,34.62,32.65,30.98,29.55,0,0,-50.45,6.19,-3.77,Em retrocesso
2101806,Benedito Leite,MA,Nordeste,56.0,47.28,63.84,80.0,-8.72,-3.31,44.47,42.08,40.04,38.31,36.85,35.6,0,0,-44.4,5.45,-3.31,Em retrocesso
3304110,Porto Real,RJ,Sudeste,60.8,63.3,67.03,80.0,2.5,2.78,65.66,67.67,69.38,70.83,72.06,73.11,0,0,-6.89,2.78,2.78,No ritmo da meta
4209409,Laguna,SC,Sul,33.26,34.29,47.47,80.0,1.03,1.13,35.25,36.07,36.76,37.35,37.85,38.28,0,0,-41.72,7.62,1.13,Ritmo critico
1714203,Natividade,TO,Norte,28.21,43.89,43.26,80.0,15.68,11.94,54.04,62.67,70.0,76.23,81.53,86.03,1,1,6.03,6.02,11.94,No ritmo da meta
1505106,Óbidos,PA,Norte,48.83,53.98,58.97,80.0,5.15,3.79,57.2,59.94,62.27,64.25,65.93,67.36,0,0,-12.64,4.34,3.79,Ritmo insuficiente
3204807,São José do Calçado,ES,Sudeste,74.52,62.35,76.18,80.0,-12.17,-3.74,59.17,56.47,54.17,52.22,50.56,49.15,0,0,-30.85,2.94,-3.74,Em retrocesso
4102604,Barracão,PR,Sul,72.57,73.99,74.86,80.0,1.42,-0.15,73.86,73.75,73.66,73.58,73.52,73.46,0,0,-6.54,1.0,-0.15,Ritmo critico
5007406,Rio Verde de Mato Grosso,MS,Centro-Oeste,47.3,49.11,57.9,80.0,1.81,5.1,53.44,57.13,60.26,62.92,65.19,67.11,0,0,-12.89,5.15,5.1,Ritmo insuficiente
5005400,Maracaju,MS,Centro-Oeste,40.62,46.55,53.12,80.0,5.93,7.16,52.64,57.81,62.21,65.94,69.12,71.82,0,0,-8.18,5.58,7.16,No ritmo da meta
4123303,Santa Cruz de Monte Castelo,PR,Sul,85.79,59.1,80.0,80.0,-26.69,-14.21,47.02,36.75,28.03,20.61,14.31,8.95,0,0,-71.05,3.48,-14.21,Em retrocesso
1502152,Canaã dos Carajás,PA,Norte,62.1,65.12,67.89,80.0,3.02,2.73,67.44,69.41,71.09,72.51,73.73,74.76,0,0,-5.24,2.48,2.73,No ritmo da meta
4306379,Dilermando de Aguiar,RS,Sul,67.29,53.6,71.33,80.0,-13.69,-16.82,39.3,27.15,16.82,8.04,0.58,0.0,0,0,-80.0,4.4,-16.82,Em retrocesso
2208502,Porto,PI,Nordeste,40.12,36.04,52.75,80.0,-4.08,1.08,36.96,37.74,38.4,38.97,39.44,39.85,0,0,-40.15,7.33,1.08,Em retrocesso
2502102,Boa Ventura,PB,Nordeste,28.58,47.71,43.58,80.0,19.13,12.13,58.02,66.78,74.23,80.57,85.95,90.52,1,1,10.52,5.38,12.13,No ritmo da meta
5007695,São Gabriel do Oeste,MS,Centro-Oeste,52.32,62.1,61.36,80.0,9.78,9.09,69.83,76.39,81.98,86.72,90.75,94.18,1,1,14.18,2.98,9.09,No ritmo da meta
2910727,Eunápolis,BA,Nordeste,34.62,38.37,48.55,80.0,3.75,1.42,39.58,40.6,41.48,42.22,42.85,43.38,0,0,-36.62,6.94,1.42,Ritmo critico
2921054,Matina,BA,Nordeste,41.7,42.52,53.91,80.0,0.82,-0.04,42.49,42.46,42.43,42.41,42.39,42.38,0,0,-37.62,6.25,-0.04,Ritmo critico
2704708,Marechal Deodoro,AL,Nordeste,40.6,46.23,53.1,80.0,5.63,6.14,51.45,55.89,59.66,62.86,65.59,67.9,0,0,-12.1,5.63,6.14,No ritmo da meta
3302205,Itaperuna,RJ,Sudeste,68.63,65.26,72.22,80.0,-3.37,-0.16,65.12,65.01,64.91,64.83,64.76,64.7,0,0,-15.3,2.46,-0.16,Em retrocesso
2701704,Capela,AL,Nordeste,41.23,42.53,53.57,80.0,1.3,3.98,45.91,48.79,51.23,53.31,55.08,56.58,0,0,-23.42,6.24,3.98,Ritmo insuficiente
1505650,Placas,PA,Norte,42.57,55.72,60.41,80.0,13.15,7.79,62.34,67.97,72.75,76.82,80.28,83.21,1,1,3.21,4.05,7.79,No ritmo da meta
3300233,Armação dos Búzios,RJ,Sudeste,67.2,68.56,71.27,80.0,1.36,2.21,70.44,72.04,73.39,74.55,75.53,76.36,0,0,-3.64,1.91,2.21,No ritmo da meta
5212709,Mambaí,GO,Centro-Oeste,50.41,68.27,60.06,80.0,17.86,12.73,79.09,88.29,96.11,100.0,100.0,100.0,1,1,20.0,1.96,12.73,No ritmo da meta
4114500,Manoel Ribas,PR,Sul,67.7,71.98,71.6,80.0,4.28,1.28,73.07,73.99,74.78,75.45,76.01,76.5,1,0,-3.5,1.34,1.28,Ritmo insuficiente
2205508,José de Freitas,PI,Nordeste,49.82,42.98,59.65,80.0,-6.84,-0.3,42.72,42.51,42.32,42.17,42.03,41.92,0,0,-38.08,6.17,-0.3,Em retrocesso
1720655,Silvanópolis,TO,Norte,34.74,37.39,48.64,80.0,2.65,5.43,42.01,45.93,49.26,52.1,54.51,56.56,0,0,-23.44,7.1,5.43,Ritmo insuficiente
2612406,Sanharó,PE,Nordeste,41.8,65.85,53.98,80.0,24.05,14.65,78.3,88.89,97.88,100.0,100.0,100.0,1,1,20.0,2.36,14.65,No ritmo da meta
3303955,Pinheiral,RJ,Sudeste,51.35,63.28,60.7,80.0,11.93,7.49,69.65,75.06,79.66,83.57,86.89,89.72,1,1,9.72,2.79,7.49,No ritmo da meta
2614808,Tacaratu,PE,Nordeste,56.04,73.8,63.86,80.0,17.76,11.5,83.58,91.88,98.95,100.0,100.0,100.0,1,1,20.0,1.03,11.5,No ritmo da meta
3150802,Piranga,MG,Sudeste,60.14,75.27,66.59,80.0,15.13,13.72,86.93,96.84,100.0,100.0,100.0,100.0,1,1,20.0,0.79,13.72,No ritmo da meta
2404705,Ipanguaçu,RN,Nordeste,13.69,43.03,28.51,80.0,29.34,17.28,57.72,70.2,80.81,89.84,97.5,100.0,1,1,20.0,6.16,17.28,No ritmo da meta
2611200,Poção,PE,Nordeste,62.55,64.18,68.19,80.0,1.63,3.44,67.1,69.59,71.7,73.5,75.02,76.32,0,0,-3.68,2.64,3.44,No ritmo da meta
3150570,Pintópolis,MG,Sudeste,47.97,64.82,58.37,80.0,16.85,14.58,77.21,87.75,96.7,100.0,100.0,100.0,1,1,20.0,2.53,14.58,No ritmo da meta
4305587,Colinas,RS,Sul,86.88,39.9,80.0,80.0,-46.98,-33.47,11.45,0.0,0.0,0.0,0.0,0.0,0,0,-80.0,6.68,-33.47,Em retrocesso
5003256,Costa Rica,MS,Centro-Oeste,38.85,54.88,51.8,80.0,16.03,12.21,65.26,74.08,81.58,87.95,93.37,97.98,1,1,17.98,4.19,12.21,No ritmo da meta
2409209,Passagem,RN,Nordeste,47.42,50.69,57.99,80.0,3.27,4.24,54.29,57.36,59.96,62.17,64.06,65.66,0,0,-14.34,4.89,4.24,Ritmo insuficiente
2107902,Passagem Franca,MA,Nordeste,76.76,58.43,77.72,80.0,-18.33,-8.12,51.53,45.66,40.67,36.44,32.83,29.77,0,0,-50.23,3.6,-8.12,Em retrocesso
2112506,Tutóia,MA,Nordeste,37.64,57.61,50.89,80.0,19.97,11.03,66.99,74.95,81.73,87.49,92.38,96.54,1,1,16.54,3.73,11.03,No ritmo da meta
4313334,Nova Ramada,RS,Sul,86.97,28.0,80.0,80.0,-58.97,-39.46,0.0,0.0,0.0,0.0,0.0,0.0,0,0,-80.0,8.67,-39.46,Em retrocesso
2206704,Nazaré do Piauí,PI,Nordeste,46.93,39.0,57.65,80.0,-7.93,-0.85,38.28,37.66,37.14,36.7,36.32,36.0,0,0,-44.0,6.83,-0.85,Em retrocesso
4311270,Lagoa dos Três Cantos,RS,Sul,61.9,36.0,67.76,80.0,-25.9,-22.93,16.51,0.0,0.0,0.0,0.0,0.0,0,0,-80.0,7.33,-22.93,Em retrocesso
2933406,Wagner,BA,Nordeste,53.42,45.0,62.1,80.0,-8.42,-4.66,41.04,37.67,34.81,32.38,30.31,28.55,0,0,-51.45,5.83,-4.66,Em retrocesso
3138104,Lassance,MG,Sudeste,80.16,48.0,80.0,80.0,-32.16,-9.92,39.57,32.4,26.31,21.13,16.73,12.99,0,0,-67.01,5.33,-9.92,Em retrocesso
2708709,São Miguel dos Milagres,AL,Nordeste,34.51,50.67,48.46,80.0,16.16,11.41,60.37,68.61,75.62,81.58,86.64,90.94,1,1,10.94,4.89,11.41,No ritmo da meta
4314753,Poço das Antas,RS,Sul,85.45,66.3,80.0,80.0,-19.15,-19.55,49.68,35.56,23.55,13.35,4.67,0.0,0,0,-80.0,2.28,-19.55,Em retrocesso
2203750,Fartura do Piauí,PI,Nordeste,36.65,52.0,50.13,80.0,15.35,10.79,61.17,68.97,75.59,81.23,86.01,90.08,1,1,10.08,4.67,10.79,No ritmo da meta
2601201,Arcoverde,PE,Nordeste,59.53,70.04,66.19,80.0,10.51,7.88,76.74,82.43,87.27,91.38,94.88,97.85,1,1,17.85,1.66,7.88,No ritmo da meta
4105706,Clevelândia,PR,Sul,73.11,74.84,75.22,80.0,1.73,0.0,74.84,74.84,74.84,74.84,74.84,74.84,0,0,-5.16,0.86,0.0,Ritmo critico
4313490,Novo Barreiro,RS,Sul,62.07,37.0,67.87,80.0,-25.07,-22.51,17.87,1.6,0.0,0.0,0.0,0.0,0,0,-80.0,7.17,-22.51,Em retrocesso
4314779,Pontão,RS,Sul,77.53,46.9,,,-30.63,-25.29,25.4,7.13,0.0,0.0,0.0,0.0,0,0,,,-25.29,Em retrocesso
2601706,Belo Jardim,PE,Nordeste,49.69,43.93,59.56,80.0,-5.76,-0.26,43.71,43.52,43.36,43.23,43.11,43.01,0,0,-36.99,6.01,-0.26,Em retrocesso
2708907,Satuba,AL,Nordeste,42.93,55.11,54.8,80.0,12.18,9.42,63.12,69.92,75.71,80.63,84.81,88.36,1,1,8.36,4.15,9.42,No ritmo da meta
4110607,Iporã,PR,Sul,64.15,68.95,69.25,80.0,4.8,1.54,70.26,71.37,72.32,73.12,73.8,74.39,1,0,-5.61,1.84,1.54,Ritmo insuficiente
2111409,São Luís Gonzaga do Maranhão,MA,Nordeste,74.81,70.44,76.38,80.0,-4.37,-1.14,69.47,68.65,67.95,67.35,66.85,66.42,0,0,-13.58,1.59,-1.14,Em retrocesso
3515129,Emilianópolis,SP,Sudeste,47.92,88.58,58.34,80.0,40.66,21.89,100.0,100.0,100.0,100.0,100.0,100.0,1,1,20.0,-1.43,21.89,No ritmo da meta
2412005,São Gonçalo do Amarante,RN,Nordeste,52.34,32.48,61.37,80.0,-19.86,-7.32,26.26,20.97,16.47,12.65,9.4,6.64,0,0,-73.36,7.92,-7.32,Em retrocesso
2409308,Patu,RN,Nordeste,32.16,32.76,46.58,80.0,0.6,2.91,35.23,37.34,39.12,40.64,41.93,43.03,0,0,-36.97,7.87,2.91,Ritmo critico
4315701,Rio Pardo,RS,Sul,73.36,63.4,75.39,80.0,-9.96,-14.96,50.68,39.88,30.69,22.88,16.24,10.6,0,0,-69.4,2.77,-14.96,Em retrocesso
4204806,Curitibanos,SC,Sul,48.56,53.48,58.78,80.0,4.92,3.08,56.1,58.32,60.21,61.82,63.19,64.35,0,0,-15.65,4.42,3.08,Ritmo insuficiente
4212809,Balneário Piçarras,SC,Sul,61.5,53.84,67.49,80.0,-7.66,-3.21,51.11,48.79,46.82,45.15,43.72,42.51,0,0,-37.49,4.36,-3.21,Em retrocesso
2102804,Carolina,MA,Nordeste,44.54,50.96,55.96,80.0,6.42,4.26,54.58,57.66,60.28,62.5,64.39,66.0,0,0,-14.0,4.84,4.26,Ritmo insuficiente
2603702,Canhotinho,PE,Nordeste,48.26,65.49,58.57,80.0,17.23,11.24,75.04,83.16,90.07,95.94,100.0,100.0,1,1,20.0,2.42,11.24,No ritmo da meta
1100015,Alta Floresta D'Oeste,RO,Norte,64.55,67.79,69.51,80.0,3.24,2.67,70.06,71.99,73.63,75.02,76.21,77.21,1,0,-2.79,2.03,2.67,No ritmo da meta
4303103,Cachoeirinha,RS,Sul,58.04,40.6,65.2,80.0,-17.44,-18.7,24.7,11.19,0.0,0.0,0.0,0.0,0,0,-80.0,6.57,-18.7,Em retrocesso
4310108,Igrejinha,RS,Sul,80.14,49.6,80.0,80.0,-30.54,-25.25,28.14,9.89,0.0,0.0,0.0,0.0,0,0,-80.0,5.07,-25.25,Em retrocesso
4211900,Palhoça,SC,Sul,52.74,46.53,,,-6.21,-2.49,44.41,42.61,41.09,39.79,38.68,37.74,0,0,,,-2.49,Em retrocesso
2112001,Tasso Fragoso,MA,Nordeste,45.1,54.9,56.36,80.0,9.8,5.95,59.96,64.26,67.91,71.02,73.66,75.9,1,0,-4.1,4.18,5.95,No ritmo da meta
2401206,Arez,RN,Nordeste,24.75,31.22,40.17,80.0,6.47,5.84,36.18,40.4,43.99,47.04,49.63,51.83,0,0,-28.17,8.13,5.84,Ritmo insuficiente
2926400,Riacho de Santana,BA,Nordeste,42.15,52.53,54.24,80.0,10.38,4.74,56.56,59.98,62.89,65.37,67.47,69.26,1,0,-10.74,4.58,4.74,No ritmo da meta
2103604,Coroatá,MA,Nordeste,41.49,55.72,53.76,80.0,14.23,8.16,62.66,68.55,73.56,77.82,81.44,84.52,1,1,4.52,4.05,8.16,No ritmo da meta
2610608,Paudalho,PE,Nordeste,62.99,66.03,68.48,80.0,3.04,4.14,69.55,72.54,75.08,77.24,79.08,80.64,1,1,0.64,2.33,4.14,No ritmo da meta
4114302,Mandirituba,PR,Sul,79.38,64.48,79.56,80.0,-14.9,-8.31,57.42,51.41,46.31,41.97,38.28,35.15,0,0,-44.85,2.59,-8.31,Em retrocesso
4101705,Araruna,PR,Sul,76.05,77.54,77.23,80.0,1.49,-0.12,77.44,77.35,77.28,77.21,77.16,77.12,1,0,-2.88,0.41,-0.12,Ritmo critico
3110806,Campanário,MG,Sudeste,61.46,47.62,67.47,80.0,-13.84,-0.76,46.97,46.42,45.96,45.56,45.22,44.94,0,0,-35.06,5.4,-0.76,Em retrocesso
3136702,Juiz de Fora,MG,Sudeste,43.63,49.55,55.31,80.0,5.92,9.12,57.3,63.89,69.49,74.25,78.3,81.74,1,1,1.74,5.08,9.12,No ritmo da meta
3168507,Teixeiras,MG,Sudeste,75.5,75.97,76.85,80.0,0.47,6.39,81.4,86.02,89.94,93.28,96.11,98.52,1,1,18.52,0.67,6.39,No ritmo da meta
3300407,Barra Mansa,RJ,Sudeste,59.19,63.88,65.96,80.0,4.69,3.87,67.17,69.97,72.34,74.36,76.08,77.54,1,0,-2.46,2.69,3.87,No ritmo da meta
4119608,Pitanga,PR,Sul,72.99,73.42,75.14,80.0,0.43,-0.65,72.87,72.4,72.0,71.66,71.37,71.13,0,0,-8.87,1.1,-0.65,Ritmo critico
1718758,Rio Sono,TO,Norte,27.83,26.8,42.93,80.0,-1.03,3.59,29.85,32.45,34.65,36.52,38.12,39.47,0,0,-40.53,8.87,3.59,Em retrocesso
4306767,Eldorado do Sul,RS,Sul,47.65,27.9,,,-19.75,-19.85,11.03,0.0,0.0,0.0,0.0,0.0,0,0,,,-19.85,Em retrocesso
4314407,Pelotas,RS,Sul,50.42,39.4,46.81,80.0,-11.02,-15.49,26.23,15.04,5.53,0.0,0.0,0.0,0,0,-80.0,6.77,-15.49,Em retrocesso
4100707,Alto Piquiri,PR,Sul,74.73,64.66,76.32,80.0,-10.07,-5.9,59.64,55.38,51.76,48.68,46.06,43.84,0,0,-36.16,2.56,-5.9,Em retrocesso
1506187,Rondon do Pará,PA,Norte,60.17,68.8,66.61,80.0,8.63,5.53,73.5,77.5,80.89,83.78,86.23,88.32,1,1,8.32,1.87,5.53,No ritmo da meta
3555406,Ubatuba,SP,Sudeste,41.31,36.64,53.62,80.0,-4.67,-0.78,35.98,35.41,34.93,34.53,34.18,33.89,0,0,-46.11,7.23,-0.78,Em retrocesso
2207603,Parnaguá,PI,Nordeste,67.67,47.35,71.58,80.0,-20.32,-7.04,41.37,36.28,31.96,28.28,25.16,22.5,0,0,-57.5,5.44,-7.04,Em retrocesso
2510907,Paulista,PB,Nordeste,61.87,40.28,67.74,80.0,-21.59,-8.23,33.28,27.34,22.28,17.99,14.34,11.23,0,0,-68.77,6.62,-8.23,Em retrocesso
2930709,Simões Filho,BA,Nordeste,42.62,42.14,54.58,80.0,-0.48,-0.69,41.55,41.05,40.63,40.27,39.96,39.7,0,0,-40.3,6.31,-0.69,Em retrocesso
4101200,Antonina,PR,Sul,66.31,63.75,70.68,80.0,-2.56,-2.14,61.93,60.38,59.07,57.95,57.0,56.2,0,0,-23.8,2.71,-2.14,Em retrocesso
3146255,Padre Carvalho,MG,Sudeste,47.09,64.75,57.76,80.0,17.66,14.99,77.49,88.32,97.53,100.0,100.0,100.0,1,1,20.0,2.54,14.99,No ritmo da meta
4107157,Diamante D'Oeste,PR,Sul,67.21,74.32,71.27,80.0,7.11,2.69,76.61,78.55,80.2,81.61,82.8,83.81,1,1,3.81,0.95,2.69,No ritmo da meta
4106704,Cruzeiro do Sul,PR,Sul,71.43,71.42,74.09,80.0,-0.01,-0.87,70.68,70.05,69.52,69.06,68.68,68.35,0,0,-11.65,1.43,-0.87,Em retrocesso
1700301,Aguiarnópolis,TO,Norte,25.2,40.89,40.59,80.0,15.69,11.95,51.05,59.68,67.02,73.26,78.56,83.07,1,1,3.07,6.52,11.95,No ritmo da meta
3115904,Chácara,MG,Sudeste,28.81,44.9,43.78,80.0,16.09,14.2,56.97,67.23,75.95,83.36,89.66,95.02,1,1,15.02,5.85,14.2,No ritmo da meta
5005004,Jardim,MS,Centro-Oeste,35.28,53.84,49.07,80.0,18.56,13.48,65.3,75.04,83.32,90.35,96.33,100.0,1,1,20.0,4.36,13.48,No ritmo da meta
3118205,Conquista,MG,Sudeste,68.73,65.5,72.28,80.0,-3.23,4.54,69.36,72.64,75.43,77.8,79.81,81.52,0,1,1.52,2.42,4.54,Em retrocesso
5219753,Santo Antônio do Descoberto,GO,Centro-Oeste,42.71,53.64,54.64,80.0,10.93,9.27,61.52,68.22,73.91,78.75,82.86,86.36,1,1,6.36,4.39,9.27,No ritmo da meta
3157278,Santa Bárbara do Monte Verde,MG,Sudeste,51.99,67.82,61.13,80.0,15.83,14.07,79.78,89.95,98.59,100.0,100.0,100.0,1,1,20.0,2.03,14.07,No ritmo da meta
4105409,Chopinzinho,PR,Sul,80.73,70.85,80.0,80.0,-9.88,-5.8,65.92,61.73,58.17,55.14,52.57,50.38,0,0,-29.62,1.53,-5.8,Em retrocesso
4321501,Torres,RS,Sul,62.86,44.0,68.39,80.0,-18.86,-19.41,27.5,13.48,1.56,0.0,0.0,0.0,0,0,-80.0,6.0,-19.41,Em retrocesso
4318002,São Borja,RS,Sul,65.4,46.4,70.07,80.0,-19.0,-19.48,29.84,15.77,3.8,0.0,0.0,0.0,0,0,-80.0,5.6,-19.48,Em retrocesso
3535804,Paranapanema,SP,Sudeste,49.33,42.59,59.31,80.0,-6.74,-1.81,41.05,39.74,38.63,37.69,36.88,36.2,0,0,-43.8,6.24,-1.81,Em retrocesso
2111250,São José dos Basílios,MA,Nordeste,12.94,56.16,27.58,80.0,43.22,22.66,75.42,91.79,100.0,100.0,100.0,100.0,1,1,20.0,3.97,22.66,No ritmo da meta
3300100,Angra dos Reis,RJ,Sudeste,57.0,60.8,64.51,80.0,3.8,3.43,63.72,66.19,68.3,70.09,71.61,72.91,0,0,-7.09,3.2,3.43,No ritmo da meta
3304508,Rio das Flores,RJ,Sudeste,59.69,67.73,66.3,80.0,8.04,5.55,72.45,76.46,79.87,82.76,85.23,87.32,1,1,7.32,2.04,5.55,No ritmo da meta
2705002,Mata Grande,AL,Nordeste,40.11,42.45,52.74,80.0,2.34,4.5,46.28,49.53,52.29,54.64,56.64,58.33,0,0,-21.67,6.26,4.5,Ritmo insuficiente
4105102,Centenário do Sul,PR,Sul,54.26,74.15,62.67,80.0,19.89,9.08,81.87,88.43,94.0,98.74,100.0,100.0,1,1,20.0,0.97,9.08,No ritmo da meta
4104055,Campo Bonito,PR,Sul,72.87,78.31,75.06,80.0,5.44,1.86,79.89,81.23,82.38,83.35,84.17,84.87,1,1,4.87,0.28,1.86,No ritmo da meta
4100608,Alto Paraná,PR,Sul,65.0,70.12,69.81,80.0,5.12,1.7,71.56,72.79,73.84,74.72,75.48,76.12,1,0,-3.88,1.65,1.7,No ritmo da meta
4304606,Canoas,RS,Sul,53.16,41.4,61.93,80.0,-11.76,-15.86,27.92,16.46,6.72,0.0,0.0,0.0,0,0,-80.0,6.43,-15.86,Em retrocesso
4201307,Araquari,SC,Sul,51.84,49.55,,,-2.29,-0.53,49.1,48.72,48.39,48.11,47.88,47.68,0,0,,,-0.53,Em retrocesso
2610004,Palmares,PE,Nordeste,43.01,64.85,54.86,80.0,21.84,13.54,76.36,86.14,94.46,100.0,100.0,100.0,1,1,20.0,2.53,13.54,No ritmo da meta
2700706,Batalha,AL,Nordeste,33.15,45.96,47.38,80.0,12.81,9.73,54.23,61.26,67.24,72.31,76.63,80.3,1,1,0.3,5.67,9.73,No ritmo da meta
4122651,Rosário do Ivaí,PR,Sul,69.4,77.0,72.73,80.0,7.6,2.94,79.5,81.62,83.43,84.96,86.27,87.38,1,1,7.38,0.5,2.94,No ritmo da meta
4322152,Tunas,RS,Sul,68.21,41.1,71.94,80.0,-27.11,-23.53,21.1,4.1,0.0,0.0,0.0,0.0,0,0,-80.0,6.48,-23.53,Em retrocesso
2803708,Macambira,SE,Nordeste,38.3,29.17,51.39,80.0,-9.13,-1.21,28.14,27.27,26.52,25.89,25.36,24.9,0,0,-55.1,8.47,-1.21,Em retrocesso
3156205,Rochedo de Minas,MG,Sudeste,56.55,58.33,64.21,80.0,1.78,7.05,64.32,69.42,73.75,77.43,80.55,83.21,1,1,3.21,3.61,7.05,No ritmo da meta
4319703,São Valentim,RS,Sul,91.76,48.5,80.0,80.0,-43.26,-31.61,21.63,0.0,0.0,0.0,0.0,0.0,0,0,-80.0,5.25,-31.61,Em retrocesso
4205357,Flor do Sertão,SC,Sul,81.41,58.33,80.0,80.0,-23.08,-10.92,49.05,41.16,34.45,28.75,23.91,19.79,0,0,-60.21,3.61,-10.92,Em retrocesso
4117305,Ortigueira,PR,Sul,62.63,58.43,68.24,80.0,-4.2,-2.96,55.91,53.78,51.96,50.41,49.1,47.98,0,0,-32.02,3.6,-2.96,Em retrocesso
4312955,Nova Boa Vista,RS,Sul,100.0,66.7,80.0,80.0,-33.3,-26.63,44.06,24.82,8.47,0.0,0.0,0.0,0,0,-80.0,2.22,-26.63,Em retrocesso
1100080,Costa Marques,RO,Norte,80.68,59.63,80.0,80.0,-21.05,-9.47,51.58,44.74,38.92,33.98,29.78,26.21,0,0,-53.79,3.39,-9.47,Em retrocesso
2210391,São Miguel do Fidalgo,PI,Nordeste,55.79,64.42,63.7,80.0,8.63,7.43,70.74,76.1,80.67,84.55,87.84,90.64,1,1,10.64,2.6,7.43,No ritmo da meta
5209408,Guarani de Goiás,GO,Centro-Oeste,32.11,64.58,46.54,80.0,32.47,20.04,81.61,96.09,100.0,100.0,100.0,100.0,1,1,20.0,2.57,20.04,No ritmo da meta
2202075,Cajazeiras do Piauí,PI,Nordeste,100.0,75.0,80.0,80.0,-25.0,-9.38,67.03,60.25,54.49,49.59,45.43,41.89,0,0,-38.11,0.83,-9.38,Em retrocesso
4309209,Gravataí,RS,Sul,63.64,41.0,68.91,80.0,-22.64,-21.3,22.9,7.51,0.0,0.0,0.0,0.0,0,0,-80.0,6.5,-21.3,Em retrocesso
4305108,Caxias do Sul,RS,Sul,69.15,43.2,72.56,80.0,-25.95,-22.95,23.69,7.11,0.0,0.0,0.0,0.0,0,0,-80.0,6.13,-22.95,Em retrocesso
2500577,Algodão de Jandaíra,PB,Nordeste,44.32,50.16,55.8,80.0,5.84,5.48,54.82,58.78,62.14,65.0,67.43,69.5,0,0,-10.5,4.97,5.48,No ritmo da meta
2931608,Teolândia,BA,Nordeste,47.32,44.76,57.92,80.0,-2.56,-1.73,43.29,42.04,40.98,40.07,39.31,38.65,0,0,-41.35,5.87,-1.73,Em retrocesso
2105302,Imperatriz,MA,Nordeste,45.19,54.73,56.42,80.0,9.54,5.82,59.68,63.88,67.46,70.49,73.08,75.27,1,0,-4.73,4.21,5.82,No ritmo da meta
3158904,Santana do Manhuaçu,MG,Sudeste,90.59,77.24,80.0,80.0,-13.35,-0.52,76.8,76.42,76.1,75.83,75.6,75.4,0,0,-4.6,0.46,-0.52,Em retrocesso
2412906,São Tomé,RN,Nordeste,20.09,37.72,35.66,80.0,17.63,11.42,47.43,55.68,62.69,68.65,73.72,78.03,1,0,-1.97,7.05,11.42,No ritmo da meta
2931707,Terra Nova,BA,Nordeste,23.25,28.42,38.77,80.0,5.17,2.13,30.23,31.77,33.08,34.19,35.13,35.94,0,0,-44.06,8.6,2.13,Ritmo critico
1718006,Porto Alegre do Tocantins,TO,Norte,7.57,37.89,19.92,80.0,30.32,19.26,54.26,68.18,80.0,90.06,98.6,100.0,1,1,20.0,7.02,19.26,No ritmo da meta
4205191,Ermo,SC,Sul,8.81,69.96,71.82,80.0,61.15,31.19,96.47,100.0,100.0,100.0,100.0,100.0,1,1,20.0,1.67,31.19,No ritmo da meta
2917359,Jaborandi,BA,Nordeste,40.89,43.16,53.32,80.0,2.27,0.68,43.74,44.23,44.65,45.0,45.3,45.56,0,0,-34.44,6.14,0.68,Ritmo critico
4203303,Campo Alegre,SC,Sul,66.48,59.82,70.79,80.0,-6.66,-2.71,57.52,55.56,53.89,52.48,51.28,50.26,0,0,-29.74,3.36,-2.71,Em retrocesso
4206603,Guarujá do Sul,SC,Sul,88.63,59.9,80.0,80.0,-28.73,-13.75,48.21,38.28,29.83,22.66,16.56,11.37,0,0,-68.63,3.35,-13.75,Em retrocesso
3301876,Iguaba Grande,RJ,Sudeste,62.45,70.32,68.12,80.0,7.87,5.46,74.96,78.91,82.26,85.11,87.53,89.59,1,1,9.59,1.61,5.46,No ritmo da meta
2211209,Uruçuí,PI,Nordeste,27.78,31.55,42.89,80.0,3.77,5.0,35.8,39.41,42.48,45.09,47.31,49.2,0,0,-30.8,8.08,5.0,Ritmo insuficiente
2410504,Rafael Fernandes,RN,Nordeste,55.6,41.81,63.57,80.0,-13.79,-4.29,38.16,35.06,32.43,30.19,28.29,26.67,0,0,-53.33,6.36,-4.29,Em retrocesso
2919504,Livramento de Nossa Senhora,BA,Nordeste,38.43,38.06,51.48,80.0,-0.37,-0.64,37.52,37.05,36.66,36.33,36.04,35.8,0,0,-44.2,6.99,-0.64,Em retrocesso
2914109,Ipupiara,BA,Nordeste,66.75,59.15,70.97,80.0,-7.6,-4.25,55.54,52.47,49.86,47.64,45.75,44.15,0,0,-35.85,3.48,-4.25,Em retrocesso
4125506,São José dos Pinhais,PR,Sul,67.19,64.3,71.26,80.0,-2.89,-2.31,62.34,60.67,59.25,58.04,57.02,56.15,0,0,-23.85,2.62,-2.31,Em retrocesso
3156809,Sabinópolis,MG,Sudeste,40.58,60.64,53.09,80.0,20.06,16.19,74.4,86.1,96.04,100.0,100.0,100.0,1,1,20.0,3.23,16.19,No ritmo da meta
2606804,Igarassu,PE,Nordeste,62.61,66.97,68.23,80.0,4.36,4.8,71.05,74.52,77.47,79.97,82.1,83.91,1,1,3.91,2.17,4.8,No ritmo da meta
2407203,Macau,RN,Nordeste,27.27,32.32,42.44,80.0,5.05,5.13,36.68,40.39,43.54,46.22,48.49,50.43,0,0,-29.57,7.95,5.13,Ritmo insuficiente
4119152,Pinhais,PR,Sul,62.74,57.37,68.31,80.0,-5.37,-3.55,54.35,51.79,49.61,47.75,46.18,44.84,0,0,-35.16,3.77,-3.55,Em retrocesso
3306305,Volta Redonda,RJ,Sudeste,60.12,63.25,66.58,80.0,3.13,3.09,65.88,68.11,70.01,71.62,72.99,74.16,0,0,-5.84,2.79,3.09,No ritmo da meta
2922730,Nova Fátima,BA,Nordeste,46.81,31.91,57.56,80.0,-14.9,-7.9,25.2,19.49,14.64,10.51,7.01,4.03,0,0,-75.97,8.02,-7.9,Em retrocesso
4301875,Barra do Quaraí,RS,Sul,61.01,25.5,67.17,80.0,-35.51,-27.73,1.93,0.0,0.0,0.0,0.0,0.0,0,0,-80.0,9.08,-27.73,Em retrocesso
2923605,Paramirim,BA,Nordeste,46.89,48.94,57.62,80.0,2.05,0.57,49.42,49.84,50.19,50.48,50.74,50.95,0,0,-29.05,5.18,0.57,Ritmo critico
1505031,Novo Progresso,PA,Norte,61.43,56.8,67.45,80.0,-4.63,-1.1,55.86,55.07,54.39,53.82,53.33,52.92,0,0,-27.08,3.87,-1.1,Em retrocesso
4213708,Pouso Redondo,SC,Sul,66.5,60.13,70.8,80.0,-6.37,-2.57,57.95,56.09,54.51,53.17,52.03,51.06,0,0,-28.94,3.31,-2.57,Em retrocesso
3144359,Naque,MG,Sudeste,79.54,64.96,79.67,80.0,-14.58,-1.13,64.0,63.18,62.49,61.9,61.4,60.97,0,0,-19.03,2.51,-1.13,Em retrocesso
2105351,Itaipava do Grajaú,MA,Nordeste,86.12,72.99,80.0,80.0,-13.13,-5.52,68.3,64.31,60.92,58.04,55.59,53.51,0,0,-26.49,1.17,-5.52,Em retrocesso
1101757,Vale do Anari,RO,Norte,36.95,55.65,50.36,80.0,18.7,10.4,64.49,72.0,78.39,83.82,88.43,92.36,1,1,12.36,4.06,10.4,No ritmo da meta
3306206,Vassouras,RJ,Sudeste,65.42,60.33,70.09,80.0,-5.09,-1.02,59.46,58.73,58.1,57.57,57.11,56.73,0,0,-23.27,3.28,-1.02,Em retrocesso
5004601,Itaquiraí,MS,Centro-Oeste,73.35,79.41,75.39,80.0,6.06,7.23,85.56,90.78,95.22,98.99,100.0,100.0,1,1,20.0,0.1,7.23,No ritmo da meta
2112100,Timbiras,MA,Nordeste,41.93,44.63,54.08,80.0,2.7,2.4,46.67,48.4,49.88,51.13,52.2,53.1,0,0,-26.9,5.9,2.4,Ritmo critico
4314159,Paverama,RS,Sul,63.58,40.7,68.87,80.0,-22.88,-21.42,22.49,7.02,0.0,0.0,0.0,0.0,0,0,-80.0,6.55,-21.42,Em retrocesso
3113602,Careaçu,MG,Sudeste,97.42,74.18,80.0,80.0,-23.24,-5.46,69.54,65.59,62.24,59.39,56.97,54.91,0,0,-25.09,0.97,-5.46,Em retrocesso
4313508,Osório,RS,Sul,67.79,44.5,71.66,80.0,-23.29,-21.62,26.12,10.5,0.0,0.0,0.0,0.0,0,0,-80.0,5.92,-21.62,Em retrocesso
5221304,Três Ranchos,GO,Centro-Oeste,79.46,84.05,79.62,80.0,4.59,6.1,89.24,93.64,97.39,100.0,100.0,100.0,1,1,20.0,-0.67,6.1,No ritmo da meta
4104105,Campo do Tenente,PR,Sul,80.36,80.98,80.0,80.0,0.62,-0.55,80.51,80.12,79.78,79.49,79.25,79.04,1,0,-0.96,-0.16,-0.55,Ritmo critico
4103479,Cafezal do Sul,PR,Sul,55.7,64.76,63.64,80.0,9.06,3.67,67.88,70.53,72.78,74.7,76.33,77.71,1,0,-2.29,2.54,3.67,No ritmo da meta
1702000,Araguaçu,TO,Norte,44.49,40.54,55.92,80.0,-3.95,2.13,42.35,43.89,45.2,46.31,47.25,48.06,0,0,-31.94,6.58,2.13,Em retrocesso
2110856,São Francisco do Brejão,MA,Nordeste,62.65,42.73,68.26,80.0,-19.92,-8.91,35.16,28.72,23.25,18.6,14.64,11.28,0,0,-68.72,6.21,-8.91,Em retrocesso
3117405,Conceição de Ipanema,MG,Sudeste,90.0,74.88,80.0,80.0,-15.12,-1.4,73.69,72.68,71.82,71.09,70.47,69.94,0,0,-10.06,0.85,-1.4,Em retrocesso
2113009,Vitorino Freire,MA,Nordeste,51.04,73.1,60.49,80.0,22.06,12.08,83.37,92.1,99.51,100.0,100.0,100.0,1,1,20.0,1.15,12.08,No ritmo da meta
4122503,Roncador,PR,Sul,83.73,76.32,80.0,80.0,-7.41,-4.57,72.44,69.13,66.33,63.94,61.91,60.19,0,0,-19.81,0.61,-4.57,Em retrocesso
4315057,Porto Mauá,RS,Sul,41.07,95.2,53.45,80.0,54.13,17.09,100.0,100.0,100.0,100.0,100.0,100.0,1,1,20.0,-2.53,17.09,No ritmo da meta
3531902,Morro Agudo,SP,Sudeste,55.19,45.3,63.3,80.0,-9.89,-3.39,42.42,39.97,37.89,36.12,34.61,33.34,0,0,-46.66,5.78,-3.39,Em retrocesso
4315149,Presidente Lucena,RS,Sul,87.03,56.3,80.0,80.0,-30.73,-25.34,34.76,16.45,0.89,0.0,0.0,0.0,0,0,-80.0,3.95,-25.34,Em retrocesso
1503044,Floresta do Araguaia,PA,Norte,47.77,67.37,58.23,80.0,19.6,11.02,76.74,84.7,91.47,97.22,100.0,100.0,1,1,20.0,2.1,11.02,No ritmo da meta
2919108,Lamarão,BA,Nordeste,22.24,19.57,37.8,80.0,-2.67,-1.79,18.05,16.76,15.66,14.72,13.93,13.25,0,0,-66.75,10.07,-1.79,Em retrocesso
2900405,Água Fria,BA,Nordeste,21.0,30.43,36.58,80.0,9.43,4.26,34.05,37.13,39.75,41.97,43.86,45.47,0,0,-34.53,8.26,4.26,Ritmo critico
2208809,Regeneração,PI,Nordeste,40.89,31.32,53.32,80.0,-9.57,-1.67,29.9,28.69,27.67,26.8,26.06,25.43,0,0,-54.57,8.11,-1.67,Em retrocesso
2413003,São Vicente,RN,Nordeste,62.96,47.83,68.46,80.0,-15.13,-4.96,43.61,40.03,36.98,34.4,32.19,30.32,0,0,-49.68,5.36,-4.96,Em retrocesso
4314803,Portão,RS,Sul,56.04,39.7,63.86,80.0,-16.34,-18.15,24.27,11.16,0.01,0.0,0.0,0.0,0,0,-80.0,6.72,-18.15,Em retrocesso
2918704,Lafaiete Coutinho,BA,Nordeste,67.65,56.52,71.57,80.0,-11.13,-6.02,51.4,47.05,43.36,40.21,37.54,35.27,0,0,-44.73,3.91,-6.02,Em retrocesso
2106755,Miranda do Norte,MA,Nordeste,55.15,50.55,63.27,80.0,-4.6,-1.25,49.49,48.58,47.82,47.16,46.61,46.14,0,0,-33.86,4.91,-1.25,Em retrocesso
5205802,Corumbá de Goiás,GO,Centro-Oeste,72.1,80.7,74.54,80.0,8.6,8.1,87.58,93.44,98.41,100.0,100.0,100.0,1,1,20.0,-0.12,8.1,No ritmo da meta
5200209,Água Limpa,GO,Centro-Oeste,69.57,78.26,72.84,80.0,8.69,8.15,85.19,91.08,96.08,100.0,100.0,100.0,1,1,20.0,0.29,8.15,No ritmo da meta
2612554,Santa Filomena,PE,Nordeste,58.92,53.14,65.78,80.0,-5.78,-0.27,52.91,52.72,52.55,52.41,52.29,52.19,0,0,-27.81,4.48,-0.27,Em retrocesso
4314076,Passo do Sobrado,RS,Sul,88.54,50.2,80.0,80.0,-38.34,-29.15,25.42,4.36,0.0,0.0,0.0,0.0,0,0,-80.0,4.97,-29.15,Em retrocesso
3305802,Teresópolis,RJ,Sudeste,59.73,64.17,66.32,80.0,4.44,3.75,67.36,70.07,72.37,74.33,75.99,77.41,1,0,-2.59,2.64,3.75,No ritmo da meta
4204194,Chapadão do Lageado,SC,Sul,52.44,65.91,61.44,80.0,13.47,7.35,72.16,77.47,81.98,85.82,89.08,91.85,1,1,11.85,2.35,7.35,No ritmo da meta
2513703,Santa Rita,PB,Nordeste,40.83,35.79,53.27,80.0,-5.04,0.04,35.82,35.85,35.88,35.9,35.92,35.93,0,0,-44.07,7.37,0.04,Em retrocesso
2111052,São João do Paraíso,MA,Nordeste,33.48,43.97,47.64,80.0,10.49,6.29,49.32,53.86,57.72,61.01,63.8,66.17,1,0,-13.83,6.0,6.29,No ritmo da meta
5106828,Porto Esperidião,MT,Centro-Oeste,43.95,49.8,55.54,80.0,5.85,6.84,55.61,60.56,64.76,68.33,71.36,73.94,1,0,-6.06,5.03,6.84,No ritmo da meta
4305447,Chuvisca,RS,Sul,71.05,69.0,73.83,80.0,-2.05,-11.0,59.65,51.7,44.95,39.21,34.32,30.18,0,0,-49.82,1.83,-11.0,Em retrocesso
2600302,Agrestina,PE,Nordeste,71.71,64.09,74.28,80.0,-7.62,-1.19,63.08,62.22,61.49,60.87,60.34,59.89,0,0,-20.11,2.65,-1.19,Em retrocesso
1718907,Santa Rosa do Tocantins,TO,Norte,20.86,36.92,36.44,80.0,16.06,12.13,47.23,55.99,63.44,69.78,75.16,79.73,1,0,-0.27,7.18,12.13,No ritmo da meta
3154309,Resplendor,MG,Sudeste,71.54,61.12,74.16,80.0,-10.42,0.95,61.93,62.61,63.2,63.69,64.11,64.47,0,0,-15.53,3.15,0.95,Em retrocesso
4303004,Cachoeira do Sul,RS,Sul,57.47,40.2,64.82,80.0,-17.27,-18.61,24.38,10.94,0.0,0.0,0.0,0.0,0,0,-80.0,6.63,-18.61,Em retrocesso
2919801,Macaúbas,BA,Nordeste,43.5,31.5,55.21,80.0,-12.0,-6.45,26.02,21.36,17.4,14.03,11.17,8.73,0,0,-71.27,8.08,-6.45,Em retrocesso
4319901,Sapiranga,RS,Sul,72.77,41.1,74.99,80.0,-31.67,-25.81,19.16,0.51,0.0,0.0,0.0,0.0,0,0,-80.0,6.48,-25.81,Em retrocesso
5007505,Rochedo,MS,Centro-Oeste,38.71,48.97,51.7,80.0,10.26,9.33,56.9,63.64,69.37,74.24,78.38,81.9,1,1,1.9,5.17,9.33,No ritmo da meta
3302304,Laje do Muriaé,RJ,Sudeste,45.19,48.41,56.42,80.0,3.22,3.14,51.08,53.35,55.28,56.92,58.31,59.49,0,0,-20.51,5.26,3.14,Ritmo critico
2609600,Olinda,PE,Nordeste,59.57,62.29,66.22,80.0,2.72,3.98,65.67,68.55,70.99,73.07,74.84,76.34,0,0,-3.66,2.95,3.98,No ritmo da meta
2612505,Santa Cruz do Capibaribe,PE,Nordeste,52.81,55.94,61.69,80.0,3.13,4.19,59.5,62.53,65.1,67.29,69.15,70.73,0,0,-9.27,4.01,4.19,No ritmo da meta
1508126,Ulianópolis,PA,Norte,61.76,61.52,67.67,80.0,-0.24,1.1,62.46,63.25,63.93,64.5,64.99,65.4,0,0,-14.6,3.08,1.1,Em retrocesso
2505238,Cuité de Mamanguape,PB,Nordeste,10.33,22.16,24.09,80.0,11.83,8.48,29.37,35.49,40.7,45.13,48.89,52.09,1,0,-27.91,9.64,8.48,Ritmo insuficiente
2501005,Araruna,PB,Nordeste,35.18,40.53,48.99,80.0,5.35,5.24,44.98,48.77,51.99,54.72,57.05,59.02,0,0,-20.98,6.58,5.24,Ritmo insuficiente
2708402,São José da Tapera,AL,Nordeste,49.03,50.43,59.11,80.0,1.4,4.03,53.86,56.77,59.24,61.35,63.13,64.65,0,0,-15.35,4.93,4.03,Ritmo insuficiente
3147204,Paraguaçu,MG,Sudeste,62.45,69.21,68.12,80.0,6.76,9.54,77.32,84.21,90.07,95.05,99.28,100.0,1,1,20.0,1.8,9.54,No ritmo da meta
4213609,Porto União,SC,Sul,70.51,59.53,73.47,80.0,-10.98,-4.87,55.39,51.87,48.88,46.34,44.18,42.34,0,0,-37.66,3.41,-4.87,Em retrocesso
2515302,Sapé,PB,Nordeste,33.89,39.0,47.97,80.0,5.11,5.12,43.35,47.05,50.2,52.87,55.14,57.07,0,0,-22.93,6.83,5.12,Ritmo insuficiente
2102903,Carutapera,MA,Nordeste,55.58,61.21,63.56,80.0,5.63,3.86,64.49,67.28,69.65,71.67,73.38,74.83,1,0,-5.17,3.13,3.86,No ritmo da meta
2102358,Buritirana,MA,Nordeste,61.37,54.91,67.41,80.0,-6.46,-2.18,53.06,51.48,50.14,49.01,48.04,47.22,0,0,-32.78,4.18,-2.18,Em retrocesso
3304524,Rio das Ostras,RJ,Sudeste,65.82,68.67,70.35,80.0,2.85,2.95,71.18,73.31,75.12,76.66,77.97,79.08,1,0,-0.92,1.89,2.95,No ritmo da meta
3302254,Itatiaia,RJ,Sudeste,65.0,67.6,69.81,80.0,2.6,2.83,70.01,72.05,73.79,75.27,76.52,77.59,1,0,-2.41,2.07,2.83,No ritmo da meta
2709400,Viçosa,AL,Nordeste,40.03,49.91,52.68,80.0,9.88,8.27,56.94,62.91,67.99,72.31,75.98,79.1,1,0,-0.9,5.02,8.27,No ritmo da meta
4125407,São José da Boa Vista,PR,Sul,80.7,76.15,80.0,80.0,-4.55,-3.14,73.48,71.21,69.28,67.64,66.25,65.07,0,0,-14.93,0.64,-3.14,Em retrocesso
1710904,Itapiratins,TO,Norte,35.09,53.53,48.92,80.0,18.44,13.32,64.85,74.48,82.66,89.61,95.52,100.0,1,1,20.0,4.41,13.32,No ritmo da meta
2500205,Aguiar,PB,Nordeste,68.73,61.96,72.28,80.0,-6.77,-0.82,61.26,60.67,60.17,59.74,59.38,59.07,0,0,-20.93,3.01,-0.82,Em retrocesso
2907806,Cícero Dantas,BA,Nordeste,30.93,36.31,45.57,80.0,5.38,2.24,38.21,39.83,41.21,42.38,43.37,44.22,0,0,-35.78,7.28,2.24,Ritmo critico
4314100,Passo Fundo,RS,Sul,58.54,38.5,65.53,80.0,-20.04,-20.0,21.5,7.05,0.0,0.0,0.0,0.0,0,0,-80.0,6.92,-20.0,Em retrocesso
2910008,Dário Meira,BA,Nordeste,37.81,41.07,51.02,80.0,3.26,1.18,42.07,42.93,43.65,44.27,44.79,45.23,0,0,-34.77,6.49,1.18,Ritmo critico
2614501,Surubim,PE,Nordeste,55.41,58.71,63.44,80.0,3.3,4.27,62.34,65.42,68.05,70.28,72.17,73.78,0,0,-6.22,3.55,4.27,No ritmo da meta
5003157,Coronel Sapucaia,MS,Centro-Oeste,78.98,60.75,79.28,80.0,-18.23,-4.92,56.57,53.01,49.99,47.42,45.24,43.38,0,0,-36.62,3.21,-4.92,Em retrocesso
2101772,Bela Vista do Maranhão,MA,Nordeste,51.82,77.73,61.02,80.0,25.91,14.0,89.63,99.74,100.0,100.0,100.0,100.0,1,1,20.0,0.38,14.0,No ritmo da meta
2925204,Pojuca,BA,Nordeste,60.54,51.55,66.86,80.0,-8.99,-4.95,47.34,43.77,40.73,38.14,35.95,34.08,0,0,-45.92,4.74,-4.95,Em retrocesso
3304607,Santa Maria Madalena,RJ,Sudeste,64.53,65.02,69.5,80.0,0.49,1.77,66.52,67.8,68.89,69.81,70.6,71.27,0,0,-8.73,2.5,1.77,Ritmo insuficiente
2912004,Ibiassucê,BA,Nordeste,65.01,61.19,69.82,80.0,-3.82,-2.36,59.18,57.48,56.03,54.8,53.75,52.86,0,0,-27.14,3.14,-2.36,Em retrocesso
2923506,Palmeiras,BA,Nordeste,43.73,40.45,55.38,80.0,-3.28,-2.09,38.67,37.16,35.88,34.79,33.86,33.07,0,0,-46.93,6.59,-2.09,Em retrocesso
2204352,Geminiano,PI,Nordeste,19.5,53.59,35.05,80.0,34.09,20.16,70.73,85.29,97.67,100.0,100.0,100.0,1,1,20.0,4.4,20.16,No ritmo da meta
4203154,Calmon,SC,Sul,62.96,57.9,68.46,80.0,-5.06,-1.91,56.28,54.9,53.72,52.73,51.88,51.16,0,0,-28.84,3.68,-1.91,Em retrocesso
4311130,Jari,RS,Sul,61.2,36.4,44.16,80.0,-24.8,-22.38,17.38,1.21,0.0,0.0,0.0,0.0,0,0,-80.0,7.27,-22.38,Em retrocesso
5002704,Campo Grande,MS,Centro-Oeste,41.61,51.76,53.84,80.0,10.15,9.27,59.64,66.34,72.03,76.87,80.98,84.48,1,1,4.48,4.71,9.27,No ritmo da meta
4210407,Maracajá,SC,Sul,58.51,61.81,65.51,80.0,3.3,2.27,63.74,65.38,66.77,67.96,68.97,69.82,0,0,-10.18,3.03,2.27,Ritmo insuficiente
3139300,Manga,MG,Sudeste,24.02,41.04,39.5,80.0,17.02,14.67,53.51,64.11,73.12,80.78,87.28,92.82,1,1,12.82,6.49,14.67,No ritmo da meta
3142700,Montalvânia,MG,Sudeste,48.49,60.75,58.73,80.0,12.26,12.29,71.2,80.08,87.62,94.04,99.49,100.0,1,1,20.0,3.21,12.29,No ritmo da meta
2104909,Guimarães,MA,Nordeste,89.07,86.95,80.0,80.0,-2.12,-0.01,86.94,86.93,86.93,86.92,86.92,86.91,1,1,6.91,-1.16,-0.01,Em retrocesso
5000708,Anastácio,MS,Centro-Oeste,27.37,40.97,42.53,80.0,13.6,11.0,50.32,58.27,65.02,70.76,75.65,79.79,1,0,-0.21,6.5,11.0,No ritmo da meta
3117306,Conceição das Alagoas,MG,Sudeste,55.38,58.64,63.42,80.0,3.26,7.79,65.26,70.89,75.67,79.74,83.2,86.13,1,1,6.13,3.56,7.79,No ritmo da meta
2701209,Cacimbinhas,AL,Nordeste,30.55,54.19,45.25,80.0,23.64,15.15,67.07,78.01,87.32,95.23,100.0,100.0,1,1,20.0,4.3,15.15,No ritmo da meta
2616308,Vicência,PE,Nordeste,57.45,68.15,64.81,80.0,10.7,7.97,74.92,80.68,85.58,89.74,93.27,96.28,1,1,16.28,1.97,7.97,No ritmo da meta
4103206,Bom Sucesso,PR,Sul,53.53,72.9,62.18,80.0,19.37,8.82,80.4,86.77,92.19,96.79,100.0,100.0,1,1,20.0,1.18,8.82,No ritmo da meta
1713601,Monte do Carmo,TO,Norte,69.96,19.71,73.1,80.0,-50.25,-21.02,1.84,0.0,0.0,0.0,0.0,0.0,0,0,-80.0,10.05,-21.02,Em retrocesso
1101302,Mirante da Serra,RO,Norte,59.21,73.82,65.98,80.0,14.61,8.36,80.93,86.97,92.1,96.46,100.0,100.0,1,1,20.0,1.03,8.36,No ritmo da meta
2203859,Floresta do Piauí,PI,Nordeste,100.0,54.55,80.0,80.0,-45.45,-19.61,37.88,23.71,11.67,1.43,0.0,0.0,0,0,-80.0,4.24,-19.61,Em retrocesso
1718451,Pugmil,TO,Norte,20.72,40.91,36.3,80.0,20.19,14.2,52.98,63.24,71.96,79.37,85.67,91.03,1,1,11.03,6.52,14.2,No ritmo da meta
2408102,Natal,RN,Nordeste,34.5,33.36,,,-1.14,2.04,35.09,36.57,37.82,38.89,39.79,40.56,0,0,,,2.04,Em retrocesso
2512606,Quixaba,PB,Nordeste,69.23,45.45,72.62,80.0,-23.78,-9.33,37.52,30.78,25.05,20.18,16.04,12.52,0,0,-67.48,5.76,-9.33,Em retrocesso
4302584,Bozano,RS,Sul,100.0,27.3,80.0,80.0,-72.7,-46.33,0.0,0.0,0.0,0.0,0.0,0.0,0,0,-80.0,8.78,-46.33,Em retrocesso
2207934,Pedro Laurentino,PI,Nordeste,37.77,47.35,50.99,80.0,9.58,7.91,54.07,59.79,64.65,68.78,72.28,75.27,1,0,-4.73,5.44,7.91,No ritmo da meta
2931301,Tapiramutá,BA,Nordeste,33.06,41.82,47.31,80.0,8.76,3.93,45.16,48.0,50.41,52.46,54.21,55.69,0,0,-24.31,6.36,3.93,Ritmo insuficiente
2910776,Feira da Mata,BA,Nordeste,55.73,45.45,63.66,80.0,-10.28,-5.59,40.7,36.66,33.23,30.31,27.83,25.72,0,0,-54.28,5.76,-5.59,Em retrocesso
4300638,Amaral Ferrador,RS,Sul,70.56,57.2,73.51,80.0,-13.36,-16.66,43.04,31.0,20.77,12.07,4.68,0.0,0,0,-80.0,3.8,-16.66,Em retrocesso
4323309,Vila Flores,RS,Sul,90.54,68.8,80.0,80.0,-21.74,-20.85,51.08,36.01,23.21,12.33,3.07,0.0,0,0,-80.0,1.87,-20.85,Em retrocesso
3153202,Presidente Juscelino,MG,Sudeste,80.9,54.55,80.0,80.0,-26.35,-7.02,48.58,43.51,39.2,35.54,32.42,29.77,0,0,-50.23,4.24,-7.02,Em retrocesso
5207105,Diorama,GO,Centro-Oeste,100.0,77.27,80.0,80.0,-22.73,-7.56,70.84,65.38,60.74,56.79,53.44,50.59,0,0,-29.41,0.46,-7.56,Em retrocesso
4315156,Progresso,RS,Sul,78.42,64.8,78.88,80.0,-13.62,-16.79,50.53,38.4,28.09,19.32,11.87,5.54,0,0,-74.46,2.53,-16.79,Em retrocesso
2926004,Remanso,BA,Nordeste,25.1,35.26,40.5,80.0,10.16,4.63,39.2,42.54,45.38,47.8,49.86,51.6,0,0,-28.4,7.46,4.63,Ritmo insuficiente
1504752,Mojuí dos Campos,PA,Norte,55.19,43.72,63.3,80.0,-11.47,-4.52,39.88,36.61,33.84,31.48,29.47,27.77,0,0,-52.23,6.05,-4.52,Em retrocesso
3132701,Itambacuri,MG,Sudeste,51.6,56.95,60.87,80.0,5.35,8.83,64.46,70.84,76.26,80.87,84.79,88.12,1,1,8.12,3.84,8.83,No ritmo da meta
4127601,Tijucas do Sul,PR,Sul,78.76,68.4,79.12,80.0,-10.36,-6.04,63.27,58.9,55.19,52.04,49.36,47.08,0,0,-32.92,1.93,-6.04,Em retrocesso
1100288,Rolim de Moura,RO,Norte,68.81,75.19,72.34,80.0,6.38,4.24,78.79,81.86,84.46,86.67,88.56,90.16,1,1,10.16,0.8,4.24,No ritmo da meta
2921708,Morro do Chapéu,BA,Nordeste,36.21,28.31,49.79,80.0,-7.9,-4.4,24.57,21.39,18.69,16.39,14.44,12.78,0,0,-67.22,8.62,-4.4,Em retrocesso
2403707,Felipe Guerra,RN,Nordeste,54.36,51.71,62.74,80.0,-2.65,1.28,52.8,53.72,54.51,55.18,55.74,56.23,0,0,-23.77,4.72,1.28,Em retrocesso
3303609,Paracambi,RJ,Sudeste,64.31,69.98,69.35,80.0,5.67,4.36,73.69,76.84,79.51,81.79,83.72,85.37,1,1,5.37,1.67,4.36,No ritmo da meta
3161403,São Francisco do Glória,MG,Sudeste,59.41,78.59,66.11,80.0,19.18,15.75,91.98,100.0,100.0,100.0,100.0,100.0,1,1,20.0,0.23,15.75,No ritmo da meta
3304128,Quatis,RJ,Sudeste,48.93,60.05,59.04,80.0,11.12,7.09,66.08,71.2,75.55,79.25,82.4,85.07,1,1,5.07,3.33,7.09,No ritmo da meta
4107652,Fazenda Rio Grande,PR,Sul,68.86,64.69,72.37,80.0,-4.17,-2.95,62.18,60.05,58.24,56.7,55.39,54.28,0,0,-25.72,2.55,-2.95,Em retrocesso
4104709,Carlópolis,PR,Sul,73.7,66.18,75.62,80.0,-7.52,-4.62,62.25,58.92,56.08,53.67,51.62,49.87,0,0,-30.13,2.3,-4.62,Em retrocesso
2111763,Senador La Rocque,MA,Nordeste,32.24,64.13,46.64,80.0,31.89,16.99,78.57,90.85,100.0,100.0,100.0,100.0,1,1,20.0,2.65,16.99,No ritmo da meta
2102408,Cajapió,MA,Nordeste,66.03,64.0,70.49,80.0,-2.03,0.03,64.03,64.05,64.07,64.08,64.09,64.11,0,0,-15.89,2.67,0.03,Em retrocesso
4202081,Bandeirante,SC,Sul,70.12,56.89,73.21,80.0,-13.23,-6.0,51.79,47.46,43.77,40.64,37.98,35.71,0,0,-44.29,3.85,-6.0,Em retrocesso
2606200,Goiana,PE,Nordeste,53.14,45.89,61.91,80.0,-7.25,-1.0,45.04,44.32,43.7,43.18,42.74,42.36,0,0,-37.64,5.68,-1.0,Em retrocesso
5001102,Aquidauana,MS,Centro-Oeste,70.0,58.42,73.13,80.0,-11.58,-1.59,57.07,55.92,54.94,54.11,53.41,52.81,0,0,-27.19,3.6,-1.59,Em retrocesso
2600203,Afrânio,PE,Nordeste,54.58,59.87,62.89,80.0,5.29,5.27,64.35,68.16,71.39,74.14,76.48,78.47,1,0,-1.53,3.36,5.27,No ritmo da meta
3162559,São João do Manhuaçu,MG,Sudeste,76.73,71.72,77.7,80.0,-5.01,3.65,74.82,77.46,79.7,81.61,83.23,84.6,0,1,4.6,1.38,3.65,Em retrocesso
4119202,Pinhalão,PR,Sul,73.96,76.88,75.8,80.0,2.92,0.6,77.39,77.82,78.19,78.51,78.77,79.0,1,0,-1.0,0.52,0.6,No ritmo da meta
2505402,Desterro,PB,Nordeste,55.88,45.8,63.76,80.0,-10.08,-2.48,43.69,41.9,40.38,39.08,37.98,37.05,0,0,-42.95,5.7,-2.48,Em retrocesso
1600204,Calçoene,AP,Norte,35.05,39.25,48.89,80.0,4.2,5.62,44.03,48.09,51.54,54.47,56.97,59.09,0,0,-20.91,6.79,5.62,Ritmo insuficiente
2400307,Afonso Bezerra,RN,Nordeste,39.47,59.25,,,19.78,12.5,69.88,78.91,86.58,93.11,98.65,100.0,0,0,,,12.5,Ritmo critico
4124103,Santo Antônio da Platina,PR,Sul,60.4,55.04,66.77,80.0,-5.36,-3.54,52.03,49.47,47.3,45.45,43.88,42.55,0,0,-37.45,4.16,-3.54,Em retrocesso
3167202,Sete Lagoas,MG,Sudeste,53.59,60.35,62.22,80.0,6.76,9.54,68.46,75.35,81.21,86.19,90.42,94.02,1,1,14.02,3.28,9.54,No ritmo da meta
3116506,Claro dos Poções,MG,Sudeste,70.05,68.63,73.16,80.0,-1.42,5.45,73.26,77.2,80.55,83.39,85.81,87.87,1,1,7.87,1.9,5.45,Em retrocesso
2200459,Alvorada do Gurguéia,PI,Nordeste,68.36,41.74,72.04,80.0,-26.62,-10.19,33.08,25.72,19.46,14.14,9.62,5.77,0,0,-74.23,6.38,-10.19,Em retrocesso
3144656,Ninheira,MG,Sudeste,49.26,77.17,59.27,80.0,27.91,20.11,94.26,100.0,100.0,100.0,100.0,100.0,1,1,20.0,0.47,20.11,No ritmo da meta
4307708,Esteio,RS,Sul,63.38,47.0,68.74,80.0,-16.38,-18.17,31.56,18.43,7.27,0.0,0.0,0.0,0,0,-80.0,5.5,-18.17,Em retrocesso
4220000,Balneário Rincão,SC,Sul,50.34,54.65,60.01,80.0,4.31,2.77,57.0,59.01,60.71,62.15,63.38,64.43,0,0,-15.57,4.23,2.77,Ritmo insuficiente
4127809,Tomazina,PR,Sul,91.65,83.7,80.0,80.0,-7.95,-4.84,79.59,76.09,73.12,70.59,68.44,66.62,0,0,-13.38,-0.62,-4.84,Em retrocesso
2408300,Nova Cruz,RN,Nordeste,30.54,28.42,45.24,80.0,-2.12,1.55,29.74,30.86,31.81,32.62,33.31,33.89,0,0,-46.11,8.6,1.55,Em retrocesso
5103106,Cocalinho,MT,Centro-Oeste,78.71,52.39,79.08,80.0,-26.32,-9.25,44.53,37.84,32.16,27.34,23.23,19.74,0,0,-60.26,4.6,-9.25,Em retrocesso
2616209,Vertentes,PE,Nordeste,55.05,56.85,63.2,80.0,1.8,3.52,59.84,62.39,64.55,66.38,67.95,69.27,0,0,-10.73,3.86,3.52,Ritmo insuficiente
1700350,Aliança do Tocantins,TO,Norte,95.52,76.09,80.0,80.0,-19.43,-5.61,71.32,67.27,63.82,60.89,58.41,56.29,0,0,-23.71,0.65,-5.61,Em retrocesso
3539103,Pirapora do Bom Jesus,SP,Sudeste,43.48,40.79,55.2,80.0,-2.69,0.21,40.97,41.12,41.25,41.36,41.45,41.53,0,0,-38.47,6.54,0.21,Em retrocesso
4309001,Giruá,RS,Sul,76.29,46.3,77.4,80.0,-29.99,-24.97,25.08,7.03,0.0,0.0,0.0,0.0,0,0,-80.0,5.62,-24.97,Em retrocesso
5001508,Bandeirantes,MS,Centro-Oeste,25.95,52.42,41.27,80.0,26.47,17.43,67.24,79.83,90.53,99.63,100.0,100.0,1,1,20.0,4.6,17.43,No ritmo da meta
4316808,Santa Cruz do Sul,RS,Sul,64.84,43.8,69.7,80.0,-21.04,-20.5,26.37,11.56,0.0,0.0,0.0,0.0,0,0,-80.0,6.03,-20.5,Em retrocesso
2410405,Pureza,RN,Nordeste,35.91,36.22,49.56,80.0,0.31,2.76,38.57,40.56,42.26,43.7,44.92,45.96,0,0,-34.04,7.3,2.76,Ritmo critico
4210803,Meleiro,SC,Sul,54.81,48.04,63.04,80.0,-6.77,-2.77,45.69,43.68,41.98,40.54,39.31,38.26,0,0,-41.74,5.33,-2.77,Em retrocesso
2105500,João Lisboa,MA,Nordeste,35.04,55.83,48.88,80.0,20.79,11.44,65.55,73.82,80.84,86.82,91.89,96.21,1,1,16.21,4.03,11.44,No ritmo da meta
2105476,Jenipapo dos Vieiras,MA,Nordeste,47.09,69.39,57.76,80.0,22.3,12.2,79.76,88.57,96.07,100.0,100.0,100.0,1,1,20.0,1.77,12.2,No ritmo da meta
1506906,Santarém Novo,PA,Norte,52.16,78.25,61.25,80.0,26.09,14.26,90.37,100.0,100.0,100.0,100.0,100.0,1,1,20.0,0.29,14.26,No ritmo da meta
4308607,Garibaldi,RS,Sul,74.4,54.4,76.1,80.0,-20.0,-19.98,37.42,22.98,10.71,0.28,0.0,0.0,0,0,-80.0,4.27,-19.98,Em retrocesso
3551405,Serra Azul,SP,Sudeste,23.94,44.65,39.42,80.0,20.71,11.91,54.77,63.38,70.69,76.91,82.19,86.69,1,1,6.69,5.89,11.91,No ritmo da meta
2600609,Alagoinha,PE,Nordeste,42.86,53.87,54.75,80.0,11.01,8.13,60.78,66.65,71.65,75.89,79.5,82.56,1,1,2.56,4.36,8.13,No ritmo da meta
2105708,Lago da Pedra,MA,Nordeste,92.18,79.18,80.0,80.0,-13.0,-5.45,74.55,70.61,67.26,64.42,62.0,59.94,0,0,-20.06,0.14,-5.45,Em retrocesso
2103901,Duque Bacelar,MA,Nordeste,69.39,81.51,72.72,80.0,12.12,7.11,87.55,92.69,97.06,100.0,100.0,100.0,1,1,20.0,-0.25,7.11,No ritmo da meta
2100600,Amarante do Maranhão,MA,Nordeste,45.63,41.33,56.73,80.0,-4.3,-1.1,40.39,39.6,38.92,38.35,37.86,37.45,0,0,-42.55,6.44,-1.1,Em retrocesso
2901155,América Dourada,BA,Nordeste,32.19,43.23,46.6,80.0,11.04,5.07,47.54,51.2,54.32,56.96,59.21,61.12,1,0,-18.88,6.13,5.07,Ritmo insuficiente
2610707,Paulista,PE,Nordeste,51.23,55.54,60.62,80.0,4.31,4.78,59.6,63.06,65.99,68.49,70.61,72.41,0,0,-7.59,4.08,4.78,No ritmo da meta
3157203,Santa Bárbara,MG,Sudeste,69.91,66.55,73.07,80.0,-3.36,4.48,70.36,73.59,76.35,78.68,80.67,82.36,0,1,2.36,2.24,4.48,Em retrocesso
2105427,Itinga do Maranhão,MA,Nordeste,79.92,60.13,79.94,80.0,-19.79,-8.85,52.61,46.21,40.78,36.16,32.23,28.89,0,0,-51.11,3.31,-8.85,Em retrocesso
4107850,Flor da Serra do Sul,PR,Sul,85.72,85.55,80.0,80.0,-0.17,-0.95,84.74,84.06,83.47,82.98,82.56,82.2,1,1,2.2,-0.92,-0.95,Em retrocesso
2706901,Pilar,AL,Nordeste,37.59,45.81,50.85,80.0,8.22,7.44,52.13,57.51,62.08,65.96,69.26,72.07,1,0,-7.93,5.7,7.44,No ritmo da meta
3137007,Ladainha,MG,Sudeste,23.8,54.47,39.29,80.0,30.67,21.49,72.74,88.26,100.0,100.0,100.0,100.0,1,1,20.0,4.26,21.49,No ritmo da meta
2607208,Ipojuca,PE,Nordeste,68.37,64.15,72.04,80.0,-4.22,0.51,64.58,64.95,65.27,65.53,65.76,65.95,0,0,-14.05,2.64,0.51,Em retrocesso
3303401,Nova Friburgo,RJ,Sudeste,65.29,68.84,70.0,80.0,3.55,3.3,71.65,74.03,76.06,77.78,79.24,80.49,1,1,0.49,1.86,3.3,No ritmo da meta
2112308,Tuntum,MA,Nordeste,38.93,66.43,51.86,80.0,27.5,14.8,79.01,89.7,98.79,100.0,100.0,100.0,1,1,20.0,2.26,14.8,No ritmo da meta
5106778,Porto Alegre do Norte,MT,Centro-Oeste,31.09,53.25,45.7,80.0,22.16,14.99,65.99,76.82,86.03,93.85,100.0,100.0,1,1,20.0,4.46,14.99,No ritmo da meta
2917201,Ituaçu,BA,Nordeste,57.52,43.98,64.85,80.0,-13.54,-7.22,37.84,32.63,28.19,24.42,21.22,18.5,0,0,-61.5,6.0,-7.22,Em retrocesso
3152808,Prata,MG,Sudeste,55.38,50.5,63.42,80.0,-4.88,3.72,53.66,56.35,58.63,60.58,62.23,63.63,0,0,-16.37,4.92,3.72,Em retrocesso
2801405,Carira,SE,Nordeste,33.52,34.24,47.68,80.0,0.72,3.71,37.39,40.07,42.35,44.29,45.94,47.33,0,0,-32.67,7.63,3.71,Ritmo critico
1706506,Darcinópolis,TO,Norte,31.21,45.61,45.8,80.0,14.4,11.3,55.22,63.38,70.32,76.22,81.23,85.49,1,1,5.49,5.73,11.3,No ritmo da meta
5002209,Bonito,MS,Centro-Oeste,53.37,58.78,62.07,80.0,5.41,6.9,64.64,69.63,73.87,77.47,80.53,83.13,1,1,3.13,3.54,6.9,No ritmo da meta
3127206,Funilândia,MG,Sudeste,51.4,69.2,60.73,80.0,17.8,15.06,82.0,92.88,100.0,100.0,100.0,100.0,1,1,20.0,1.8,15.06,No ritmo da meta
5102850,Castanheira,MT,Centro-Oeste,63.1,64.87,68.55,80.0,1.77,4.8,68.95,72.42,75.37,77.87,80.0,81.81,1,1,1.81,2.52,4.8,No ritmo da meta
2917607,Jaguaquara,BA,Nordeste,46.31,53.7,57.21,80.0,7.39,3.24,56.45,58.79,60.78,62.48,63.91,65.14,0,0,-14.86,4.38,3.24,Ritmo insuficiente
4218103,Timbé do Sul,SC,Sul,71.29,80.2,74.0,80.0,8.91,5.07,84.51,88.17,91.29,93.93,96.18,98.09,1,1,18.09,-0.03,5.07,No ritmo da meta
4319505,São Sebastião do Caí,RS,Sul,57.7,37.1,64.97,80.0,-20.6,-20.28,19.86,5.21,0.0,0.0,0.0,0.0,0,0,-80.0,7.15,-20.28,Em retrocesso
3119203,Coroaci,MG,Sudeste,56.22,73.42,63.99,80.0,17.2,14.76,85.97,96.63,100.0,100.0,100.0,100.0,1,1,20.0,1.1,14.76,No ritmo da meta
5007950,Tacuru,MS,Centro-Oeste,51.61,56.62,60.88,80.0,5.01,6.7,62.32,67.16,71.27,74.77,77.74,80.27,1,1,0.27,3.9,6.7,No ritmo da meta
3148509,Pavão,MG,Sudeste,86.92,81.4,80.0,80.0,-5.52,3.4,84.29,86.75,88.83,90.61,92.12,93.4,1,1,13.4,-0.23,3.4,Em retrocesso
3140605,Materlândia,MG,Sudeste,37.11,28.57,50.48,80.0,-8.54,1.89,30.18,31.54,32.7,33.69,34.53,35.24,0,0,-44.76,8.57,1.89,Em retrocesso
3123403,Doresópolis,MG,Sudeste,38.46,66.67,51.51,80.0,28.21,20.26,83.89,98.53,100.0,100.0,100.0,100.0,1,1,20.0,2.22,20.26,No ritmo da meta
5003702,Dourados,MS,Centro-Oeste,40.43,53.43,52.98,80.0,13.0,10.7,62.52,70.26,76.83,82.41,87.16,91.2,1,1,11.2,4.43,10.7,No ritmo da meta
2111201,São José de Ribamar,MA,Nordeste,62.27,56.58,68.0,80.0,-5.69,-1.8,55.05,53.75,52.64,51.7,50.91,50.23,0,0,-29.77,3.9,-1.8,Em retrocesso
4208203,Itajaí,SC,Sul,56.61,54.24,,,-2.37,-0.57,53.76,53.34,52.99,52.7,52.44,52.23,0,0,,,-0.57,Em retrocesso
5214903,Nova Roma,GO,Centro-Oeste,61.29,71.43,67.36,80.0,10.14,8.87,78.97,85.38,90.83,95.46,99.39,100.0,1,1,20.0,1.43,8.87,No ritmo da meta
3125804,Fernandes Tourinho,MG,Sudeste,63.45,52.38,68.78,80.0,-11.07,0.62,52.91,53.35,53.74,54.06,54.33,54.57,0,0,-25.43,4.6,0.62,Em retrocesso
2110005,Santa Luzia,MA,Nordeste,54.43,58.7,62.78,80.0,4.27,3.18,61.4,63.7,65.65,67.31,68.72,69.92,0,0,-10.08,3.55,3.18,Ritmo insuficiente
1720150,São Félix do Tocantins,TO,Norte,83.33,61.9,80.0,80.0,-21.43,-6.61,56.28,51.51,47.45,44.0,41.06,38.57,0,0,-41.43,3.02,-6.61,Em retrocesso
2105153,Igarapé do Meio,MA,Nordeste,58.92,77.64,65.78,80.0,18.72,10.41,86.49,94.01,100.0,100.0,100.0,100.0,1,1,20.0,0.39,10.41,No ritmo da meta
4312757,Nova Alvorada,RS,Sul,90.0,71.4,80.0,80.0,-18.6,-19.28,55.01,41.08,29.24,19.18,10.62,3.35,0,0,-76.65,1.43,-19.28,Em retrocesso
2208551,Porto Alegre do Piauí,PI,Nordeste,73.86,64.29,75.73,80.0,-9.57,-1.67,62.87,61.66,60.64,59.77,59.03,58.4,0,0,-21.6,2.62,-1.67,Em retrocesso
2600500,Águas Belas,PE,Nordeste,57.56,59.77,64.88,80.0,2.21,3.73,62.94,65.64,67.93,69.87,71.53,72.93,0,0,-7.07,3.37,3.73,No ritmo da meta
2510006,Nazarezinho,PB,Nordeste,36.48,63.86,50.0,80.0,27.38,16.25,77.67,89.41,99.39,100.0,100.0,100.0,1,1,20.0,2.69,16.25,No ritmo da meta
4102901,Bituruna,PR,Sul,80.76,70.06,80.0,80.0,-10.7,-6.21,64.78,60.29,56.48,53.24,50.48,48.14,0,0,-31.86,1.66,-6.21,Em retrocesso
4122206,Rio Branco do Sul,PR,Sul,62.29,61.35,68.02,80.0,-0.94,-1.33,60.22,59.26,58.44,57.75,57.16,56.66,0,0,-23.34,3.11,-1.33,Em retrocesso
3147105,Pará de Minas,MG,Sudeste,53.51,69.52,62.16,80.0,16.01,14.16,81.56,91.79,100.0,100.0,100.0,100.0,1,1,20.0,1.75,14.16,No ritmo da meta
4128633,Doutor Ulysses,PR,Sul,76.32,69.45,77.42,80.0,-6.87,-4.3,65.8,62.69,60.05,57.8,55.89,54.27,0,0,-25.73,1.76,-4.3,Em retrocesso
5100102,Acorizal,MT,Centro-Oeste,38.04,40.41,51.19,80.0,2.37,5.1,44.74,48.43,51.56,54.22,56.49,58.41,0,0,-21.59,6.6,5.1,Ritmo insuficiente
5004502,Itaporã,MS,Centro-Oeste,69.03,57.29,72.48,80.0,-11.74,-1.67,55.87,54.66,53.64,52.77,52.03,51.4,0,0,-28.6,3.78,-1.67,Em retrocesso
2602704,Buenos Aires,PE,Nordeste,62.99,85.53,68.48,80.0,22.54,13.89,97.34,100.0,100.0,100.0,100.0,100.0,1,1,20.0,-0.92,13.89,No ritmo da meta
4111704,Jaboti,PR,Sul,82.7,73.86,80.0,80.0,-8.84,-5.28,69.37,65.56,62.31,59.56,57.22,55.22,0,0,-24.78,1.02,-5.28,Em retrocesso
2803104,Itabi,SE,Nordeste,19.35,33.65,34.9,80.0,14.3,10.5,42.58,50.16,56.61,62.09,66.75,70.71,1,0,-9.29,7.72,10.5,No ritmo da meta
4306106,Cruz Alta,RS,Sul,57.42,50.9,64.79,80.0,-6.52,-13.24,39.65,30.08,21.95,15.04,9.16,4.17,0,0,-75.83,4.85,-13.24,Em retrocesso
4123006,Salto do Lontra,PR,Sul,85.46,76.46,80.0,80.0,-9.0,-5.36,71.9,68.03,64.74,61.94,59.56,57.54,0,0,-22.46,0.59,-5.36,Em retrocesso
2925303,Porto Seguro,BA,Nordeste,46.72,45.5,57.5,80.0,-1.22,-1.06,44.6,43.83,43.18,42.63,42.16,41.76,0,0,-38.24,5.75,-1.06,Em retrocesso
4310009,Ibirubá,RS,Sul,59.96,55.7,66.47,80.0,-4.26,-12.11,45.41,36.66,29.22,22.9,17.53,12.96,0,0,-67.04,4.05,-12.11,Em retrocesso
2609303,Mirandiba,PE,Nordeste,35.45,57.83,49.2,80.0,22.38,13.81,69.57,79.55,88.03,95.24,100.0,100.0,1,1,20.0,3.7,13.81,No ritmo da meta
2611606,Recife,PE,Nordeste,62.39,54.36,68.08,80.0,-8.03,-1.39,53.18,52.17,51.32,50.6,49.98,49.45,0,0,-30.55,4.27,-1.39,Em retrocesso
3304557,Rio de Janeiro,RJ,Sudeste,56.19,63.75,63.97,80.0,7.56,5.31,68.26,72.1,75.36,78.13,80.49,82.49,1,1,2.49,2.71,5.31,No ritmo da meta
4314175,Pedras Altas,RS,Sul,64.71,55.9,69.62,80.0,-8.81,-14.38,43.68,33.29,24.46,16.95,10.57,5.15,0,0,-74.85,4.02,-14.38,Em retrocesso
3557303,Estiva Gerbi,SP,Sudeste,45.14,51.48,56.38,80.0,6.34,4.73,55.5,58.92,61.82,64.29,66.39,68.17,0,0,-11.83,4.75,4.73,Ritmo insuficiente
2414407,Touros,RN,Nordeste,24.69,38.35,40.12,80.0,13.66,9.44,46.37,53.19,58.99,63.92,68.11,71.67,1,0,-8.33,6.94,9.44,No ritmo da meta
4317301,Santa Vitória do Palmar,RS,Sul,56.01,45.4,63.84,80.0,-10.61,-15.28,32.41,21.37,11.99,4.01,0.0,0.0,0,0,-80.0,5.77,-15.28,Em retrocesso
5105234,Lambari D'Oeste,MT,Centro-Oeste,87.13,51.5,80.0,80.0,-35.63,-13.9,39.68,29.64,21.11,13.85,7.68,2.44,0,0,-77.56,4.75,-13.9,Em retrocesso
2603009,Cabrobó,PE,Nordeste,68.25,61.21,71.96,80.0,-7.04,-0.9,60.44,59.79,59.24,58.77,58.37,58.03,0,0,-21.97,3.13,-0.9,Em retrocesso
3134400,Iturama,MG,Sudeste,55.84,69.61,63.73,80.0,13.77,13.04,80.69,90.12,98.12,100.0,100.0,100.0,1,1,20.0,1.73,13.04,No ritmo da meta
2106300,Magalhães de Almeida,MA,Nordeste,51.59,82.04,60.86,80.0,30.45,16.27,95.87,100.0,100.0,100.0,100.0,100.0,1,1,20.0,-0.34,16.27,No ritmo da meta
2607901,Jaboatão dos Guararapes,PE,Nordeste,57.25,54.98,64.67,80.0,-2.27,1.49,56.25,57.32,58.24,59.02,59.68,60.24,0,0,-19.76,4.17,1.49,Em retrocesso
1100098,Espigão D'Oeste,RO,Norte,85.33,71.16,80.0,80.0,-14.17,-6.03,66.03,61.68,57.97,54.83,52.15,49.88,0,0,-30.12,1.47,-6.03,Em retrocesso
4117503,Paiçandu,PR,Sul,68.48,62.96,72.12,80.0,-5.52,-3.62,59.88,57.27,55.04,53.15,51.55,50.18,0,0,-29.82,2.84,-3.62,Em retrocesso
4111555,Ivaté,PR,Sul,84.34,77.24,80.0,80.0,-7.1,-4.41,73.49,70.31,67.6,65.29,63.34,61.67,0,0,-18.33,0.46,-4.41,Em retrocesso
4202057,Balneário Barra do Sul,SC,Sul,60.27,51.19,66.68,80.0,-9.08,-3.92,47.86,45.03,42.62,40.57,38.83,37.35,0,0,-42.65,4.8,-3.92,Em retrocesso
2111300,São Luís,MA,Nordeste,47.49,56.69,58.04,80.0,9.2,5.65,61.49,65.57,69.04,71.99,74.5,76.63,1,0,-3.37,3.88,5.65,No ritmo da meta
5106422,Peixoto de Azevedo,MT,Centro-Oeste,36.06,41.77,49.67,80.0,5.71,6.77,47.52,52.42,56.57,60.11,63.11,65.66,0,0,-14.34,6.37,6.77,No ritmo da meta
4322608,Venâncio Aires,RS,Sul,78.14,59.2,78.68,80.0,-18.94,-19.45,42.67,28.61,16.67,6.52,0.0,0.0,0,0,-80.0,3.47,-19.45,Em retrocesso
3306156,Varre-Sai,RJ,Sudeste,92.37,82.96,80.0,80.0,-9.41,-3.18,80.26,77.96,76.01,74.35,72.94,71.74,1,0,-8.26,-0.49,-3.18,Em retrocesso
2412302,São José do Campestre,RN,Nordeste,18.05,49.42,33.52,80.0,31.37,18.29,64.97,78.18,89.41,98.96,100.0,100.0,1,1,20.0,5.1,18.29,No ritmo da meta
2205854,Madeiro,PI,Nordeste,62.05,55.88,67.86,80.0,-6.17,0.03,55.91,55.93,55.95,55.96,55.97,55.99,0,0,-24.01,4.02,0.03,Em retrocesso
2917409,Jacaraci,BA,Nordeste,63.77,56.86,69.0,80.0,-6.91,-3.91,53.54,50.71,48.31,46.27,44.53,43.06,0,0,-36.94,3.86,-3.91,Em retrocesso
4211009,Mondaí,SC,Sul,68.6,56.85,72.2,80.0,-11.75,-5.26,52.38,48.58,45.35,42.6,40.27,38.28,0,0,-41.72,3.86,-5.26,Em retrocesso
3525409,Jeriquara,SP,Sudeste,45.2,49.55,56.43,80.0,4.35,3.73,52.72,55.42,57.71,59.65,61.31,62.71,0,0,-17.29,5.08,3.73,Ritmo insuficiente
4315602,Rio Grande,RS,Sul,54.17,43.2,62.61,80.0,-10.97,-15.46,30.06,18.89,9.39,1.32,0.0,0.0,0,0,-80.0,6.13,-15.46,Em retrocesso
3553203,Taiúva,SP,Sudeste,68.12,57.37,71.88,80.0,-10.75,-3.82,54.12,51.36,49.02,47.02,45.33,43.89,0,0,-36.11,3.77,-3.82,Em retrocesso
3109402,Buritizeiro,MG,Sudeste,37.7,62.63,50.93,80.0,24.93,18.62,78.46,91.91,100.0,100.0,100.0,100.0,1,1,20.0,2.89,18.62,No ritmo da meta
2407609,Messias Targino,RN,Nordeste,17.11,26.32,32.5,80.0,9.21,7.21,32.45,37.66,42.09,45.85,49.05,51.77,0,0,-28.23,8.95,7.21,Ritmo insuficiente
2503001,Caaporã,PB,Nordeste,37.78,29.81,50.99,80.0,-7.97,-1.42,28.6,27.58,26.7,25.96,25.33,24.8,0,0,-55.2,8.36,-1.42,Em retrocesso
2516805,Triunfo,PB,Nordeste,50.08,63.35,59.83,80.0,13.27,9.2,71.17,77.82,83.47,88.27,92.35,95.82,1,1,15.82,2.78,9.2,No ritmo da meta
2611507,Quipapá,PE,Nordeste,48.12,58.1,58.48,80.0,9.98,7.61,64.57,70.07,74.74,78.71,82.09,84.96,1,1,4.96,3.65,7.61,No ritmo da meta
4319000,São Marcos,RS,Sul,83.78,38.3,80.0,80.0,-45.48,-32.72,10.49,0.0,0.0,0.0,0.0,0.0,0,0,-80.0,6.95,-32.72,Em retrocesso
2927705,Santa Cruz Cabrália,BA,Nordeste,40.45,37.36,52.99,80.0,-3.09,-2.0,35.66,34.21,32.99,31.94,31.06,30.3,0,0,-49.7,7.11,-2.0,Em retrocesso
4318200,São Francisco de Paula,RS,Sul,56.8,37.7,64.37,80.0,-19.1,-19.53,21.1,6.99,0.0,0.0,0.0,0.0,0,0,-80.0,7.05,-19.53,Em retrocesso
3149150,Pedras de Maria da Cruz,MG,Sudeste,28.66,46.09,43.65,80.0,17.43,14.87,58.73,69.47,78.61,86.37,92.97,98.57,1,1,18.57,5.65,14.87,No ritmo da meta
2100477,Alto Alegre do Pindaré,MA,Nordeste,36.04,56.29,49.66,80.0,20.25,11.17,65.78,73.85,80.71,86.55,91.5,95.71,1,1,15.71,3.95,11.17,No ritmo da meta
1708304,Goianorte,TO,Norte,53.56,40.0,62.2,80.0,-13.56,-2.68,37.72,35.79,34.14,32.74,31.55,30.54,0,0,-49.46,6.67,-2.68,Em retrocesso
2933455,Wanderley,BA,Nordeste,54.03,55.37,62.52,80.0,1.34,0.22,55.56,55.72,55.85,55.97,56.06,56.15,0,0,-23.85,4.11,0.22,Ritmo critico
2111805,Sítio Novo,MA,Nordeste,42.39,54.44,54.41,80.0,12.05,7.07,60.45,65.56,69.9,73.59,76.73,79.39,1,0,-0.61,4.26,7.07,No ritmo da meta
4114104,Mandaguaçu,PR,Sul,60.15,62.29,66.6,80.0,2.14,0.21,62.47,62.62,62.75,62.86,62.95,63.03,0,0,-16.97,2.95,0.21,Ritmo critico
4100509,Altônia,PR,Sul,70.4,78.17,73.4,80.0,7.77,3.02,80.74,82.92,84.77,86.35,87.69,88.83,1,1,8.83,0.3,3.02,No ritmo da meta
2501906,Belém,PB,Nordeste,56.8,34.72,64.37,80.0,-22.08,-8.48,27.51,21.39,16.18,11.75,7.99,4.79,0,0,-75.21,7.55,-8.48,Em retrocesso
2702801,Flexeiras,AL,Nordeste,34.71,49.34,48.62,80.0,14.63,10.64,58.38,66.07,72.61,78.16,82.88,86.89,1,1,6.89,5.11,10.64,No ritmo da meta
2111532,São Pedro da Água Branca,MA,Nordeste,32.95,55.64,47.22,80.0,22.69,12.39,66.17,75.12,82.73,89.2,94.7,99.37,1,1,19.37,4.06,12.39,No ritmo da meta
2514651,São José do Brejo do Cruz,PB,Nordeste,40.0,30.0,52.66,80.0,-10.0,-2.44,27.93,26.16,24.66,23.39,22.31,21.39,0,0,-58.61,8.33,-2.44,Em retrocesso
4305975,Coxilha,RS,Sul,63.41,52.3,68.76,80.0,-11.11,-15.53,39.1,27.88,18.34,10.23,3.34,0.0,0,0,-80.0,4.62,-15.53,Em retrocesso
1716307,Pau D'Arco,TO,Norte,6.51,37.96,18.14,80.0,31.45,19.83,54.82,69.14,81.32,91.67,100.0,100.0,1,1,20.0,7.01,19.83,No ritmo da meta
4314134,Paulo Bento,RS,Sul,62.5,50.0,68.16,80.0,-12.5,-16.23,36.2,24.48,14.51,6.04,0.0,0.0,0,0,-80.0,5.0,-16.23,Em retrocesso
2210979,Tanque do Piauí,PI,Nordeste,58.33,50.0,65.39,80.0,-8.33,-1.05,49.11,48.35,47.7,47.16,46.69,46.29,0,0,-33.71,5.0,-1.05,Em retrocesso
4300851,Arambaré,RS,Sul,57.54,55.0,64.87,80.0,-2.54,-11.25,45.44,37.31,30.4,24.53,19.54,15.29,0,0,-64.71,4.17,-11.25,Em retrocesso
2203107,Cristino Castro,PI,Nordeste,50.63,85.0,60.21,80.0,34.37,20.3,100.0,100.0,100.0,100.0,100.0,100.0,1,1,20.0,-0.83,20.3,No ritmo da meta
5208152,Gameleira de Goiás,GO,Centro-Oeste,98.15,79.76,80.0,80.0,-18.39,-5.39,75.18,71.28,67.97,65.16,62.77,60.74,0,0,-19.26,0.04,-5.39,Em retrocesso
2704005,Junqueiro,AL,Nordeste,53.3,56.66,62.02,80.0,3.36,5.01,60.92,64.54,67.61,70.23,72.45,74.34,0,0,-5.66,3.89,5.01,No ritmo da meta
2105922,Lagoa do Mato,MA,Nordeste,85.96,78.44,80.0,80.0,-7.52,-2.71,76.14,74.18,72.51,71.1,69.9,68.88,0,0,-11.12,0.26,-2.71,Em retrocesso
3166402,Seritinga,MG,Sudeste,64.0,75.0,69.15,80.0,11.0,11.66,84.91,93.34,100.0,100.0,100.0,100.0,1,1,20.0,0.83,11.66,No ritmo da meta
4120309,Porto Vitória,PR,Sul,84.62,75.0,80.0,80.0,-9.62,-5.67,70.18,66.08,62.6,59.64,57.13,54.99,0,0,-25.01,0.83,-5.67,Em retrocesso
4301602,Bagé,RS,Sul,62.01,46.6,67.83,80.0,-15.41,-17.68,31.57,18.8,7.94,0.0,0.0,0.0,0,0,-80.0,5.57,-17.68,Em retrocesso
1507979,Terra Santa,PA,Norte,70.72,65.58,73.61,80.0,-5.14,-1.35,64.43,63.46,62.63,61.92,61.32,60.82,0,0,-19.18,2.4,-1.35,Em retrocesso
4300901,Aratiba,RS,Sul,85.04,39.2,80.0,80.0,-45.84,-32.9,11.24,0.0,0.0,0.0,0.0,0.0,0,0,-80.0,6.8,-32.9,Em retrocesso
3136306,João Pinheiro,MG,Sudeste,60.09,69.87,66.56,80.0,9.78,11.05,79.26,87.25,94.03,99.8,100.0,100.0,1,1,20.0,1.69,11.05,No ritmo da meta
2920502,Maracás,BA,Nordeste,52.47,43.58,61.46,80.0,-8.89,-4.9,39.42,35.87,32.87,30.31,28.13,26.29,0,0,-53.71,6.07,-4.9,Em retrocesso
4115309,Mariópolis,PR,Sul,76.4,66.98,77.47,80.0,-9.42,-5.57,62.25,58.22,54.8,51.89,49.42,47.32,0,0,-32.68,2.17,-5.57,Em retrocesso
4219101,Vargeão,SC,Sul,80.87,52.72,80.0,80.0,-28.15,-13.46,41.28,31.55,23.29,16.26,10.29,5.21,0,0,-74.79,4.55,-13.46,Em retrocesso
1720903,Taguatinga,TO,Norte,38.31,42.45,51.39,80.0,4.14,6.17,47.69,52.15,55.94,59.16,61.9,64.23,0,0,-15.77,6.26,6.17,Ritmo insuficiente
4305900,Coronel Bicaco,RS,Sul,79.2,36.0,79.43,80.0,-43.2,-31.58,9.16,0.0,0.0,0.0,0.0,0.0,0,0,-80.0,7.33,-31.58,Em retrocesso
2615003,Taquaritinga do Norte,PE,Nordeste,59.65,59.64,66.27,80.0,-0.01,2.62,61.87,63.76,65.37,66.74,67.9,68.89,0,0,-11.11,3.39,2.62,Em retrocesso
2112902,Vitória do Mearim,MA,Nordeste,48.98,60.19,59.07,80.0,11.21,6.65,65.84,70.65,74.73,78.2,81.15,83.66,1,1,3.66,3.3,6.65,No ritmo da meta
2411205,Santa Cruz,RN,Nordeste,21.35,32.73,36.93,80.0,11.38,8.3,39.78,45.78,50.88,55.21,58.89,62.02,1,0,-17.98,7.88,8.3,No ritmo da meta
3128600,Guarda-Mor,MG,Sudeste,79.05,51.62,79.32,80.0,-27.43,-7.56,45.19,39.73,35.09,31.14,27.79,24.94,0,0,-55.06,4.73,-7.56,Em retrocesso
1508357,Vitória do Xingu,PA,Norte,60.62,70.18,66.91,80.0,9.56,6.0,75.28,79.61,83.3,86.43,89.09,91.36,1,1,11.36,1.64,6.0,No ritmo da meta
2403509,Espírito Santo,RN,Nordeste,18.07,47.13,53.38,80.0,29.06,17.14,61.7,74.08,84.61,93.56,100.0,100.0,1,1,20.0,5.48,17.14,No ritmo da meta
2205565,Lagoa do Barro do Piauí,PI,Nordeste,55.67,59.52,63.62,80.0,3.85,5.04,63.8,67.45,70.54,73.17,75.41,77.31,1,0,-2.69,3.41,5.04,No ritmo da meta
1507102,São Caetano de Odivelas,PA,Norte,33.37,69.85,47.56,80.0,36.48,19.46,86.39,100.0,100.0,100.0,100.0,100.0,1,1,20.0,1.69,19.46,No ritmo da meta
2110104,Santa Quitéria do Maranhão,MA,Nordeste,89.14,80.19,80.0,80.0,-8.95,-3.43,77.27,74.8,72.69,70.9,69.38,68.08,0,0,-11.92,-0.03,-3.43,Em retrocesso
4121505,Rebouças,PR,Sul,86.33,77.0,80.0,80.0,-9.33,-5.53,72.3,68.3,64.91,62.02,59.57,57.48,0,0,-22.52,0.5,-5.53,Em retrocesso
4300877,Araricá,RS,Sul,75.69,43.5,76.98,80.0,-32.19,-26.07,21.34,2.5,0.0,0.0,0.0,0.0,0,0,-80.0,6.08,-26.07,Em retrocesso
2708808,São Sebastião,AL,Nordeste,36.66,42.43,50.14,80.0,5.77,6.21,47.71,52.2,56.01,59.25,62.01,64.35,0,0,-15.65,6.26,6.21,Ritmo insuficiente
3167608,Simonésia,MG,Sudeste,65.64,68.54,70.23,80.0,2.9,7.61,75.01,80.51,85.18,89.15,92.53,95.4,1,1,15.4,1.91,7.61,No ritmo da meta
3115300,Cataguases,MG,Sudeste,36.0,60.22,49.63,80.0,24.22,18.27,75.75,88.95,100.0,100.0,100.0,100.0,1,1,20.0,3.3,18.27,No ritmo da meta
5002605,Camapuã,MS,Centro-Oeste,32.2,60.41,46.61,80.0,28.21,18.3,75.96,89.19,100.0,100.0,100.0,100.0,1,1,20.0,3.27,18.3,No ritmo da meta
2930006,Sebastião Laranjeiras,BA,Nordeste,59.03,42.37,65.86,80.0,-16.66,-8.78,34.91,28.56,23.17,18.59,14.69,11.38,0,0,-68.62,6.27,-8.78,Em retrocesso
2406304,Lagoa de Pedras,RN,Nordeste,47.72,28.89,58.2,80.0,-18.83,-6.81,23.1,18.18,14.0,10.44,7.42,4.85,0,0,-75.15,8.52,-6.81,Em retrocesso
5201454,Aparecida do Rio Doce,GO,Centro-Oeste,59.59,87.09,66.23,80.0,27.5,17.55,100.0,100.0,100.0,100.0,100.0,100.0,1,1,20.0,-1.18,17.55,No ritmo da meta
3102704,Cachoeira de Pajeú,MG,Sudeste,60.31,77.96,66.71,80.0,17.65,14.98,90.69,100.0,100.0,100.0,100.0,100.0,1,1,20.0,0.34,14.98,No ritmo da meta
4321436,Terra de Areia,RS,Sul,66.9,60.3,71.07,80.0,-6.6,-13.28,49.01,39.42,31.26,24.33,18.44,13.43,0,0,-66.57,3.28,-13.28,Em retrocesso
2923803,Paripiranga,BA,Nordeste,51.85,39.8,61.04,80.0,-12.05,-6.48,34.29,29.61,25.63,22.25,19.37,16.93,0,0,-63.07,6.7,-6.48,Em retrocesso
2204204,Francisco Santos,PI,Nordeste,43.94,48.78,55.53,80.0,4.84,5.54,53.49,57.49,60.89,63.79,66.24,68.33,0,0,-11.67,5.2,5.54,No ritmo da meta
2512804,Riacho dos Cavalos,PB,Nordeste,69.19,44.22,72.59,80.0,-24.97,-9.92,35.79,28.62,22.53,17.35,12.95,9.21,0,0,-70.79,5.96,-9.92,Em retrocesso
2602803,Buíque,PE,Nordeste,52.54,55.5,61.51,80.0,2.96,4.1,58.98,61.95,64.47,66.61,68.42,69.97,0,0,-10.03,4.08,4.1,No ritmo da meta
3151602,Planura,MG,Sudeste,45.91,65.98,56.93,80.0,20.07,16.19,79.74,91.44,100.0,100.0,100.0,100.0,1,1,20.0,2.34,16.19,No ritmo da meta
3147600,Passa Quatro,MG,Sudeste,85.63,75.75,80.0,80.0,-9.88,1.22,76.79,77.67,78.42,79.05,79.6,80.06,0,1,0.06,0.71,1.22,Em retrocesso
2516003,Solânea,PB,Nordeste,78.56,45.73,78.98,80.0,-32.83,-13.85,33.96,23.95,15.45,8.22,2.07,0.0,0,0,-80.0,5.71,-13.85,Em retrocesso
2511806,Pirpirituba,PB,Nordeste,34.62,41.49,48.55,80.0,6.87,6.0,46.59,50.92,54.61,57.74,60.4,62.67,0,0,-17.33,6.42,6.0,Ritmo insuficiente
5207402,Edéia,GO,Centro-Oeste,82.36,72.29,80.0,80.0,-10.07,-1.23,71.24,70.36,69.6,68.96,68.41,67.95,0,0,-12.05,1.28,-1.23,Em retrocesso
4303905,Campo Bom,RS,Sul,77.34,45.4,78.12,80.0,-31.94,-25.95,23.34,4.59,0.0,0.0,0.0,0.0,0,0,-80.0,5.77,-25.95,Em retrocesso
1718709,Rio dos Bois,TO,Norte,17.52,46.58,32.95,80.0,29.06,18.63,62.42,75.88,87.32,97.04,100.0,100.0,1,1,20.0,5.57,18.63,No ritmo da meta
4118501,Pato Branco,PR,Sul,78.22,71.14,78.74,80.0,-7.08,-4.4,67.4,64.22,61.52,59.22,57.27,55.61,0,0,-24.39,1.48,-4.4,Em retrocesso
3135357,Japonvar,MG,Sudeste,74.95,60.75,76.48,80.0,-14.2,-0.94,59.95,59.27,58.69,58.2,57.79,57.43,0,0,-22.57,3.21,-0.94,Em retrocesso
2410108,Poço Branco,RN,Nordeste,10.4,25.34,,,14.94,10.08,33.91,41.19,47.38,52.64,57.12,60.92,0,0,,,10.08,Ritmo critico
3500501,Águas de Lindóia,SP,Sudeste,61.38,43.65,67.42,80.0,-17.73,-7.31,37.44,32.16,27.67,23.85,20.61,17.85,0,0,-62.15,6.06,-7.31,Em retrocesso
4307005,Erechim,RS,Sul,61.21,45.9,67.3,80.0,-15.31,-17.63,30.91,18.18,7.35,0.0,0.0,0.0,0,0,-80.0,5.68,-17.63,Em retrocesso
2911204,Gandu,BA,Nordeste,33.26,47.2,47.47,80.0,13.94,6.52,52.74,57.45,61.46,64.86,67.75,70.21,1,0,-9.79,5.47,6.52,No ritmo da meta
2413706,Sítio Novo,RN,Nordeste,28.73,48.74,43.71,80.0,20.01,12.61,59.46,68.57,76.31,82.9,88.49,93.25,1,1,13.25,5.21,12.61,No ritmo da meta
2604106,Caruaru,PE,Nordeste,54.95,58.37,63.13,80.0,3.42,4.33,62.05,65.18,67.84,70.1,72.02,73.65,0,0,-6.35,3.61,4.33,No ritmo da meta
2917904,Jandaíra,BA,Nordeste,50.51,36.08,60.12,80.0,-14.43,-7.67,29.56,24.02,19.31,15.3,11.9,9.01,0,0,-70.99,7.32,-7.67,Em retrocesso
3545308,Salto de Pirapora,SP,Sudeste,44.13,45.12,55.67,80.0,0.99,2.05,46.86,48.34,49.6,50.67,51.58,52.36,0,0,-27.64,5.81,2.05,Ritmo critico
4202107,Barra Velha,SC,Sul,47.47,46.69,,,-0.78,0.23,46.89,47.05,47.19,47.31,47.42,47.5,0,0,,,0.23,Em retrocesso
5216403,Paraúna,GO,Centro-Oeste,61.83,67.88,67.71,80.0,6.05,6.83,73.69,78.62,82.81,86.38,89.41,91.99,1,1,11.99,2.02,6.83,No ritmo da meta
4213005,Pinheiro Preto,SC,Sul,59.28,79.31,66.02,80.0,20.03,10.63,88.35,96.03,100.0,100.0,100.0,100.0,1,1,20.0,0.11,10.63,No ritmo da meta
2501609,Barra de Santa Rosa,PB,Nordeste,56.39,45.83,64.1,80.0,-10.56,-2.72,43.52,41.55,39.88,38.46,37.26,36.23,0,0,-43.77,5.7,-2.72,Em retrocesso
2600401,Água Preta,PE,Nordeste,61.14,55.57,67.26,80.0,-5.57,-0.16,55.43,55.32,55.22,55.14,55.07,55.01,0,0,-24.99,4.07,-0.16,Em retrocesso
4103107,Bocaiúva do Sul,PR,Sul,49.13,57.37,59.18,80.0,8.24,3.26,60.14,62.5,64.5,66.2,67.65,68.88,1,0,-11.12,3.77,3.26,Ritmo insuficiente
3305406,Sapucaia,RJ,Sudeste,65.59,65.37,70.2,80.0,-0.22,1.42,66.58,67.6,68.48,69.22,69.85,70.38,0,0,-9.62,2.44,1.42,Em retrocesso
4317509,Santo Ângelo,RS,Sul,64.36,41.5,69.39,80.0,-22.86,-21.41,23.3,7.83,0.0,0.0,0.0,0.0,0,0,-80.0,6.42,-21.41,Em retrocesso
2919058,Lajedo do Tabocal,BA,Nordeste,55.06,43.1,63.21,80.0,-11.96,-6.43,37.63,32.99,29.04,25.68,22.83,20.41,0,0,-59.59,6.15,-6.43,Em retrocesso
3304003,Piraí,RJ,Sudeste,58.8,60.43,65.7,80.0,1.63,2.34,62.42,64.11,65.55,66.77,67.81,68.69,0,0,-11.31,3.26,2.34,Ritmo insuficiente
2100105,Afonso Cunha,MA,Nordeste,72.13,93.1,74.56,80.0,20.97,11.53,100.0,100.0,100.0,100.0,100.0,100.0,1,1,20.0,-2.18,11.53,No ritmo da meta
2704104,Lagoa da Canoa,AL,Nordeste,45.57,44.19,56.69,80.0,-1.38,2.64,46.43,48.34,49.96,51.34,52.51,53.51,0,0,-26.49,5.97,2.64,Em retrocesso
2706406,Pão de Açúcar,AL,Nordeste,47.65,55.26,58.15,80.0,7.61,7.13,61.32,66.47,70.85,74.57,77.74,80.43,1,1,0.43,4.12,7.13,No ritmo da meta
2608750,Lagoa Grande,PE,Nordeste,54.74,67.55,62.99,80.0,12.81,9.03,75.23,81.75,87.3,92.01,96.02,99.42,1,1,19.42,2.08,9.03,No ritmo da meta
1500347,Água Azul do Norte,PA,Norte,27.76,51.4,42.87,80.0,23.64,13.04,62.48,71.91,79.91,86.72,92.51,97.42,1,1,17.42,4.77,13.04,No ritmo da meta
3521804,Itaí,SP,Sudeste,47.41,46.71,57.98,80.0,-0.7,1.21,47.74,48.61,49.36,49.99,50.52,50.98,0,0,-29.02,5.55,1.21,Em retrocesso
2921005,Mata de São João,BA,Nordeste,54.01,56.92,62.5,80.0,2.91,1.0,57.77,58.49,59.11,59.63,60.07,60.45,0,0,-19.55,3.85,1.0,Ritmo critico
2104081,Fernando Falcão,MA,Nordeste,29.89,77.76,44.7,80.0,47.87,24.98,98.99,100.0,100.0,100.0,100.0,100.0,1,1,20.0,0.37,24.98,No ritmo da meta
3170107,Uberaba,MG,Sudeste,45.77,57.68,56.83,80.0,11.91,12.11,67.97,76.72,84.16,90.48,95.85,100.0,1,1,20.0,3.72,12.11,No ritmo da meta
2604304,Cedro,PE,Nordeste,46.94,63.12,57.65,80.0,16.18,10.71,72.22,79.96,86.54,92.13,96.88,100.0,1,1,20.0,2.81,10.71,No ritmo da meta
2200251,Alagoinha do Piauí,PI,Nordeste,44.44,74.63,55.89,80.0,30.19,18.21,90.11,100.0,100.0,100.0,100.0,100.0,1,1,20.0,0.9,18.21,No ritmo da meta
1600808,Vitória do Jari,AP,Norte,28.7,35.39,43.69,80.0,6.69,6.86,41.22,46.18,50.39,53.97,57.02,59.6,0,0,-20.4,7.44,6.86,Ritmo insuficiente
3170404,Unaí,MG,Sudeste,56.42,59.06,64.12,80.0,2.64,7.48,65.42,70.82,75.42,79.32,82.64,85.46,1,1,5.46,3.49,7.48,No ritmo da meta
2908002,Coaraci,BA,Nordeste,37.24,39.13,50.58,80.0,1.89,0.49,39.55,39.9,40.2,40.46,40.67,40.86,0,0,-39.14,6.81,0.49,Ritmo critico
3122405,Divisa Nova,MG,Sudeste,64.28,67.64,69.33,80.0,3.36,7.84,74.3,79.97,84.78,88.88,92.35,95.31,1,1,15.31,2.06,7.84,No ritmo da meta
2109809,Santa Helena,MA,Nordeste,57.13,72.74,64.59,80.0,15.61,8.85,80.26,86.66,92.09,96.71,100.0,100.0,1,1,20.0,1.21,8.85,No ritmo da meta
3144904,Nova Módica,MG,Sudeste,83.33,89.37,80.0,80.0,6.04,9.18,97.17,100.0,100.0,100.0,100.0,100.0,1,1,20.0,-1.56,9.18,No ritmo da meta
2407005,Luís Gomes,RN,Nordeste,26.23,26.6,41.52,80.0,0.37,2.79,28.97,30.99,32.7,34.16,35.4,36.45,0,0,-43.55,8.9,2.79,Ritmo critico
2404200,Goianinha,RN,Nordeste,22.54,35.33,38.09,80.0,12.79,9.0,42.98,49.48,55.01,59.71,63.7,67.1,1,0,-12.9,7.44,9.0,No ritmo da meta
1711902,Lagoa da Confusão,TO,Norte,26.02,35.66,41.33,80.0,9.64,8.92,43.24,49.69,55.16,59.82,63.78,67.14,1,0,-12.86,7.39,8.92,No ritmo da meta
2211308,Valença do Piauí,PI,Nordeste,51.94,42.13,61.1,80.0,-9.81,-1.79,40.61,39.32,38.22,37.28,36.49,35.81,0,0,-44.19,6.31,-1.79,Em retrocesso
4318903,São Luiz Gonzaga,RS,Sul,80.28,42.3,80.0,80.0,-37.98,-28.97,17.68,0.0,0.0,0.0,0.0,0.0,0,0,-80.0,6.28,-28.97,Em retrocesso
2926301,Riachão do Jacuípe,BA,Nordeste,38.41,38.37,51.47,80.0,-0.04,-0.47,37.97,37.63,37.34,37.1,36.89,36.71,0,0,-43.29,6.94,-0.47,Em retrocesso
3145059,Nova Porteirinha,MG,Sudeste,41.56,51.93,53.81,80.0,10.37,11.34,61.57,69.76,76.73,82.65,87.68,91.95,1,1,11.95,4.68,11.34,No ritmo da meta
2108108,Paulo Ramos,MA,Nordeste,76.26,90.57,77.38,80.0,14.31,8.2,97.54,100.0,100.0,100.0,100.0,100.0,1,1,20.0,-1.76,8.2,No ritmo da meta
1100031,Cabixi,RO,Norte,69.1,75.88,72.53,80.0,6.78,4.44,79.65,82.86,85.59,87.91,89.88,91.55,1,1,11.55,0.69,4.44,No ritmo da meta
2704401,Major Isidoro,AL,Nordeste,40.07,37.84,52.71,80.0,-2.23,2.21,39.72,41.32,42.67,43.83,44.81,45.64,0,0,-34.36,7.03,2.21,Em retrocesso
2413607,Severiano Melo,RN,Nordeste,71.63,47.88,74.22,80.0,-23.75,-9.27,40.0,33.3,27.61,22.77,18.66,15.16,0,0,-64.84,5.35,-9.27,Em retrocesso
4218756,Tunápolis,SC,Sul,79.86,73.65,74.79,80.0,-6.21,-2.49,71.53,69.73,68.21,66.91,65.8,64.86,0,0,-15.14,1.06,-2.49,Em retrocesso
3513504,Cubatão,SP,Sudeste,48.49,45.43,58.73,80.0,-3.06,0.03,45.46,45.48,45.5,45.51,45.52,45.54,0,0,-34.46,5.76,0.03,Em retrocesso
4101002,Ampére,PR,Sul,65.51,70.06,70.15,80.0,4.55,1.41,71.26,72.28,73.14,73.88,74.5,75.04,1,0,-4.96,1.66,1.41,Ritmo insuficiente
3554755,Trabiju,SP,Sudeste,100.0,47.37,80.0,80.0,-52.63,-24.76,26.32,8.43,0.0,0.0,0.0,0.0,0,0,-80.0,5.44,-24.76,Em retrocesso
2903607,Biritinga,BA,Nordeste,22.22,29.82,37.78,80.0,7.6,3.35,32.67,35.09,37.15,38.89,40.38,41.64,0,0,-38.36,8.36,3.35,Ritmo critico
4314787,Ponte Preta,RS,Sul,60.0,57.9,66.5,80.0,-2.1,-11.03,48.52,40.56,33.78,28.02,23.13,18.97,0,0,-61.03,3.68,-11.03,Em retrocesso
4313086,Nova Pádua,RS,Sul,84.62,57.9,80.0,80.0,-26.72,-23.34,38.06,21.2,6.86,0.0,0.0,0.0,0,0,-80.0,3.68,-23.34,Em retrocesso
4217154,São Miguel da Boa Vista,SC,Sul,87.5,84.21,80.0,80.0,-3.29,-1.03,83.33,82.59,81.96,81.42,80.96,80.57,1,1,0.57,-0.7,-1.03,Em retrocesso
4209177,Jupiá,SC,Sul,95.87,57.89,,,-37.98,-18.37,42.28,29.0,17.72,8.13,0.0,0.0,0,0,,,-18.37,Em retrocesso
2921302,Milagres,BA,Nordeste,33.87,46.05,47.96,80.0,12.18,5.64,50.84,54.92,58.38,61.33,63.83,65.96,1,0,-14.04,5.66,5.64,Ritmo insuficiente
4310702,Itatiba do Sul,RS,Sul,88.89,36.8,80.0,80.0,-52.09,-36.02,6.18,0.0,0.0,0.0,0.0,0.0,0,0,-80.0,7.2,-36.02,Em retrocesso
4315750,Riozinho,RS,Sul,76.01,42.1,77.2,80.0,-33.91,-26.93,19.21,0.0,0.0,0.0,0.0,0.0,0,0,-80.0,6.32,-26.93,Em retrocesso
3141900,Minduri,MG,Sudeste,51.89,76.32,61.07,80.0,24.43,18.37,91.93,100.0,100.0,100.0,100.0,100.0,1,1,20.0,0.61,18.37,No ritmo da meta
4308052,Faxinalzinho,RS,Sul,78.18,51.9,78.71,80.0,-26.28,-23.12,32.25,15.54,1.35,0.0,0.0,0.0,0,0,-80.0,4.68,-23.12,Em retrocesso
1703305,Bom Jesus do Tocantins,TO,Norte,26.13,28.56,41.43,80.0,2.43,5.32,33.08,36.93,40.19,42.97,45.33,47.34,0,0,-32.66,8.57,5.32,Ritmo insuficiente
2405504,Jardim de Angicos,RN,Nordeste,16.62,31.58,31.95,80.0,14.96,10.09,40.16,47.45,53.64,58.91,63.39,67.19,1,0,-12.81,8.07,10.09,No ritmo da meta
4319604,São Sepé,RS,Sul,82.29,49.7,80.0,80.0,-32.59,-26.27,27.37,8.39,0.0,0.0,0.0,0.0,0,0,-80.0,5.05,-26.27,Em retrocesso
2104057,Estreito,MA,Nordeste,54.89,59.79,63.09,80.0,4.9,3.5,62.76,65.29,67.44,69.27,70.82,72.14,0,0,-7.86,3.37,3.5,No ritmo da meta
2611002,Petrolândia,PE,Nordeste,51.87,66.17,61.05,80.0,14.3,9.77,74.47,81.53,87.53,92.63,96.97,100.0,1,1,20.0,2.3,9.77,No ritmo da meta
3535200,Palmeira d'Oeste,SP,Sudeste,67.6,83.91,71.53,80.0,16.31,9.71,92.16,99.18,100.0,100.0,100.0,100.0,1,1,20.0,-0.65,9.71,No ritmo da meta
3138500,Liberdade,MG,Sudeste,56.17,71.21,63.95,80.0,15.04,13.68,82.84,92.72,100.0,100.0,100.0,100.0,1,1,20.0,1.47,13.68,No ritmo da meta
2508505,Livramento,PB,Nordeste,43.81,55.32,55.44,80.0,11.51,8.32,62.39,68.4,73.51,77.86,81.55,84.69,1,1,4.69,4.11,8.32,No ritmo da meta
4214805,Rio do Sul,SC,Sul,57.9,50.82,,,-7.08,-2.92,48.34,46.23,44.44,42.91,41.62,40.51,0,0,,,-2.92,Em retrocesso
3154606,Ribeirão das Neves,MG,Sudeste,54.99,59.36,63.16,80.0,4.37,8.34,66.45,72.47,77.6,81.95,85.65,88.8,1,1,8.8,3.44,8.34,No ritmo da meta
3529708,Miguelópolis,SP,Sudeste,64.31,29.09,69.35,80.0,-35.22,-16.05,15.45,3.85,0.0,0.0,0.0,0.0,0,0,-80.0,8.48,-16.05,Em retrocesso
3157708,Santa Juliana,MG,Sudeste,62.9,58.13,68.42,80.0,-4.77,3.77,61.33,64.06,66.37,68.34,70.01,71.44,0,0,-8.56,3.64,3.77,Em retrocesso
3172103,Volta Grande,MG,Sudeste,50.77,76.28,60.3,80.0,25.51,18.91,92.35,100.0,100.0,100.0,100.0,100.0,1,1,20.0,0.62,18.91,No ritmo da meta
4117255,Nova Prata do Iguaçu,PR,Sul,80.81,72.83,80.0,80.0,-7.98,-4.85,68.71,65.2,62.22,59.69,57.54,55.71,0,0,-24.29,1.2,-4.85,Em retrocesso
4311007,Jaguarão,RS,Sul,48.21,33.6,58.54,80.0,-14.61,-17.28,18.91,6.43,0.0,0.0,0.0,0.0,0,0,-80.0,7.73,-17.28,Em retrocesso
2600906,Amaraji,PE,Nordeste,68.74,55.29,72.29,80.0,-13.45,-4.1,51.8,48.84,46.32,44.18,42.37,40.82,0,0,-39.18,4.12,-4.1,Em retrocesso
2908101,Cocos,BA,Nordeste,48.62,51.69,58.82,80.0,3.07,1.08,52.61,53.39,54.05,54.62,55.09,55.5,0,0,-24.5,4.72,1.08,Ritmo critico
4118907,Pérola,PR,Sul,78.4,62.28,78.87,80.0,-16.12,-8.92,54.7,48.25,42.78,38.12,34.16,30.8,0,0,-49.2,2.95,-8.92,Em retrocesso
3165404,Sapucaí-Mirim,MG,Sudeste,52.93,75.07,61.77,80.0,22.14,17.23,89.72,100.0,100.0,100.0,100.0,100.0,1,1,20.0,0.82,17.23,No ritmo da meta
2501401,Baía da Traição,PB,Nordeste,21.73,44.76,37.3,80.0,23.03,14.08,56.73,66.9,75.55,82.9,89.14,94.46,1,1,14.46,5.87,14.08,No ritmo da meta
5002803,Caracol,MS,Centro-Oeste,49.46,55.67,59.4,80.0,6.21,7.3,61.88,67.15,71.63,75.44,78.68,81.44,1,1,1.44,4.06,7.3,No ritmo da meta
5205497,Cidade Ocidental,GO,Centro-Oeste,51.3,61.82,60.66,80.0,10.52,9.06,69.52,76.07,81.63,86.36,90.38,93.8,1,1,13.8,3.03,9.06,No ritmo da meta
2807204,Siriri,SE,Nordeste,47.06,52.4,57.74,80.0,5.34,6.02,57.52,61.87,65.56,68.71,71.38,73.65,0,0,-6.35,4.6,6.02,No ritmo da meta
1712801,Maurilândia do Tocantins,TO,Norte,19.32,20.67,34.87,80.0,1.35,4.78,24.73,28.19,31.12,33.62,35.74,37.54,0,0,-42.46,9.89,4.78,Ritmo critico
4108957,Guamiranga,PR,Sul,79.53,71.55,79.67,80.0,-7.98,-4.85,67.43,63.92,60.94,58.41,56.26,54.43,0,0,-25.57,1.41,-4.85,Em retrocesso
2613503,São José do Belmonte,PE,Nordeste,46.7,60.42,57.48,80.0,13.72,9.48,68.48,75.33,81.15,86.1,90.3,93.88,1,1,13.88,3.26,9.48,No ritmo da meta
3302908,Miguel Pereira,RJ,Sudeste,57.4,70.49,64.77,80.0,13.09,8.07,77.35,83.18,88.14,92.35,95.93,98.97,1,1,18.97,1.59,8.07,No ritmo da meta
2101004,Arari,MA,Nordeste,67.49,72.37,71.46,80.0,4.88,3.49,75.34,77.86,80.0,81.82,83.37,84.69,1,1,4.69,1.27,3.49,No ritmo da meta
2207702,Parnaíba,PI,Nordeste,31.0,38.42,45.63,80.0,7.42,6.83,44.23,49.16,53.35,56.92,59.95,62.53,0,0,-17.47,6.93,6.83,Ritmo insuficiente
4320107,Sarandi,RS,Sul,71.47,47.7,74.12,80.0,-23.77,-21.86,29.12,13.33,0.0,0.0,0.0,0.0,0,0,-80.0,5.38,-21.86,Em retrocesso
2500601,Alhandra,PB,Nordeste,57.33,30.75,64.73,80.0,-26.58,-10.73,21.63,13.88,7.29,1.69,0.0,0.0,0,0,-80.0,8.21,-10.73,Em retrocesso
4320008,Sapucaia do Sul,RS,Sul,59.14,48.0,65.93,80.0,-11.14,-15.55,34.78,23.55,14.0,5.88,0.0,0.0,0,0,-80.0,5.33,-15.55,Em retrocesso
2516904,Uiraúna,PB,Nordeste,98.05,44.45,80.0,80.0,-53.6,-24.24,23.85,6.33,0.0,0.0,0.0,0.0,0,0,-80.0,5.92,-24.24,Em retrocesso
5206701,Damianópolis,GO,Centro-Oeste,70.55,83.93,73.5,80.0,13.38,10.49,92.85,100.0,100.0,100.0,100.0,100.0,1,1,20.0,-0.66,10.49,No ritmo da meta
2103000,Caxias,MA,Nordeste,43.75,55.15,55.39,80.0,11.4,6.75,60.89,65.76,69.91,73.43,76.43,78.97,1,0,-1.03,4.14,6.75,No ritmo da meta
2604700,Correntes,PE,Nordeste,51.81,71.97,61.01,80.0,20.16,12.7,82.76,91.94,99.74,100.0,100.0,100.0,1,1,20.0,1.34,12.7,No ritmo da meta
4204251,Cocal do Sul,SC,Sul,66.78,60.61,,,-6.17,-2.47,58.51,56.73,55.21,53.92,52.82,51.89,0,0,,,-2.47,Em retrocesso
3122454,Divisópolis,MG,Sudeste,42.46,72.43,54.46,80.0,29.97,21.14,90.4,100.0,100.0,100.0,100.0,100.0,1,1,20.0,1.26,21.14,No ritmo da meta
1100056,Cerejeiras,RO,Norte,58.53,66.81,65.53,80.0,8.28,5.19,71.22,74.97,78.16,80.87,83.17,85.13,1,1,5.13,2.2,5.19,No ritmo da meta
2614600,Tabira,PE,Nordeste,72.93,69.1,75.1,80.0,-3.83,0.71,69.7,70.22,70.65,71.02,71.34,71.61,0,0,-8.39,1.82,0.71,Em retrocesso
1600154,Pedra Branca do Amapari,AP,Norte,66.25,44.22,70.64,80.0,-22.03,-7.5,37.84,32.43,27.82,23.91,20.58,17.75,0,0,-62.25,5.96,-7.5,Em retrocesso
2410256,Porto do Mangue,RN,Nordeste,58.35,42.47,65.41,80.0,-15.88,-5.33,37.94,34.09,30.82,28.03,25.67,23.66,0,0,-56.34,6.26,-5.33,Em retrocesso
4311403,Lajeado,RS,Sul,74.67,47.5,76.28,80.0,-27.17,-23.56,27.47,10.45,0.0,0.0,0.0,0.0,0,0,-80.0,5.42,-23.56,Em retrocesso
4310330,Imbé,RS,Sul,66.08,36.9,,,-29.18,-24.57,16.02,0.0,0.0,0.0,0.0,0.0,0,0,,,-24.57,Em retrocesso
4208807,Jaguaruna,SC,Sul,42.4,56.28,54.42,80.0,13.88,7.56,62.71,68.17,72.81,76.76,80.11,82.96,1,1,2.96,3.95,7.56,No ritmo da meta
4115457,Marquinho,PR,Sul,73.99,82.18,75.82,80.0,8.19,3.23,84.93,87.26,89.24,90.93,92.36,93.58,1,1,13.58,-0.36,3.23,No ritmo da meta
2920601,Maragogipe,BA,Nordeste,47.43,54.49,58.0,80.0,7.06,3.08,57.11,59.33,61.22,62.83,64.2,65.36,0,0,-14.64,4.25,3.08,Ritmo insuficiente
3170057,Ubaporanga,MG,Sudeste,68.47,70.42,72.11,80.0,1.95,7.13,76.48,81.63,86.01,89.73,92.9,95.59,1,1,15.59,1.6,7.13,No ritmo da meta
4302808,Caçapava do Sul,RS,Sul,54.77,43.8,63.01,80.0,-10.97,-15.46,30.66,19.49,9.99,1.92,0.0,0.0,0,0,-80.0,6.03,-15.46,Em retrocesso
3101706,Almenara,MG,Sudeste,39.24,55.06,52.09,80.0,15.82,14.07,67.02,77.19,85.83,93.17,99.41,100.0,1,1,20.0,4.16,14.07,No ritmo da meta
3304151,Quissamã,RJ,Sudeste,66.22,70.11,70.62,80.0,3.89,3.47,73.06,75.57,77.7,79.51,81.05,82.36,1,1,2.36,1.65,3.47,No ritmo da meta
5221452,Trombas,GO,Centro-Oeste,90.94,94.47,80.0,80.0,3.53,5.57,99.2,100.0,100.0,100.0,100.0,100.0,1,1,20.0,-2.41,5.57,No ritmo da meta
2506806,Ingá,PB,Nordeste,57.31,37.97,64.71,80.0,-19.34,-7.11,31.93,26.79,22.42,18.71,15.56,12.88,0,0,-67.12,7.0,-7.11,Em retrocesso
2901957,Apuarema,BA,Nordeste,37.0,43.24,50.4,80.0,6.24,2.67,45.51,47.44,49.08,50.47,51.66,52.66,0,0,-27.34,6.13,2.67,Ritmo critico
3149952,Periquito,MG,Sudeste,45.31,44.47,56.51,80.0,-0.84,5.74,49.35,53.5,57.02,60.02,62.56,64.73,0,0,-15.27,5.92,5.74,Em retrocesso
5107941,Tabaporã,MT,Centro-Oeste,51.43,62.36,60.75,80.0,10.93,9.38,70.33,77.11,82.87,87.77,91.93,95.47,1,1,15.47,2.94,9.38,No ritmo da meta
3121704,Diogo de Vasconcelos,MG,Sudeste,78.42,76.25,78.88,80.0,-2.17,5.07,80.56,84.22,87.34,89.98,92.23,94.14,1,1,14.14,0.62,5.07,Em retrocesso
4126652,Sulina,PR,Sul,64.36,74.93,69.39,80.0,10.57,4.42,78.69,81.88,84.59,86.9,88.86,90.53,1,1,10.53,0.84,4.42,No ritmo da meta
2402006,Caicó,RN,Nordeste,35.59,44.58,49.31,80.0,8.99,7.1,50.61,55.74,60.11,63.81,66.96,69.64,1,0,-10.36,5.9,7.1,No ritmo da meta
2516102,Soledade,PB,Nordeste,33.51,47.26,47.67,80.0,13.75,9.44,55.28,62.1,67.9,72.83,77.02,80.58,1,1,0.58,5.46,9.44,No ritmo da meta
3170008,Ubaí,MG,Sudeste,70.25,58.55,73.3,80.0,-11.7,0.31,58.81,59.04,59.23,59.39,59.53,59.64,0,0,-20.36,3.58,0.31,Em retrocesso
2407401,Martins,RN,Nordeste,41.62,53.91,53.85,80.0,12.29,8.75,61.35,67.67,73.04,77.61,81.49,84.79,1,1,4.79,4.35,8.75,No ritmo da meta
4216404,São João do Sul,SC,Sul,77.85,76.69,77.27,80.0,-1.16,0.04,76.72,76.75,76.78,76.8,76.82,76.83,0,0,-3.17,0.55,0.04,Em retrocesso
4313201,Nova Petrópolis,RS,Sul,91.67,52.3,80.0,80.0,-39.37,-29.66,27.09,5.66,0.0,0.0,0.0,0.0,0,0,-80.0,4.62,-29.66,Em retrocesso
3116159,Chapada Gaúcha,MG,Sudeste,49.17,69.39,59.2,80.0,20.22,16.27,83.22,94.97,100.0,100.0,100.0,100.0,1,1,20.0,1.77,16.27,No ritmo da meta
4115507,Marumbi,PR,Sul,57.66,75.85,64.95,80.0,18.19,8.23,82.85,88.79,93.85,98.14,100.0,100.0,1,1,20.0,0.69,8.23,No ritmo da meta
2414803,Vera Cruz,RN,Nordeste,58.73,43.56,65.66,80.0,-15.17,-4.98,39.33,35.73,32.67,30.07,27.86,25.98,0,0,-54.02,6.07,-4.98,Em retrocesso
2904308,Brejões,BA,Nordeste,53.47,47.62,62.14,80.0,-5.85,-3.38,44.75,42.3,40.23,38.46,36.97,35.69,0,0,-44.31,5.4,-3.38,Em retrocesso
4115754,Mauá da Serra,PR,Sul,81.13,80.48,80.0,80.0,-0.65,-1.19,79.47,78.61,77.88,77.26,76.73,76.28,0,0,-3.72,-0.08,-1.19,Em retrocesso
2106102,Loreto,MA,Nordeste,38.8,66.12,51.76,80.0,27.32,14.71,78.62,89.25,98.29,100.0,100.0,100.0,1,1,20.0,2.31,14.71,No ritmo da meta
4102406,Bandeirantes,PR,Sul,75.41,72.78,76.79,80.0,-2.63,-2.18,70.93,69.35,68.01,66.88,65.91,65.09,0,0,-14.91,1.2,-2.18,Em retrocesso
3141504,Mendes Pimentel,MG,Sudeste,79.65,60.0,79.75,80.0,-19.65,-3.67,56.88,54.23,51.98,50.06,48.43,47.05,0,0,-32.95,3.33,-3.67,Em retrocesso
4111506,Ivaiporã,PR,Sul,66.58,72.39,70.86,80.0,5.81,2.04,74.12,75.6,76.85,77.92,78.82,79.59,1,0,-0.41,1.27,2.04,No ritmo da meta
2101970,Boa Vista do Gurupi,MA,Nordeste,59.99,80.0,66.49,80.0,20.01,11.05,89.39,97.38,100.0,100.0,100.0,100.0,1,1,20.0,0.0,11.05,No ritmo da meta
3150307,Piedade do Rio Grande,MG,Sudeste,29.38,63.16,44.27,80.0,33.78,23.05,82.75,99.41,100.0,100.0,100.0,100.0,1,1,20.0,2.81,23.05,No ritmo da meta
2608305,Jupi,PE,Nordeste,60.68,68.61,66.95,80.0,7.93,6.59,74.21,78.97,83.02,86.46,89.38,91.87,1,1,11.87,1.9,6.59,No ritmo da meta
3124302,Espinosa,MG,Sudeste,64.25,62.4,69.31,80.0,-1.85,5.23,66.85,70.62,73.84,76.57,78.89,80.86,0,1,0.86,2.93,5.23,Em retrocesso
2502003,Belém do Brejo do Cruz,PB,Nordeste,57.5,40.07,64.84,80.0,-17.43,-6.15,34.84,30.4,26.62,23.41,20.68,18.36,0,0,-61.64,6.66,-6.15,Em retrocesso
2606002,Garanhuns,PE,Nordeste,52.28,69.75,61.33,80.0,17.47,11.36,79.41,87.61,94.59,100.0,100.0,100.0,1,1,20.0,1.71,11.36,No ritmo da meta
2608057,Jatobá,PE,Nordeste,76.14,68.05,77.29,80.0,-8.09,-1.42,66.84,65.82,64.94,64.2,63.57,63.04,0,0,-16.96,1.99,-1.42,Em retrocesso
3118403,Conselheiro Pena,MG,Sudeste,66.9,57.14,71.07,80.0,-9.76,1.28,58.23,59.15,59.94,60.61,61.17,61.66,0,0,-18.34,3.81,1.28,Em retrocesso
3127305,Galiléia,MG,Sudeste,47.26,62.07,57.88,80.0,14.81,13.56,73.6,83.39,91.72,98.8,100.0,100.0,1,1,20.0,2.99,13.56,No ritmo da meta
4314209,Pedro Osório,RS,Sul,67.71,22.3,71.61,80.0,-45.41,-32.68,0.0,0.0,0.0,0.0,0.0,0.0,0,0,-80.0,9.62,-32.68,Em retrocesso
4316956,Santa Maria do Herval,RS,Sul,78.3,59.3,78.8,80.0,-19.0,-19.48,42.74,28.67,16.7,6.54,0.0,0.0,0,0,-80.0,3.45,-19.48,Em retrocesso
3102803,Andrelândia,MG,Sudeste,63.11,67.03,,,3.92,8.12,73.93,79.8,84.79,89.02,92.63,95.69,0,0,,,8.12,Ritmo critico
3158508,Santana de Pirapama,MG,Sudeste,44.58,64.47,55.99,80.0,19.89,16.1,78.16,89.79,99.67,100.0,100.0,100.0,1,1,20.0,2.59,16.1,No ritmo da meta
5002308,Brasilândia,MS,Centro-Oeste,51.72,60.76,60.95,80.0,9.04,8.72,68.17,74.47,79.83,84.38,88.25,91.54,1,1,11.54,3.21,8.72,No ritmo da meta
4112207,Janiópolis,PR,Sul,82.58,77.3,80.0,80.0,-5.28,-3.5,74.32,71.8,69.65,67.82,66.27,64.95,0,0,-15.05,0.45,-3.5,Em retrocesso
2403608,Extremoz,RN,Nordeste,48.0,34.55,58.39,80.0,-13.45,-4.12,31.05,28.07,25.54,23.39,21.56,20.01,0,0,-59.99,7.58,-4.12,Em retrocesso
2918357,João Dourado,BA,Nordeste,34.64,53.15,48.56,80.0,18.51,8.8,60.63,66.99,72.39,76.99,80.89,84.21,1,1,4.21,4.48,8.8,No ritmo da meta
2705101,Matriz de Camaragibe,AL,Nordeste,35.25,48.77,49.04,80.0,13.52,10.09,57.35,64.64,70.83,76.1,80.58,84.38,1,1,4.38,5.2,10.09,No ritmo da meta
3205002,Serra,ES,Sudeste,59.07,57.12,65.88,80.0,-1.95,1.37,58.28,59.27,60.12,60.83,61.44,61.96,0,0,-18.04,3.81,1.37,Em retrocesso
3147402,Paraopeba,MG,Sudeste,48.84,71.27,58.98,80.0,22.43,17.37,86.03,98.58,100.0,100.0,100.0,100.0,1,1,20.0,1.46,17.37,No ritmo da meta
2916500,Itapicuru,BA,Nordeste,28.08,51.23,43.15,80.0,23.15,11.12,60.68,68.72,75.55,81.35,86.28,90.48,1,1,10.48,4.8,11.12,No ritmo da meta
4106902,Curitiba,PR,Sul,70.41,65.96,73.41,80.0,-4.45,-3.09,63.33,61.1,59.2,57.59,56.22,55.05,0,0,-24.95,2.34,-3.09,Em retrocesso
1708205,Formoso do Araguaia,TO,Norte,63.68,45.42,68.94,80.0,-18.26,-5.03,41.14,37.51,34.42,31.8,29.56,27.67,0,0,-52.33,5.76,-5.03,Em retrocesso
2402501,Carnaubais,RN,Nordeste,27.39,42.31,42.55,80.0,14.92,10.07,50.87,58.15,64.33,69.59,74.05,77.85,1,0,-2.15,6.28,10.07,No ritmo da meta
2512754,Riachão do Bacamarte,PB,Nordeste,44.56,46.23,55.97,80.0,1.67,3.4,49.12,51.58,53.66,55.44,56.95,58.23,0,0,-21.77,5.63,3.4,Ritmo insuficiente
2107209,Nina Rodrigues,MA,Nordeste,53.08,46.83,61.87,80.0,-6.25,-2.08,45.06,43.56,42.28,41.2,40.27,39.49,0,0,-40.51,5.53,-2.08,Em retrocesso
4200408,Água Doce,SC,Sul,64.75,72.41,69.64,80.0,7.66,4.45,76.19,79.41,82.14,84.46,86.44,88.12,1,1,8.12,1.27,4.45,No ritmo da meta
3161106,São Francisco,MG,Sudeste,46.23,58.24,57.15,80.0,12.01,12.16,68.58,77.36,84.83,91.18,96.57,100.0,1,1,20.0,3.63,12.16,No ritmo da meta
4117909,Palotina,PR,Sul,69.03,74.33,72.48,80.0,5.3,1.79,75.85,77.14,78.24,79.18,79.97,80.65,1,1,0.65,0.95,1.79,No ritmo da meta
4307807,Estrela,RS,Sul,67.6,49.4,71.53,80.0,-18.2,-19.08,33.18,19.4,7.68,0.0,0.0,0.0,0,0,-80.0,5.1,-19.08,Em retrocesso
2101731,Belágua,MA,Nordeste,61.12,72.29,67.24,80.0,11.17,6.63,77.93,82.72,86.79,90.25,93.19,95.69,1,1,15.69,1.28,6.63,No ritmo da meta
1502772,Curionópolis,PA,Norte,50.76,72.88,60.3,80.0,22.12,12.28,83.32,92.19,99.73,100.0,100.0,100.0,1,1,20.0,1.19,12.28,No ritmo da meta
2411056,Tibau,RN,Nordeste,23.53,22.22,,,-1.31,1.95,23.88,25.29,26.48,27.5,28.37,29.1,0,0,,,1.95,Em retrocesso
4300455,Alegria,RS,Sul,100.0,55.6,80.0,80.0,-44.4,-32.18,28.25,5.0,0.0,0.0,0.0,0.0,0,0,-80.0,4.07,-32.18,Em retrocesso
3549250,São João de Iracema,SP,Sudeste,44.0,44.44,55.57,80.0,0.44,1.78,45.95,47.24,48.33,49.26,50.05,50.72,0,0,-29.28,5.93,1.78,Ritmo critico
4310462,Ipiranga do Sul,RS,Sul,82.35,44.4,80.0,80.0,-37.95,-28.95,19.79,0.0,0.0,0.0,0.0,0.0,0,0,-80.0,5.93,-28.95,Em retrocesso
4316477,Salvador das Missões,RS,Sul,100.0,44.4,80.0,80.0,-55.6,-37.78,12.29,0.0,0.0,0.0,0.0,0.0,0,0,-80.0,5.93,-37.78,Em retrocesso
4118808,Peabiru,PR,Sul,69.48,74.24,72.78,80.0,4.76,1.52,75.53,76.63,77.56,78.36,79.03,79.6,1,0,-0.4,0.96,1.52,No ritmo da meta
4127965,Turvo,PR,Sul,82.63,84.81,80.0,80.0,2.18,0.23,85.01,85.17,85.31,85.43,85.54,85.62,1,1,5.62,-0.8,0.23,No ritmo da meta
3157401,Santa Cruz do Escalvado,MG,Sudeste,54.55,78.33,62.87,80.0,23.78,18.05,93.67,100.0,100.0,100.0,100.0,100.0,1,1,20.0,0.28,18.05,No ritmo da meta
3154457,Riachinho,MG,Sudeste,69.58,72.81,72.85,80.0,3.23,7.77,79.41,85.03,89.8,93.86,97.3,100.0,1,1,20.0,1.2,7.77,No ritmo da meta
4126801,Tapejara,PR,Sul,69.39,61.07,72.72,80.0,-8.32,-5.02,56.8,53.18,50.09,47.47,45.25,43.35,0,0,-36.65,3.16,-5.02,Em retrocesso
5106257,Nova Xavantina,MT,Centro-Oeste,71.61,45.12,74.21,80.0,-26.49,-9.33,37.19,30.45,24.72,19.85,15.71,12.19,0,0,-67.81,5.81,-9.33,Em retrocesso
1505601,Peixe-Boi,PA,Norte,53.76,84.31,62.33,80.0,30.55,16.49,98.33,100.0,100.0,100.0,100.0,100.0,1,1,20.0,-0.72,16.49,No ritmo da meta
3128253,Guaraciama,MG,Sudeste,42.0,80.7,54.13,80.0,38.7,25.51,100.0,100.0,100.0,100.0,100.0,100.0,1,1,20.0,-0.12,25.51,No ritmo da meta
2804300,Muribeca,SE,Nordeste,10.0,22.01,23.62,80.0,12.01,9.36,29.97,36.73,42.48,47.36,51.52,55.05,1,0,-24.95,9.66,9.36,Ritmo insuficiente
4302303,Bom Jesus,RS,Sul,72.59,40.2,74.87,80.0,-32.39,-26.17,17.96,0.0,0.0,0.0,0.0,0.0,0,0,-80.0,6.63,-26.17,Em retrocesso
1706100,Cristalândia,TO,Norte,46.85,61.42,57.59,80.0,14.57,11.39,71.1,79.33,86.33,92.27,97.33,100.0,1,1,20.0,3.1,11.39,No ritmo da meta
4205407,Florianópolis,SC,Sul,50.63,52.75,,,2.12,1.68,54.18,55.39,56.42,57.3,58.05,58.68,0,0,,,1.68,Ritmo critico
3100203,Abaeté,MG,Sudeste,52.32,73.11,61.36,80.0,20.79,16.55,87.18,99.13,100.0,100.0,100.0,100.0,1,1,20.0,1.15,16.55,No ritmo da meta
2905008,Caculé,BA,Nordeste,51.82,47.96,61.02,80.0,-3.86,-2.38,45.94,44.22,42.76,41.51,40.46,39.56,0,0,-40.44,5.34,-2.38,Em retrocesso
3201308,Cariacica,ES,Sudeste,57.15,64.57,64.61,80.0,7.42,6.05,69.71,74.08,77.8,80.96,83.64,85.92,1,1,5.92,2.57,6.05,No ritmo da meta
4109609,Guaratuba,PR,Sul,67.35,66.9,71.37,80.0,-0.45,-1.09,65.97,65.19,64.52,63.95,63.46,63.05,0,0,-16.95,2.18,-1.09,Em retrocesso
1100189,Pimenta Bueno,RO,Norte,69.73,81.06,72.95,80.0,11.33,6.72,86.77,91.63,95.75,99.26,100.0,100.0,1,1,20.0,-0.18,6.72,No ritmo da meta
4114906,Marilândia do Sul,PR,Sul,72.1,84.99,74.54,80.0,12.89,5.58,89.73,93.76,97.19,100.0,100.0,100.0,1,1,20.0,-0.83,5.58,No ritmo da meta
4124707,São Jerônimo da Serra,PR,Sul,81.2,71.33,80.0,80.0,-9.87,-5.8,66.4,62.21,58.65,55.62,53.05,50.86,0,0,-29.14,1.45,-5.8,Em retrocesso
2102556,Campestre do Maranhão,MA,Nordeste,64.72,61.7,69.62,80.0,-3.02,-0.46,61.31,60.98,60.69,60.45,60.25,60.08,0,0,-19.92,3.05,-0.46,Em retrocesso
5000906,Antônio João,MS,Centro-Oeste,54.07,56.2,62.54,80.0,2.13,5.26,60.67,64.47,67.7,70.45,72.78,74.77,0,0,-5.23,3.97,5.26,No ritmo da meta
4321907,Três Passos,RS,Sul,82.86,57.0,80.0,80.0,-25.86,-22.91,37.53,20.97,6.9,0.0,0.0,0.0,0,0,-80.0,3.83,-22.91,Em retrocesso
4308078,Fazenda Vilanova,RS,Sul,80.0,65.0,80.0,80.0,-15.0,-17.48,50.14,37.51,26.78,17.65,9.9,3.3,0,0,-76.7,2.5,-17.48,Em retrocesso
2614105,Sertânia,PE,Nordeste,59.14,56.65,65.93,80.0,-2.49,1.38,57.82,58.82,59.67,60.39,61.0,61.52,0,0,-18.48,3.89,1.38,Em retrocesso
2615607,Trindade,PE,Nordeste,59.68,69.13,66.29,80.0,9.45,7.35,75.38,80.69,85.2,89.04,92.3,95.07,1,1,15.07,1.81,7.35,No ritmo da meta
3171808,Virginópolis,MG,Sudeste,44.13,65.62,55.67,80.0,21.49,16.9,79.98,92.2,100.0,100.0,100.0,100.0,1,1,20.0,2.4,16.9,No ritmo da meta
4127403,Terra Roxa,PR,Sul,68.55,76.19,72.16,80.0,7.64,2.96,78.71,80.84,82.66,84.21,85.52,86.64,1,1,6.64,0.64,2.96,No ritmo da meta
2933257,Vereda,BA,Nordeste,67.84,35.85,71.69,80.0,-31.99,-16.45,21.87,9.98,0.0,0.0,0.0,0.0,0,0,-80.0,7.36,-16.45,Em retrocesso
2903102,Barra do Rocha,BA,Nordeste,38.14,39.62,51.27,80.0,1.48,0.29,39.87,40.08,40.25,40.41,40.53,40.64,0,0,-39.36,6.73,0.29,Ritmo critico
3537602,Peruíbe,SP,Sudeste,39.63,46.81,52.38,80.0,7.18,5.15,51.19,54.91,58.07,60.76,63.04,64.99,0,0,-15.01,5.53,5.15,Ritmo insuficiente
2613206,São João,PE,Nordeste,60.81,54.47,67.04,80.0,-6.34,-0.55,54.0,53.61,53.27,52.98,52.74,52.53,0,0,-27.47,4.26,-0.55,Em retrocesso
2925931,Quixabeira,BA,Nordeste,38.72,75.47,51.7,80.0,36.75,17.92,90.7,100.0,100.0,100.0,100.0,100.0,1,1,20.0,0.76,17.92,No ritmo da meta
3152006,Pompéu,MG,Sudeste,65.2,56.14,69.94,80.0,-9.06,1.63,57.53,58.7,59.7,60.56,61.28,61.89,0,0,-18.11,3.98,1.63,Em retrocesso
5220454,Senador Canedo,GO,Centro-Oeste,48.52,60.34,58.75,80.0,11.82,9.71,68.59,75.61,81.57,86.64,90.95,94.61,1,1,14.61,3.28,9.71,No ritmo da meta
1101708,Urupá,RO,Norte,70.92,61.28,73.75,80.0,-9.64,-3.77,58.08,55.35,53.04,51.07,49.4,47.97,0,0,-32.03,3.12,-3.77,Em retrocesso
4100806,Alvorada do Sul,PR,Sul,69.39,72.48,72.72,80.0,3.09,0.68,73.06,73.55,73.97,74.32,74.62,74.88,1,0,-5.12,1.25,0.68,Ritmo critico
3139607,Mantena,MG,Sudeste,49.94,71.17,59.73,80.0,21.23,16.77,85.42,97.54,100.0,100.0,100.0,100.0,1,1,20.0,1.47,16.77,No ritmo da meta
5106240,Nova Ubiratã,MT,Centro-Oeste,73.23,58.41,75.3,80.0,-14.82,-3.5,55.43,52.91,50.76,48.93,47.38,46.06,0,0,-33.94,3.6,-3.5,Em retrocesso
5004403,Inocência,MS,Centro-Oeste,33.64,51.7,47.77,80.0,18.06,13.23,62.95,72.5,80.63,87.54,93.41,98.4,1,1,18.4,4.72,13.23,No ritmo da meta
2708600,São Miguel dos Campos,AL,Nordeste,50.08,57.17,59.83,80.0,7.09,6.87,63.01,67.97,72.19,75.78,78.83,81.42,1,1,1.42,3.8,6.87,No ritmo da meta
4212650,Pescaria Brava,SC,Sul,40.37,45.95,52.93,80.0,5.58,3.41,48.85,51.31,53.41,55.19,56.7,57.99,0,0,-22.01,5.68,3.41,Ritmo insuficiente
4112959,Juranda,PR,Sul,59.77,63.48,66.35,80.0,3.71,0.99,64.32,65.04,65.64,66.16,66.6,66.97,0,0,-13.03,2.75,0.99,Ritmo critico
3300506,Bom Jardim,RJ,Sudeste,50.43,66.67,60.07,80.0,16.24,9.65,74.87,81.84,87.77,92.81,97.09,100.0,1,1,20.0,2.22,9.65,No ritmo da meta
1100304,Vilhena,RO,Norte,65.62,71.66,70.22,80.0,6.04,4.07,75.12,78.06,80.56,82.68,84.49,86.03,1,1,6.03,1.39,4.07,No ritmo da meta
1300631,Beruri,AM,Norte,91.72,83.74,,,-7.98,-4.71,79.74,76.33,73.44,70.98,68.89,67.12,0,0,,,-4.71,Em retrocesso
4111001,Itambaracá,PR,Sul,79.12,80.58,79.37,80.0,1.46,-0.13,80.47,80.38,80.3,80.23,80.17,80.12,1,1,0.12,-0.1,-0.13,Ritmo critico
2202307,Canto do Buriti,PI,Nordeste,13.66,36.45,28.48,80.0,22.79,14.51,48.78,59.27,68.18,75.75,82.19,87.66,1,1,7.66,7.26,14.51,No ritmo da meta
4318606,São José do Ouro,RS,Sul,62.54,37.2,68.18,80.0,-25.34,-22.65,17.95,1.58,0.0,0.0,0.0,0.0,0,0,-80.0,7.13,-22.65,Em retrocesso
3202256,Governador Lindenberg,ES,Sudeste,64.12,77.12,69.23,80.0,13.0,8.84,84.63,91.02,96.45,100.0,100.0,100.0,1,1,20.0,0.48,8.84,No ritmo da meta
4315909,Rodeio Bonito,RS,Sul,88.57,48.8,80.0,80.0,-39.77,-29.86,23.42,1.85,0.0,0.0,0.0,0.0,0,0,-80.0,5.2,-29.86,Em retrocesso
3528403,Mairinque,SP,Sudeste,56.21,49.33,55.2,80.0,-6.88,-1.88,47.73,46.37,45.22,44.24,43.4,42.69,0,0,-37.31,5.11,-1.88,Em retrocesso
5210802,Itajá,GO,Centro-Oeste,81.81,82.86,80.0,80.0,1.05,4.33,86.54,89.67,92.33,94.59,96.51,98.14,1,1,18.14,-0.48,4.33,No ritmo da meta
3134509,Itutinga,MG,Sudeste,51.36,76.33,60.71,80.0,24.97,18.64,92.17,100.0,100.0,100.0,100.0,100.0,1,1,20.0,0.61,18.64,No ritmo da meta
3149002,Pedra Dourada,MG,Sudeste,53.74,80.0,62.32,80.0,26.26,19.29,96.4,100.0,100.0,100.0,100.0,100.0,1,1,20.0,0.0,19.29,No ritmo da meta
2107258,Nova Colinas,MA,Nordeste,85.65,77.14,80.0,80.0,-8.51,-3.21,74.41,72.09,70.12,68.45,67.02,65.81,0,0,-14.19,0.48,-3.21,Em retrocesso
2516755,Tenório,PB,Nordeste,62.16,48.73,67.93,80.0,-13.43,-4.15,45.2,42.2,39.66,37.49,35.65,34.08,0,0,-45.92,5.21,-4.15,Em retrocesso
4308300,Fontoura Xavier,RS,Sul,62.05,60.0,67.86,80.0,-2.05,-11.0,50.65,42.7,35.95,30.21,25.32,21.18,0,0,-58.82,3.33,-11.0,Em retrocesso
1718808,Sampaio,TO,Norte,43.61,43.25,55.29,80.0,-0.36,3.92,46.58,49.41,51.82,53.87,55.61,57.09,0,0,-22.91,6.12,3.92,Em retrocesso
4211405,Nova Erechim,SC,Sul,69.15,72.86,72.56,80.0,3.71,2.47,74.96,76.74,78.26,79.55,80.65,81.58,1,1,1.58,1.19,2.47,No ritmo da meta
1301803,Ipixuna,AM,Norte,40.83,63.28,66.47,80.0,22.45,10.5,72.2,79.79,86.24,91.72,96.38,100.0,1,1,20.0,2.79,10.5,No ritmo da meta
4119657,Pitangueiras,PR,Sul,94.13,83.19,80.0,80.0,-10.94,-6.33,77.81,73.24,69.35,66.04,63.24,60.85,0,0,-19.15,-0.53,-6.33,Em retrocesso
4316972,Santa Margarida do Sul,RS,Sul,42.41,25.7,54.43,80.0,-16.71,-18.33,10.12,0.0,0.0,0.0,0.0,0.0,0,0,-80.0,9.05,-18.33,Em retrocesso
5105606,Matupá,MT,Centro-Oeste,65.6,52.57,70.21,80.0,-13.03,-2.6,50.36,48.48,46.88,45.53,44.37,43.39,0,0,-36.61,4.57,-2.6,Em retrocesso
2500106,Água Branca,PB,Nordeste,47.63,52.67,58.14,80.0,5.04,5.08,56.99,60.66,63.78,66.43,68.68,70.6,0,0,-9.4,4.56,5.08,No ritmo da meta
3204203,Piúma,ES,Sudeste,62.47,70.65,68.14,80.0,8.18,6.43,76.12,80.76,84.71,88.07,90.92,93.34,1,1,13.34,1.56,6.43,No ritmo da meta
5207808,Firminópolis,GO,Centro-Oeste,76.84,70.8,77.78,80.0,-6.04,0.78,71.46,72.03,72.51,72.91,73.26,73.55,0,0,-6.45,1.53,0.78,Em retrocesso
5000807,Anaurilândia,MS,Centro-Oeste,65.19,80.11,69.94,80.0,14.92,11.66,90.02,98.45,100.0,100.0,100.0,100.0,1,1,20.0,-0.02,11.66,No ritmo da meta
2107506,Paço do Lumiar,MA,Nordeste,50.71,55.55,60.26,80.0,4.84,3.47,58.5,61.01,63.14,64.95,66.49,67.8,0,0,-12.2,4.08,3.47,Ritmo insuficiente
3144508,Nazareno,MG,Sudeste,87.42,85.36,80.0,80.0,-2.06,5.13,89.72,93.43,96.58,99.26,100.0,100.0,1,1,20.0,-0.89,5.13,Em retrocesso
3301603,Duas Barras,RJ,Sudeste,57.85,65.4,65.07,80.0,7.55,5.3,69.9,73.73,76.99,79.76,82.11,84.11,1,1,4.11,2.43,5.3,No ritmo da meta
5006358,Paranhos,MS,Centro-Oeste,44.89,66.43,56.21,80.0,21.54,14.97,79.15,89.97,99.16,100.0,100.0,100.0,1,1,20.0,2.26,14.97,No ritmo da meta
3511409,Cerqueira César,SP,Sudeste,44.01,39.99,55.58,80.0,-4.02,-0.45,39.61,39.28,39.01,38.77,38.57,38.4,0,0,-41.6,6.67,-0.45,Em retrocesso
1600402,Mazagão,AP,Norte,29.38,44.22,44.27,80.0,14.84,10.94,53.52,61.42,68.14,73.85,78.71,82.83,1,1,2.83,5.96,10.94,No ritmo da meta
4301909,Barra do Ribeiro,RS,Sul,68.6,43.6,72.2,80.0,-25.0,-22.48,24.49,8.25,0.0,0.0,0.0,0.0,0,0,-80.0,6.07,-22.48,Em retrocesso
2111102,São João dos Patos,MA,Nordeste,53.56,55.16,62.2,80.0,1.6,1.85,56.73,58.07,59.21,60.17,60.99,61.69,0,0,-18.31,4.14,1.85,Ritmo critico
4104204,Campo Largo,PR,Sul,73.34,69.19,75.38,80.0,-4.15,-2.94,66.69,64.57,62.76,61.23,59.92,58.81,0,0,-21.19,1.8,-2.94,Em retrocesso
4202800,Braço do Norte,SC,Sul,60.64,59.36,66.93,80.0,-1.28,-0.02,59.34,59.33,59.32,59.31,59.3,59.29,0,0,-20.71,3.44,-0.02,Em retrocesso
3134202,Ituiutaba,MG,Sudeste,62.99,66.72,68.48,80.0,3.73,8.02,73.54,79.33,84.26,88.44,92.0,95.03,1,1,15.03,2.21,8.02,No ritmo da meta
3101102,Aimorés,MG,Sudeste,48.78,57.63,58.93,80.0,8.85,10.58,66.62,74.27,80.76,86.29,90.98,94.97,1,1,14.97,3.73,10.58,No ritmo da meta
2911709,Guanambi,BA,Nordeste,48.58,46.39,58.8,80.0,-2.19,-1.55,45.07,43.95,43.0,42.19,41.5,40.92,0,0,-39.08,5.6,-1.55,Em retrocesso
2703908,Jundiá,AL,Nordeste,34.6,44.34,48.53,80.0,9.74,8.2,51.31,57.23,62.27,66.55,70.19,73.28,1,0,-6.72,5.94,8.2,No ritmo da meta
4209904,Lontras,SC,Sul,59.83,58.41,66.39,80.0,-1.42,-0.09,58.33,58.27,58.21,58.17,58.13,58.09,0,0,-21.91,3.6,-0.09,Em retrocesso
2105807,Lago do Junco,MA,Nordeste,100.0,97.1,80.0,80.0,-2.9,-0.4,96.76,96.47,96.23,96.02,95.84,95.69,1,1,15.69,-2.85,-0.4,Em retrocesso
3520400,Ilhabela,SP,Sudeste,44.16,43.27,55.69,80.0,-0.89,1.11,44.21,45.02,45.7,46.28,46.77,47.19,0,0,-32.81,6.12,1.11,Em retrocesso
4307450,Esperança do Sul,RS,Sul,97.22,80.1,80.0,80.0,-17.12,-18.54,64.34,50.95,39.56,29.88,21.66,14.66,0,0,-65.34,-0.02,-18.54,Em retrocesso
2913804,Ipecaetá,BA,Nordeste,34.83,46.51,48.71,80.0,11.68,5.39,51.09,54.99,58.3,61.11,63.5,65.53,1,0,-14.47,5.58,5.39,Ritmo insuficiente
3136959,Juvenília,MG,Sudeste,36.81,52.49,,,15.68,14.0,64.39,74.5,83.1,90.41,96.62,100.0,0,0,,,14.0,Ritmo critico
1707009,Dianópolis,TO,Norte,51.81,61.27,61.01,80.0,9.46,8.83,68.78,75.16,80.58,85.19,89.11,92.44,1,1,12.44,3.12,8.83,No ritmo da meta
4124020,Santa Tereza do Oeste,PR,Sul,73.31,77.75,75.36,80.0,4.44,1.36,78.91,79.89,80.72,81.43,82.04,82.55,1,1,2.55,0.38,1.36,No ritmo da meta
2414704,Várzea,RN,Nordeste,17.25,45.68,32.65,80.0,28.43,16.82,59.98,72.13,82.46,91.24,98.7,100.0,1,1,20.0,5.72,16.82,No ritmo da meta
4309100,Gramado,RS,Sul,79.08,55.3,79.35,80.0,-23.78,-21.87,36.71,20.91,7.48,0.0,0.0,0.0,0,0,-80.0,4.12,-21.87,Em retrocesso
3202207,Fundão,ES,Sudeste,61.33,62.28,67.38,80.0,0.95,2.82,64.68,66.71,68.45,69.92,71.17,72.23,0,0,-7.77,2.95,2.82,Ritmo insuficiente
4126678,Tamarana,PR,Sul,73.85,65.46,75.72,80.0,-8.39,-5.06,61.16,57.5,54.4,51.75,49.51,47.6,0,0,-32.4,2.42,-5.06,Em retrocesso
2110906,São Francisco do Maranhão,MA,Nordeste,51.3,83.35,60.66,80.0,32.05,17.07,97.86,100.0,100.0,100.0,100.0,100.0,1,1,20.0,-0.56,17.07,No ritmo da meta
4125605,São Mateus do Sul,PR,Sul,83.07,70.57,80.0,80.0,-12.5,-7.11,64.53,59.39,55.02,51.31,48.16,45.48,0,0,-34.52,1.57,-7.11,Em retrocesso
4301057,Arroio do Sal,RS,Sul,67.46,46.5,71.44,80.0,-20.96,-20.46,29.11,14.33,1.76,0.0,0.0,0.0,0,0,-80.0,5.58,-20.46,Em retrocesso
3139409,Manhuaçu,MG,Sudeste,48.41,71.73,58.68,80.0,23.32,17.82,86.88,99.75,100.0,100.0,100.0,100.0,1,1,20.0,1.38,17.82,No ritmo da meta
4322525,Vale Verde,RS,Sul,85.54,47.1,80.0,80.0,-38.44,-29.2,22.28,1.18,0.0,0.0,0.0,0.0,0,0,-80.0,5.48,-29.2,Em retrocesso
2928901,São Desidério,BA,Nordeste,44.69,54.07,56.06,80.0,9.38,4.24,57.67,60.74,63.34,65.55,67.44,69.04,1,0,-10.96,4.32,4.24,Ritmo insuficiente
3500758,Alambari,SP,Sudeste,71.59,61.45,74.2,80.0,-10.14,-3.51,58.47,55.93,53.77,51.94,50.39,49.06,0,0,-30.94,3.09,-3.51,Em retrocesso
5201801,Aragoiânia,GO,Centro-Oeste,54.97,62.84,63.15,80.0,7.87,7.74,69.42,75.01,79.76,83.8,87.24,90.16,1,1,10.16,2.86,7.74,No ritmo da meta
4121703,Reserva,PR,Sul,72.87,81.08,75.06,80.0,8.21,3.24,83.83,86.17,88.16,89.86,91.29,92.52,1,1,12.52,-0.18,3.24,No ritmo da meta
4311643,Linha Nova,RS,Sul,100.0,41.2,80.0,80.0,-58.8,-39.38,7.73,0.0,0.0,0.0,0.0,0.0,0,0,-80.0,6.47,-39.38,Em retrocesso
3547403,Santa Rita d'Oeste,SP,Sudeste,60.37,52.94,66.75,80.0,-7.43,-2.16,51.1,49.54,48.22,47.09,46.13,45.32,0,0,-34.68,4.51,-2.16,Em retrocesso
4321493,Toropi,RS,Sul,100.0,38.7,80.0,80.0,-61.3,-40.63,4.16,0.0,0.0,0.0,0.0,0.0,0,0,-80.0,6.88,-40.63,Em retrocesso
4306924,Engenho Velho,RS,Sul,76.92,41.2,77.83,80.0,-35.72,-27.84,17.54,0.0,0.0,0.0,0.0,0.0,0,0,-80.0,6.47,-27.84,Em retrocesso
4323358,Vila Lângaro,RS,Sul,71.21,52.9,73.94,80.0,-18.31,-19.13,36.64,22.82,11.07,1.08,0.0,0.0,0,0,-80.0,4.52,-19.13,Em retrocesso
3120102,Couto de Magalhães de Minas,MG,Sudeste,48.47,77.52,58.72,80.0,29.05,20.68,95.1,100.0,100.0,100.0,100.0,100.0,1,1,20.0,0.41,20.68,No ritmo da meta
2921906,Mucugê,BA,Nordeste,41.65,38.82,53.87,80.0,-2.83,-1.87,37.23,35.88,34.73,33.75,32.93,32.22,0,0,-47.78,6.86,-1.87,Em retrocesso
2915700,Itamari,BA,Nordeste,59.67,36.76,66.28,80.0,-22.91,-11.91,26.64,18.03,10.72,4.5,0.0,0.0,0,0,-80.0,7.21,-11.91,Em retrocesso
4321469,Tio Hugo,RS,Sul,87.5,69.1,80.0,80.0,-18.4,-19.18,52.8,38.94,27.16,17.15,8.64,1.4,0,0,-78.6,1.82,-19.18,Em retrocesso
3516002,Flórida Paulista,SP,Sudeste,82.92,54.56,80.0,80.0,-28.36,-12.62,43.83,34.72,26.96,20.38,14.78,10.02,0,0,-69.98,4.24,-12.62,Em retrocesso
4310579,Itapuca,RS,Sul,80.62,76.5,80.0,80.0,-4.12,-12.04,66.27,57.57,50.17,43.89,38.55,34.0,0,0,-46.0,0.58,-12.04,Em retrocesso
2924702,Piripá,BA,Nordeste,64.26,56.47,69.32,80.0,-7.79,-4.35,52.77,49.63,46.96,44.69,42.76,41.12,0,0,-38.88,3.92,-4.35,Em retrocesso
2403756,Fernando Pedroza,RN,Nordeste,32.84,58.82,47.13,80.0,25.98,15.6,72.08,83.35,92.93,100.0,100.0,100.0,1,1,20.0,3.53,15.6,No ritmo da meta
3513306,Cruzália,SP,Sudeste,85.19,47.06,80.0,80.0,-38.13,-17.51,32.18,19.53,8.77,0.0,0.0,0.0,0,0,-80.0,5.49,-17.51,Em retrocesso
3303005,Miracema,RJ,Sudeste,67.56,69.51,71.51,80.0,1.95,2.5,71.64,73.44,74.98,76.28,77.39,78.33,1,0,-1.67,1.75,2.5,No ritmo da meta
3119005,Cordislândia,MG,Sudeste,47.14,73.53,57.79,80.0,26.39,19.35,89.98,100.0,100.0,100.0,100.0,100.0,1,1,20.0,1.08,19.35,No ritmo da meta
3555307,Turmalina,SP,Sudeste,45.45,70.59,56.6,80.0,25.14,14.13,82.6,92.81,100.0,100.0,100.0,100.0,1,1,20.0,1.57,14.13,No ritmo da meta
2206407,Monsenhor Gil,PI,Nordeste,60.33,42.48,66.72,80.0,-17.85,-5.81,37.54,33.34,29.78,26.74,24.16,21.97,0,0,-58.03,6.25,-5.81,Em retrocesso
4314001,Paraí,RS,Sul,92.98,60.0,80.0,80.0,-32.98,-26.47,37.5,18.38,2.12,0.0,0.0,0.0,0,0,-80.0,3.33,-26.47,Em retrocesso
4113700,Londrina,PR,Sul,73.87,72.99,75.74,80.0,-0.88,-1.3,71.88,70.95,70.15,69.47,68.89,68.4,0,0,-11.6,1.17,-1.3,Em retrocesso
3549607,São José do Barreiro,SP,Sudeste,37.89,52.78,51.08,80.0,14.89,9.0,60.43,66.93,72.46,77.16,81.15,84.55,1,1,4.55,4.54,9.0,No ritmo da meta
4319307,São Paulo das Missões,RS,Sul,77.73,61.1,78.4,80.0,-16.63,-18.29,45.55,32.34,21.11,11.56,3.44,0.0,0,0,-80.0,3.15,-18.29,Em retrocesso
4119954,Pontal do Paraná,PR,Sul,71.19,61.28,73.93,80.0,-9.91,-5.82,56.33,52.13,48.55,45.52,42.93,40.74,0,0,-39.26,3.12,-5.82,Em retrocesso
1701903,Araguacema,TO,Norte,38.62,49.27,51.63,80.0,10.65,9.43,57.29,64.1,69.89,74.81,79.0,82.55,1,1,2.55,5.12,9.43,No ritmo da meta
5215231,Novo Gama,GO,Centro-Oeste,52.29,57.35,61.34,80.0,5.06,6.33,62.73,67.3,71.19,74.5,77.3,79.69,1,0,-0.31,3.78,6.33,No ritmo da meta
2702355,Craíbas,AL,Nordeste,45.7,67.43,56.78,80.0,21.73,14.19,79.49,89.74,98.46,100.0,100.0,100.0,1,1,20.0,2.09,14.19,No ritmo da meta
1507755,Sapucaia,PA,Norte,79.88,71.84,79.91,80.0,-8.04,-2.8,69.46,67.44,65.72,64.26,63.01,61.96,0,0,-18.04,1.36,-2.8,Em retrocesso
3123528,Durandé,MG,Sudeste,78.2,71.43,78.73,80.0,-6.77,2.77,73.78,75.79,77.49,78.93,80.16,81.21,0,1,1.21,1.43,2.77,Em retrocesso
4120804,Quatro Barras,PR,Sul,66.78,67.24,70.99,80.0,0.46,-0.63,66.7,66.25,65.86,65.53,65.25,65.02,0,0,-14.98,2.13,-0.63,Ritmo critico
2914406,Iraquara,BA,Nordeste,38.87,44.24,51.82,80.0,5.37,2.23,46.14,47.75,49.12,50.28,51.27,52.11,0,0,-27.89,5.96,2.23,Ritmo critico
5221858,Valparaíso de Goiás,GO,Centro-Oeste,56.69,64.23,64.3,80.0,7.54,7.57,70.66,76.13,80.78,84.73,88.09,90.95,1,1,10.95,2.63,7.57,No ritmo da meta
4109401,Guarapuava,PR,Sul,74.41,67.0,76.11,80.0,-7.41,-4.57,63.12,59.81,57.01,54.62,52.59,50.87,0,0,-29.13,2.17,-4.57,Em retrocesso
3163201,São José do Alegre,MG,Sudeste,77.36,86.26,78.14,80.0,8.9,10.61,95.28,100.0,100.0,100.0,100.0,100.0,1,1,20.0,-1.04,10.61,No ritmo da meta
4321709,Três Coroas,RS,Sul,55.48,42.2,63.49,80.0,-13.28,-16.62,28.07,16.07,5.86,0.0,0.0,0.0,0,0,-80.0,6.3,-16.62,Em retrocesso
2402303,Caraúbas,RN,Nordeste,25.23,39.56,40.62,80.0,14.33,9.77,47.86,54.92,60.92,66.02,70.36,74.04,1,0,-5.96,6.74,9.77,No ritmo da meta
4202602,Bom Retiro,SC,Sul,32.45,47.34,46.81,80.0,14.89,8.06,54.19,60.01,64.96,69.17,72.75,75.79,1,0,-4.21,5.44,8.06,No ritmo da meta
4101804,Araucária,PR,Sul,69.52,69.02,72.81,80.0,-0.5,-1.11,68.08,67.27,66.59,66.01,65.52,65.1,0,0,-14.9,1.83,-1.11,Em retrocesso
3304201,Resende,RJ,Sudeste,68.62,72.48,72.21,80.0,3.86,3.46,75.42,77.92,80.05,81.85,83.39,84.69,1,1,4.69,1.25,3.46,No ritmo da meta
3505807,Bastos,SP,Sudeste,51.88,46.89,61.06,80.0,-4.99,-0.94,46.09,45.41,44.83,44.34,43.93,43.57,0,0,-36.43,5.52,-0.94,Em retrocesso
3551504,Serrana,SP,Sudeste,45.95,43.97,56.96,80.0,-1.98,0.57,44.45,44.87,45.22,45.51,45.77,45.98,0,0,-34.02,6.0,0.57,Em retrocesso
4321808,Três de Maio,RS,Sul,79.03,51.2,79.31,80.0,-27.83,-23.89,30.89,13.63,0.0,0.0,0.0,0.0,0,0,-80.0,4.8,-23.89,Em retrocesso
2700201,Anadia,AL,Nordeste,53.44,45.26,62.12,80.0,-8.18,-0.76,44.61,44.06,43.6,43.2,42.86,42.58,0,0,-37.42,5.79,-0.76,Em retrocesso
4107900,Floresta,PR,Sul,76.39,74.01,77.47,80.0,-2.38,-2.05,72.27,70.79,69.53,68.46,67.55,66.77,0,0,-13.23,1.0,-2.05,Em retrocesso
4116604,Nova América da Colina,PR,Sul,62.54,78.8,68.18,80.0,16.26,7.27,84.98,90.23,94.7,98.49,100.0,100.0,1,1,20.0,0.2,7.27,No ritmo da meta
4207403,Imbuia,SC,Sul,64.78,79.52,69.66,80.0,14.74,7.99,86.31,92.08,96.99,100.0,100.0,100.0,1,1,20.0,0.08,7.99,No ritmo da meta
2924306,Piatã,BA,Nordeste,42.2,45.33,54.27,80.0,3.13,1.11,46.27,47.08,47.76,48.34,48.83,49.25,0,0,-30.75,5.78,1.11,Ritmo critico
4216602,São José,SC,Sul,65.4,57.07,,,-8.33,-3.55,54.05,51.49,49.31,47.45,45.88,44.54,0,0,,,-3.55,Em retrocesso
2602209,Bom Jardim,PE,Nordeste,60.94,69.15,67.12,80.0,8.21,6.73,74.87,79.73,83.87,87.38,90.37,92.9,1,1,12.9,1.81,6.73,No ritmo da meta
5209200,Guapó,GO,Centro-Oeste,64.19,70.28,69.27,80.0,6.09,6.85,76.1,81.05,85.26,88.83,91.87,94.46,1,1,14.46,1.62,6.85,No ritmo da meta
4216057,São Cristóvão do Sul,SC,Sul,57.13,50.76,,,-6.37,-2.57,48.58,46.72,45.14,43.8,42.66,41.69,0,0,,,-2.57,Em retrocesso
5100359,Alto Boa Vista,MT,Centro-Oeste,93.68,48.84,80.0,80.0,-44.84,-18.51,33.11,19.73,8.37,0.0,0.0,0.0,0,0,-80.0,5.19,-18.51,Em retrocesso
4127858,Três Barras do Paraná,PR,Sul,79.37,75.42,79.55,80.0,-3.95,-2.84,73.01,70.95,69.21,67.73,66.47,65.4,0,0,-14.6,0.76,-2.84,Em retrocesso
4212403,Pedras Grandes,SC,Sul,81.73,69.2,80.0,80.0,-12.53,-5.65,64.4,60.32,56.85,53.9,51.39,49.26,0,0,-30.74,1.8,-5.65,Em retrocesso
4311205,Júlio de Castilhos,RS,Sul,61.21,42.2,49.24,80.0,-19.01,-19.48,25.64,11.57,0.0,0.0,0.0,0.0,0,0,-80.0,6.3,-19.48,Em retrocesso
4317806,Santo Augusto,RS,Sul,77.71,69.9,78.38,80.0,-7.81,-13.88,58.1,48.07,39.55,32.3,26.15,20.91,0,0,-59.09,1.68,-13.88,Em retrocesso
4206405,Guaraciaba,SC,Sul,83.28,83.69,80.0,80.0,0.41,0.82,84.39,84.98,85.48,85.91,86.27,86.58,1,1,6.58,-0.61,0.82,No ritmo da meta
2919009,Lajedinho,BA,Nordeste,50.0,21.21,59.77,80.0,-28.79,-14.85,8.59,0.0,0.0,0.0,0.0,0.0,0,0,-80.0,9.8,-14.85,Em retrocesso
2509404,Mogeiro,PB,Nordeste,73.21,60.61,75.29,80.0,-12.6,-3.74,57.43,54.73,52.43,50.48,48.82,47.41,0,0,-32.59,3.23,-3.74,Em retrocesso
3136579,Josenópolis,MG,Sudeste,90.34,90.91,80.0,80.0,0.57,6.44,96.38,100.0,100.0,100.0,100.0,100.0,1,1,20.0,-1.82,6.44,No ritmo da meta
1101104,Itapuã do Oeste,RO,Norte,98.79,70.62,80.0,80.0,-28.17,-13.03,59.54,50.13,42.13,35.33,29.55,24.63,0,0,-55.37,1.56,-13.03,Em retrocesso
5107008,Poxoréu,MT,Centro-Oeste,47.11,46.03,57.77,80.0,-1.08,3.37,48.89,51.33,53.4,55.16,56.65,57.92,0,0,-22.08,5.66,3.37,Em retrocesso
5104807,Jaciara,MT,Centro-Oeste,57.01,55.26,64.51,80.0,-1.75,3.04,57.84,60.04,61.91,63.49,64.84,65.99,0,0,-14.01,4.12,3.04,Em retrocesso
4318309,São Gabriel,RS,Sul,61.13,35.6,67.25,80.0,-25.53,-22.74,16.27,0.0,0.0,0.0,0.0,0.0,0,0,-80.0,7.4,-22.74,Em retrocesso
1720309,São Sebastião do Tocantins,TO,Norte,26.56,58.96,41.81,80.0,32.4,20.3,76.22,90.88,100.0,100.0,100.0,100.0,1,1,20.0,3.51,20.3,No ritmo da meta
4300208,Ajuricaba,RS,Sul,80.14,81.9,80.0,80.0,1.76,-9.1,74.17,67.59,62.0,57.25,53.21,49.78,0,0,-30.22,-0.32,-9.1,Ritmo critico
1100452,Buritis,RO,Norte,49.82,72.32,59.65,80.0,22.5,12.3,82.78,91.66,99.22,100.0,100.0,100.0,1,1,20.0,1.28,12.3,No ritmo da meta
1600279,Laranjal do Jari,AP,Norte,39.29,39.8,52.13,80.0,0.51,3.77,43.0,45.73,48.04,50.01,51.68,53.11,0,0,-26.89,6.7,3.77,Ritmo critico
2102036,Bom Jesus das Selvas,MA,Nordeste,63.61,63.18,68.89,80.0,-0.43,0.83,63.89,64.49,64.99,65.43,65.8,66.11,0,0,-13.89,2.8,0.83,Em retrocesso
2112209,Timon,MA,Nordeste,67.8,75.74,71.67,80.0,7.94,5.02,80.01,83.63,86.72,89.34,91.56,93.46,1,1,13.46,0.71,5.02,No ritmo da meta
4315800,Roca Sales,RS,Sul,75.61,45.0,76.93,80.0,-30.61,-25.28,23.51,5.25,0.0,0.0,0.0,0.0,0,0,-80.0,5.83,-25.28,Em retrocesso
2904506,Brotas de Macaúbas,BA,Nordeste,43.67,60.98,64.62,80.0,17.31,8.2,67.95,73.87,78.91,83.19,86.83,89.92,1,1,9.92,3.17,8.2,No ritmo da meta
4317608,Santo Antônio da Patrulha,RS,Sul,77.32,61.7,78.11,80.0,-15.62,-17.79,46.58,33.73,22.8,13.51,5.62,0.0,0,0,-80.0,3.05,-17.79,Em retrocesso
2101251,Bacabeira,MA,Nordeste,51.49,53.73,60.79,80.0,2.24,2.17,55.57,57.14,58.47,59.61,60.57,61.39,0,0,-18.61,4.38,2.17,Ritmo critico
5200050,Abadia de Goiás,GO,Centro-Oeste,59.84,64.46,66.39,80.0,4.62,6.11,69.65,74.07,77.82,81.01,83.72,86.03,1,1,6.03,2.59,6.11,No ritmo da meta
4114807,Marialva,PR,Sul,73.24,73.09,75.31,80.0,-0.15,-0.94,72.29,71.61,71.03,70.54,70.13,69.77,0,0,-10.23,1.15,-0.94,Em retrocesso
5204953,Campos Verdes,GO,Centro-Oeste,63.71,82.8,68.96,80.0,19.09,13.35,94.15,100.0,100.0,100.0,100.0,100.0,1,1,20.0,-0.47,13.35,No ritmo da meta
3510609,Carapicuíba,SP,Sudeste,45.21,44.8,56.43,80.0,-0.41,1.35,45.95,46.92,47.75,48.46,49.06,49.56,0,0,-30.44,5.87,1.35,Em retrocesso
3128808,Guidoval,MG,Sudeste,61.83,58.58,67.71,80.0,-3.25,4.53,62.43,65.7,68.49,70.85,72.86,74.57,0,0,-5.43,3.57,4.53,Em retrocesso
2412807,São Rafael,RN,Nordeste,19.8,25.47,35.36,80.0,5.67,5.44,30.09,34.02,37.37,40.2,42.62,44.67,0,0,-35.33,9.09,5.44,Ritmo critico
3135605,Jequitaí,MG,Sudeste,39.93,70.71,52.61,80.0,30.78,21.55,89.03,100.0,100.0,100.0,100.0,100.0,1,1,20.0,1.55,21.55,No ritmo da meta
2102002,Bom Jardim,MA,Nordeste,94.62,69.64,80.0,80.0,-24.98,-11.44,59.92,51.65,44.63,38.65,33.58,29.26,0,0,-50.74,1.73,-11.44,Em retrocesso
2207900,Pedro II,PI,Nordeste,25.09,41.98,40.49,80.0,16.89,11.56,51.81,60.16,67.26,73.29,78.42,82.78,1,1,2.78,6.34,11.56,No ritmo da meta
2605509,Ferreiros,PE,Nordeste,58.16,41.36,65.28,80.0,-16.8,-5.78,36.45,32.27,28.72,25.7,23.14,20.96,0,0,-59.04,6.44,-5.78,Em retrocesso
1703800,Buriti do Tocantins,TO,Norte,41.24,50.39,56.06,80.0,9.15,8.68,57.77,64.04,69.37,73.9,77.75,81.03,1,1,1.03,4.93,8.68,No ritmo da meta
3104809,Augusto de Lima,MG,Sudeste,48.19,48.8,58.52,80.0,0.61,6.46,54.29,58.96,62.93,66.3,69.16,71.6,0,0,-8.4,5.2,6.46,No ritmo da meta
4313300,Nova Prata,RS,Sul,78.78,61.1,79.13,80.0,-17.68,-18.82,45.1,31.51,19.95,10.12,1.77,0.0,0,0,-80.0,3.15,-18.82,Em retrocesso
2600104,Afogados da Ingazeira,PE,Nordeste,66.59,70.19,70.86,80.0,3.6,4.42,73.95,77.14,79.85,82.16,84.12,85.79,1,1,5.79,1.64,4.42,No ritmo da meta
2408805,Parazinho,RN,Nordeste,47.0,28.27,57.7,80.0,-18.73,-6.76,22.52,17.64,13.49,9.96,6.96,4.41,0,0,-75.59,8.62,-6.76,Em retrocesso
1300086,Anamã,AM,Norte,33.26,53.48,47.47,80.0,20.22,9.39,61.46,68.25,74.01,78.91,83.08,86.62,1,1,6.62,4.42,9.39,No ritmo da meta
3113701,Carlos Chagas,MG,Sudeste,56.45,55.83,64.14,80.0,-0.62,5.85,60.8,65.03,68.62,71.68,74.27,76.48,0,0,-3.52,4.03,5.85,Em retrocesso
4203600,Campos Novos,SC,Sul,64.29,64.77,69.34,80.0,0.48,0.86,65.5,66.12,66.65,67.1,67.48,67.81,0,0,-12.19,2.54,0.86,Ritmo critico
3126208,Formoso,MG,Sudeste,61.08,74.9,67.22,80.0,13.82,13.07,86.01,95.45,100.0,100.0,100.0,100.0,1,1,20.0,0.85,13.07,No ritmo da meta
4111100,Itambé,PR,Sul,89.72,86.9,80.0,80.0,-2.82,-2.27,84.97,83.33,81.94,80.75,79.74,78.89,1,0,-1.11,-1.15,-2.27,Em retrocesso
2202901,Corrente,PI,Nordeste,47.76,37.78,58.23,80.0,-9.98,-1.87,36.19,34.84,33.69,32.71,31.89,31.18,0,0,-48.82,7.04,-1.87,Em retrocesso
3153004,Pratinha,MG,Sudeste,85.44,52.8,80.0,80.0,-32.64,-10.16,44.16,36.82,30.58,25.28,20.77,16.94,0,0,-63.06,4.53,-10.16,Em retrocesso
4320800,Soledade,RS,Sul,66.25,61.9,70.64,80.0,-4.35,-12.15,51.57,42.79,35.33,28.99,23.6,19.02,0,0,-60.98,3.02,-12.15,Em retrocesso
2931004,Tanhaçu,BA,Nordeste,58.73,47.42,65.66,80.0,-11.31,-6.11,42.23,37.81,34.06,30.87,28.16,25.85,0,0,-54.15,5.43,-6.11,Em retrocesso
1300102,Anori,AM,Norte,75.99,77.45,77.19,80.0,1.46,0.01,77.46,77.47,77.47,77.48,77.48,77.49,1,0,-2.51,0.42,0.01,Ritmo critico
4322251,Tupandi,RS,Sul,81.98,55.1,80.0,80.0,-26.88,-23.42,35.19,18.27,3.89,0.0,0.0,0.0,0,0,-80.0,4.15,-23.42,Em retrocesso
4317707,Santo Antônio das Missões,RS,Sul,73.47,53.0,75.47,80.0,-20.47,-20.21,35.82,21.22,8.81,0.0,0.0,0.0,0,0,-80.0,4.5,-20.21,Em retrocesso
2610905,Pesqueira,PE,Nordeste,59.65,64.38,66.27,80.0,4.73,4.99,68.62,72.23,75.29,77.9,80.11,81.99,1,1,1.99,2.6,4.99,No ritmo da meta
3144375,Natalândia,MG,Sudeste,49.23,64.21,59.24,80.0,14.98,13.65,75.81,85.67,94.06,100.0,100.0,100.0,1,1,20.0,2.63,13.65,No ritmo da meta
1721208,Tocantinópolis,TO,Norte,34.41,35.44,48.38,80.0,1.03,4.62,39.37,42.7,45.54,47.95,50.0,51.75,0,0,-28.25,7.43,4.62,Ritmo insuficiente
4201950,Balneário Arroio do Silva,SC,Sul,43.72,51.13,,,7.41,4.32,54.8,57.92,60.58,62.83,64.75,66.38,0,0,,,4.32,Ritmo critico
5220686,Simolândia,GO,Centro-Oeste,86.31,77.79,80.0,80.0,-8.52,-0.46,77.4,77.07,76.78,76.54,76.34,76.17,0,0,-3.83,0.37,-0.46,Em retrocesso
3137601,Lagoa Santa,MG,Sudeste,61.7,72.24,67.63,80.0,10.54,11.43,81.96,90.21,97.23,100.0,100.0,100.0,1,1,20.0,1.29,11.43,No ritmo da meta
4218905,Urubici,SC,Sul,60.18,76.9,66.62,80.0,16.72,8.98,84.53,91.02,96.54,100.0,100.0,100.0,1,1,20.0,0.52,8.98,No ritmo da meta
2506707,Imaculada,PB,Nordeste,67.14,39.64,71.23,80.0,-27.5,-11.19,30.13,22.04,15.17,9.33,4.37,0.15,0,0,-79.85,6.73,-11.19,Em retrocesso
3509502,Campinas,SP,Sudeste,41.69,41.49,53.9,80.0,-0.2,1.46,42.73,43.79,44.68,45.44,46.09,46.64,0,0,-33.36,6.42,1.46,Em retrocesso
4316600,Sananduva,RS,Sul,74.42,43.2,76.11,80.0,-31.22,-25.59,21.45,2.96,0.0,0.0,0.0,0.0,0,0,-80.0,6.13,-25.59,Em retrocesso
2108504,Pindaré-Mirim,MA,Nordeste,40.94,51.09,53.35,80.0,10.15,6.12,56.29,60.71,64.47,67.67,70.38,72.69,1,0,-7.31,4.82,6.12,No ritmo da meta
5006200,Nova Andradina,MS,Centro-Oeste,58.38,69.44,65.43,80.0,11.06,9.73,77.71,84.74,90.72,95.79,100.0,100.0,1,1,20.0,1.76,9.73,No ritmo da meta
1720101,São Bento do Tocantins,TO,Norte,43.97,52.93,55.55,80.0,8.96,8.58,60.22,66.42,71.69,76.17,79.98,83.21,1,1,3.21,4.51,8.58,No ritmo da meta
3204906,São Mateus,ES,Sudeste,67.19,69.53,71.26,80.0,2.34,3.51,72.51,75.05,77.21,79.04,80.59,81.92,1,1,1.92,1.74,3.51,No ritmo da meta
4125100,São João do Triunfo,PR,Sul,78.58,79.45,78.99,80.0,0.87,-0.43,79.08,78.77,78.51,78.29,78.09,77.93,1,0,-2.07,0.09,-0.43,Ritmo critico
4210050,Macieira,SC,Sul,80.0,56.25,80.0,80.0,-23.75,-11.26,46.68,38.54,31.63,25.75,20.75,16.51,0,0,-63.49,3.96,-11.26,Em retrocesso
3515194,Espírito Santo do Turvo,SP,Sudeste,58.56,56.14,65.55,80.0,-2.42,0.35,56.44,56.69,56.91,57.09,57.24,57.38,0,0,-22.62,3.98,0.35,Em retrocesso
4302105,Bento Gonçalves,RS,Sul,77.38,50.8,78.15,80.0,-26.58,-23.27,31.02,14.21,0.0,0.0,0.0,0.0,0,0,-80.0,4.87,-23.27,Em retrocesso
4314068,Passa Sete,RS,Sul,85.26,75.0,80.0,80.0,-10.26,-15.11,62.16,51.24,41.96,34.07,27.37,21.67,0,0,-58.33,0.83,-15.11,Em retrocesso
3126604,Francisco Dumont,MG,Sudeste,31.48,37.5,46.02,80.0,6.02,9.17,45.29,51.92,57.55,62.34,66.41,69.87,0,0,-10.13,7.08,9.17,No ritmo da meta
2904001,Boninal,BA,Nordeste,45.05,48.96,56.32,80.0,3.91,1.5,50.24,51.32,52.24,53.02,53.69,54.25,0,0,-25.75,5.17,1.5,Ritmo critico
3529658,Mesópolis,SP,Sudeste,34.78,56.25,48.68,80.0,21.47,12.29,66.7,75.58,83.12,89.54,94.99,99.63,1,1,19.63,3.96,12.29,No ritmo da meta
2902302,Aratuípe,BA,Nordeste,47.9,60.0,58.32,80.0,12.1,5.6,64.76,68.81,72.25,75.17,77.65,79.77,1,0,-0.23,3.33,5.6,No ritmo da meta
2922706,Nova Canaã,BA,Nordeste,29.48,50.0,44.35,80.0,20.52,9.81,58.34,65.43,71.45,76.57,80.92,84.62,1,1,4.62,5.0,9.81,No ritmo da meta
5005103,Jateí,MS,Centro-Oeste,66.67,56.25,70.92,80.0,-10.42,-1.01,55.39,54.66,54.04,53.51,53.07,52.69,0,0,-27.31,3.96,-1.01,Em retrocesso
2616506,Xexéu,PE,Nordeste,62.65,81.33,68.26,80.0,18.68,11.96,91.5,100.0,100.0,100.0,100.0,100.0,1,1,20.0,-0.22,11.96,No ritmo da meta
4106308,Corbélia,PR,Sul,74.62,85.26,76.25,80.0,10.64,4.46,89.05,92.27,95.01,97.34,99.32,100.0,1,1,20.0,-0.88,4.46,No ritmo da meta
2806909,São Francisco,SE,Nordeste,34.78,81.25,48.68,80.0,46.47,26.59,100.0,100.0,100.0,100.0,100.0,100.0,1,1,20.0,-0.21,26.59,No ritmo da meta
4202875,Brunópolis,SC,Sul,66.67,68.75,70.92,80.0,2.08,1.66,70.16,71.36,72.38,73.25,73.98,74.61,0,0,-5.39,1.88,1.66,Ritmo insuficiente
3303856,Paty do Alferes,RJ,Sudeste,66.48,75.96,70.79,80.0,9.48,6.27,81.29,85.82,89.67,92.94,95.73,98.09,1,1,18.09,0.67,6.27,No ritmo da meta
4115606,Matelândia,PR,Sul,73.52,71.4,75.5,80.0,-2.12,-1.92,69.77,68.38,67.2,66.2,65.35,64.62,0,0,-15.38,1.43,-1.92,Em retrocesso
3204302,Presidente Kennedy,ES,Sudeste,68.35,69.85,72.03,80.0,1.5,3.09,72.48,74.71,76.61,78.22,79.59,80.76,1,1,0.76,1.69,3.09,No ritmo da meta
1100064,Colorado do Oeste,RO,Norte,62.85,71.69,68.39,80.0,8.84,5.47,76.34,80.29,83.65,86.51,88.93,91.0,1,1,11.0,1.39,5.47,No ritmo da meta
4113809,Lupionópolis,PR,Sul,86.97,77.71,80.0,80.0,-9.26,-5.49,73.04,69.08,65.71,62.84,60.4,58.33,0,0,-21.67,0.38,-5.49,Em retrocesso
3107901,Bom Repouso,MG,Sudeste,56.55,68.27,64.21,80.0,11.72,12.02,78.49,87.17,94.55,100.0,100.0,100.0,1,1,20.0,1.96,12.02,No ritmo da meta
3127404,Gonçalves,MG,Sudeste,62.15,77.02,67.92,80.0,14.87,13.59,88.57,98.39,100.0,100.0,100.0,100.0,1,1,20.0,0.5,13.59,No ritmo da meta
4205308,Faxinal dos Guedes,SC,Sul,52.68,66.52,61.6,80.0,13.84,7.54,72.93,78.38,83.01,86.94,90.29,93.13,1,1,13.13,2.25,7.54,No ritmo da meta
3132107,Itacarambi,MG,Sudeste,49.49,72.78,59.42,80.0,23.29,17.8,87.91,100.0,100.0,100.0,100.0,100.0,1,1,20.0,1.2,17.8,No ritmo da meta
4112504,Jardim Alegre,PR,Sul,61.2,77.74,67.3,80.0,16.54,7.41,84.04,89.39,93.94,97.81,100.0,100.0,1,1,20.0,0.38,7.41,No ritmo da meta
4128559,Vera Cruz do Oeste,PR,Sul,52.37,76.11,61.39,80.0,23.74,11.01,85.47,93.42,100.0,100.0,100.0,100.0,1,1,20.0,0.65,11.01,No ritmo da meta
5001243,Aral Moreira,MS,Centro-Oeste,73.91,73.43,75.77,80.0,-0.48,3.96,76.8,79.66,82.09,84.16,85.91,87.41,1,1,7.41,1.09,3.96,Em retrocesso
2111029,São João do Carú,MA,Nordeste,65.17,70.68,69.92,80.0,5.51,3.8,73.91,76.66,78.99,80.97,82.66,84.09,1,1,4.09,1.55,3.8,No ritmo da meta
2403251,Parnamirim,RN,Nordeste,44.3,35.27,55.79,80.0,-9.03,-1.91,33.65,32.27,31.09,30.1,29.25,28.53,0,0,-51.47,7.45,-1.91,Em retrocesso
2504306,Catolé do Rocha,PB,Nordeste,55.21,45.82,63.31,80.0,-9.39,-2.13,44.01,42.47,41.16,40.05,39.11,38.3,0,0,-41.7,5.7,-2.13,Em retrocesso
2703007,Ibateguara,AL,Nordeste,93.46,54.43,80.0,80.0,-39.03,-16.19,40.67,28.97,19.03,10.58,3.39,0.0,0,0,-80.0,4.26,-16.19,Em retrocesso
3134004,Itinga,MG,Sudeste,52.26,64.84,61.32,80.0,12.58,12.45,75.42,84.42,92.06,98.56,100.0,100.0,1,1,20.0,2.53,12.45,No ritmo da meta
4104303,Campo Mourão,PR,Sul,77.59,76.77,78.3,80.0,-0.82,-1.27,75.69,74.77,73.99,73.33,72.77,72.29,0,0,-7.71,0.54,-1.27,Em retrocesso
4209607,Lauro Müller,SC,Sul,63.3,72.59,68.69,80.0,9.29,5.26,77.06,80.86,84.09,86.84,89.17,91.16,1,1,11.16,1.23,5.26,No ritmo da meta
2102150,Brejo de Areia,MA,Nordeste,33.25,49.3,47.46,80.0,16.05,9.07,57.01,63.56,69.13,73.87,77.89,81.31,1,1,1.31,5.12,9.07,No ritmo da meta
2602308,Bonito,PE,Nordeste,56.71,79.75,64.31,80.0,23.04,14.14,91.77,100.0,100.0,100.0,100.0,100.0,1,1,20.0,0.04,14.14,No ritmo da meta
2918803,Laje,BA,Nordeste,46.61,45.45,57.42,80.0,-1.16,-1.03,44.57,43.83,43.2,42.66,42.2,41.81,0,0,-38.19,5.76,-1.03,Em retrocesso
1712454,Luzinópolis,TO,Norte,25.0,48.91,40.4,80.0,23.91,16.06,62.56,74.16,84.03,92.41,99.54,100.0,1,1,20.0,5.18,16.06,No ritmo da meta
3123601,Elói Mendes,MG,Sudeste,57.91,64.98,65.11,80.0,7.07,9.69,73.22,80.22,86.17,91.23,95.53,99.18,1,1,19.18,2.5,9.69,No ritmo da meta
3550704,São Sebastião,SP,Sudeste,39.21,44.38,52.07,80.0,5.17,4.14,47.9,50.89,53.43,55.59,57.43,58.99,0,0,-21.01,5.94,4.14,Ritmo insuficiente
4320909,Tapejara,RS,Sul,69.7,46.2,72.93,80.0,-23.5,-21.73,27.73,12.03,0.0,0.0,0.0,0.0,0,0,-80.0,5.63,-21.73,Em retrocesso
4112108,Jandaia do Sul,PR,Sul,76.99,68.64,77.88,80.0,-8.35,-5.04,64.36,60.71,57.62,54.99,52.75,50.85,0,0,-29.15,1.89,-5.04,Em retrocesso
2608404,Jurema,PE,Nordeste,53.46,60.64,62.13,80.0,7.18,6.21,65.92,70.41,74.22,77.46,80.22,82.56,1,1,2.56,3.23,6.21,No ritmo da meta
4109500,Guaraqueçaba,PR,Sul,70.13,57.18,73.22,80.0,-12.95,-7.34,50.94,45.64,41.13,37.3,34.04,31.27,0,0,-48.73,3.8,-7.34,Em retrocesso
4309654,Hulha Negra,RS,Sul,70.19,42.8,73.26,80.0,-27.39,-23.67,22.68,5.58,0.0,0.0,0.0,0.0,0,0,-80.0,6.2,-23.67,Em retrocesso
3515004,Embu das Artes,SP,Sudeste,32.6,40.5,46.94,80.0,7.9,5.51,45.18,49.16,52.55,55.42,57.87,59.95,0,0,-20.05,6.58,5.51,Ritmo insuficiente
1713205,Miracema do Tocantins,TO,Norte,41.54,46.42,53.79,80.0,4.88,6.54,51.98,56.7,60.72,64.13,67.04,69.5,0,0,-10.5,5.6,6.54,No ritmo da meta
2912509,Ibipitanga,BA,Nordeste,44.17,46.81,55.69,80.0,2.64,0.87,47.55,48.18,48.71,49.17,49.55,49.88,0,0,-30.12,5.53,0.87,Ritmo critico
4128203,União da Vitória,PR,Sul,74.94,73.17,76.47,80.0,-1.77,-1.75,71.68,70.42,69.34,68.43,67.65,66.99,0,0,-13.01,1.14,-1.75,Em retrocesso
4123907,Santa Mariana,PR,Sul,73.65,83.73,75.59,80.0,10.08,4.18,87.28,90.3,92.87,95.05,96.91,98.48,1,1,18.48,-0.62,4.18,No ritmo da meta
2206720,Nazária,PI,Nordeste,77.65,52.15,78.34,80.0,-25.5,-9.63,43.96,37.01,31.09,26.07,21.79,18.16,0,0,-61.84,4.64,-9.63,Em retrocesso
3531704,Monteiro Lobato,SP,Sudeste,66.6,50.9,70.87,80.0,-15.7,-6.29,45.55,41.01,37.15,33.86,31.07,28.7,0,0,-51.3,4.85,-6.29,Em retrocesso
4305355,Charqueadas,RS,Sul,63.76,51.3,68.99,80.0,-12.46,-16.21,37.52,25.81,15.85,7.39,0.2,0.0,0,0,-80.0,4.78,-16.21,Em retrocesso
3135803,Jequitinhonha,MG,Sudeste,43.97,55.65,55.55,80.0,11.68,12.0,65.85,74.52,81.89,88.15,93.48,98.0,1,1,18.0,4.06,12.0,No ritmo da meta
4104659,Carambeí,PR,Sul,75.09,69.2,76.57,80.0,-5.89,-3.81,65.96,63.21,60.87,58.88,57.19,55.75,0,0,-24.25,1.8,-3.81,Em retrocesso
4102307,Balsa Nova,PR,Sul,75.83,75.18,77.08,80.0,-0.65,-1.19,74.17,73.31,72.58,71.96,71.43,70.98,0,0,-9.02,0.8,-1.19,Em retrocesso
2706604,Paulo Jacinto,AL,Nordeste,37.1,38.46,50.47,80.0,1.36,4.01,41.87,44.77,47.23,49.32,51.1,52.61,0,0,-27.39,6.92,4.01,Ritmo critico
5006309,Paranaíba,MS,Centro-Oeste,30.65,55.2,45.33,80.0,24.55,16.47,69.2,81.1,91.21,99.81,100.0,100.0,1,1,20.0,4.13,16.47,No ritmo da meta
3168606,Teófilo Otoni,MG,Sudeste,50.75,67.28,60.29,80.0,16.53,14.42,79.54,89.96,98.81,100.0,100.0,100.0,1,1,20.0,2.12,14.42,No ritmo da meta
2400901,Antônio Martins,RN,Nordeste,25.23,37.67,40.62,80.0,12.44,8.83,45.18,51.56,56.98,61.59,65.51,68.84,1,0,-11.16,7.06,8.83,No ritmo da meta
2109502,Riachão,MA,Nordeste,41.08,51.85,57.28,80.0,10.77,6.43,57.32,61.96,65.91,69.27,72.12,74.54,1,0,-5.46,4.69,6.43,No ritmo da meta
3123858,Entre Folhas,MG,Sudeste,78.64,77.45,79.04,80.0,-1.19,5.56,82.18,86.19,89.61,92.51,94.98,97.07,1,1,17.07,0.42,5.56,Em retrocesso
3146750,Palmópolis,MG,Sudeste,38.71,69.41,51.7,80.0,30.7,21.51,87.69,100.0,100.0,100.0,100.0,100.0,1,1,20.0,1.77,21.51,No ritmo da meta
3503505,Areias,SP,Sudeste,59.5,56.95,66.17,80.0,-2.55,0.28,57.19,57.39,57.56,57.71,57.83,57.94,0,0,-22.06,3.84,0.28,Em retrocesso
3150109,Piau,MG,Sudeste,29.63,75.58,44.48,80.0,45.95,29.13,100.0,100.0,100.0,100.0,100.0,100.0,1,1,20.0,0.74,29.13,No ritmo da meta
3140100,Marilac,MG,Sudeste,63.09,56.14,68.55,80.0,-6.95,2.68,58.42,60.35,62.0,63.4,64.59,65.6,0,0,-14.4,3.98,2.68,Em retrocesso
5202155,Araguapaz,GO,Centro-Oeste,43.29,68.98,55.06,80.0,25.69,16.65,83.13,95.16,100.0,100.0,100.0,100.0,1,1,20.0,1.84,16.65,No ritmo da meta
1718204,Porto Nacional,TO,Norte,56.8,44.11,64.37,80.0,-12.69,-2.24,42.21,40.59,39.21,38.04,37.05,36.2,0,0,-43.8,5.98,-2.24,Em retrocesso
3507803,Brodowski,SP,Sudeste,53.67,54.27,62.27,80.0,0.6,1.86,55.85,57.19,58.34,59.31,60.13,60.83,0,0,-19.17,4.29,1.86,Ritmo critico
3527009,Lindóia,SP,Sudeste,77.11,61.13,77.96,80.0,-15.98,-6.43,55.66,51.02,47.07,43.71,40.86,38.44,0,0,-41.56,3.14,-6.43,Em retrocesso
2606309,Granito,PE,Nordeste,52.49,68.11,61.47,80.0,15.62,10.43,76.98,84.51,90.92,96.36,100.0,100.0,1,1,20.0,1.98,10.43,No ritmo da meta
2608453,Lagoa do Carro,PE,Nordeste,48.37,59.78,58.65,80.0,11.41,8.33,66.86,72.88,77.99,82.34,86.04,89.18,1,1,9.18,3.37,8.33,No ritmo da meta
4118006,Paraíso do Norte,PR,Sul,74.89,67.76,76.43,80.0,-7.13,-4.43,63.99,60.79,58.07,55.76,53.8,52.12,0,0,-27.88,2.04,-4.43,Em retrocesso
3107406,Bom Despacho,MG,Sudeste,42.86,65.88,54.75,80.0,23.02,17.67,80.9,93.67,100.0,100.0,100.0,100.0,1,1,20.0,2.35,17.67,No ritmo da meta
4113205,Lapa,PR,Sul,81.08,74.83,80.0,80.0,-6.25,-3.99,71.44,68.56,66.11,64.02,62.25,60.75,0,0,-19.25,0.86,-3.99,Em retrocesso
4209854,Lindóia do Sul,SC,Sul,87.38,84.61,80.0,80.0,-2.77,-0.77,83.96,83.4,82.93,82.52,82.18,81.89,1,1,1.89,-0.77,-0.77,Em retrocesso
2404903,Itaú,RN,Nordeste,52.94,51.63,61.78,80.0,-1.31,1.95,53.29,54.7,55.89,56.91,57.78,58.51,0,0,-21.49,4.73,1.95,Em retrocesso
3101805,Alpercata,MG,Sudeste,46.13,70.83,57.08,80.0,24.7,18.51,86.56,99.94,100.0,100.0,100.0,100.0,1,1,20.0,1.53,18.51,No ritmo da meta
2612604,Santa Maria da Boa Vista,PE,Nordeste,45.6,64.37,56.71,80.0,18.77,12.01,74.58,83.26,90.63,96.9,100.0,100.0,1,1,20.0,2.6,12.01,No ritmo da meta
3113800,Carmésia,MG,Sudeste,29.75,62.5,44.58,80.0,32.75,22.53,81.65,97.93,100.0,100.0,100.0,100.0,1,1,20.0,2.92,22.53,No ritmo da meta
2601805,Betânia,PE,Nordeste,70.45,76.97,73.43,80.0,6.52,5.88,81.97,86.22,89.83,92.9,95.51,97.72,1,1,17.72,0.51,5.88,No ritmo da meta
4118600,Paula Freitas,PR,Sul,77.55,74.56,78.27,80.0,-2.99,-2.36,72.55,70.85,69.4,68.17,67.12,66.23,0,0,-13.77,0.91,-2.36,Em retrocesso
4100905,Amaporã,PR,Sul,71.89,76.71,74.4,80.0,4.82,1.55,78.03,79.15,80.1,80.91,81.6,82.18,1,1,2.18,0.55,1.55,No ritmo da meta
4204459,Coronel Martins,SC,Sul,73.68,90.43,75.61,80.0,16.75,8.99,98.07,100.0,100.0,100.0,100.0,100.0,1,1,20.0,-1.74,8.99,No ritmo da meta
4112900,Jundiaí do Sul,PR,Sul,56.84,55.42,64.4,80.0,-1.42,-1.57,54.09,52.95,51.99,51.17,50.47,49.88,0,0,-30.12,4.1,-1.57,Em retrocesso
1705508,Colinas do Tocantins,TO,Norte,51.01,55.82,60.47,80.0,4.81,6.51,61.35,66.06,70.05,73.45,76.34,78.8,1,0,-1.2,4.03,6.51,No ritmo da meta
4104402,Cândido de Abreu,PR,Sul,83.34,85.54,80.0,80.0,2.2,0.24,85.74,85.92,86.06,86.19,86.3,86.39,1,1,6.39,-0.92,0.24,No ritmo da meta
4124608,São Carlos do Ivaí,PR,Sul,78.29,73.36,78.79,80.0,-4.93,-3.33,70.53,68.12,66.08,64.34,62.86,61.61,0,0,-18.39,1.11,-3.33,Em retrocesso
3537206,Pedro de Toledo,SP,Sudeste,35.12,45.97,48.94,80.0,10.85,6.98,51.9,56.95,61.23,64.88,67.97,70.61,1,0,-9.39,5.67,6.98,No ritmo da meta
2108207,Pedreiras,MA,Nordeste,68.1,64.51,71.87,80.0,-3.59,-0.75,63.87,63.33,62.87,62.48,62.15,61.86,0,0,-18.14,2.58,-0.75,Em retrocesso
3145356,Novo Oriente de Minas,MG,Sudeste,44.96,62.37,56.26,80.0,17.41,14.86,75.0,85.74,94.86,100.0,100.0,100.0,1,1,20.0,2.94,14.86,No ritmo da meta
4305871,Coronel Barros,RS,Sul,84.76,67.8,80.0,80.0,-16.96,-18.46,52.11,38.77,27.43,17.8,9.61,2.65,0,0,-77.35,2.03,-18.46,Em retrocesso
3119302,Coromandel,MG,Sudeste,41.88,63.22,54.04,80.0,21.34,16.83,77.53,89.69,100.0,100.0,100.0,100.0,1,1,20.0,2.8,16.83,No ritmo da meta
1720804,Sítio Novo do Tocantins,TO,Norte,39.53,50.64,52.31,80.0,11.11,9.66,58.85,65.83,71.76,76.81,81.09,84.73,1,1,4.73,4.89,9.66,No ritmo da meta
3139201,Malacacheta,MG,Sudeste,77.21,77.47,78.03,80.0,0.26,6.29,82.82,87.36,91.22,94.51,97.3,99.67,1,1,19.67,0.42,6.29,No ritmo da meta
5002001,Batayporã,MS,Centro-Oeste,45.7,67.77,56.78,80.0,22.07,15.23,80.72,91.72,100.0,100.0,100.0,100.0,1,1,20.0,2.04,15.23,No ritmo da meta
2206670,Morro do Chapéu do Piauí,PI,Nordeste,28.84,40.04,43.81,80.0,11.2,8.72,47.45,53.75,59.11,63.66,67.53,70.82,1,0,-9.18,6.66,8.72,No ritmo da meta
5107180,Ribeirão Cascalheira,MT,Centro-Oeste,63.42,70.87,68.76,80.0,7.45,7.64,77.36,82.88,87.58,91.56,94.95,97.84,1,1,17.84,1.52,7.64,No ritmo da meta
2207777,Patos do Piauí,PI,Nordeste,81.59,63.04,80.0,80.0,-18.55,-6.16,57.8,53.35,49.57,46.35,43.62,41.3,0,0,-38.7,2.83,-6.16,Em retrocesso
3110202,Cajuri,MG,Sudeste,64.21,69.57,69.29,80.0,5.36,8.84,77.08,83.47,88.9,93.51,97.44,100.0,1,1,20.0,1.74,8.84,No ritmo da meta
4204202,Chapecó,SC,Sul,56.22,56.25,63.99,80.0,0.03,0.63,56.79,57.24,57.63,57.96,58.24,58.47,0,0,-21.53,3.96,0.63,Ritmo critico
3120003,Córrego Novo,MG,Sudeste,46.69,62.81,57.48,80.0,16.12,14.22,74.9,85.17,93.9,100.0,100.0,100.0,1,1,20.0,2.86,14.22,No ritmo da meta
2111003,São João Batista,MA,Nordeste,29.54,58.4,44.4,80.0,28.86,15.48,71.56,82.74,92.25,100.0,100.0,100.0,1,1,20.0,3.6,15.48,No ritmo da meta
2105963,Lagoa Grande do Maranhão,MA,Nordeste,81.68,97.12,80.0,80.0,15.44,8.77,100.0,100.0,100.0,100.0,100.0,100.0,1,1,20.0,-2.85,8.77,No ritmo da meta
2903409,Belmonte,BA,Nordeste,35.8,33.93,49.47,80.0,-1.87,-1.39,32.75,31.74,30.89,30.17,29.55,29.02,0,0,-50.98,7.68,-1.39,Em retrocesso
5103304,Comodoro,MT,Centro-Oeste,57.77,47.59,65.02,80.0,-10.18,-1.18,46.59,45.73,45.01,44.39,43.87,43.43,0,0,-36.57,5.4,-1.18,Em retrocesso
3165578,Senador Amaral,MG,Sudeste,70.19,76.97,73.26,80.0,6.78,9.55,85.09,91.99,97.85,100.0,100.0,100.0,1,1,20.0,0.51,9.55,No ritmo da meta
4109708,Ibaiti,PR,Sul,72.88,71.64,75.07,80.0,-1.24,-1.48,70.38,69.31,68.4,67.63,66.97,66.42,0,0,-13.58,1.39,-1.48,Em retrocesso
5222203,Vila Boa,GO,Centro-Oeste,83.76,78.69,80.0,80.0,-5.07,1.27,79.77,80.69,81.47,82.13,82.69,83.17,0,1,3.17,0.22,1.27,Em retrocesso
4202073,Balneário Gaivota,SC,Sul,51.47,49.21,55.1,80.0,-2.26,-0.51,48.78,48.41,48.09,47.83,47.6,47.41,0,0,-32.59,5.13,-0.51,Em retrocesso
2202406,Capitão de Campos,PI,Nordeste,53.68,54.01,62.28,80.0,0.33,3.28,56.8,59.17,61.18,62.89,64.35,65.59,0,0,-14.41,4.33,3.28,Ritmo insuficiente
1100320,São Miguel do Guaporé,RO,Norte,67.75,69.13,71.63,80.0,1.38,1.74,70.61,71.87,72.93,73.84,74.62,75.27,0,0,-4.73,1.81,1.74,Ritmo insuficiente
4112801,Joaquim Távora,PR,Sul,85.53,85.12,80.0,80.0,-0.41,-1.07,84.21,83.44,82.78,82.22,81.75,81.34,1,1,1.34,-0.85,-1.07,Em retrocesso
4316451,Salto do Jacuí,RS,Sul,81.46,50.9,80.0,80.0,-30.56,-25.26,29.43,11.18,0.0,0.0,0.0,0.0,0,0,-80.0,4.85,-25.26,Em retrocesso
2706208,Palestina,AL,Nordeste,33.73,51.18,47.84,80.0,17.45,12.05,61.42,70.13,77.53,83.82,89.17,93.71,1,1,13.71,4.8,12.05,No ritmo da meta
2108454,Peritoró,MA,Nordeste,57.3,70.53,64.71,80.0,13.23,7.66,77.04,82.58,87.28,91.28,94.68,97.57,1,1,17.57,1.58,7.66,No ritmo da meta
5208004,Formosa,GO,Centro-Oeste,63.28,64.02,68.67,80.0,0.74,4.17,67.56,70.58,73.14,75.31,77.17,78.74,0,0,-1.26,2.66,4.17,No ritmo da meta
5204656,Campinaçu,GO,Centro-Oeste,70.45,81.73,73.43,80.0,11.28,9.44,89.75,96.57,100.0,100.0,100.0,100.0,1,1,20.0,-0.29,9.44,No ritmo da meta
4121109,Quinta do Sol,PR,Sul,76.75,74.15,77.71,80.0,-2.6,-2.16,72.31,70.75,69.43,68.3,67.34,66.53,0,0,-13.47,0.97,-2.16,Em retrocesso
4126900,Tapira,PR,Sul,90.52,77.42,80.0,80.0,-13.1,-7.41,71.12,65.77,61.22,57.35,54.06,51.27,0,0,-28.73,0.43,-7.41,Em retrocesso
3150158,Piedade de Caratinga,MG,Sudeste,52.84,74.09,61.71,80.0,21.25,16.78,88.35,100.0,100.0,100.0,100.0,100.0,1,1,20.0,0.98,16.78,No ritmo da meta
2110302,Santo Antônio dos Lopes,MA,Nordeste,52.71,72.56,61.62,80.0,19.85,10.97,81.88,89.81,96.55,100.0,100.0,100.0,1,1,20.0,1.24,10.97,No ritmo da meta
4204152,Celso Ramos,SC,Sul,77.35,75.67,78.13,80.0,-1.68,-0.22,75.48,75.32,75.19,75.07,74.98,74.89,0,0,-5.11,0.72,-0.22,Em retrocesso
3546900,Santa Lúcia,SP,Sudeste,66.83,70.68,71.02,80.0,3.85,3.48,73.64,76.15,78.29,80.11,81.65,82.96,1,1,2.96,1.55,3.48,No ritmo da meta
5217203,Piranhas,GO,Centro-Oeste,78.1,68.65,78.66,80.0,-9.45,-0.92,67.87,67.2,66.64,66.16,65.75,65.4,0,0,-14.6,1.89,-0.92,Em retrocesso
3133600,Itapeva,MG,Sudeste,52.0,67.89,61.14,80.0,15.89,14.1,79.88,90.06,98.72,100.0,100.0,100.0,1,1,20.0,2.02,14.1,No ritmo da meta
4311809,Marau,RS,Sul,66.61,43.6,70.88,80.0,-23.01,-21.48,25.34,9.82,0.0,0.0,0.0,0.0,0,0,-80.0,6.07,-21.48,Em retrocesso
2201507,Batalha,PI,Nordeste,43.66,46.97,55.33,80.0,3.31,4.77,51.02,54.47,57.4,59.89,62.01,63.81,0,0,-16.19,5.5,4.77,Ritmo insuficiente
3300225,Areal,RJ,Sudeste,62.45,63.64,68.12,80.0,1.19,2.12,65.44,66.97,68.28,69.38,70.32,71.12,0,0,-8.88,2.73,2.12,Ritmo insuficiente
4213401,Ponte Serrada,SC,Sul,53.07,66.76,61.87,80.0,13.69,7.46,73.1,78.49,83.07,86.97,90.28,93.09,1,1,13.09,2.21,7.46,No ritmo da meta
3516804,Gastão Vidigal,SP,Sudeste,53.13,54.3,61.91,80.0,1.17,2.14,56.12,57.67,58.98,60.1,61.05,61.85,0,0,-18.15,4.28,2.14,Ritmo critico
4304200,Candelária,RS,Sul,75.36,53.2,76.76,80.0,-22.16,-21.06,35.3,20.08,7.15,0.0,0.0,0.0,0,0,-80.0,4.47,-21.06,Em retrocesso
3114402,Carmo do Rio Claro,MG,Sudeste,63.2,68.35,68.62,80.0,5.15,8.73,75.77,82.08,87.44,92.0,95.87,99.16,1,1,19.16,1.94,8.73,No ritmo da meta
4118105,Paranacity,PR,Sul,83.27,80.03,80.0,80.0,-3.24,-2.48,77.92,76.13,74.61,73.31,72.21,71.28,0,0,-8.72,-0.01,-2.48,Em retrocesso
3525508,Joanópolis,SP,Sudeste,71.87,57.3,74.39,80.0,-14.57,-5.73,52.43,48.29,44.77,41.78,39.24,37.08,0,0,-42.92,3.78,-5.73,Em retrocesso
4218400,Treze de Maio,SC,Sul,71.87,62.38,74.39,80.0,-9.49,-4.13,58.87,55.89,53.35,51.19,49.36,47.8,0,0,-32.2,2.94,-4.13,Em retrocesso
5219902,São Francisco de Goiás,GO,Centro-Oeste,58.94,75.57,65.8,80.0,16.63,12.12,85.87,94.63,100.0,100.0,100.0,100.0,1,1,20.0,0.74,12.12,No ritmo da meta
4202453,Bombinhas,SC,Sul,60.82,68.24,,,7.42,4.33,71.92,75.05,77.71,79.97,81.89,83.52,0,0,,,4.33,Ritmo critico
3124104,Esmeraldas,MG,Sudeste,50.73,67.38,60.28,80.0,16.65,14.48,79.69,90.15,99.04,100.0,100.0,100.0,1,1,20.0,2.1,14.48,No ritmo da meta
4315313,Quatro Irmãos,RS,Sul,52.94,40.0,61.78,80.0,-12.94,-16.45,26.02,14.13,4.03,0.0,0.0,0.0,0,0,-80.0,6.67,-16.45,Em retrocesso
4306700,Dona Francisca,RS,Sul,81.25,26.7,80.0,80.0,-54.55,-37.25,0.0,0.0,0.0,0.0,0.0,0.0,0,0,-80.0,8.88,-37.25,Em retrocesso
1718899,Santa Rita do Tocantins,TO,Norte,63.15,43.12,68.59,80.0,-20.03,-5.91,38.1,33.83,30.2,27.11,24.49,22.26,0,0,-57.74,6.15,-5.91,Em retrocesso
1701002,Ananás,TO,Norte,39.94,46.69,52.61,80.0,6.75,7.48,53.05,58.45,63.05,66.95,70.27,73.09,1,0,-6.91,5.55,7.48,No ritmo da meta
3164100,São Pedro do Suaçuí,MG,Sudeste,67.03,90.0,71.15,80.0,22.97,17.64,100.0,100.0,100.0,100.0,100.0,100.0,1,1,20.0,-1.67,17.64,No ritmo da meta
2702207,Coqueiro Seco,AL,Nordeste,34.53,54.67,48.48,80.0,20.14,13.4,66.06,75.74,83.97,90.97,96.91,100.0,1,1,20.0,4.22,13.4,No ritmo da meta
3106101,Belmiro Braga,MG,Sudeste,33.6,57.69,61.99,80.0,24.09,18.2,73.16,86.31,97.49,100.0,100.0,100.0,1,1,20.0,3.72,18.2,No ritmo da meta
4304622,Capão Bonito do Sul,RS,Sul,53.85,60.0,62.39,80.0,6.15,-6.9,54.14,49.15,44.91,41.31,38.25,35.65,0,0,-44.35,3.33,-6.9,Ritmo critico
4128302,Uniflor,PR,Sul,60.23,73.33,66.65,80.0,13.1,5.69,78.17,82.28,85.77,88.74,91.27,93.41,1,1,13.41,1.11,5.69,No ritmo da meta
3161601,São Geraldo da Piedade,MG,Sudeste,69.23,70.0,72.62,80.0,0.77,6.54,75.56,80.28,84.3,87.71,90.62,93.08,1,1,13.08,1.67,6.54,No ritmo da meta
4123600,Santa Inês,PR,Sul,96.75,100.0,80.0,80.0,3.25,0.76,100.0,100.0,100.0,100.0,100.0,100.0,1,1,20.0,-3.33,0.76,No ritmo da meta
4323408,Vila Maria,RS,Sul,94.44,66.7,80.0,80.0,-27.74,-23.85,46.43,29.2,14.55,2.1,0.0,0.0,0,0,-80.0,2.22,-23.85,Em retrocesso
4209458,Lajeado Grande,SC,Sul,78.57,66.07,78.99,80.0,-12.5,-5.63,61.28,57.22,53.76,50.82,48.32,46.2,0,0,-33.8,2.32,-5.63,Em retrocesso
5104526,Ipiranga do Norte,MT,Centro-Oeste,61.83,59.46,67.71,80.0,-2.37,2.73,61.78,63.75,65.43,66.85,68.07,69.1,0,0,-10.9,3.42,2.73,Em retrocesso
5002407,Caarapó,MS,Centro-Oeste,52.93,66.23,61.77,80.0,13.3,10.85,75.45,83.29,89.95,95.62,100.0,100.0,1,1,20.0,2.29,10.85,No ritmo da meta
4306809,Encantado,RS,Sul,80.77,53.2,80.0,80.0,-27.57,-23.76,33.0,15.84,1.25,0.0,0.0,0.0,0,0,-80.0,4.47,-23.76,Em retrocesso
3121258,Delta,MG,Sudeste,50.98,47.77,60.45,80.0,-3.21,4.55,51.64,54.92,57.72,60.09,62.11,63.83,0,0,-16.17,5.37,4.55,Em retrocesso
5212501,Luziânia,GO,Centro-Oeste,64.05,66.27,69.18,80.0,2.22,4.91,70.44,73.99,77.01,79.57,81.75,83.6,1,1,3.6,2.29,4.91,No ritmo da meta
4202859,Braço do Trombudo,SC,Sul,62.17,64.21,67.94,80.0,2.04,1.64,65.6,66.79,67.8,68.65,69.38,70.0,0,0,-10.0,2.63,1.64,Ritmo insuficiente
3119401,Coronel Fabriciano,MG,Sudeste,47.39,64.1,57.97,80.0,16.71,14.51,76.43,86.92,95.83,100.0,100.0,100.0,1,1,20.0,2.65,14.51,No ritmo da meta
4300802,Antônio Prado,RS,Sul,65.93,46.6,70.43,80.0,-19.33,-19.64,29.91,15.72,3.65,0.0,0.0,0.0,0,0,-80.0,5.57,-19.64,Em retrocesso
4321402,Tenente Portela,RS,Sul,67.61,65.0,71.54,80.0,-2.61,-11.28,55.41,47.26,40.33,34.45,29.44,25.19,0,0,-54.81,2.5,-11.28,Em retrocesso
2615805,Tupanatinga,PE,Nordeste,68.57,68.38,72.18,80.0,-0.19,2.53,70.53,72.36,73.91,75.23,76.36,77.31,0,0,-2.69,1.94,2.53,Em retrocesso
3135100,Janaúba,MG,Sudeste,49.64,61.68,59.53,80.0,12.04,12.18,72.03,80.83,88.31,94.67,100.0,100.0,1,1,20.0,3.05,12.18,No ritmo da meta
1722107,Xambioá,TO,Norte,22.0,42.82,37.57,80.0,20.82,14.51,55.15,65.64,74.55,82.12,88.56,94.03,1,1,14.03,6.2,14.51,No ritmo da meta
2401404,Baía Formosa,RN,Nordeste,26.01,35.36,41.32,80.0,9.35,7.28,41.55,46.81,51.28,55.08,58.31,61.05,1,0,-18.95,7.44,7.28,Ritmo insuficiente
3527207,Lorena,SP,Sudeste,42.48,47.82,54.48,80.0,5.34,4.23,51.42,54.47,57.07,59.28,61.15,62.75,0,0,-17.25,5.36,4.23,Ritmo insuficiente
3106705,Betim,MG,Sudeste,53.93,66.62,62.45,80.0,12.69,12.5,77.24,86.28,93.95,100.0,100.0,100.0,1,1,20.0,2.23,12.5,No ritmo da meta
1100700,Campo Novo de Rondônia,RO,Norte,59.32,71.94,66.05,80.0,12.62,7.36,78.2,83.51,88.03,91.88,95.14,97.92,1,1,17.92,1.34,7.36,No ritmo da meta
3531100,Mongaguá,SP,Sudeste,48.6,41.39,58.81,80.0,-7.21,-2.05,39.65,38.17,36.91,35.84,34.93,34.15,0,0,-45.85,6.44,-2.05,Em retrocesso
3540705,Porto Ferreira,SP,Sudeste,48.9,50.08,59.02,80.0,1.18,2.15,51.91,53.46,54.78,55.9,56.86,57.67,0,0,-22.33,4.99,2.15,Ritmo critico
3548609,São Bento do Sapucaí,SP,Sudeste,61.94,57.89,67.79,80.0,-4.05,-0.47,57.49,57.15,56.86,56.62,56.41,56.23,0,0,-23.77,3.68,-0.47,Em retrocesso
4120408,Presidente Castelo Branco,PR,Sul,76.24,62.98,77.36,80.0,-13.26,-7.49,56.61,51.2,46.6,42.69,39.37,36.54,0,0,-43.46,2.84,-7.49,Em retrocesso
4108320,Francisco Alves,PR,Sul,68.71,80.22,72.27,80.0,11.51,4.89,84.38,87.91,90.91,93.47,95.63,97.48,1,1,17.48,-0.04,4.89,No ritmo da meta
4123956,Santa Mônica,PR,Sul,78.67,80.22,79.06,80.0,1.55,-0.09,80.14,80.08,80.02,79.98,79.94,79.9,1,0,-0.1,-0.04,-0.09,Ritmo critico
2202000,Buriti dos Lopes,PI,Nordeste,41.5,61.68,53.76,80.0,20.18,13.21,72.91,82.45,90.57,97.46,100.0,100.0,1,1,20.0,3.05,13.21,No ritmo da meta
3201605,Conceição da Barra,ES,Sudeste,73.7,68.12,75.62,80.0,-5.58,-0.45,67.74,67.41,67.14,66.9,66.7,66.53,0,0,-13.47,1.98,-0.45,Em retrocesso
4126207,Sapopema,PR,Sul,73.32,83.01,75.36,80.0,9.69,3.98,86.39,89.27,91.71,93.79,95.56,97.06,1,1,17.06,-0.5,3.98,No ritmo da meta
1717008,Pindorama do Tocantins,TO,Norte,47.41,33.88,57.98,80.0,-13.53,-2.66,31.62,29.7,28.06,26.68,25.49,24.49,0,0,-55.51,7.69,-2.66,Em retrocesso
2100956,Arame,MA,Nordeste,76.25,74.44,77.37,80.0,-1.81,0.14,74.56,74.66,74.75,74.82,74.88,74.93,0,0,-5.07,0.93,0.14,Em retrocesso
2612802,Santa Terezinha,PE,Nordeste,68.31,79.68,72.0,80.0,11.37,8.31,86.74,92.75,97.85,100.0,100.0,100.0,1,1,20.0,0.05,8.31,No ritmo da meta
3140506,Martinho Campos,MG,Sudeste,56.02,70.72,63.85,80.0,14.7,13.51,82.2,91.96,100.0,100.0,100.0,100.0,1,1,20.0,1.55,13.51,No ritmo da meta
3147709,Passa Tempo,MG,Sudeste,80.61,78.42,80.0,80.0,-2.19,5.06,82.72,86.38,89.48,92.13,94.37,96.28,1,1,16.28,0.26,5.06,Em retrocesso
3128006,Guanhães,MG,Sudeste,57.63,68.68,64.93,80.0,11.05,11.68,78.61,87.05,94.22,100.0,100.0,100.0,1,1,20.0,1.89,11.68,No ritmo da meta
2102077,Bom Lugar,MA,Nordeste,100.0,95.28,80.0,80.0,-4.72,-1.31,94.17,93.22,92.42,91.73,91.15,90.66,1,1,10.66,-2.55,-1.31,Em retrocesso
2111508,São Mateus do Maranhão,MA,Nordeste,64.56,66.16,69.52,80.0,1.6,1.85,67.73,69.07,70.21,71.17,71.99,72.69,0,0,-7.31,2.31,1.85,Ritmo insuficiente
3512605,Coronel Macedo,SP,Sudeste,46.28,38.69,57.19,80.0,-7.59,-2.24,36.79,35.17,33.79,32.62,31.63,30.78,0,0,-49.22,6.89,-2.24,Em retrocesso
3531803,Monte Mor,SP,Sudeste,49.58,46.98,59.49,80.0,-2.6,0.26,47.2,47.39,47.55,47.68,47.8,47.9,0,0,-32.1,5.5,0.26,Em retrocesso
3130705,Indianópolis,MG,Sudeste,43.12,53.9,54.94,80.0,10.78,11.55,63.72,72.06,79.16,85.18,90.31,94.67,1,1,14.67,4.35,11.55,No ritmo da meta
3109303,Buritis,MG,Sudeste,52.14,62.9,61.24,80.0,10.76,11.54,72.71,81.05,88.13,94.16,99.28,100.0,1,1,20.0,2.85,11.54,No ritmo da meta
5204508,Caldas Novas,GO,Centro-Oeste,58.83,62.94,65.72,80.0,4.11,5.86,67.92,72.15,75.75,78.81,81.41,83.62,1,1,3.62,2.84,5.86,No ritmo da meta
4219408,Witmarsum,SC,Sul,79.96,77.27,79.97,80.0,-2.69,-0.73,76.65,76.12,75.67,75.29,74.97,74.69,0,0,-5.31,0.46,-0.73,Em retrocesso
2705507,Murici,AL,Nordeste,53.15,84.41,61.92,80.0,31.26,18.96,100.0,100.0,100.0,100.0,100.0,100.0,1,1,20.0,-0.73,18.96,No ritmo da meta
3115359,Catas Altas,MG,Sudeste,67.35,71.35,71.37,80.0,4.0,8.16,78.29,84.18,89.19,93.45,97.07,100.0,1,1,20.0,1.44,8.16,No ritmo da meta
3518701,Guarujá,SP,Sudeste,48.23,44.13,58.55,80.0,-4.1,-0.49,43.71,43.36,43.06,42.8,42.59,42.4,0,0,-37.6,5.98,-0.49,Em retrocesso
5217302,Pirenópolis,GO,Centro-Oeste,72.91,64.06,75.09,80.0,-8.85,-0.62,63.53,63.09,62.7,62.38,62.11,61.87,0,0,-18.13,2.66,-0.62,Em retrocesso
4319109,São Martinho,RS,Sul,83.57,64.5,80.0,80.0,-19.07,-19.51,47.92,33.82,21.84,11.65,3.0,0.0,0,0,-80.0,2.58,-19.51,Em retrocesso
5209705,Hidrolândia,GO,Centro-Oeste,68.97,65.56,72.44,80.0,-3.41,2.1,67.34,68.86,70.15,71.25,72.18,72.97,0,0,-7.03,2.41,2.1,Em retrocesso
5103353,Confresa,MT,Centro-Oeste,35.6,54.24,49.32,80.0,18.64,13.23,65.49,75.04,83.17,90.08,95.95,100.0,1,1,20.0,4.29,13.23,No ritmo da meta
4315206,Putinga,RS,Sul,87.73,82.8,80.0,80.0,-4.93,-12.44,72.23,63.24,55.6,49.1,43.58,38.89,0,0,-41.11,-0.47,-12.44,Em retrocesso
5005707,Naviraí,MS,Centro-Oeste,60.27,59.87,66.68,80.0,-0.4,4.0,63.27,66.16,68.62,70.7,72.48,73.99,0,0,-6.01,3.36,4.0,Em retrocesso
4201653,Arvoredo,SC,Sul,75.71,77.94,77.0,80.0,2.23,1.73,79.41,80.66,81.72,82.63,83.39,84.05,1,1,4.05,0.34,1.73,No ritmo da meta
3136652,Juatuba,MG,Sudeste,47.58,68.53,58.1,80.0,20.95,16.63,82.67,94.68,100.0,100.0,100.0,100.0,1,1,20.0,1.91,16.63,No ritmo da meta
3122355,Divisa Alegre,MG,Sudeste,50.93,62.69,60.41,80.0,11.76,12.04,72.92,81.62,89.02,95.3,100.0,100.0,1,1,20.0,2.88,12.04,No ritmo da meta
4114401,Mangueirinha,PR,Sul,72.22,66.1,74.62,80.0,-6.12,-3.92,62.77,59.94,57.53,55.48,53.74,52.26,0,0,-27.74,2.32,-3.92,Em retrocesso
3518800,Guarulhos,SP,Sudeste,39.42,44.19,52.23,80.0,4.77,3.94,47.54,50.39,52.81,54.86,56.61,58.1,0,0,-21.9,5.97,3.94,Ritmo insuficiente
3154002,Raul Soares,MG,Sudeste,67.06,84.96,71.17,80.0,17.9,15.11,97.8,100.0,100.0,100.0,100.0,100.0,1,1,20.0,-0.83,15.11,No ritmo da meta
2401453,Baraúna,RN,Nordeste,32.01,44.48,46.46,80.0,12.47,8.84,51.99,58.38,63.81,68.42,72.35,75.68,1,0,-4.32,5.92,8.84,No ritmo da meta
2511509,Pilar,PB,Nordeste,73.41,38.07,75.43,80.0,-35.34,-15.11,25.23,14.31,5.03,0.0,0.0,0.0,0,0,-80.0,6.99,-15.11,Em retrocesso
5107768,Santa Rita do Trivelato,MT,Centro-Oeste,64.77,62.63,69.66,80.0,-2.14,2.84,65.04,67.1,68.84,70.32,71.58,72.65,0,0,-7.35,2.89,2.84,Em retrocesso
3114709,Carvalhópolis,MG,Sudeste,76.96,100.0,77.86,80.0,23.04,17.68,100.0,100.0,100.0,100.0,100.0,100.0,1,1,20.0,-3.33,17.68,No ritmo da meta
3125408,Felício dos Santos,MG,Sudeste,82.12,79.38,80.0,80.0,-2.74,4.79,83.45,86.91,89.85,92.35,94.48,96.29,1,1,16.29,0.1,4.79,Em retrocesso
3123205,Dores do Indaiá,MG,Sudeste,65.78,85.44,70.33,80.0,19.66,15.99,99.03,100.0,100.0,100.0,100.0,100.0,1,1,20.0,-0.91,15.99,No ritmo da meta
4302709,Butiá,RS,Sul,51.25,44.8,60.63,80.0,-6.45,-13.2,33.58,24.04,15.94,9.05,3.19,0.0,0,0,-80.0,5.87,-13.2,Em retrocesso
4209300,Lages,SC,Sul,48.56,55.85,58.78,80.0,7.29,4.26,59.47,62.55,65.17,67.39,69.28,70.89,1,0,-9.11,4.02,4.26,No ritmo da meta
4308201,Flores da Cunha,RS,Sul,79.01,59.6,79.3,80.0,-19.41,-19.68,42.87,28.65,16.57,6.29,0.0,0.0,0,0,-80.0,3.4,-19.68,Em retrocesso
4219309,Videira,SC,Sul,57.29,64.11,64.7,80.0,6.82,4.03,67.54,70.45,72.92,75.03,76.81,78.33,1,0,-1.67,2.65,4.03,No ritmo da meta
4120002,Porecatu,PR,Sul,74.34,87.25,76.06,80.0,12.91,5.59,92.0,96.04,99.47,100.0,100.0,100.0,1,1,20.0,-1.21,5.59,No ritmo da meta
4316709,Santa Bárbara do Sul,RS,Sul,66.04,37.9,70.5,80.0,-28.14,-24.05,17.46,0.08,0.0,0.0,0.0,0.0,0,0,-80.0,7.02,-24.05,Em retrocesso
3525102,Jardinópolis,SP,Sudeste,58.3,45.42,65.37,80.0,-12.88,-4.88,41.27,37.75,34.75,32.2,30.04,28.2,0,0,-51.8,5.76,-4.88,Em retrocesso
2504157,Casserengue,PB,Nordeste,47.97,58.51,58.37,80.0,10.54,7.83,65.17,70.82,75.63,79.72,83.19,86.15,1,1,6.15,3.58,7.83,No ritmo da meta
3528700,Marabá Paulista,SP,Sudeste,71.43,48.33,74.09,80.0,-23.1,-9.99,39.84,32.62,26.49,21.27,16.84,13.07,0,0,-66.93,5.28,-9.99,Em retrocesso
5206503,Cromínia,GO,Centro-Oeste,55.88,72.38,63.76,80.0,16.5,12.05,82.62,91.33,98.73,100.0,100.0,100.0,1,1,20.0,1.27,12.05,No ritmo da meta
1100601,Cacaulândia,RO,Norte,54.63,78.84,62.92,80.0,24.21,13.16,90.03,99.53,100.0,100.0,100.0,100.0,1,1,20.0,0.19,13.16,No ritmo da meta
3539400,Piratininga,SP,Sudeste,48.91,44.37,59.02,80.0,-4.54,-0.71,43.77,43.25,42.82,42.45,42.13,41.86,0,0,-38.14,5.94,-0.71,Em retrocesso
2608206,Joaquim Nabuco,PE,Nordeste,49.58,47.34,59.49,80.0,-2.24,1.5,48.62,49.7,50.62,51.4,52.07,52.63,0,0,-27.37,5.44,1.5,Em retrocesso
4217006,São Ludgero,SC,Sul,65.85,68.64,70.37,80.0,2.79,2.01,70.35,71.8,73.04,74.08,74.98,75.73,0,0,-4.27,1.89,2.01,No ritmo da meta
3140555,Mata Verde,MG,Sudeste,54.87,70.1,63.08,80.0,15.23,13.77,81.8,91.75,100.0,100.0,100.0,100.0,1,1,20.0,1.65,13.77,No ritmo da meta
3525201,Jarinu,SP,Sudeste,48.78,44.07,58.93,80.0,-4.71,-0.8,43.39,42.81,42.32,41.9,41.55,41.25,0,0,-38.75,5.99,-0.8,Em retrocesso
5220264,São Miguel do Passa Quatro,GO,Centro-Oeste,81.95,67.1,80.0,80.0,-14.85,-3.62,64.02,61.41,59.18,57.29,55.69,54.32,0,0,-25.68,2.15,-3.62,Em retrocesso
1706001,Couto Magalhães,TO,Norte,48.18,49.04,58.52,80.0,0.86,4.53,52.89,56.16,58.95,61.31,63.32,65.03,0,0,-14.97,5.16,4.53,Ritmo insuficiente
2514305,São José de Caiana,PB,Nordeste,48.19,52.39,58.52,80.0,4.2,4.66,56.35,59.72,62.58,65.01,67.08,68.84,0,0,-11.16,4.6,4.66,No ritmo da meta
4119400,Piraí do Sul,PR,Sul,72.99,74.06,75.14,80.0,1.07,-0.33,73.78,73.54,73.34,73.17,73.02,72.9,0,0,-7.1,0.99,-0.33,Ritmo critico
3518107,Guarantã,SP,Sudeste,66.92,47.49,71.08,80.0,-19.43,-8.16,40.55,34.66,29.65,25.39,21.77,18.69,0,0,-61.31,5.42,-8.16,Em retrocesso
2110203,Santa Rita,MA,Nordeste,59.53,56.53,66.19,80.0,-3.0,-0.45,56.15,55.82,55.55,55.31,55.11,54.94,0,0,-25.06,3.91,-0.45,Em retrocesso
3127388,Goianá,MG,Sudeste,75.0,80.51,76.51,80.0,5.51,8.91,88.08,94.52,99.99,100.0,100.0,100.0,1,1,20.0,-0.09,8.91,No ritmo da meta
4120200,Porto Rico,PR,Sul,60.4,71.94,66.77,80.0,11.54,4.91,76.11,79.66,82.68,85.24,87.42,89.27,1,1,9.27,1.34,4.91,No ritmo da meta
4203006,Caçador,SC,Sul,69.87,65.51,73.04,80.0,-4.36,-1.56,64.18,63.06,62.1,61.28,60.59,60.0,0,0,-20.0,2.41,-1.56,Em retrocesso
3167707,Sobrália,MG,Sudeste,66.54,75.93,70.83,80.0,9.39,10.85,85.15,92.99,99.65,100.0,100.0,100.0,1,1,20.0,0.68,10.85,No ritmo da meta
2107357,Nova Olinda do Maranhão,MA,Nordeste,57.16,62.23,64.61,80.0,5.07,3.58,65.27,67.86,70.06,71.93,73.52,74.87,1,0,-5.13,2.96,3.58,No ritmo da meta
2806701,São Cristóvão,SE,Nordeste,55.87,68.53,63.75,80.0,12.66,9.68,76.76,83.75,89.7,94.75,99.04,100.0,1,1,20.0,1.91,9.68,No ritmo da meta
3130200,Igaratinga,MG,Sudeste,68.89,79.48,72.39,80.0,10.59,11.45,89.21,97.49,100.0,100.0,100.0,100.0,1,1,20.0,0.09,11.45,No ritmo da meta
1702703,Aurora do Tocantins,TO,Norte,52.92,41.94,61.77,80.0,-10.98,-1.39,40.76,39.75,38.9,38.18,37.56,37.03,0,0,-42.97,6.34,-1.39,Em retrocesso
3203205,Linhares,ES,Sudeste,64.16,67.59,69.25,80.0,3.43,4.06,71.04,73.97,76.47,78.59,80.39,81.92,1,1,1.92,2.07,4.06,No ritmo da meta
4101507,Arapongas,PR,Sul,75.98,70.97,77.18,80.0,-5.01,-3.37,68.11,65.67,63.6,61.84,60.35,59.08,0,0,-20.92,1.5,-3.37,Em retrocesso
4107108,Diamante do Norte,PR,Sul,72.99,78.26,75.14,80.0,5.27,1.77,79.76,81.04,82.13,83.05,83.84,84.51,1,1,4.51,0.29,1.77,No ritmo da meta
3544608,Sabino,SP,Sudeste,54.4,46.98,62.76,80.0,-7.42,-2.15,45.15,43.6,42.28,41.16,40.2,39.39,0,0,-40.61,5.5,-2.15,Em retrocesso
2413508,Serrinha,RN,Nordeste,56.19,48.08,63.97,80.0,-8.11,-1.45,46.85,45.8,44.91,44.15,43.51,42.96,0,0,-37.04,5.32,-1.45,Em retrocesso
5200605,Alto Paraíso de Goiás,GO,Centro-Oeste,82.88,60.2,80.0,80.0,-22.68,-7.54,53.79,48.34,43.71,39.78,36.43,33.59,0,0,-46.41,3.3,-7.54,Em retrocesso
3158953,Santana do Paraíso,MG,Sudeste,69.78,69.95,72.98,80.0,0.17,6.24,75.25,79.76,83.59,86.85,89.62,91.97,1,1,11.97,1.67,6.24,No ritmo da meta
4204103,Caxambu do Sul,SC,Sul,69.54,60.13,72.82,80.0,-9.41,-4.09,56.65,53.7,51.19,49.05,47.24,45.69,0,0,-34.31,3.31,-4.09,Em retrocesso
3110004,Caeté,MG,Sudeste,73.48,70.95,75.47,80.0,-2.53,4.89,75.11,78.64,81.64,84.2,86.36,88.21,0,1,8.21,1.51,4.89,Em retrocesso
2615201,Terra Nova,PE,Nordeste,62.03,71.07,67.85,80.0,9.04,7.14,77.14,82.3,86.68,90.41,93.58,96.27,1,1,16.27,1.49,7.14,No ritmo da meta
4123824,Santa Lúcia,PR,Sul,79.5,85.71,79.64,80.0,6.21,2.24,87.61,89.23,90.61,91.78,92.77,93.62,1,1,13.62,-0.95,2.24,No ritmo da meta
4209508,Laurentino,SC,Sul,64.28,60.32,69.33,80.0,-3.96,-1.36,59.16,58.18,57.35,56.64,56.03,55.52,0,0,-24.48,3.28,-1.36,Em retrocesso
3134707,Jacinto,MG,Sudeste,45.37,55.44,56.55,80.0,10.07,11.19,64.95,73.04,79.91,85.75,90.71,94.93,1,1,14.93,4.09,11.19,No ritmo da meta
3300951,Comendador Levy Gasparian,RJ,Sudeste,51.64,66.11,60.9,80.0,14.47,8.76,73.56,79.89,85.26,89.84,93.72,97.03,1,1,17.03,2.32,8.76,No ritmo da meta
4123709,Santa Isabel do Ivaí,PR,Sul,84.22,75.13,80.0,80.0,-9.09,-5.41,70.53,66.62,63.3,60.48,58.08,56.04,0,0,-23.96,0.81,-5.41,Em retrocesso
1713700,Monte Santo do Tocantins,TO,Norte,29.33,44.77,44.22,80.0,15.44,11.82,54.82,63.36,70.62,76.79,82.03,86.49,1,1,6.49,5.87,11.82,No ritmo da meta
4204608,Criciúma,SC,Sul,59.07,59.75,65.88,80.0,0.68,0.96,60.57,61.26,61.85,62.35,62.78,63.14,0,0,-16.86,3.38,0.96,Ritmo critico
3136009,Joaíma,MG,Sudeste,43.01,64.1,54.86,80.0,21.09,16.7,78.29,90.36,100.0,100.0,100.0,100.0,1,1,20.0,2.65,16.7,No ritmo da meta
3118601,Contagem,MG,Sudeste,53.73,69.05,62.31,80.0,15.32,13.82,80.8,90.78,99.27,100.0,100.0,100.0,1,1,20.0,1.83,13.82,No ritmo da meta
4106605,Cruzeiro do Oeste,PR,Sul,74.06,73.47,75.87,80.0,-0.59,-1.16,72.48,71.65,70.93,70.33,69.81,69.38,0,0,-10.62,1.09,-1.16,Em retrocesso
2606507,Iati,PE,Nordeste,66.34,82.26,70.7,80.0,15.92,10.58,91.25,98.9,100.0,100.0,100.0,100.0,1,1,20.0,-0.38,10.58,No ritmo da meta
4126009,São Sebastião da Amoreira,PR,Sul,82.79,87.77,80.0,80.0,4.98,1.63,89.16,90.33,91.33,92.19,92.91,93.52,1,1,13.52,-1.29,1.63,No ritmo da meta
3536703,Pederneiras,SP,Sudeste,36.42,46.77,49.95,80.0,10.35,6.73,52.49,57.35,61.49,65.0,67.99,70.52,1,0,-9.48,5.54,6.73,No ritmo da meta
1709302,Guaraí,TO,Norte,36.07,48.16,49.68,80.0,12.09,10.15,56.79,64.12,70.35,75.65,80.16,83.98,1,1,3.98,5.31,10.15,No ritmo da meta
4217253,São Pedro de Alcântara,SC,Sul,73.98,59.93,75.81,80.0,-14.05,-6.41,54.48,49.85,45.91,42.57,39.72,37.31,0,0,-42.69,3.34,-6.41,Em retrocesso
2605301,Exu,PE,Nordeste,56.65,55.21,64.27,80.0,-1.44,1.9,56.82,58.2,59.36,60.36,61.2,61.92,0,0,-18.08,4.13,1.9,Em retrocesso
5101308,Arenápolis,MT,Centro-Oeste,62.33,58.62,68.04,80.0,-3.71,2.06,60.37,61.86,63.12,64.2,65.11,65.89,0,0,-14.11,3.56,2.06,Em retrocesso
2206050,Massapê do Piauí,PI,Nordeste,45.94,60.66,56.95,80.0,14.72,10.48,69.57,77.14,83.58,89.05,93.7,97.65,1,1,17.65,3.22,10.48,No ritmo da meta
2601052,Araçoiaba,PE,Nordeste,45.71,53.49,56.79,80.0,7.78,6.51,59.02,63.73,67.72,71.12,74.01,76.47,1,0,-3.53,4.42,6.51,No ritmo da meta
4114609,Marechal Cândido Rondon,PR,Sul,75.3,76.44,76.71,80.0,1.14,-0.29,76.19,75.98,75.81,75.65,75.53,75.42,0,0,-4.58,0.59,-0.29,Ritmo critico
2605806,Frei Miguelinho,PE,Nordeste,68.03,70.68,71.82,80.0,2.65,3.95,74.04,76.89,79.32,81.38,83.13,84.62,1,1,4.62,1.55,3.95,No ritmo da meta
4322541,Vale Real,RS,Sul,76.3,35.0,77.4,80.0,-41.3,-30.63,8.96,0.0,0.0,0.0,0.0,0.0,0,0,-80.0,7.5,-30.63,Em retrocesso
1702406,Arraias,TO,Norte,34.29,61.2,48.29,80.0,26.91,17.56,76.13,88.81,99.6,100.0,100.0,100.0,1,1,20.0,3.13,17.56,No ritmo da meta
2202778,Colônia do Piauí,PI,Nordeste,59.89,42.87,66.43,80.0,-17.02,-5.39,38.29,34.39,31.08,28.27,25.88,23.85,0,0,-56.15,6.19,-5.39,Em retrocesso
4210506,Maravilha,SC,Sul,84.42,76.03,80.0,80.0,-8.39,-3.58,72.99,70.4,68.2,66.33,64.74,63.39,0,0,-16.61,0.66,-3.58,Em retrocesso
2605103,Custódia,PE,Nordeste,82.05,84.57,80.0,80.0,2.52,3.88,87.87,90.67,93.05,95.08,96.8,98.26,1,1,18.26,-0.76,3.88,No ritmo da meta
4127007,Teixeira Soares,PR,Sul,77.31,88.2,78.1,80.0,10.89,4.58,92.09,95.4,98.21,100.0,100.0,100.0,1,1,20.0,-1.37,4.58,No ritmo da meta
3201209,Cachoeiro de Itapemirim,ES,Sudeste,65.3,71.69,70.01,80.0,6.39,5.54,76.4,80.4,83.8,86.7,89.15,91.24,1,1,11.24,1.39,5.54,No ritmo da meta
4219176,Vargem Bonita,SC,Sul,64.24,67.69,69.31,80.0,3.45,2.34,69.68,71.37,72.81,74.03,75.07,75.95,1,0,-4.05,2.05,2.34,No ritmo da meta
4127957,Tupãssi,PR,Sul,70.71,79.06,73.61,80.0,8.35,3.31,81.87,84.26,86.3,88.03,89.49,90.74,1,1,10.74,0.16,3.31,No ritmo da meta
4127882,Tunas do Paraná,PR,Sul,63.46,75.01,68.79,80.0,11.55,4.91,79.18,82.73,85.75,88.31,90.49,92.34,1,1,12.34,0.83,4.91,No ritmo da meta
3152204,Porteirinha,MG,Sudeste,63.54,70.05,68.84,80.0,6.51,9.41,78.05,84.85,90.63,95.54,99.71,100.0,1,1,20.0,1.66,9.41,No ritmo da meta
2105104,Icatu,MA,Nordeste,66.57,68.98,70.85,80.0,2.41,2.25,70.89,72.52,73.9,75.07,76.07,76.92,1,0,-3.08,1.84,2.25,No ritmo da meta
1101450,Parecis,RO,Norte,61.04,70.6,67.19,80.0,9.56,5.83,75.56,79.77,83.35,86.39,88.98,91.18,1,1,11.18,1.57,5.83,No ritmo da meta
3168101,Tapira,MG,Sudeste,56.1,79.68,63.9,80.0,23.58,17.95,94.94,100.0,100.0,100.0,100.0,100.0,1,1,20.0,0.05,17.95,No ritmo da meta
2406007,José da Penha,RN,Nordeste,28.68,49.94,55.7,80.0,21.26,13.24,61.19,70.76,78.89,85.8,91.68,96.67,1,1,16.67,5.01,13.24,No ritmo da meta
2101608,Barra do Corda,MA,Nordeste,65.45,64.05,70.11,80.0,-1.4,0.35,64.35,64.6,64.82,65.0,65.15,65.29,0,0,-14.71,2.66,0.35,Em retrocesso
2607950,Jaqueira,PE,Nordeste,57.65,81.67,64.94,80.0,24.02,14.63,94.11,100.0,100.0,100.0,100.0,100.0,1,1,20.0,-0.28,14.63,No ritmo da meta
2607000,Inajá,PE,Nordeste,54.35,79.7,62.73,80.0,25.35,15.3,92.7,100.0,100.0,100.0,100.0,100.0,1,1,20.0,0.05,15.3,No ritmo da meta
4202206,Benedito Novo,SC,Sul,61.4,71.71,67.43,80.0,10.31,5.77,76.61,80.78,84.33,87.34,89.9,92.08,1,1,12.08,1.38,5.77,No ritmo da meta
4107504,Engenheiro Beltrão,PR,Sul,87.33,82.06,80.0,80.0,-5.27,-3.5,79.09,76.56,74.41,72.58,71.03,69.71,0,0,-10.29,-0.34,-3.5,Em retrocesso
5105309,Luciara,MT,Centro-Oeste,37.65,46.43,50.89,80.0,8.78,8.3,53.48,59.48,64.58,68.91,72.59,75.72,1,0,-4.28,5.6,8.3,No ritmo da meta
2400604,Almino Afonso,RN,Nordeste,11.11,21.43,25.17,80.0,10.32,7.77,28.03,33.65,38.42,42.48,45.92,48.85,1,0,-31.15,9.76,7.77,Ritmo insuficiente
4319372,São Pedro do Butiá,RS,Sul,85.71,64.3,80.0,80.0,-21.41,-20.68,46.72,31.78,19.08,8.29,0.0,0.0,0,0,-80.0,2.62,-20.68,Em retrocesso
5204201,Cachoeira de Goiás,GO,Centro-Oeste,65.0,64.29,69.81,80.0,-0.71,3.45,67.22,69.72,71.83,73.63,75.17,76.47,0,0,-3.53,2.62,3.45,Em retrocesso
5103700,Feliz Natal,MT,Centro-Oeste,65.18,51.15,69.93,80.0,-14.03,-3.1,48.52,46.28,44.37,42.75,41.38,40.21,0,0,-39.79,4.81,-3.1,Em retrocesso
2506202,Frei Martinho,PB,Nordeste,38.7,71.43,51.69,80.0,32.73,18.93,87.52,100.0,100.0,100.0,100.0,100.0,1,1,20.0,1.43,18.93,No ritmo da meta
4306130,Cruzaltense,RS,Sul,77.78,64.3,78.43,80.0,-13.48,-16.72,50.09,38.01,27.74,19.01,11.59,5.29,0,0,-74.71,2.62,-16.72,Em retrocesso
4306551,Dom Pedro de Alcântara,RS,Sul,95.45,57.1,80.0,80.0,-38.35,-29.15,32.32,11.26,0.0,0.0,0.0,0.0,0,0,-80.0,3.82,-29.15,Em retrocesso
3540259,Pontalinda,SP,Sudeste,44.63,51.66,56.02,80.0,7.03,5.07,55.97,59.63,62.75,65.39,67.64,69.55,0,0,-10.45,4.72,5.07,No ritmo da meta
4219606,Xavantina,SC,Sul,71.58,80.95,74.19,80.0,9.37,5.3,85.46,89.28,92.54,95.31,97.66,99.66,1,1,19.66,-0.16,5.3,No ritmo da meta
5107578,Rondolândia,MT,Centro-Oeste,29.04,71.43,43.98,80.0,42.39,25.11,92.77,100.0,100.0,100.0,100.0,100.0,1,1,20.0,1.43,25.11,No ritmo da meta
4312708,Nonoai,RS,Sul,42.12,52.4,54.22,80.0,10.28,-4.84,48.29,44.79,41.82,39.29,37.14,35.32,0,0,-44.68,4.6,-4.84,Ritmo critico
2109205,Presidente Juscelino,MA,Nordeste,36.89,57.94,50.31,80.0,21.05,11.57,67.77,76.13,83.24,89.28,94.41,98.78,1,1,18.78,3.68,11.57,No ritmo da meta
3106655,Berizal,MG,Sudeste,68.3,83.33,72.0,80.0,15.03,13.67,94.95,100.0,100.0,100.0,100.0,100.0,1,1,20.0,-0.55,13.67,No ritmo da meta
4323606,Vista Alegre do Prata,RS,Sul,95.03,85.7,80.0,80.0,-9.33,-14.64,73.26,62.68,53.69,46.05,39.55,34.03,0,0,-45.97,-0.95,-14.64,Em retrocesso
2705903,Olho d'Água Grande,AL,Nordeste,88.26,82.14,80.0,80.0,-6.12,0.27,82.37,82.56,82.73,82.87,82.99,83.09,1,1,3.09,-0.36,0.27,Em retrocesso
2411601,São Bento do Norte,RN,Nordeste,57.76,32.17,65.01,80.0,-25.59,-10.19,23.51,16.15,9.89,4.57,0.05,0.0,0,0,-80.0,7.97,-10.19,Em retrocesso
4311106,Jaguari,RS,Sul,64.9,53.4,69.74,80.0,-11.5,-15.73,40.03,28.66,19.0,10.79,3.81,0.0,0,0,-80.0,4.43,-15.73,Em retrocesso
4207601,Ipira,SC,Sul,83.23,84.43,80.0,80.0,1.2,1.22,85.47,86.35,87.1,87.73,88.28,88.74,1,1,8.74,-0.74,1.22,No ritmo da meta
4307906,Farroupilha,RS,Sul,83.04,56.7,80.0,80.0,-26.34,-23.15,37.02,20.3,6.08,0.0,0.0,0.0,0,0,-80.0,3.88,-23.15,Em retrocesso
3156700,Sabará,MG,Sudeste,57.15,71.68,64.61,80.0,14.53,13.42,83.09,92.78,100.0,100.0,100.0,100.0,1,1,20.0,1.39,13.42,No ritmo da meta
3511003,Castilho,SP,Sudeste,47.85,45.42,58.29,80.0,-2.43,0.34,45.71,45.95,46.16,46.34,46.49,46.62,0,0,-33.38,5.76,0.34,Em retrocesso
4313060,Nova Hartz,RS,Sul,72.08,45.3,74.53,80.0,-26.78,-23.37,25.44,8.55,0.0,0.0,0.0,0.0,0,0,-80.0,5.78,-23.37,Em retrocesso
3549409,São Joaquim da Barra,SP,Sudeste,45.54,50.24,56.67,80.0,4.7,3.91,53.56,56.39,58.79,60.83,62.57,64.04,0,0,-15.96,4.96,3.91,Ritmo insuficiente
3129806,Ibirité,MG,Sudeste,51.6,63.66,60.87,80.0,12.06,12.19,74.02,82.83,90.31,96.68,100.0,100.0,1,1,20.0,2.72,12.19,No ritmo da meta
3146107,Ouro Preto,MG,Sudeste,55.48,71.36,63.49,80.0,15.88,14.1,83.34,93.53,100.0,100.0,100.0,100.0,1,1,20.0,1.44,14.1,No ritmo da meta
5208509,Goiandira,GO,Centro-Oeste,44.66,72.17,56.04,80.0,27.51,17.56,87.1,99.78,100.0,100.0,100.0,100.0,1,1,20.0,1.3,17.56,No ritmo da meta
1720200,São Miguel do Tocantins,TO,Norte,26.98,36.9,42.19,80.0,9.92,9.06,44.6,51.15,56.71,61.44,65.46,68.88,1,0,-11.12,7.18,9.06,No ritmo da meta
3552502,Suzano,SP,Sudeste,42.07,46.82,54.18,80.0,4.75,3.93,50.16,53.0,55.41,57.46,59.21,60.69,0,0,-19.31,5.53,3.93,Ritmo insuficiente
3517406,Guaíra,SP,Sudeste,54.86,53.49,63.07,80.0,-1.37,0.87,54.23,54.86,55.39,55.85,56.23,56.56,0,0,-23.44,4.42,0.87,Em retrocesso
3111606,Campos Gerais,MG,Sudeste,65.56,71.94,70.18,80.0,6.38,9.35,79.89,86.64,92.38,97.27,100.0,100.0,1,1,20.0,1.34,9.35,No ritmo da meta
2414001,Tangará,RN,Nordeste,42.92,36.85,54.8,80.0,-6.07,-0.43,36.48,36.17,35.91,35.69,35.49,35.33,0,0,-44.67,7.19,-0.43,Em retrocesso
5208400,Goianápolis,GO,Centro-Oeste,74.4,68.02,76.1,80.0,-6.38,0.61,68.54,68.98,69.35,69.67,69.94,70.17,0,0,-9.83,2.0,0.61,Em retrocesso
2106201,Luís Domingues,MA,Nordeste,76.93,84.97,77.84,80.0,8.04,5.07,89.28,92.94,96.06,98.7,100.0,100.0,1,1,20.0,-0.83,5.07,No ritmo da meta
2507705,Juazeirinho,PB,Nordeste,50.95,45.45,60.43,80.0,-5.5,-0.19,45.29,45.15,45.03,44.94,44.85,44.78,0,0,-35.22,5.76,-0.19,Em retrocesso
2611804,Ribeirão,PE,Nordeste,61.57,65.68,67.54,80.0,4.11,4.68,69.66,73.04,75.91,78.36,80.43,82.2,1,1,2.2,2.39,4.68,No ritmo da meta
2903003,Barra do Mendes,BA,Nordeste,39.25,32.43,52.1,80.0,-6.82,-3.86,29.15,26.36,23.99,21.97,20.26,18.81,0,0,-61.19,7.93,-3.86,Em retrocesso
3527405,Lucélia,SP,Sudeste,64.53,68.26,69.5,80.0,3.73,3.42,71.17,73.64,75.74,77.52,79.04,80.33,1,1,0.33,1.96,3.42,No ritmo da meta
3169109,Toledo,MG,Sudeste,63.11,89.2,68.56,80.0,26.09,19.2,100.0,100.0,100.0,100.0,100.0,100.0,1,1,20.0,-1.53,19.2,No ritmo da meta
3305703,Sumidouro,RJ,Sudeste,61.17,75.43,76.25,80.0,14.26,8.66,82.79,89.05,94.37,98.89,100.0,100.0,1,1,20.0,0.76,8.66,No ritmo da meta
2107704,Paraibano,MA,Nordeste,78.85,74.65,79.18,80.0,-4.2,-1.05,73.76,73.0,72.35,71.81,71.34,70.94,0,0,-9.06,0.89,-1.05,Em retrocesso
5007935,Sonora,MS,Centro-Oeste,47.5,78.58,58.04,80.0,31.08,19.74,95.36,100.0,100.0,100.0,100.0,100.0,1,1,20.0,0.24,19.74,No ritmo da meta
3513009,Cotia,SP,Sudeste,50.67,49.49,60.23,80.0,-1.18,0.97,50.31,51.02,51.61,52.12,52.55,52.91,0,0,-27.09,5.08,0.97,Em retrocesso
4125308,São Jorge do Ivaí,PR,Sul,82.98,70.73,80.0,80.0,-12.25,-6.99,64.79,59.74,55.45,51.8,48.7,46.06,0,0,-33.94,1.54,-6.99,Em retrocesso
4215208,Romelândia,SC,Sul,52.07,78.04,61.19,80.0,25.97,13.6,89.6,99.43,100.0,100.0,100.0,100.0,1,1,20.0,0.33,13.6,No ritmo da meta
3139706,Maravilhas,MG,Sudeste,70.06,76.79,73.17,80.0,6.73,9.52,84.88,91.76,97.61,100.0,100.0,100.0,1,1,20.0,0.53,9.52,No ritmo da meta
3304706,Santo Antônio de Pádua,RJ,Sudeste,66.37,73.82,70.72,80.0,7.45,5.25,78.28,82.08,85.3,88.04,90.37,92.35,1,1,12.35,1.03,5.25,No ritmo da meta
4128708,Vitorino,PR,Sul,71.38,70.19,74.06,80.0,-1.19,-1.46,68.95,67.89,67.0,66.24,65.59,65.04,0,0,-14.96,1.64,-1.46,Em retrocesso
3200169,Água Doce do Norte,ES,Sudeste,77.35,81.68,78.13,80.0,4.33,4.51,85.51,88.77,91.54,93.9,95.9,97.6,1,1,17.6,-0.28,4.51,No ritmo da meta
4203956,Capivari de Baixo,SC,Sul,51.47,58.8,,,7.33,4.28,62.44,65.53,68.16,70.39,72.29,73.91,0,0,,,4.28,Ritmo critico
4108304,Foz do Iguaçu,PR,Sul,73.01,72.01,75.15,80.0,-1.0,-1.36,70.85,69.87,69.04,68.33,67.72,67.21,0,0,-12.79,1.33,-1.36,Em retrocesso
2512077,Poço de José de Moura,PB,Nordeste,87.93,57.57,61.89,80.0,-30.36,-12.62,46.84,37.73,29.97,23.39,17.79,13.03,0,0,-66.97,3.74,-12.62,Em retrocesso
4212254,Passo de Torres,SC,Sul,56.11,59.86,63.74,80.0,3.75,2.49,61.98,63.78,65.3,66.6,67.71,68.65,0,0,-11.35,3.36,2.49,Ritmo insuficiente
3551009,São Vicente,SP,Sudeste,43.11,47.93,54.93,80.0,4.82,3.97,51.3,54.17,56.61,58.68,60.44,61.94,0,0,-18.06,5.34,3.97,Ritmo insuficiente
4311304,Lagoa Vermelha,RS,Sul,61.02,54.6,67.18,80.0,-6.42,-13.19,43.39,33.86,25.76,18.87,13.02,8.05,0,0,-71.95,4.23,-13.19,Em retrocesso
2409506,Pedra Grande,RN,Nordeste,45.48,44.5,56.63,80.0,-0.98,2.12,46.3,47.83,49.14,50.24,51.18,51.98,0,0,-28.02,5.92,2.12,Em retrocesso
3502309,Anhembi,SP,Sudeste,38.57,45.69,51.59,80.0,7.12,5.12,50.04,53.74,56.89,59.56,61.83,63.76,0,0,-16.24,5.72,5.12,Ritmo insuficiente
3115508,Caxambu,MG,Sudeste,76.39,78.2,77.47,80.0,1.81,7.06,84.2,89.3,93.64,97.32,100.0,100.0,1,1,20.0,0.3,7.06,No ritmo da meta
2104628,Governador Luiz Rocha,MA,Nordeste,98.32,91.67,80.0,80.0,-6.65,-2.28,89.73,88.08,86.68,85.49,84.48,83.62,1,1,3.62,-1.95,-2.28,Em retrocesso
2405603,Jardim de Piranhas,RN,Nordeste,30.4,63.05,45.13,80.0,32.65,18.93,79.14,92.82,100.0,100.0,100.0,100.0,1,1,20.0,2.83,18.93,No ritmo da meta
2702504,Dois Riachos,AL,Nordeste,46.47,64.23,57.32,80.0,17.76,12.21,74.61,83.43,90.93,97.3,100.0,100.0,1,1,20.0,2.63,12.21,No ritmo da meta
3104908,Baependi,MG,Sudeste,70.29,77.43,73.33,80.0,7.14,9.73,85.7,92.73,98.71,100.0,100.0,100.0,1,1,20.0,0.43,9.73,No ritmo da meta
3139003,Machado,MG,Sudeste,59.94,87.02,66.46,80.0,27.08,19.7,100.0,100.0,100.0,100.0,100.0,100.0,1,1,20.0,-1.17,19.7,No ritmo da meta
3526605,Lavrinhas,SP,Sudeste,52.66,46.14,61.59,80.0,-6.52,-1.7,44.7,43.47,42.42,41.54,40.78,40.14,0,0,-39.86,5.64,-1.7,Em retrocesso
3135308,Japaraíba,MG,Sudeste,71.03,78.49,73.82,80.0,7.46,9.89,86.9,94.04,100.0,100.0,100.0,100.0,1,1,20.0,0.25,9.89,No ritmo da meta
4104600,Capitão Leônidas Marques,PR,Sul,72.97,78.04,75.13,80.0,5.07,1.67,79.46,80.67,81.69,82.56,83.3,83.93,1,1,3.93,0.33,1.67,No ritmo da meta
2511400,Picuí,PB,Nordeste,52.51,42.85,61.49,80.0,-9.66,-2.27,40.92,39.28,37.89,36.7,35.69,34.84,0,0,-45.16,6.19,-2.27,Em retrocesso
5002951,Chapadão do Sul,MS,Centro-Oeste,43.31,63.42,55.08,80.0,20.11,14.25,75.53,85.83,94.58,100.0,100.0,100.0,1,1,20.0,2.76,14.25,No ritmo da meta
4118402,Paranavaí,PR,Sul,80.45,74.3,80.0,80.0,-6.15,-3.94,70.95,68.1,65.68,63.63,61.88,60.39,0,0,-19.61,0.95,-3.94,Em retrocesso
4115739,Mato Rico,PR,Sul,70.01,92.5,,,22.49,10.38,100.0,100.0,100.0,100.0,100.0,100.0,0,0,,,10.38,Ritmo critico
1718303,Praia Norte,TO,Norte,18.07,38.49,33.54,80.0,20.42,14.31,50.65,60.99,69.78,77.25,83.6,89.0,1,1,9.0,6.92,14.31,No ritmo da meta
3110509,Camanducaia,MG,Sudeste,54.64,58.56,62.93,80.0,3.92,8.12,65.46,71.33,76.32,80.55,84.16,87.22,1,1,7.22,3.57,8.12,No ritmo da meta
4104808,Cascavel,PR,Sul,80.11,74.34,80.0,80.0,-5.77,-3.75,71.15,68.44,66.14,64.18,62.52,61.1,0,0,-18.9,0.94,-3.75,Em retrocesso
3509957,Canas,SP,Sudeste,53.57,48.15,62.2,80.0,-5.42,-1.15,47.17,46.34,45.64,45.04,44.52,44.09,0,0,-35.91,5.31,-1.15,Em retrocesso
3140001,Mariana,MG,Sudeste,53.77,65.6,62.34,80.0,11.83,12.07,75.86,84.58,91.99,98.29,100.0,100.0,1,1,20.0,2.4,12.07,No ritmo da meta
3300605,Bom Jesus do Itabapoana,RJ,Sudeste,57.91,70.64,65.11,80.0,12.73,7.89,77.35,83.05,87.89,92.01,95.51,98.49,1,1,18.49,1.56,7.89,No ritmo da meta
2615409,Toritama,PE,Nordeste,50.21,63.95,59.92,80.0,13.74,9.49,72.02,78.87,84.7,89.65,93.87,97.44,1,1,17.44,2.67,9.49,No ritmo da meta
2605905,Gameleira,PE,Nordeste,58.54,77.37,65.53,80.0,18.83,12.04,87.6,96.3,100.0,100.0,100.0,100.0,1,1,20.0,0.44,12.04,No ritmo da meta
3117801,Conceição dos Ouros,MG,Sudeste,61.94,77.03,67.79,80.0,15.09,13.7,88.68,98.57,100.0,100.0,100.0,100.0,1,1,20.0,0.49,13.7,No ritmo da meta
3513801,Diadema,SP,Sudeste,40.88,48.02,53.31,80.0,7.14,5.13,52.38,56.09,59.24,61.92,64.19,66.13,0,0,-13.87,5.33,5.13,Ritmo insuficiente
2108009,Pastos Bons,MA,Nordeste,74.16,64.01,75.94,80.0,-10.15,-4.03,60.58,57.67,55.2,53.09,51.31,49.79,0,0,-30.21,2.66,-4.03,Em retrocesso
3139250,Mamonas,MG,Sudeste,40.12,65.94,52.75,80.0,25.82,19.07,82.15,95.93,100.0,100.0,100.0,100.0,1,1,20.0,2.34,19.07,No ritmo da meta
3302452,Macuco,RJ,Sudeste,63.62,77.99,68.9,80.0,14.37,8.71,85.39,91.69,97.04,100.0,100.0,100.0,1,1,20.0,0.34,8.71,No ritmo da meta
4207650,Iporã do Oeste,SC,Sul,86.65,92.28,80.0,80.0,5.63,3.43,95.2,97.67,99.78,100.0,100.0,100.0,1,1,20.0,-2.05,3.43,No ritmo da meta
5007307,Rio Negro,MS,Centro-Oeste,53.09,53.05,61.88,80.0,-0.04,4.18,56.6,59.62,62.19,64.37,66.23,67.8,0,0,-12.2,4.49,4.18,Em retrocesso
2408201,Nísia Floresta,RN,Nordeste,32.17,49.76,46.59,80.0,17.59,11.4,59.45,67.69,74.69,80.64,85.7,90.0,1,1,10.0,5.04,11.4,No ritmo da meta
2507002,Itaporanga,PB,Nordeste,17.96,48.7,33.43,80.0,30.74,17.93,63.94,76.89,87.91,97.27,100.0,100.0,1,1,20.0,5.22,17.93,No ritmo da meta
3543402,Ribeirão Preto,SP,Sudeste,39.11,45.01,52.0,80.0,5.9,4.51,48.84,52.1,54.87,57.23,59.23,60.93,0,0,-19.07,5.83,4.51,Ritmo insuficiente
3509304,Cajobi,SP,Sudeste,61.22,60.42,67.31,80.0,-0.8,1.16,61.41,62.24,62.96,63.56,64.08,64.51,0,0,-15.49,3.26,1.16,Em retrocesso
4300109,Agudo,RS,Sul,56.12,56.9,63.92,80.0,0.78,-9.59,48.75,41.82,35.93,30.92,26.67,23.05,0,0,-56.95,3.85,-9.59,Ritmo critico
3131703,Itabira,MG,Sudeste,57.17,68.15,64.62,80.0,10.98,11.65,78.05,86.47,93.62,99.71,100.0,100.0,1,1,20.0,1.97,11.65,No ritmo da meta
2515971,Sobrado,PB,Nordeste,60.0,40.74,66.5,80.0,-19.26,-7.07,34.73,29.62,25.28,21.59,18.45,15.79,0,0,-64.21,6.54,-7.07,Em retrocesso
4321352,Tavares,RS,Sul,65.7,37.0,70.27,80.0,-28.7,-24.33,16.32,0.0,0.0,0.0,0.0,0.0,0,0,-80.0,7.17,-24.33,Em retrocesso
1720937,Taipas do Tocantins,TO,Norte,55.85,55.56,63.74,80.0,-0.29,3.96,58.93,61.79,64.22,66.29,68.04,69.54,0,0,-10.46,4.07,3.96,Em retrocesso
4108551,Godoy Moreira,PR,Sul,94.55,74.07,80.0,80.0,-20.48,-11.1,64.63,56.62,49.8,44.0,39.08,34.89,0,0,-45.11,0.99,-11.1,Em retrocesso
1707405,Esperantina,TO,Norte,40.82,47.82,53.27,80.0,7.0,7.6,54.28,59.77,64.44,68.41,71.78,74.64,1,0,-5.36,5.36,7.6,No ritmo da meta
2401008,Apodi,RN,Nordeste,36.86,48.86,50.29,80.0,12.0,8.61,56.18,62.4,67.69,72.18,76.0,79.25,1,0,-0.75,5.19,8.61,No ritmo da meta
3530102,Mirandópolis,SP,Sudeste,53.42,54.13,62.1,80.0,0.71,1.91,55.75,57.13,58.31,59.3,60.15,60.87,0,0,-19.13,4.31,1.91,Ritmo critico
4205456,Forquilhinha,SC,Sul,58.71,63.94,65.64,80.0,5.23,3.23,66.69,69.02,71.0,72.69,74.12,75.34,1,0,-4.66,2.68,3.23,No ritmo da meta
3202306,Guaçuí,ES,Sudeste,74.04,76.71,75.85,80.0,2.67,3.68,79.84,82.5,84.76,86.68,88.31,89.7,1,1,9.7,0.55,3.68,No ritmo da meta
1713809,Palmeiras do Tocantins,TO,Norte,18.11,49.53,33.59,80.0,31.42,19.81,66.37,80.68,92.85,100.0,100.0,100.0,1,1,20.0,5.08,19.81,No ritmo da meta
4103024,Boa Esperança do Iguaçu,PR,Sul,75.0,93.1,76.51,80.0,18.1,8.19,100.0,100.0,100.0,100.0,100.0,100.0,1,1,20.0,-2.18,8.19,No ritmo da meta
3511904,Clementina,SP,Sudeste,51.06,54.12,60.5,80.0,3.06,3.09,56.75,58.98,60.88,62.49,63.86,65.03,0,0,-14.97,4.31,3.09,Ritmo insuficiente
3138401,Leopoldina,MG,Sudeste,58.67,65.18,65.62,80.0,6.51,9.41,73.18,79.98,85.76,90.67,94.84,98.39,1,1,18.39,2.47,9.41,No ritmo da meta
3150604,Piracema,MG,Sudeste,66.97,76.35,71.11,80.0,9.38,10.85,85.57,93.41,100.0,100.0,100.0,100.0,1,1,20.0,0.61,10.85,No ritmo da meta
4201257,Apiúna,SC,Sul,63.67,70.88,68.93,80.0,7.21,4.22,74.47,77.52,80.11,82.31,84.18,85.77,1,1,5.77,1.52,4.22,No ritmo da meta
2922300,Muritiba,BA,Nordeste,23.34,51.72,38.86,80.0,28.38,13.74,63.4,73.33,81.76,88.94,95.03,100.0,1,1,20.0,4.71,13.74,No ritmo da meta
3157906,Santa Margarida,MG,Sudeste,71.98,60.93,74.46,80.0,-11.05,0.63,61.47,61.92,62.31,62.64,62.92,63.15,0,0,-16.85,3.18,0.63,Em retrocesso
4312153,Mato Leitão,RS,Sul,88.99,58.4,80.0,80.0,-30.59,-25.27,36.92,18.66,3.14,0.0,0.0,0.0,0,0,-80.0,3.6,-25.27,Em retrocesso
5105580,Marcelândia,MT,Centro-Oeste,62.31,65.36,68.03,80.0,3.05,5.44,69.98,73.91,77.26,80.09,82.51,84.56,1,1,4.56,2.44,5.44,No ritmo da meta
3170206,Uberlândia,MG,Sudeste,50.92,62.63,60.41,80.0,11.71,12.01,72.84,81.52,88.89,95.16,100.0,100.0,1,1,20.0,2.89,12.01,No ritmo da meta
2109403,Primeira Cruz,MA,Nordeste,75.54,68.97,76.88,80.0,-6.57,-2.24,67.07,65.45,64.07,62.9,61.91,61.06,0,0,-18.94,1.84,-2.24,Em retrocesso
4312252,Minas do Leão,RS,Sul,73.26,69.6,75.32,80.0,-3.66,-11.81,59.56,51.03,43.78,37.61,32.37,27.92,0,0,-52.08,1.73,-11.81,Em retrocesso
3148202,Patrocínio do Muriaé,MG,Sudeste,72.64,80.53,74.9,80.0,7.89,10.1,89.12,96.41,100.0,100.0,100.0,100.0,1,1,20.0,-0.09,10.1,No ritmo da meta
3534401,Osasco,SP,Sudeste,45.95,49.13,56.96,80.0,3.18,3.15,51.81,54.08,56.02,57.66,59.06,60.25,0,0,-19.75,5.14,3.15,Ritmo insuficiente
2708204,São Brás,AL,Nordeste,67.19,70.72,71.26,80.0,3.53,5.09,75.05,78.72,81.85,84.51,86.77,88.69,1,1,8.69,1.55,5.09,No ritmo da meta
5213806,Morrinhos,GO,Centro-Oeste,62.28,65.87,68.01,80.0,3.59,5.6,70.63,74.68,78.12,81.04,83.52,85.64,1,1,5.64,2.35,5.6,No ritmo da meta
5006903,Porto Murtinho,MS,Centro-Oeste,30.48,67.46,45.19,80.0,36.98,22.69,86.75,100.0,100.0,100.0,100.0,100.0,1,1,20.0,2.09,22.69,No ritmo da meta
4206504,Guaramirim,SC,Sul,70.33,64.09,73.35,80.0,-6.24,-2.5,61.96,60.16,58.62,57.32,56.21,55.27,0,0,-24.73,2.65,-2.5,Em retrocesso
4104006,Campina Grande do Sul,PR,Sul,70.42,66.84,73.41,80.0,-3.58,-2.65,64.59,62.67,61.05,59.66,58.49,57.49,0,0,-22.51,2.19,-2.65,Em retrocesso
3106200,Belo Horizonte,MG,Sudeste,57.61,68.58,64.91,80.0,10.97,11.64,78.47,86.88,94.03,100.0,100.0,100.0,1,1,20.0,1.9,11.64,No ritmo da meta
3516408,Franco da Rocha,SP,Sudeste,50.89,46.57,60.38,80.0,-4.32,-0.6,46.06,45.63,45.26,44.94,44.68,44.45,0,0,-35.55,5.57,-0.6,Em retrocesso
3157609,Santa Fé de Minas,MG,Sudeste,33.37,72.51,47.56,80.0,39.14,25.73,94.38,100.0,100.0,100.0,100.0,100.0,1,1,20.0,1.25,25.73,No ritmo da meta
2613602,São José do Egito,PE,Nordeste,67.52,73.38,71.48,80.0,5.86,5.55,78.1,82.11,85.52,88.41,90.88,92.97,1,1,12.97,1.1,5.55,No ritmo da meta
4203808,Canoinhas,SC,Sul,73.93,71.93,75.78,80.0,-2.0,-0.38,71.61,71.33,71.1,70.9,70.73,70.59,0,0,-9.41,1.34,-0.38,Em retrocesso
4104907,Castro,PR,Sul,74.26,74.56,76.0,80.0,0.3,-0.71,73.96,73.44,73.01,72.64,72.32,72.05,0,0,-7.95,0.91,-0.71,Ritmo critico
4107009,Curiúva,PR,Sul,80.2,68.88,80.0,80.0,-11.32,-6.52,63.34,58.63,54.62,51.22,48.33,45.87,0,0,-34.13,1.85,-6.52,Em retrocesso
2105989,Lajeado Novo,MA,Nordeste,60.63,65.92,66.92,80.0,5.29,3.69,69.06,71.72,73.99,75.91,77.55,78.94,1,0,-1.06,2.35,3.69,No ritmo da meta
2504801,Coremas,PB,Nordeste,67.07,48.71,71.18,80.0,-18.36,-6.62,43.08,38.3,34.23,30.78,27.84,25.34,0,0,-54.66,5.22,-6.62,Em retrocesso
3170701,Varginha,MG,Sudeste,50.68,71.53,60.24,80.0,20.85,16.58,85.62,97.6,100.0,100.0,100.0,100.0,1,1,20.0,1.41,16.58,No ritmo da meta
3120904,Curvelo,MG,Sudeste,65.34,71.71,70.03,80.0,6.37,9.34,79.65,86.4,92.13,97.01,100.0,100.0,1,1,20.0,1.38,9.34,No ritmo da meta
2408003,Mossoró,RN,Nordeste,38.06,45.41,51.21,80.0,7.35,6.28,50.75,55.29,59.14,62.42,65.21,67.58,0,0,-12.42,5.76,6.28,No ritmo da meta
4206009,Governador Celso Ramos,SC,Sul,55.24,67.19,,,11.95,6.59,72.79,77.55,81.6,85.04,87.96,90.45,0,0,,,6.59,Ritmo critico
4116703,Nova Aurora,PR,Sul,82.25,74.99,80.0,80.0,-7.26,-4.49,71.17,67.93,65.17,62.83,60.84,59.14,0,0,-20.86,0.84,-4.49,Em retrocesso
2400208,Assú,RN,Nordeste,42.17,40.86,54.25,80.0,-1.31,1.95,42.52,43.93,45.12,46.14,47.01,47.74,0,0,-32.26,6.52,1.95,Em retrocesso
2603504,Camocim de São Félix,PE,Nordeste,55.71,68.51,63.64,80.0,12.8,9.02,76.18,82.69,88.23,92.94,96.94,100.0,1,1,20.0,1.91,9.02,No ritmo da meta
3144607,Nepomuceno,MG,Sudeste,53.67,77.99,62.27,80.0,24.32,18.32,93.56,100.0,100.0,100.0,100.0,100.0,1,1,20.0,0.34,18.32,No ritmo da meta
2508604,Lucena,PB,Nordeste,47.19,44.96,57.83,80.0,-2.23,1.45,46.19,47.24,48.13,48.89,49.53,50.08,0,0,-29.92,5.84,1.45,Em retrocesso
3546009,Santa Branca,SP,Sudeste,40.78,49.71,53.24,80.0,8.93,6.02,54.83,59.18,62.87,66.02,68.69,70.96,1,0,-9.04,5.05,6.02,No ritmo da meta
2612000,Sairé,PE,Nordeste,67.71,81.01,71.61,80.0,13.3,9.27,88.89,95.59,100.0,100.0,100.0,100.0,1,1,20.0,-0.17,9.27,No ritmo da meta
4123402,Santa Fé,PR,Sul,58.68,64.71,65.62,80.0,6.03,2.15,66.54,68.09,69.41,70.53,71.49,72.3,1,0,-7.7,2.55,2.15,Ritmo insuficiente
4206900,Ibirama,SC,Sul,67.48,71.81,71.45,80.0,4.33,2.78,74.17,76.18,77.89,79.34,80.57,81.62,1,1,1.62,1.36,2.78,No ritmo da meta
5105903,Nobres,MT,Centro-Oeste,56.94,60.61,64.47,80.0,3.67,5.75,65.5,69.65,73.18,76.18,78.74,80.9,1,1,0.9,3.23,5.75,No ritmo da meta
5219407,Santa Rita do Araguaia,GO,Centro-Oeste,78.75,83.33,79.11,80.0,4.58,6.09,88.51,92.91,96.65,99.83,100.0,100.0,1,1,20.0,-0.55,6.09,No ritmo da meta
4216305,São João Batista,SC,Sul,74.94,70.77,,,-4.17,-1.47,69.52,68.46,67.56,66.79,66.14,65.58,0,0,,,-1.47,Em retrocesso
4116059,Missal,PR,Sul,88.67,83.28,80.0,80.0,-5.39,-3.56,80.25,77.68,75.5,73.64,72.06,70.72,1,0,-9.28,-0.55,-3.56,Em retrocesso
3170305,Umburatiba,MG,Sudeste,63.7,52.43,68.95,80.0,-11.27,0.52,52.87,53.25,53.57,53.84,54.07,54.27,0,0,-25.73,4.6,0.52,Em retrocesso
3542701,Restinga,SP,Sudeste,70.28,55.18,73.32,80.0,-15.1,-5.99,50.09,45.76,42.08,38.96,36.3,34.04,0,0,-45.96,4.14,-5.99,Em retrocesso
3170503,Urucânia,MG,Sudeste,55.56,81.15,63.54,80.0,25.59,18.95,97.26,100.0,100.0,100.0,100.0,100.0,1,1,20.0,-0.19,18.95,No ritmo da meta
3141702,Mesquita,MG,Sudeste,53.17,63.47,61.93,80.0,10.3,11.31,73.08,81.25,88.2,94.1,99.12,100.0,1,1,20.0,2.76,11.31,No ritmo da meta
3147006,Paracatu,MG,Sudeste,65.69,63.56,70.27,80.0,-2.13,5.09,67.89,71.56,74.69,77.35,79.61,81.53,0,1,1.53,2.74,5.09,Em retrocesso
4102109,Astorga,PR,Sul,79.57,75.21,79.69,80.0,-4.36,-3.04,72.63,70.43,68.56,66.98,65.63,64.48,0,0,-15.52,0.8,-3.04,Em retrocesso
4110102,Imbituva,PR,Sul,80.43,78.04,80.0,80.0,-2.39,-2.06,76.29,74.8,73.54,72.46,71.55,70.77,0,0,-9.23,0.33,-2.06,Em retrocesso
2103158,Centro do Guilherme,MA,Nordeste,92.92,87.93,80.0,80.0,-4.99,-1.45,86.7,85.65,84.76,84.0,83.36,82.81,1,1,2.81,-1.32,-1.45,Em retrocesso
4321667,Três Cachoeiras,RS,Sul,87.85,53.5,80.0,80.0,-34.35,-27.15,30.42,10.81,0.0,0.0,0.0,0.0,0,0,-80.0,4.42,-27.15,Em retrocesso
2607307,Ipubi,PE,Nordeste,72.0,70.08,74.47,80.0,-1.92,1.66,71.49,72.69,73.71,74.58,75.31,75.94,0,0,-4.06,1.65,1.66,Em retrocesso
4208450,Itapoá,SC,Sul,47.67,53.37,,,5.7,3.47,56.32,58.83,60.96,62.77,64.31,65.62,0,0,,,3.47,Ritmo critico
4211207,Morro da Fumaça,SC,Sul,68.02,68.09,71.81,80.0,0.07,0.65,68.64,69.11,69.51,69.85,70.14,70.38,0,0,-9.62,1.98,0.65,Ritmo critico
2404606,Ielmo Marinho,RN,Nordeste,41.28,30.13,53.6,80.0,-11.15,-2.97,27.61,25.46,23.64,22.09,20.77,19.65,0,0,-60.35,8.31,-2.97,Em retrocesso
4314704,Planalto,RS,Sul,72.47,54.1,74.79,80.0,-18.37,-19.16,37.81,23.97,12.2,2.2,0.0,0.0,0,0,-80.0,4.32,-19.16,Em retrocesso
2100055,Açailândia,MA,Nordeste,39.59,62.76,52.35,80.0,23.17,12.63,73.5,82.62,90.38,96.97,100.0,100.0,1,1,20.0,2.87,12.63,No ritmo da meta
2408409,Olho d'Água do Borges,RN,Nordeste,24.17,30.77,39.64,80.0,6.6,5.91,35.79,40.06,43.69,46.78,49.4,51.63,0,0,-28.37,8.2,5.91,Ritmo insuficiente
4322558,Vanini,RS,Sul,83.67,69.2,80.0,80.0,-14.47,-17.21,54.57,42.14,31.57,22.58,14.95,8.46,0,0,-71.54,1.8,-17.21,Em retrocesso
1717503,Pium,TO,Norte,21.88,43.07,37.45,80.0,21.19,14.7,55.56,66.19,75.21,82.89,89.41,94.95,1,1,14.95,6.16,14.7,No ritmo da meta
3503158,Arapeí,SP,Sudeste,48.04,37.41,58.42,80.0,-10.63,-3.76,34.21,31.5,29.19,27.23,25.56,24.14,0,0,-55.86,7.1,-3.76,Em retrocesso
3160207,Santo Antônio do Itambé,MG,Sudeste,46.96,47.84,57.67,80.0,0.88,6.6,53.45,58.22,62.27,65.72,68.65,71.13,0,0,-8.87,5.36,6.6,No ritmo da meta
4305405,Chiapetta,RS,Sul,78.57,84.6,78.99,80.0,6.03,-6.96,78.68,73.66,69.38,65.75,62.66,60.03,0,0,-19.97,-0.77,-6.96,Ritmo critico
2911006,Floresta Azul,BA,Nordeste,15.12,41.03,30.23,80.0,25.91,12.5,51.66,60.69,68.36,74.89,80.43,85.15,1,1,5.15,6.5,12.5,No ritmo da meta
4217758,Sul Brasil,SC,Sul,76.19,73.21,77.33,80.0,-2.98,-0.87,72.47,71.84,71.31,70.85,70.47,70.14,0,0,-9.86,1.13,-0.87,Em retrocesso
3163300,São José do Divino,MG,Sudeste,45.36,54.62,56.54,80.0,9.26,10.79,63.79,71.59,78.21,83.85,88.63,92.7,1,1,12.7,4.23,10.79,No ritmo da meta
3122470,Dom Bosco,MG,Sudeste,55.56,84.62,63.54,80.0,29.06,20.69,100.0,100.0,100.0,100.0,100.0,100.0,1,1,20.0,-0.77,20.69,No ritmo da meta
3170602,Vargem Bonita,MG,Sudeste,58.82,69.23,65.72,80.0,10.41,11.36,78.89,87.09,94.07,100.0,100.0,100.0,1,1,20.0,1.79,11.36,No ritmo da meta
3127339,Gameleiras,MG,Sudeste,41.67,53.85,53.89,80.0,12.18,12.25,64.26,73.11,80.64,87.03,92.47,97.09,1,1,17.09,4.36,12.25,No ritmo da meta
4206207,Gravatal,SC,Sul,52.63,76.93,61.57,80.0,24.3,12.77,87.78,97.01,100.0,100.0,100.0,100.0,1,1,20.0,0.51,12.77,No ritmo da meta
4109302,Guaraniaçu,PR,Sul,80.03,71.17,80.0,80.0,-8.86,-5.29,66.67,62.85,59.6,56.84,54.49,52.5,0,0,-27.5,1.47,-5.29,Em retrocesso
2206308,Miguel Leão,PI,Nordeste,47.32,84.62,57.92,80.0,37.3,21.77,100.0,100.0,100.0,100.0,100.0,100.0,1,1,20.0,-0.77,21.77,No ritmo da meta
3537008,Pedregulho,SP,Sudeste,60.85,51.67,67.06,80.0,-9.18,-3.03,49.09,46.91,45.04,43.46,42.12,40.98,0,0,-39.02,4.72,-3.03,Em retrocesso
3507456,Borebi,SP,Sudeste,61.11,53.42,67.24,80.0,-7.69,-2.29,51.47,49.82,48.41,47.22,46.2,45.34,0,0,-34.66,4.43,-2.29,Em retrocesso
4306601,Dom Pedrito,RS,Sul,57.45,43.7,64.81,80.0,-13.75,-16.85,29.38,17.2,6.86,0.0,0.0,0.0,0,0,-80.0,6.05,-16.85,Em retrocesso
2707800,Roteiro,AL,Nordeste,64.36,45.95,69.39,80.0,-18.41,-5.88,40.95,36.7,33.09,30.02,27.41,25.2,0,0,-54.8,5.68,-5.88,Em retrocesso
2406106,Jucurutu,RN,Nordeste,27.56,43.69,42.7,80.0,16.13,10.67,52.76,60.47,67.02,72.59,77.33,81.35,1,1,1.35,6.05,10.67,No ritmo da meta
5006606,Ponta Porã,MS,Centro-Oeste,57.76,71.07,65.01,80.0,13.31,10.85,80.29,88.13,94.79,100.0,100.0,100.0,1,1,20.0,1.49,10.85,No ritmo da meta
4105508,Cianorte,PR,Sul,79.56,74.95,79.69,80.0,-4.61,-3.17,72.26,69.97,68.02,66.36,64.96,63.76,0,0,-16.24,0.84,-3.17,Em retrocesso
5102504,Cáceres,MT,Centro-Oeste,47.53,51.27,58.07,80.0,3.74,5.78,56.18,60.36,63.91,66.93,69.49,71.67,0,0,-8.33,4.79,5.78,No ritmo da meta
4214003,Presidente Getúlio,SC,Sul,62.2,55.72,67.96,80.0,-6.48,-2.62,53.49,51.6,49.99,48.62,47.46,46.47,0,0,-33.53,4.05,-2.62,Em retrocesso
3169505,Tumiritinga,MG,Sudeste,45.36,74.58,56.54,80.0,29.22,20.77,92.23,100.0,100.0,100.0,100.0,100.0,1,1,20.0,0.9,20.77,No ritmo da meta
3552809,Taboão da Serra,SP,Sudeste,45.59,49.01,56.7,80.0,3.42,3.27,51.79,54.15,56.16,57.87,59.32,60.55,0,0,-19.45,5.16,3.27,Ritmo insuficiente
3108107,Bonfim,MG,Sudeste,69.27,85.95,72.64,80.0,16.68,14.5,98.28,100.0,100.0,100.0,100.0,100.0,1,1,20.0,-0.99,14.5,No ritmo da meta
4307203,Erval Grande,RS,Sul,91.99,38.8,80.0,80.0,-53.19,-36.57,7.72,0.0,0.0,0.0,0.0,0.0,0,0,-80.0,6.87,-36.57,Em retrocesso
3151206,Pirapora,MG,Sudeste,49.51,69.81,59.44,80.0,20.3,16.31,83.67,95.46,100.0,100.0,100.0,100.0,1,1,20.0,1.7,16.31,No ritmo da meta
3113404,Caratinga,MG,Sudeste,50.26,67.42,59.95,80.0,17.16,14.74,79.95,90.6,99.65,100.0,100.0,100.0,1,1,20.0,2.1,14.74,No ritmo da meta
5106307,Paranatinga,MT,Centro-Oeste,45.39,60.98,56.56,80.0,15.59,11.71,70.93,79.39,86.59,92.7,97.89,100.0,1,1,20.0,3.17,11.71,No ritmo da meta
3553807,Taquarituba,SP,Sudeste,52.53,56.67,61.5,80.0,4.14,3.63,59.76,62.38,64.61,66.5,68.11,69.48,0,0,-10.52,3.89,3.63,Ritmo insuficiente
3162906,São João Nepomuceno,MG,Sudeste,68.55,69.83,72.16,80.0,1.28,6.8,75.61,80.52,84.7,88.25,91.27,93.83,1,1,13.83,1.7,6.8,No ritmo da meta
2919306,Lençóis,BA,Nordeste,36.17,37.66,49.76,80.0,1.49,0.29,37.91,38.12,38.29,38.45,38.57,38.68,0,0,-41.32,7.06,0.29,Ritmo critico
1702307,Arapoema,TO,Norte,37.31,68.32,50.64,80.0,31.01,19.61,84.99,99.16,100.0,100.0,100.0,100.0,1,1,20.0,1.95,19.61,No ritmo da meta
3161650,São Geraldo do Baixio,MG,Sudeste,71.16,76.32,73.91,80.0,5.16,8.74,83.75,90.06,95.43,99.99,100.0,100.0,1,1,20.0,0.61,8.74,No ritmo da meta
2414605,Upanema,RN,Nordeste,24.81,44.01,,,19.2,12.21,54.39,63.21,70.71,77.08,82.5,87.11,0,0,,,12.21,Ritmo critico
3550308,São Paulo,SP,Sudeste,37.87,48.25,51.06,80.0,10.38,6.75,53.99,58.86,63.01,66.53,69.53,72.07,1,0,-7.93,5.29,6.75,No ritmo da meta
4309605,Horizontina,RS,Sul,71.23,57.2,73.96,80.0,-14.03,-16.99,42.76,30.48,20.05,11.18,3.64,0.0,0,0,-80.0,3.8,-16.99,Em retrocesso
2107100,Morros,MA,Nordeste,94.83,66.98,80.0,80.0,-27.85,-12.88,56.03,46.73,38.82,32.09,26.38,21.52,0,0,-58.48,2.17,-12.88,Em retrocesso
1300201,Atalaia do Norte,AM,Norte,54.2,84.07,62.63,80.0,29.87,14.21,96.15,100.0,100.0,100.0,100.0,100.0,1,1,20.0,-0.68,14.21,No ritmo da meta
4304689,Capela de Santana,RS,Sul,67.66,54.3,71.57,80.0,-13.36,-16.66,40.14,28.1,17.87,9.17,1.78,0.0,0,0,-80.0,4.28,-16.66,Em retrocesso
2207504,Palmeirais,PI,Nordeste,50.9,46.19,60.39,80.0,-4.71,0.76,46.84,47.39,47.85,48.25,48.59,48.87,0,0,-31.13,5.64,0.76,Em retrocesso
3509452,Campina do Monte Alegre,SP,Sudeste,45.77,43.46,56.83,80.0,-2.31,0.4,43.8,44.09,44.33,44.54,44.72,44.87,0,0,-35.13,6.09,0.4,Em retrocesso
3162948,São José da Barra,MG,Sudeste,85.61,75.22,80.0,80.0,-10.39,0.96,76.04,76.73,77.32,77.82,78.25,78.61,0,0,-1.39,0.8,0.96,Em retrocesso
4123808,Santa Izabel do Oeste,PR,Sul,82.42,82.63,80.0,80.0,0.21,-0.76,81.98,81.43,80.97,80.57,80.23,79.95,1,0,-0.05,-0.44,-0.76,Ritmo critico
4126355,Serranópolis do Iguaçu,PR,Sul,100.0,82.66,80.0,80.0,-17.34,-9.53,74.56,67.67,61.82,56.85,52.62,49.02,0,0,-30.98,-0.44,-9.53,Em retrocesso
4309704,Humaitá,RS,Sul,90.66,60.8,80.0,80.0,-29.86,-24.91,39.63,21.63,6.33,0.0,0.0,0.0,0,0,-80.0,3.2,-24.91,Em retrocesso
2615102,Terezinha,PE,Nordeste,68.26,76.08,71.97,80.0,7.82,6.53,81.63,86.35,90.36,93.77,96.66,99.13,1,1,19.13,0.65,6.53,No ritmo da meta
3556206,Valinhos,SP,Sudeste,50.73,48.21,60.28,80.0,-2.52,0.3,48.46,48.68,48.87,49.02,49.16,49.27,0,0,-30.73,5.3,0.3,Em retrocesso
3162401,São João da Ponte,MG,Sudeste,65.62,63.51,70.22,80.0,-2.11,5.1,67.84,71.53,74.66,77.32,79.59,81.51,0,1,1.51,2.75,5.1,Em retrocesso
4110656,Iracema do Oeste,PR,Sul,92.86,85.71,80.0,80.0,-7.15,-4.44,81.94,78.73,76.0,73.68,71.71,70.04,1,0,-9.96,-0.95,-4.44,Em retrocesso
3102852,Angelândia,MG,Sudeste,59.72,84.97,66.32,80.0,25.25,18.78,100.0,100.0,100.0,100.0,100.0,100.0,1,1,20.0,-0.83,18.78,No ritmo da meta
4202909,Brusque,SC,Sul,68.68,67.18,72.25,80.0,-1.5,-0.13,67.07,66.98,66.9,66.83,66.77,66.72,0,0,-13.28,2.14,-0.13,Em retrocesso
3163003,São José da Safira,MG,Sudeste,72.52,52.73,74.82,80.0,-19.79,-3.74,49.55,46.85,44.55,42.6,40.94,39.53,0,0,-40.47,4.55,-3.74,Em retrocesso
2111789,Serrano do Maranhão,MA,Nordeste,67.99,53.62,71.79,80.0,-14.37,-6.14,48.4,43.96,40.19,36.99,34.26,31.95,0,0,-48.05,4.4,-6.14,Em retrocesso
4320206,Seberi,RS,Sul,83.74,68.0,80.0,80.0,-15.74,-17.85,52.83,39.93,28.97,19.65,11.73,5.0,0,0,-75.0,2.0,-17.85,Em retrocesso
4122404,Rolândia,PR,Sul,73.4,71.84,75.42,80.0,-1.56,-1.64,70.45,69.26,68.25,67.4,66.67,66.05,0,0,-13.95,1.36,-1.64,Em retrocesso
2911253,Gavião,BA,Nordeste,60.47,47.37,66.81,80.0,-13.1,-7.0,41.42,36.36,32.06,28.41,25.3,22.66,0,0,-57.34,5.44,-7.0,Em retrocesso
4304507,Canguçu,RS,Sul,79.7,51.7,79.79,80.0,-28.0,-23.98,31.32,13.99,0.0,0.0,0.0,0.0,0,0,-80.0,4.72,-23.98,Em retrocesso
2929750,Saubara,BA,Nordeste,43.18,52.63,54.98,80.0,9.45,4.27,56.26,59.34,61.97,64.2,66.09,67.7,1,0,-12.3,4.56,4.27,Ritmo insuficiente
4313904,Panambi,RS,Sul,75.28,51.2,76.7,80.0,-24.08,-22.02,32.48,16.57,3.05,0.0,0.0,0.0,0,0,-80.0,4.8,-22.02,Em retrocesso
5103403,Cuiabá,MT,Centro-Oeste,53.94,46.56,62.45,80.0,-7.38,0.22,46.75,46.91,47.04,47.16,47.25,47.34,0,0,-32.66,5.57,0.22,Em retrocesso
4218806,Turvo,SC,Sul,59.25,69.98,66.0,80.0,10.73,5.98,75.06,79.38,83.06,86.18,88.83,91.09,1,1,11.09,1.67,5.98,No ritmo da meta
3203809,Muqui,ES,Sudeste,63.47,75.56,68.8,80.0,12.09,8.39,82.69,88.75,93.91,98.29,100.0,100.0,1,1,20.0,0.74,8.39,No ritmo da meta
3138005,Laranjal,MG,Sudeste,40.25,82.11,52.84,80.0,41.86,27.09,100.0,100.0,100.0,100.0,100.0,100.0,1,1,20.0,-0.35,27.09,No ritmo da meta
5108600,Vila Rica,MT,Centro-Oeste,47.89,55.24,58.32,80.0,7.35,7.59,61.69,67.18,71.84,75.8,79.17,82.03,1,1,2.03,4.13,7.59,No ritmo da meta
4116901,Nova Esperança,PR,Sul,74.13,74.65,75.92,80.0,0.52,-0.6,74.14,73.71,73.34,73.02,72.76,72.53,0,0,-7.47,0.89,-0.6,Ritmo critico
3165206,São Tomé das Letras,MG,Sudeste,86.0,88.25,80.0,80.0,2.25,7.28,94.44,99.7,100.0,100.0,100.0,100.0,1,1,20.0,-1.38,7.28,No ritmo da meta
2304004,Coreaú,CE,Nordeste,100.0,100.0,80.0,80.0,0.0,0.17,100.0,100.0,100.0,100.0,100.0,100.0,1,1,20.0,-3.33,0.17,No ritmo da meta
3554904,Três Fronteiras,SP,Sudeste,89.53,69.58,80.0,80.0,-19.95,-8.42,62.42,56.34,51.17,46.77,43.04,39.86,0,0,-40.14,1.74,-8.42,Em retrocesso
3149309,Pedro Leopoldo,MG,Sudeste,59.02,69.22,65.85,80.0,10.2,11.26,78.79,86.93,93.84,99.72,100.0,100.0,1,1,20.0,1.8,11.26,No ritmo da meta
1302108,Japurá,AM,Norte,77.3,91.93,78.1,80.0,14.63,6.59,97.53,100.0,100.0,100.0,100.0,100.0,1,1,20.0,-1.99,6.59,No ritmo da meta
5106273,Novo Horizonte do Norte,MT,Centro-Oeste,62.97,69.12,68.47,80.0,6.15,6.99,75.06,80.11,84.4,88.05,91.15,93.79,1,1,13.79,1.81,6.99,No ritmo da meta
5001003,Aparecida do Taboado,MS,Centro-Oeste,51.45,57.5,60.77,80.0,6.05,7.22,63.64,68.85,73.29,77.06,80.26,82.98,1,1,2.98,3.75,7.22,No ritmo da meta
4116406,Nossa Senhora das Graças,PR,Sul,79.15,94.81,79.4,80.0,15.66,6.97,100.0,100.0,100.0,100.0,100.0,100.0,1,1,20.0,-2.47,6.97,No ritmo da meta
5103379,Cotriguaçu,MT,Centro-Oeste,58.35,62.71,65.41,80.0,4.36,6.09,67.89,72.29,76.03,79.21,81.91,84.2,1,1,4.2,2.88,6.09,No ritmo da meta
4107736,Fernandes Pinheiro,PR,Sul,80.92,79.81,80.0,80.0,-1.11,-1.42,78.6,77.58,76.7,75.96,75.33,74.8,0,0,-5.2,0.03,-1.42,Em retrocesso
2404507,Guamaré,RN,Nordeste,52.35,43.15,50.03,80.0,-9.2,-1.99,41.46,40.02,38.8,37.76,36.88,36.13,0,0,-43.87,6.14,-1.99,Em retrocesso
3105004,Baldim,MG,Sudeste,74.25,89.89,76.0,80.0,15.64,13.98,100.0,100.0,100.0,100.0,100.0,100.0,1,1,20.0,-1.65,13.98,No ritmo da meta
2513851,Santo André,PB,Nordeste,45.13,35.81,56.38,80.0,-9.32,-2.1,34.03,32.51,31.22,30.12,29.19,28.4,0,0,-51.6,7.36,-2.1,Em retrocesso
5006408,Pedro Gomes,MS,Centro-Oeste,33.66,55.86,47.79,80.0,22.2,15.3,68.86,79.92,89.32,97.3,100.0,100.0,1,1,20.0,4.02,15.3,No ritmo da meta
5107156,Reserva do Cabaçal,MT,Centro-Oeste,76.26,83.86,77.38,80.0,7.6,7.71,90.41,95.98,100.0,100.0,100.0,100.0,1,1,20.0,-0.64,7.71,No ritmo da meta
3515152,Engenheiro Coelho,SP,Sudeste,53.33,47.86,62.04,80.0,-5.47,-1.18,46.86,46.0,45.28,44.66,44.14,43.7,0,0,-36.3,5.36,-1.18,Em retrocesso
3509601,Campo Limpo Paulista,SP,Sudeste,49.85,48.77,59.67,80.0,-1.08,1.02,49.64,50.37,51.0,51.53,51.99,52.37,0,0,-27.63,5.2,1.02,Em retrocesso
3526308,Lagoinha,SP,Sudeste,48.73,65.02,58.9,80.0,16.29,9.7,73.26,80.27,86.23,91.29,95.6,99.26,1,1,19.26,2.5,9.7,No ritmo da meta
4302402,Bom Retiro do Sul,RS,Sul,78.19,64.6,78.72,80.0,-13.59,-16.77,50.35,38.23,27.93,19.18,11.74,5.41,0,0,-74.59,2.57,-16.77,Em retrocesso
2904803,Caatiba,BA,Nordeste,48.46,50.0,58.71,80.0,1.54,0.32,50.27,50.5,50.7,50.87,51.01,51.13,0,0,-28.87,5.0,0.32,Ritmo critico
2207355,Pajeú do Piauí,PI,Nordeste,66.01,64.0,70.48,80.0,-2.01,2.11,65.79,67.32,68.61,69.72,70.65,71.45,0,0,-8.55,2.67,2.11,Em retrocesso
3515657,Fernão,SP,Sudeste,92.86,44.0,80.0,80.0,-48.86,-22.87,24.56,8.04,0.0,0.0,0.0,0.0,0,0,-80.0,6.0,-22.87,Em retrocesso
5106372,Pedra Preta,MT,Centro-Oeste,56.73,65.1,64.33,80.0,8.37,8.1,71.98,77.84,82.81,87.04,90.63,93.69,1,1,13.69,2.48,8.1,No ritmo da meta
3171204,Vespasiano,MG,Sudeste,54.07,70.35,62.54,80.0,16.28,14.3,82.5,92.84,100.0,100.0,100.0,100.0,1,1,20.0,1.61,14.3,No ritmo da meta
3202405,Guarapari,ES,Sudeste,71.81,75.99,74.35,80.0,4.18,4.43,79.76,82.96,85.68,87.99,89.95,91.63,1,1,11.63,0.67,4.43,No ritmo da meta
3118809,Coração de Jesus,MG,Sudeste,65.6,68.05,70.21,80.0,2.45,7.38,74.32,79.66,84.19,88.04,91.31,94.1,1,1,14.1,1.99,7.38,No ritmo da meta
3153103,Presidente Bernardes,MG,Sudeste,57.14,88.0,64.6,80.0,30.86,21.59,100.0,100.0,100.0,100.0,100.0,100.0,1,1,20.0,-1.33,21.59,No ritmo da meta
3168051,Taparuba,MG,Sudeste,44.12,80.0,55.66,80.0,35.88,24.1,100.0,100.0,100.0,100.0,100.0,100.0,1,1,20.0,0.0,24.1,No ritmo da meta
3139508,Manhumirim,MG,Sudeste,68.6,68.84,72.2,80.0,0.24,6.28,74.18,78.72,82.57,85.85,88.64,91.01,1,1,11.01,1.86,6.28,No ritmo da meta
4207858,Irati,SC,Sul,92.86,87.82,80.0,80.0,-5.04,-1.9,86.2,84.83,83.67,82.67,81.83,81.11,1,1,1.11,-1.3,-1.9,Em retrocesso
1721257,Tupirama,TO,Norte,36.36,66.67,49.91,80.0,30.31,19.26,83.04,96.96,100.0,100.0,100.0,100.0,1,1,20.0,2.22,19.26,No ritmo da meta
5003454,Deodápolis,MS,Centro-Oeste,97.01,65.69,80.0,80.0,-31.32,-11.46,55.95,47.67,40.63,34.65,29.56,25.24,0,0,-54.76,2.39,-11.46,Em retrocesso
3163508,São José do Jacuri,MG,Sudeste,55.27,81.45,63.35,80.0,26.18,19.25,97.81,100.0,100.0,100.0,100.0,100.0,1,1,20.0,-0.24,19.25,No ritmo da meta
4218608,Trombudo Central,SC,Sul,68.13,63.31,71.89,80.0,-4.82,-1.79,61.79,60.5,59.4,58.46,57.67,56.99,0,0,-23.01,2.78,-1.79,Em retrocesso
2608602,Lagoa do Ouro,PE,Nordeste,72.63,85.39,74.9,80.0,12.76,9.0,93.04,99.54,100.0,100.0,100.0,100.0,1,1,20.0,-0.9,9.0,No ritmo da meta
4127502,Tibagi,PR,Sul,77.76,77.79,78.42,80.0,0.03,-0.85,77.07,76.45,75.93,75.49,75.11,74.79,0,0,-5.21,0.37,-0.85,Ritmo critico
4106803,Cruz Machado,PR,Sul,80.66,84.49,80.0,80.0,3.83,1.05,85.38,86.14,86.79,87.33,87.8,88.2,1,1,8.2,-0.75,1.05,No ritmo da meta
2408904,Parelhas,RN,Nordeste,43.33,50.73,55.09,80.0,7.4,6.31,56.09,60.65,64.53,67.82,70.62,73.0,1,0,-7.0,4.88,6.31,No ritmo da meta
2207959,Nova Santa Rita,PI,Nordeste,48.03,49.11,58.41,80.0,1.08,3.66,52.22,54.87,57.11,59.02,60.65,62.03,0,0,-17.97,5.15,3.66,Ritmo insuficiente
2206100,Matias Olímpio,PI,Nordeste,24.43,52.06,39.88,80.0,27.63,16.93,66.45,78.68,89.08,97.92,100.0,100.0,1,1,20.0,4.66,16.93,No ritmo da meta
4317400,Santiago,RS,Sul,72.84,61.2,75.04,80.0,-11.64,-15.8,47.77,36.35,26.65,18.4,11.39,5.43,0,0,-74.57,3.13,-15.8,Em retrocesso
3136207,João Monlevade,MG,Sudeste,60.91,79.74,67.1,80.0,18.83,15.57,92.97,100.0,100.0,100.0,100.0,100.0,1,1,20.0,0.04,15.57,No ritmo da meta
4120150,Porto Barreiro,PR,Sul,100.0,86.29,80.0,80.0,-13.71,-7.72,79.73,74.15,69.41,65.38,61.95,59.04,0,0,-20.96,-1.05,-7.72,Em retrocesso
4218707,Tubarão,SC,Sul,70.32,68.26,73.35,80.0,-2.06,-0.41,67.91,67.62,67.36,67.15,66.97,66.81,0,0,-13.19,1.96,-0.41,Em retrocesso
5201405,Aparecida de Goiânia,GO,Centro-Oeste,60.67,69.22,66.95,80.0,8.55,8.08,76.09,81.93,86.89,91.11,94.69,97.74,1,1,17.74,1.8,8.08,No ritmo da meta
3200607,Aracruz,ES,Sudeste,70.92,74.36,73.75,80.0,3.44,4.06,77.81,80.74,83.24,85.36,87.16,88.69,1,1,8.69,0.94,4.06,No ritmo da meta
3129608,Ibiaí,MG,Sudeste,56.95,76.41,64.47,80.0,19.46,15.89,89.92,100.0,100.0,100.0,100.0,100.0,1,1,20.0,0.6,15.89,No ritmo da meta
2802403,Gararu,SE,Nordeste,19.42,36.4,34.97,80.0,16.98,11.84,46.46,55.02,62.29,68.47,73.72,78.19,1,0,-1.81,7.27,11.84,No ritmo da meta
5106653,Pontal do Araguaia,MT,Centro-Oeste,69.67,51.2,72.91,80.0,-18.47,-5.32,46.68,42.83,39.57,36.79,34.43,32.42,0,0,-47.58,4.8,-5.32,Em retrocesso
5211008,Itapirapuã,GO,Centro-Oeste,34.36,73.21,48.34,80.0,38.85,23.23,92.96,100.0,100.0,100.0,100.0,100.0,1,1,20.0,1.13,23.23,No ritmo da meta
4121752,Reserva do Iguaçu,PR,Sul,77.91,83.13,78.52,80.0,5.22,1.75,84.62,85.88,86.96,87.87,88.65,89.31,1,1,9.31,-0.52,1.75,No ritmo da meta
2201101,Avelino Lopes,PI,Nordeste,40.98,44.97,53.38,80.0,3.99,5.11,49.31,53.01,56.14,58.81,61.08,63.01,0,0,-16.99,5.84,5.11,Ritmo insuficiente
3138203,Lavras,MG,Sudeste,56.24,67.11,64.0,80.0,10.87,11.59,76.96,85.34,92.45,98.5,100.0,100.0,1,1,20.0,2.15,11.59,No ritmo da meta
5205307,Cavalcante,GO,Centro-Oeste,60.19,84.5,66.63,80.0,24.31,15.96,98.07,100.0,100.0,100.0,100.0,100.0,1,1,20.0,-0.75,15.96,No ritmo da meta
3109907,Caetanópolis,MG,Sudeste,55.11,72.48,63.24,80.0,17.37,14.84,85.09,95.82,100.0,100.0,100.0,100.0,1,1,20.0,1.25,14.84,No ritmo da meta
4200507,Águas de Chapecó,SC,Sul,72.27,75.76,74.65,80.0,3.49,2.36,77.77,79.47,80.92,82.15,83.2,84.09,1,1,4.09,0.71,2.36,No ritmo da meta
3130507,Ilicínea,MG,Sudeste,45.97,65.15,56.97,80.0,19.18,15.75,78.54,89.92,99.59,100.0,100.0,100.0,1,1,20.0,2.47,15.75,No ritmo da meta
5221809,Urutaí,GO,Centro-Oeste,78.1,66.86,78.66,80.0,-11.24,-1.82,65.31,64.0,62.88,61.93,61.12,60.44,0,0,-19.56,2.19,-1.82,Em retrocesso
4320263,Segredo,RS,Sul,75.0,84.9,76.51,80.0,9.9,-5.03,80.62,76.99,73.9,71.28,69.04,67.15,1,0,-12.85,-0.82,-5.03,Ritmo critico
1707306,Dueré,TO,Norte,34.95,68.54,48.81,80.0,33.59,20.9,86.3,100.0,100.0,100.0,100.0,100.0,1,1,20.0,1.91,20.9,No ritmo da meta
4219358,Vitor Meireles,SC,Sul,44.55,76.12,55.97,80.0,31.57,16.4,90.06,100.0,100.0,100.0,100.0,100.0,1,1,20.0,0.65,16.4,No ritmo da meta
3506300,Bernardino de Campos,SP,Sudeste,68.33,47.5,72.02,80.0,-20.83,-8.86,39.97,33.57,28.13,23.5,19.57,16.23,0,0,-63.77,5.42,-8.86,Em retrocesso
2505352,Damião,PB,Nordeste,37.73,50.86,50.96,80.0,13.13,9.13,58.62,65.22,70.82,75.59,79.64,83.08,1,1,3.08,4.86,9.13,No ritmo da meta
3550605,São Roque,SP,Sudeste,52.32,51.51,61.36,80.0,-0.81,1.15,52.49,53.32,54.02,54.62,55.14,55.57,0,0,-24.43,4.75,1.15,Em retrocesso
5208301,Divinópolis de Goiás,GO,Centro-Oeste,79.91,80.42,79.94,80.0,0.51,4.06,83.87,86.8,89.3,91.42,93.22,94.75,1,1,14.75,-0.07,4.06,No ritmo da meta
2210938,Sussuapara,PI,Nordeste,27.08,55.84,42.28,80.0,28.76,17.5,70.72,83.36,94.11,100.0,100.0,100.0,1,1,20.0,4.03,17.5,No ritmo da meta
3137536,Lagoa Grande,MG,Sudeste,81.75,76.48,80.0,80.0,-5.27,3.52,79.47,82.02,84.18,86.01,87.58,88.9,0,1,8.9,0.59,3.52,Em retrocesso
1707108,Divinópolis do Tocantins,TO,Norte,39.09,60.78,51.98,80.0,21.69,14.95,73.49,84.29,93.47,100.0,100.0,100.0,1,1,20.0,3.2,14.95,No ritmo da meta
2502151,Boa Vista,PB,Nordeste,68.57,49.49,72.18,80.0,-19.08,-6.98,43.56,38.51,34.23,30.58,27.49,24.85,0,0,-55.15,5.08,-6.98,Em retrocesso
2205706,Luís Correia,PI,Nordeste,62.07,51.6,67.87,80.0,-10.47,-2.12,49.8,48.27,46.96,45.86,44.92,44.12,0,0,-35.88,4.73,-2.12,Em retrocesso
5007802,Selvíria,MS,Centro-Oeste,26.67,59.83,41.91,80.0,33.16,20.78,77.49,92.51,100.0,100.0,100.0,100.0,1,1,20.0,3.36,20.78,No ritmo da meta
5006275,Paraíso das Águas,MS,Centro-Oeste,76.38,78.5,77.46,80.0,2.12,5.26,82.97,86.77,90.0,92.75,95.08,97.07,1,1,17.07,0.25,5.26,No ritmo da meta
2201408,Barro Duro,PI,Nordeste,38.31,40.17,51.39,80.0,1.86,4.05,43.61,46.54,49.03,51.14,52.94,54.46,0,0,-25.54,6.64,4.05,Ritmo insuficiente
3541000,Praia Grande,SP,Sudeste,50.73,51.25,60.28,80.0,0.52,1.82,52.8,54.11,55.23,56.18,56.99,57.67,0,0,-22.33,4.79,1.82,Ritmo critico
4310801,Ivoti,RS,Sul,77.4,56.9,78.17,80.0,-20.5,-20.23,39.7,25.09,12.66,2.1,0.0,0.0,0,0,-80.0,3.85,-20.23,Em retrocesso
4215703,Santo Amaro da Imperatriz,SC,Sul,58.19,60.42,65.3,80.0,2.23,1.73,61.89,63.14,64.2,65.11,65.87,66.53,0,0,-13.47,3.26,1.73,Ritmo critico
4119004,Pérola d'Oeste,PR,Sul,88.85,88.78,80.0,80.0,-0.07,-0.9,88.02,87.36,86.81,86.34,85.94,85.6,1,1,5.6,-1.46,-0.9,Em retrocesso
2401305,Campo Grande,RN,Nordeste,36.13,43.77,49.73,80.0,7.64,6.43,49.24,53.88,57.83,61.19,64.04,66.46,0,0,-13.54,6.04,6.43,No ritmo da meta
2915007,Itaeté,BA,Nordeste,41.31,45.45,53.62,80.0,4.14,1.62,46.83,48.0,48.99,49.84,50.56,51.17,0,0,-28.83,5.76,1.62,Ritmo critico
4213500,Porto Belo,SC,Sul,56.5,62.57,,,6.07,3.65,65.67,68.31,70.55,72.46,74.08,75.45,0,0,,,3.65,Ritmo critico
3153905,Raposos,MG,Sudeste,48.4,69.66,58.67,80.0,21.26,16.79,83.93,96.06,100.0,100.0,100.0,100.0,1,1,20.0,1.72,16.79,No ritmo da meta
3113206,Carandaí,MG,Sudeste,71.8,80.43,74.34,80.0,8.63,10.47,89.33,96.89,100.0,100.0,100.0,100.0,1,1,20.0,-0.07,10.47,No ritmo da meta
3539806,Poá,SP,Sudeste,54.46,51.72,62.8,80.0,-2.74,0.19,51.88,52.02,52.14,52.23,52.32,52.39,0,0,-27.61,4.71,0.19,Em retrocesso
2509396,Maturéia,PB,Nordeste,50.64,60.76,60.21,80.0,10.12,7.62,67.24,72.74,77.42,81.4,84.78,87.65,1,1,7.65,3.21,7.62,No ritmo da meta
2412401,São José do Seridó,RN,Nordeste,36.3,56.41,49.86,80.0,20.11,12.66,67.17,76.32,84.09,90.7,96.32,100.0,1,1,20.0,3.93,12.66,No ritmo da meta
4316758,Santa Clara do Sul,RS,Sul,91.08,54.2,80.0,80.0,-36.88,-28.42,30.04,9.51,0.0,0.0,0.0,0.0,0,0,-80.0,4.3,-28.42,Em retrocesso
2926707,Rio de Contas,BA,Nordeste,50.44,55.74,60.08,80.0,5.3,2.2,57.61,59.2,60.55,61.7,62.68,63.5,0,0,-16.5,4.04,2.2,Ritmo critico
3204500,Santa Leopoldina,ES,Sudeste,83.8,74.54,80.0,80.0,-9.26,-2.29,72.59,70.94,69.53,68.34,67.32,66.46,0,0,-13.54,0.91,-2.29,Em retrocesso
2407807,Monte Alegre,RN,Nordeste,59.18,50.97,65.96,80.0,-8.21,-1.5,49.7,48.61,47.69,46.91,46.24,45.68,0,0,-34.32,4.84,-1.5,Em retrocesso
3506003,Bauru,SP,Sudeste,43.75,50.56,55.39,80.0,6.81,4.96,54.78,58.36,61.41,63.99,66.2,68.07,0,0,-11.93,4.91,4.96,No ritmo da meta
3152501,Pouso Alegre,MG,Sudeste,58.91,70.53,65.78,80.0,11.62,11.97,80.7,89.35,96.7,100.0,100.0,100.0,1,1,20.0,1.58,11.97,No ritmo da meta
4216008,São Carlos,SC,Sul,62.12,80.35,80.0,80.0,18.23,9.73,88.62,95.65,100.0,100.0,100.0,100.0,1,1,20.0,-0.06,9.73,No ritmo da meta
3114600,Carrancas,MG,Sudeste,70.36,89.76,73.37,80.0,19.4,15.86,100.0,100.0,100.0,100.0,100.0,100.0,1,1,20.0,-1.63,15.86,No ritmo da meta
3522109,Itanhaém,SP,Sudeste,54.33,48.05,62.72,80.0,-6.28,-1.58,46.71,45.57,44.6,43.77,43.07,42.47,0,0,-37.53,5.32,-1.58,Em retrocesso
3102605,Andradas,MG,Sudeste,56.29,75.04,64.03,80.0,18.75,15.53,88.24,99.46,100.0,100.0,100.0,100.0,1,1,20.0,0.83,15.53,No ritmo da meta
2403103,Currais Novos,RN,Nordeste,41.2,46.77,53.54,80.0,5.57,5.39,51.35,55.25,58.56,61.37,63.76,65.79,0,0,-14.21,5.54,5.39,Ritmo insuficiente
2509305,Mataraca,PB,Nordeste,85.94,50.43,80.0,80.0,-35.51,-15.19,37.52,26.54,17.22,9.29,2.55,0.0,0,0,-80.0,4.93,-15.19,Em retrocesso
5206206,Cristalina,GO,Centro-Oeste,67.92,69.1,71.75,80.0,1.18,4.39,72.83,76.0,78.7,80.99,82.94,84.59,1,1,4.59,1.82,4.39,No ritmo da meta
4128658,Virmond,PR,Sul,78.69,81.54,79.07,80.0,2.85,0.56,82.02,82.42,82.76,83.06,83.31,83.52,1,1,3.52,-0.26,0.56,No ritmo da meta
3510302,Capela do Alto,SP,Sudeste,47.52,47.64,58.06,80.0,0.12,1.62,49.02,50.19,51.18,52.03,52.75,53.36,0,0,-26.64,5.39,1.62,Ritmo critico
3525003,Jandira,SP,Sudeste,44.87,51.39,56.19,80.0,6.52,4.82,55.49,58.97,61.93,64.45,66.58,68.4,0,0,-11.6,4.77,4.82,No ritmo da meta
2515500,Serra Branca,PB,Nordeste,57.57,54.35,64.89,80.0,-3.22,0.95,55.16,55.84,56.43,56.92,57.34,57.7,0,0,-22.3,4.27,0.95,Em retrocesso
3131505,Ipuiúna,MG,Sudeste,52.86,63.82,61.72,80.0,10.96,11.64,73.71,82.12,89.27,95.35,100.0,100.0,1,1,20.0,2.7,11.64,No ritmo da meta
4207304,Imbituba,SC,Sul,57.62,61.53,,,3.91,2.57,63.71,65.57,67.15,68.49,69.63,70.6,0,0,,,2.57,Ritmo critico
3141405,Medina,MG,Sudeste,70.27,65.7,73.31,80.0,-4.57,3.87,68.99,71.79,74.16,76.18,77.9,79.36,0,0,-0.64,2.38,3.87,Em retrocesso
3300902,Cambuci,RJ,Sudeste,69.0,64.38,72.46,80.0,-4.62,-0.78,63.72,63.15,62.67,62.27,61.92,61.63,0,0,-18.37,2.6,-0.78,Em retrocesso
3154200,Resende Costa,MG,Sudeste,57.85,82.11,65.07,80.0,24.26,18.29,97.66,100.0,100.0,100.0,100.0,100.0,1,1,20.0,-0.35,18.29,No ritmo da meta
3523206,Itararé,SP,Sudeste,55.9,53.17,63.77,80.0,-2.73,0.19,53.33,53.47,53.59,53.68,53.77,53.84,0,0,-26.16,4.47,0.19,Em retrocesso
4310504,Iraí,RS,Sul,67.21,59.4,71.27,80.0,-7.81,-13.88,47.6,37.57,29.05,21.8,15.65,10.41,0,0,-69.59,3.43,-13.88,Em retrocesso
3131307,Ipatinga,MG,Sudeste,64.66,70.92,69.58,80.0,6.26,9.29,78.82,85.53,91.23,96.08,100.0,100.0,1,1,20.0,1.51,9.29,No ritmo da meta
3162005,São Gonçalo do Sapucaí,MG,Sudeste,76.27,76.14,77.38,80.0,-0.13,6.09,81.32,85.72,89.46,92.64,95.34,97.63,1,1,17.63,0.64,6.09,Em retrocesso
3166204,Senhora dos Remédios,MG,Sudeste,100.0,77.94,80.0,80.0,-22.06,-4.87,73.8,70.28,67.29,64.75,62.59,60.75,0,0,-19.25,0.34,-4.87,Em retrocesso
4310207,Ijuí,RS,Sul,76.47,61.9,77.52,80.0,-14.57,-17.26,47.23,34.76,24.16,15.15,7.49,0.98,0,0,-79.02,3.02,-17.26,Em retrocesso
3522901,Itapuí,SP,Sudeste,35.02,53.04,48.86,80.0,18.02,10.57,62.02,69.66,76.15,81.67,86.36,90.35,1,1,10.35,4.49,10.57,No ritmo da meta
5004304,Iguatemi,MS,Centro-Oeste,38.28,60.02,51.37,80.0,21.74,15.07,72.83,83.72,92.97,100.0,100.0,100.0,1,1,20.0,3.33,15.07,No ritmo da meta
3525607,João Ramalho,SP,Sudeste,81.82,65.42,80.0,80.0,-16.4,-6.64,59.78,54.98,50.9,47.43,44.49,41.98,0,0,-38.02,2.43,-6.64,Em retrocesso
4211751,Otacílio Costa,SC,Sul,55.06,70.95,63.21,80.0,15.89,8.56,78.23,84.41,89.67,94.14,97.93,100.0,1,1,20.0,1.51,8.56,No ritmo da meta
3547106,Santa Mercedes,SP,Sudeste,95.59,81.08,80.0,80.0,-14.51,-5.7,76.24,72.12,68.62,65.64,63.11,60.96,0,0,-19.04,-0.18,-5.7,Em retrocesso
4108809,Guaíra,PR,Sul,63.23,69.53,68.64,80.0,6.3,2.29,71.48,73.13,74.54,75.73,76.75,77.61,1,0,-2.39,1.74,2.29,No ritmo da meta
3117108,Conceição da Aparecida,MG,Sudeste,70.87,78.53,73.71,80.0,7.66,9.99,87.02,94.24,100.0,100.0,100.0,100.0,1,1,20.0,0.24,9.99,No ritmo da meta
3508603,Cachoeira Paulista,SP,Sudeste,50.09,41.8,59.84,80.0,-8.29,-2.59,39.6,37.73,36.14,34.78,33.64,32.66,0,0,-47.34,6.37,-2.59,Em retrocesso
4304713,Caraá,RS,Sul,90.82,62.4,80.0,80.0,-28.42,-24.19,41.84,24.36,9.51,0.0,0.0,0.0,0,0,-80.0,2.93,-24.19,Em retrocesso
5203906,Buriti Alegre,GO,Centro-Oeste,69.02,64.95,72.48,80.0,-4.07,1.77,66.45,67.73,68.82,69.74,70.53,71.2,0,0,-8.8,2.51,1.77,Em retrocesso
4219507,Xanxerê,SC,Sul,66.62,72.14,70.88,80.0,5.52,3.38,75.01,77.46,79.53,81.3,82.79,84.07,1,1,4.07,1.31,3.38,No ritmo da meta
3138625,Limeira do Oeste,MG,Sudeste,65.19,59.7,69.94,80.0,-5.49,3.41,62.6,65.06,67.16,68.94,70.45,71.74,0,0,-8.26,3.38,3.41,Em retrocesso
2104503,Governador Archer,MA,Nordeste,88.98,78.21,80.0,80.0,-10.77,-4.34,74.52,71.39,68.72,66.45,64.53,62.89,0,0,-17.11,0.3,-4.34,Em retrocesso
4311759,Manoel Viana,RS,Sul,28.57,50.0,43.57,80.0,21.43,0.74,50.63,51.16,51.62,52.0,52.33,52.61,1,0,-27.39,5.0,0.74,Ritmo critico
4302253,Boa Vista do Sul,RS,Sul,73.33,75.0,75.37,80.0,1.67,-9.14,67.23,60.63,55.01,50.24,46.19,42.74,0,0,-37.26,0.83,-9.14,Ritmo critico
4312179,Mato Queimado,RS,Sul,88.24,58.3,80.0,80.0,-29.94,-24.95,37.09,19.07,3.74,0.0,0.0,0.0,0,0,-80.0,3.62,-24.95,Em retrocesso
3132800,Itambé do Mato Dentro,MG,Sudeste,77.78,83.33,78.43,80.0,5.55,8.93,90.92,97.37,100.0,100.0,100.0,100.0,1,1,20.0,-0.55,8.93,No ritmo da meta
4209805,Leoberto Leal,SC,Sul,75.0,62.5,76.51,80.0,-12.5,-5.63,57.71,53.65,50.19,47.25,44.75,42.63,0,0,-37.37,2.92,-5.63,Em retrocesso
4322806,Veranópolis,RS,Sul,77.14,57.0,77.99,80.0,-20.14,-20.05,39.96,25.47,13.16,2.69,0.0,0.0,0,0,-80.0,3.83,-20.05,Em retrocesso
3158409,Santana de Cataguases,MG,Sudeste,85.23,73.26,80.0,80.0,-11.97,0.17,73.4,73.53,73.63,73.72,73.8,73.86,0,0,-6.14,1.12,0.17,Em retrocesso
2919405,Licínio de Almeida,BA,Nordeste,75.0,65.48,76.51,80.0,-9.52,-5.21,61.05,57.29,54.09,51.37,49.06,47.09,0,0,-32.91,2.42,-5.21,Em retrocesso
2901502,Anguera,BA,Nordeste,38.74,55.95,51.72,80.0,17.21,8.15,62.88,68.77,73.77,78.03,81.64,84.72,1,1,4.72,4.01,8.15,No ritmo da meta
3150901,Piranguçu,MG,Sudeste,66.27,78.97,70.65,80.0,12.7,12.51,89.6,98.64,100.0,100.0,100.0,100.0,1,1,20.0,0.17,12.51,No ritmo da meta
4320321,Senador Salgado Filho,RS,Sul,83.97,50.0,80.0,80.0,-33.97,-26.96,27.08,7.61,0.0,0.0,0.0,0.0,0,0,-80.0,5.0,-26.96,Em retrocesso
5218052,Porteirão,GO,Centro-Oeste,83.88,75.38,80.0,80.0,-8.5,-0.45,75.0,74.67,74.4,74.16,73.96,73.79,0,0,-6.21,0.77,-0.45,Em retrocesso
4102000,Assis Chateaubriand,PR,Sul,80.21,80.31,80.0,80.0,0.1,-0.81,79.62,79.04,78.54,78.12,77.76,77.45,0,0,-2.55,-0.05,-0.81,Ritmo critico
4106852,Cruzmaltina,PR,Sul,95.74,94.52,80.0,80.0,-1.22,-1.47,93.27,92.21,91.31,90.54,89.89,89.33,1,1,9.33,-2.42,-1.47,Em retrocesso
3102407,Alvorada de Minas,MG,Sudeste,41.82,83.33,54.0,80.0,41.51,26.91,100.0,100.0,100.0,100.0,100.0,100.0,1,1,20.0,-0.55,26.91,No ritmo da meta
4215687,Santa Terezinha do Progresso,SC,Sul,54.12,95.83,62.58,80.0,41.71,21.47,100.0,100.0,100.0,100.0,100.0,100.0,1,1,20.0,-2.64,21.47,No ritmo da meta
4116950,Nova Esperança do Sudoeste,PR,Sul,97.38,88.59,80.0,80.0,-8.79,-5.26,84.12,80.32,77.09,74.34,72.01,70.02,1,0,-9.98,-1.43,-5.26,Em retrocesso
3160504,Santo Antônio do Rio Abaixo,MG,Sudeste,60.0,91.67,66.5,80.0,31.67,21.99,100.0,100.0,100.0,100.0,100.0,100.0,1,1,20.0,-1.95,21.99,No ritmo da meta
4128534,Ventania,PR,Sul,74.1,77.17,75.89,80.0,3.07,0.67,77.74,78.22,78.64,78.98,79.28,79.53,1,0,-0.47,0.47,0.67,No ritmo da meta
5208707,Goiânia,GO,Centro-Oeste,66.56,69.49,70.84,80.0,2.93,5.27,73.97,77.78,81.01,83.76,86.1,88.09,1,1,8.09,1.75,5.27,No ritmo da meta
4317202,Santa Rosa,RS,Sul,72.42,58.8,74.76,80.0,-13.62,-16.79,44.53,32.4,22.09,13.32,5.87,0.0,0,0,-80.0,3.53,-16.79,Em retrocesso
4311734,Mampituba,RS,Sul,66.23,55.2,70.62,80.0,-11.03,-15.49,42.03,30.84,21.33,13.24,6.37,0.53,0,0,-79.47,4.13,-15.49,Em retrocesso
4105904,Colorado,PR,Sul,84.01,78.22,80.0,80.0,-5.79,-3.76,75.02,72.31,70.0,68.04,66.37,64.95,0,0,-15.05,0.3,-3.76,Em retrocesso
5000203,Água Clara,MS,Centro-Oeste,70.19,77.03,73.26,80.0,6.84,7.62,83.51,89.01,93.69,97.67,100.0,100.0,1,1,20.0,0.49,7.62,No ritmo da meta
2201960,Brasileira,PI,Nordeste,33.17,42.58,47.4,80.0,9.41,7.82,49.23,54.88,59.68,63.76,67.23,70.18,1,0,-9.82,6.24,7.82,No ritmo da meta
3159803,Santa Vitória,MG,Sudeste,70.78,59.6,73.65,80.0,-11.18,0.57,60.08,60.5,60.85,61.14,61.4,61.61,0,0,-18.39,3.4,0.57,Em retrocesso
2114007,Zé Doca,MA,Nordeste,81.54,72.3,80.0,80.0,-9.24,-3.57,69.27,66.69,64.49,62.63,61.05,59.7,0,0,-20.3,1.28,-3.57,Em retrocesso
4121604,Renascença,PR,Sul,70.83,82.55,73.69,80.0,11.72,5.0,86.8,90.41,93.48,96.09,98.31,100.0,1,1,20.0,-0.42,5.0,No ritmo da meta
4300505,Alpestre,RS,Sul,74.94,66.5,76.47,80.0,-8.44,-14.2,54.43,44.17,35.45,28.04,21.74,16.38,0,0,-63.62,2.25,-14.2,Em retrocesso
2604809,Cortês,PE,Nordeste,61.81,70.4,67.7,80.0,8.59,6.92,76.28,81.28,85.53,89.14,92.21,94.82,1,1,14.82,1.6,6.92,No ritmo da meta
4207007,Içara,SC,Sul,69.76,69.72,72.97,80.0,-0.04,0.6,70.23,70.66,71.03,71.35,71.61,71.84,0,0,-8.16,1.71,0.6,Em retrocesso
4206306,Guabiruba,SC,Sul,70.17,73.93,73.24,80.0,3.76,2.5,76.06,77.86,79.4,80.7,81.81,82.75,1,1,2.75,1.01,2.5,No ritmo da meta
2707602,Quebrangulo,AL,Nordeste,57.48,61.05,64.83,80.0,3.57,5.11,65.39,69.09,72.22,74.89,77.16,79.09,1,0,-0.91,3.16,5.11,No ritmo da meta
2603108,Cachoeirinha,PE,Nordeste,56.69,63.59,64.3,80.0,6.9,6.07,68.75,73.14,76.86,80.03,82.72,85.01,1,1,5.01,2.73,6.07,No ritmo da meta
2105906,Lago Verde,MA,Nordeste,62.12,76.73,67.9,80.0,14.61,8.35,83.83,89.86,94.99,99.35,100.0,100.0,1,1,20.0,0.54,8.35,No ritmo da meta
1719004,Santa Tereza do Tocantins,TO,Norte,48.09,24.65,58.46,80.0,-23.44,-7.62,18.17,12.67,7.99,4.01,0.63,0.0,0,0,-80.0,9.22,-7.62,Em retrocesso
3124401,Espírito Santo do Dourado,MG,Sudeste,66.49,66.53,70.8,80.0,0.04,6.18,71.78,76.25,80.04,83.27,86.01,88.34,1,1,8.34,2.24,6.18,No ritmo da meta
4127304,Terra Rica,PR,Sul,69.02,81.46,72.48,80.0,12.44,5.36,86.02,89.89,93.18,95.98,98.36,100.0,1,1,20.0,-0.24,5.36,No ritmo da meta
2108306,Penalva,MA,Nordeste,55.46,63.88,63.48,80.0,8.42,5.26,68.35,72.15,75.38,78.13,80.46,82.45,1,1,2.45,2.69,5.26,No ritmo da meta
3114006,Carmo da Mata,MG,Sudeste,79.05,68.1,79.32,80.0,-10.95,0.68,68.68,69.17,69.59,69.94,70.24,70.5,0,0,-9.5,1.98,0.68,Em retrocesso
4106209,Contenda,PR,Sul,78.38,77.37,78.85,80.0,-1.01,-1.37,76.21,75.22,74.37,73.66,73.05,72.53,0,0,-7.47,0.44,-1.37,Em retrocesso
3553856,Taquarivaí,SP,Sudeste,62.06,47.19,67.87,80.0,-14.87,-5.88,42.19,37.94,34.33,31.26,28.65,26.44,0,0,-53.56,5.47,-5.88,Em retrocesso
4205605,Galvão,SC,Sul,80.83,70.47,80.0,80.0,-10.36,-4.56,66.59,63.3,60.5,58.12,56.1,54.38,0,0,-25.62,1.59,-4.56,Em retrocesso
4321451,Teutônia,RS,Sul,83.41,62.9,80.0,80.0,-20.51,-20.23,45.7,31.09,18.66,8.1,0.0,0.0,0,0,-80.0,2.85,-20.23,Em retrocesso
3146404,Paineiras,MG,Sudeste,78.95,82.34,79.25,80.0,3.39,7.85,89.01,94.68,99.51,100.0,100.0,100.0,1,1,20.0,-0.39,7.85,No ritmo da meta
3506706,Boa Esperança do Sul,SP,Sudeste,42.1,55.34,54.2,80.0,13.24,8.18,62.29,68.2,73.23,77.5,81.13,84.21,1,1,4.21,4.11,8.18,No ritmo da meta
2931053,Tanque Novo,BA,Nordeste,63.45,61.8,68.78,80.0,-1.65,-1.28,60.71,59.79,59.0,58.33,57.77,57.28,0,0,-22.72,3.03,-1.28,Em retrocesso
4212205,Papanduva,SC,Sul,70.53,64.15,73.49,80.0,-6.38,-2.57,61.97,60.11,58.53,57.19,56.05,55.08,0,0,-24.92,2.64,-2.57,Em retrocesso
2108058,Paulino Neves,MA,Nordeste,64.86,68.89,69.72,80.0,4.03,3.06,71.49,73.7,75.58,77.18,78.54,79.69,1,0,-0.31,1.85,3.06,No ritmo da meta
2110500,São Bento,MA,Nordeste,93.75,79.26,80.0,80.0,-14.49,-6.2,73.99,69.51,65.7,62.47,59.72,57.38,0,0,-22.62,0.12,-6.2,Em retrocesso
4103354,Braganey,PR,Sul,84.89,85.11,80.0,80.0,0.22,-0.75,84.47,83.93,83.47,83.08,82.75,82.46,1,1,2.46,-0.85,-0.75,No ritmo da meta
2703304,Inhapi,AL,Nordeste,65.05,83.03,69.84,80.0,17.98,12.32,93.5,100.0,100.0,100.0,100.0,100.0,1,1,20.0,-0.51,12.32,No ritmo da meta
3111804,Canápolis,MG,Sudeste,45.48,76.49,56.63,80.0,31.01,21.66,94.9,100.0,100.0,100.0,100.0,100.0,1,1,20.0,0.59,21.66,No ritmo da meta
4205902,Gaspar,SC,Sul,62.44,69.02,,,6.58,3.91,72.34,75.17,77.57,79.61,81.35,82.82,0,0,,,3.91,Ritmo critico
2206696,Murici dos Portelas,PI,Nordeste,66.93,65.17,71.09,80.0,-1.76,2.24,67.07,68.69,70.07,71.24,72.23,73.08,0,0,-6.92,2.47,2.24,Em retrocesso
4301701,Barão de Cotegipe,RS,Sul,92.23,76.6,80.0,80.0,-15.63,-17.79,61.48,48.63,37.7,28.41,20.52,13.81,0,0,-66.19,0.57,-17.79,Em retrocesso
3509007,Caieiras,SP,Sudeste,43.89,52.21,55.49,80.0,8.32,5.72,57.07,61.2,64.72,67.7,70.24,72.4,1,0,-7.6,4.63,5.72,No ritmo da meta
3552205,Sorocaba,SP,Sudeste,47.9,52.43,58.32,80.0,4.53,3.82,55.68,58.44,60.78,62.78,64.47,65.91,0,0,-14.09,4.6,3.82,Ritmo insuficiente
3125002,Ewbank da Câmara,MG,Sudeste,35.65,64.41,49.36,80.0,28.76,20.54,81.87,96.71,100.0,100.0,100.0,100.0,1,1,20.0,2.6,20.54,No ritmo da meta
4215356,Saltinho,SC,Sul,95.13,75.29,80.0,80.0,-19.84,-9.3,67.39,60.67,54.95,50.1,45.97,42.47,0,0,-37.53,0.78,-9.3,Em retrocesso
4204301,Concórdia,SC,Sul,76.4,75.26,77.47,80.0,-1.14,0.05,75.3,75.34,75.37,75.4,75.42,75.44,0,0,-4.56,0.79,0.05,Em retrocesso
1101476,Primavera de Rondônia,RO,Norte,86.09,57.63,80.0,80.0,-28.46,-13.18,46.43,36.9,28.81,21.93,16.08,11.11,0,0,-68.89,3.73,-13.18,Em retrocesso
4103701,Cambé,PR,Sul,79.11,76.35,79.37,80.0,-2.76,-2.24,74.45,72.83,71.45,70.28,69.29,68.44,0,0,-11.56,0.61,-2.24,Em retrocesso
1702208,Araguatins,TO,Norte,35.15,50.5,48.97,80.0,15.35,11.78,60.51,69.02,76.26,82.41,87.63,92.08,1,1,12.08,4.92,11.78,No ritmo da meta
2500775,Aparecida,PB,Nordeste,42.5,62.41,54.49,80.0,19.91,12.52,73.05,82.1,89.79,96.32,100.0,100.0,1,1,20.0,2.93,12.52,No ritmo da meta
3128709,Guaxupé,MG,Sudeste,53.45,66.93,62.12,80.0,13.48,12.9,77.9,87.22,95.14,100.0,100.0,100.0,1,1,20.0,2.18,12.9,No ritmo da meta
4111209,Itapejara d'Oeste,PR,Sul,75.48,75.37,76.84,80.0,-0.11,-0.92,74.59,73.92,73.36,72.88,72.47,72.12,0,0,-7.88,0.77,-0.92,Em retrocesso
3129509,Ibiá,MG,Sudeste,52.52,78.1,61.49,80.0,25.58,18.95,94.21,100.0,100.0,100.0,100.0,100.0,1,1,20.0,0.32,18.95,No ritmo da meta
3107307,Bocaiúva,MG,Sudeste,68.82,68.42,72.34,80.0,-0.4,5.96,73.49,77.79,81.45,84.56,87.21,89.46,1,1,9.46,1.93,5.96,Em retrocesso
2609501,Nazaré da Mata,PE,Nordeste,54.74,56.96,62.99,80.0,2.22,3.73,60.13,62.83,65.12,67.06,68.72,70.12,0,0,-9.88,3.84,3.73,Ritmo insuficiente
2513927,São Bentinho,PB,Nordeste,65.98,60.02,70.46,80.0,-5.96,-0.42,59.66,59.36,59.1,58.88,58.7,58.54,0,0,-21.46,3.33,-0.42,Em retrocesso
4213351,Ponte Alta do Norte,SC,Sul,64.09,70.19,69.21,80.0,6.1,3.67,73.31,75.96,78.21,80.13,81.76,83.14,1,1,3.14,1.64,3.67,No ritmo da meta
4320404,Serafina Corrêa,RS,Sul,83.22,50.7,80.0,80.0,-32.52,-26.24,28.4,9.44,0.0,0.0,0.0,0.0,0,0,-80.0,4.88,-26.24,Em retrocesso
4307609,Estância Velha,RS,Sul,67.25,44.4,71.3,80.0,-22.85,-21.4,26.21,10.75,0.0,0.0,0.0,0.0,0,0,-80.0,5.93,-21.4,Em retrocesso
3548906,São Carlos,SP,Sudeste,51.56,50.27,60.84,80.0,-1.29,0.91,51.04,51.7,52.26,52.73,53.14,53.48,0,0,-26.52,4.95,0.91,Em retrocesso
3534302,Orlândia,SP,Sudeste,44.94,57.15,56.24,80.0,12.21,7.66,63.66,69.2,73.9,77.9,81.3,84.19,1,1,4.19,3.81,7.66,No ritmo da meta
3305133,São José de Ubá,RJ,Sudeste,75.12,80.39,76.59,80.0,5.27,4.16,83.93,86.93,89.49,91.66,93.5,95.07,1,1,15.07,-0.07,4.16,No ritmo da meta
3530607,Mogi das Cruzes,SP,Sudeste,46.57,47.88,57.39,80.0,1.31,2.21,49.76,51.36,52.71,53.87,54.85,55.68,0,0,-24.32,5.35,2.21,Ritmo critico
3128303,Guaranésia,MG,Sudeste,73.63,65.21,75.58,80.0,-8.42,1.95,66.87,68.28,69.47,70.49,71.36,72.09,0,0,-7.91,2.47,1.95,Em retrocesso
2612901,São Benedito do Sul,PE,Nordeste,34.56,71.07,48.5,80.0,36.51,20.88,88.82,100.0,100.0,100.0,100.0,100.0,1,1,20.0,1.49,20.88,No ritmo da meta
3540754,Potim,SP,Sudeste,40.85,46.58,53.29,80.0,5.73,4.42,50.34,53.53,56.24,58.55,60.51,62.18,0,0,-17.82,5.57,4.42,Ritmo insuficiente
2709152,Teotônio Vilela,AL,Nordeste,52.48,57.59,61.47,80.0,5.11,5.88,62.59,66.84,70.45,73.52,76.13,78.34,1,0,-1.66,3.73,5.88,No ritmo da meta
3205101,Viana,ES,Sudeste,70.14,68.8,73.22,80.0,-1.34,1.67,70.22,71.43,72.45,73.32,74.06,74.69,0,0,-5.31,1.87,1.67,Em retrocesso
2503555,Cacimbas,PB,Nordeste,32.54,47.9,46.89,80.0,15.36,10.24,56.6,64.0,70.29,75.64,80.18,84.04,1,1,4.04,5.35,10.24,No ritmo da meta
2612307,Saloá,PE,Nordeste,58.09,78.66,65.23,80.0,20.57,12.91,89.63,98.96,100.0,100.0,100.0,100.0,1,1,20.0,0.22,12.91,No ritmo da meta
2923035,Novo Horizonte,BA,Nordeste,60.58,73.17,66.89,80.0,12.59,5.84,78.13,82.35,85.94,88.99,91.58,93.78,1,1,13.78,1.14,5.84,No ritmo da meta
2411007,Rodolfo Fernandes,RN,Nordeste,31.19,41.06,45.78,80.0,9.87,7.54,47.47,52.92,57.55,61.48,64.83,67.67,1,0,-12.33,6.49,7.54,No ritmo da meta
4207106,Ilhota,SC,Sul,54.25,47.17,,,-7.08,-2.92,44.69,42.58,40.79,39.26,37.97,36.86,0,0,,,-2.92,Em retrocesso
3552007,Silveiras,SP,Sudeste,45.87,47.27,56.9,80.0,1.4,2.26,49.19,50.82,52.21,53.39,54.39,55.25,0,0,-24.75,5.45,2.26,Ritmo critico
3103504,Araguari,MG,Sudeste,47.93,64.76,58.34,80.0,16.83,14.57,77.14,87.67,96.62,100.0,100.0,100.0,1,1,20.0,2.54,14.57,No ritmo da meta
2401800,Brejinho,RN,Nordeste,21.47,40.29,,,18.82,12.02,50.51,59.19,66.57,72.85,78.18,82.71,0,0,,,12.02,Ritmo critico
2211506,Vera Mendes,PI,Nordeste,94.44,48.57,80.0,80.0,-45.87,-19.82,31.72,17.4,5.23,0.0,0.0,0.0,0,0,-80.0,5.24,-19.82,Em retrocesso
3554003,Tatuí,SP,Sudeste,51.1,53.92,60.53,80.0,2.82,2.97,56.44,58.59,60.41,61.96,63.28,64.4,0,0,-15.6,4.35,2.97,Ritmo insuficiente
3522307,Itapetininga,SP,Sudeste,42.15,50.81,54.24,80.0,8.66,5.89,55.82,60.07,63.69,66.76,69.38,71.6,1,0,-8.4,4.86,5.89,No ritmo da meta
2211704,Wall Ferraz,PI,Nordeste,37.6,54.29,50.86,80.0,16.69,11.46,64.03,72.31,79.35,85.33,90.42,94.74,1,1,14.74,4.28,11.46,No ritmo da meta
2511905,Pitimbu,PB,Nordeste,75.96,51.59,77.17,80.0,-24.37,-9.62,43.41,36.46,30.55,25.53,21.26,17.64,0,0,-62.36,4.73,-9.62,Em retrocesso
3204708,São Gabriel da Palha,ES,Sudeste,72.46,80.69,74.78,80.0,8.23,6.46,86.18,90.85,94.82,98.19,100.0,100.0,1,1,20.0,-0.11,6.46,No ritmo da meta
3127370,Goiabeira,MG,Sudeste,67.76,91.43,71.64,80.0,23.67,17.99,100.0,100.0,100.0,100.0,100.0,100.0,1,1,20.0,-1.91,17.99,No ritmo da meta
2101707,Barreirinhas,MA,Nordeste,50.35,78.52,60.01,80.0,28.17,15.13,91.38,100.0,100.0,100.0,100.0,100.0,1,1,20.0,0.25,15.13,No ritmo da meta
3143401,Monte Sião,MG,Sudeste,53.93,74.18,62.45,80.0,20.25,16.28,88.02,99.78,100.0,100.0,100.0,100.0,1,1,20.0,0.97,16.28,No ritmo da meta
4318804,São Lourenço do Sul,RS,Sul,79.09,58.7,79.35,80.0,-20.39,-20.17,41.56,26.98,14.6,4.07,0.0,0.0,0,0,-80.0,3.55,-20.17,Em retrocesso
3162104,São Gotardo,MG,Sudeste,53.04,75.49,61.85,80.0,22.45,17.38,90.26,100.0,100.0,100.0,100.0,100.0,1,1,20.0,0.75,17.38,No ritmo da meta
2512002,Pocinhos,PB,Nordeste,42.15,54.09,54.24,80.0,11.94,8.53,61.34,67.5,72.74,77.19,80.98,84.2,1,1,4.2,4.32,8.53,No ritmo da meta
5209952,Indiara,GO,Centro-Oeste,67.15,82.75,71.23,80.0,15.6,11.6,92.61,100.0,100.0,100.0,100.0,100.0,1,1,20.0,-0.46,11.6,No ritmo da meta
3205010,Sooretama,ES,Sudeste,67.21,70.81,71.27,80.0,3.6,4.14,74.33,77.32,79.86,82.02,83.86,85.42,1,1,5.42,1.53,4.14,No ritmo da meta
3157807,Santa Luzia,MG,Sudeste,51.5,72.16,60.8,80.0,20.66,16.49,86.18,98.09,100.0,100.0,100.0,100.0,1,1,20.0,1.31,16.49,No ritmo da meta
4204350,Cordilheira Alta,SC,Sul,54.76,65.36,68.14,80.0,10.6,5.92,70.39,74.67,78.3,81.4,84.02,86.25,1,1,6.25,2.44,5.92,No ritmo da meta
4121208,Quitandinha,PR,Sul,71.76,75.8,74.31,80.0,4.04,1.16,76.79,77.62,78.34,78.94,79.46,79.89,1,0,-0.11,0.7,1.16,No ritmo da meta
4125209,São Jorge d'Oeste,PR,Sul,88.28,84.59,80.0,80.0,-3.69,-2.71,82.29,80.33,78.66,77.25,76.05,75.03,1,0,-4.97,-0.77,-2.71,Em retrocesso
4314456,Pinhal,RS,Sul,56.45,33.2,64.14,80.0,-23.25,-21.6,14.84,0.0,0.0,0.0,0.0,0.0,0,0,-80.0,7.8,-21.6,Em retrocesso
4316105,Ronda Alta,RS,Sul,75.29,53.7,76.71,80.0,-21.59,-20.77,36.05,21.04,8.28,0.0,0.0,0.0,0,0,-80.0,4.38,-20.77,Em retrocesso
4210035,Luzerna,SC,Sul,72.91,79.74,75.09,80.0,6.83,4.03,83.17,86.08,88.55,90.66,92.44,93.96,1,1,13.96,0.04,4.03,No ritmo da meta
4111407,Ivaí,PR,Sul,84.6,82.65,80.0,80.0,-1.95,-1.84,81.09,79.76,78.63,77.67,76.85,76.16,1,0,-3.84,-0.44,-1.84,Em retrocesso
3501152,Alumínio,SP,Sudeste,48.56,53.68,58.78,80.0,5.12,4.12,57.18,60.16,62.69,64.84,66.67,68.22,0,0,-11.78,4.39,4.12,Ritmo insuficiente
4215000,Rio Negrinho,SC,Sul,60.13,66.96,66.59,80.0,6.83,4.03,70.39,73.3,75.77,77.88,79.66,81.18,1,1,1.18,2.17,4.03,No ritmo da meta
5107305,São José do Rio Claro,MT,Centro-Oeste,73.17,60.28,75.26,80.0,-12.89,-2.53,58.13,56.3,54.75,53.43,52.3,51.35,0,0,-28.65,3.29,-2.53,Em retrocesso
1501758,Brejo Grande do Araguaia,PA,Norte,61.58,75.7,67.55,80.0,14.12,8.28,82.74,88.72,93.81,98.13,100.0,100.0,1,1,20.0,0.72,8.28,No ritmo da meta
4304671,Capivari do Sul,RS,Sul,41.25,43.9,53.58,80.0,2.65,-8.65,36.55,30.3,24.99,20.47,16.63,13.37,0,0,-66.63,6.02,-8.65,Ritmo critico
4117701,Palmeira,PR,Sul,71.64,65.93,74.23,80.0,-5.71,-3.72,62.77,60.08,57.8,55.85,54.2,52.8,0,0,-27.2,2.34,-3.72,Em retrocesso
3116308,Cipotânea,MG,Sudeste,73.1,92.31,75.22,80.0,19.21,15.76,100.0,100.0,100.0,100.0,100.0,100.0,1,1,20.0,-2.05,15.76,No ritmo da meta
1600550,Pracuúba,AP,Norte,36.41,30.66,49.94,80.0,-5.75,0.64,31.2,31.67,32.06,32.39,32.68,32.92,0,0,-47.08,8.22,0.64,Em retrocesso
3508504,Caçapava,SP,Sudeste,53.05,44.26,61.85,80.0,-8.79,-2.84,41.85,39.79,38.05,36.57,35.31,34.24,0,0,-45.76,5.96,-2.84,Em retrocesso
3524402,Jacareí,SP,Sudeste,45.56,51.48,56.68,80.0,5.92,4.52,55.32,58.59,61.36,63.72,65.73,67.43,0,0,-12.57,4.75,4.52,Ritmo insuficiente
2612703,Santa Maria do Cambucá,PE,Nordeste,83.17,70.05,80.0,80.0,-13.12,-3.94,66.7,63.85,61.43,59.38,57.63,56.14,0,0,-23.86,1.66,-3.94,Em retrocesso
3149200,Pedrinópolis,MG,Sudeste,59.7,79.95,66.3,80.0,20.25,16.28,93.79,100.0,100.0,100.0,100.0,100.0,1,1,20.0,0.01,16.28,No ritmo da meta
4117206,Nova Olímpia,PR,Sul,79.22,91.63,79.45,80.0,12.41,5.34,96.17,100.0,100.0,100.0,100.0,100.0,1,1,20.0,-1.94,5.34,No ritmo da meta
4113007,Jussara,PR,Sul,72.27,66.03,74.65,80.0,-6.24,-3.98,62.65,59.77,57.33,55.25,53.48,51.98,0,0,-28.02,2.33,-3.98,Em retrocesso
2203909,Floriano,PI,Nordeste,49.16,53.36,59.2,80.0,4.2,5.22,57.8,61.57,64.77,67.5,69.82,71.78,0,0,-8.22,4.44,5.22,No ritmo da meta
4305207,Cerro Largo,RS,Sul,75.07,54.0,76.56,80.0,-21.07,-20.51,36.57,21.75,9.15,0.0,0.0,0.0,0,0,-80.0,4.33,-20.51,Em retrocesso
4205001,Dionísio Cerqueira,SC,Sul,59.65,66.23,66.27,80.0,6.58,3.91,69.55,72.38,74.78,76.82,78.56,80.03,1,1,0.03,2.29,3.91,No ritmo da meta
4201000,Anita Garibaldi,SC,Sul,66.05,77.33,70.5,80.0,11.28,6.26,82.65,87.17,91.02,94.29,97.06,99.42,1,1,19.42,0.45,6.26,No ritmo da meta
3110905,Campanha,MG,Sudeste,41.96,64.8,54.1,80.0,22.84,17.58,79.74,92.44,100.0,100.0,100.0,100.0,1,1,20.0,2.53,17.58,No ritmo da meta
2102705,Cantanhede,MA,Nordeste,53.04,70.83,61.85,80.0,17.79,9.94,79.28,86.46,92.57,97.75,100.0,100.0,1,1,20.0,1.53,9.94,No ritmo da meta
5000252,Alcinópolis,MS,Centro-Oeste,76.7,63.77,77.68,80.0,-12.93,-2.27,61.84,60.2,58.81,57.62,56.61,55.76,0,0,-24.24,2.7,-2.27,Em retrocesso
2611101,Petrolina,PE,Nordeste,66.17,70.25,70.58,80.0,4.08,4.66,74.21,77.58,80.44,82.87,84.94,86.7,1,1,6.7,1.62,4.66,No ritmo da meta
4316436,Saldanha Marinho,RS,Sul,42.86,69.6,54.75,80.0,26.74,3.39,72.48,74.93,77.01,78.78,80.29,81.56,1,1,1.56,1.73,3.39,No ritmo da meta
2209450,Santo Antônio dos Milagres,PI,Nordeste,96.15,78.26,80.0,80.0,-17.89,-5.83,73.3,69.09,65.51,62.47,59.88,57.68,0,0,-22.32,0.29,-5.83,Em retrocesso
2204501,Guadalupe,PI,Nordeste,48.9,68.54,59.02,80.0,19.64,12.94,79.54,88.89,96.83,100.0,100.0,100.0,1,1,20.0,1.91,12.94,No ritmo da meta
2516409,Tacima,PB,Nordeste,55.93,77.72,63.79,80.0,21.79,13.46,89.16,98.89,100.0,100.0,100.0,100.0,1,1,20.0,0.38,13.46,No ritmo da meta
2501500,Bananeiras,PB,Nordeste,51.04,54.93,60.49,80.0,3.89,4.51,58.76,62.02,64.79,67.15,69.15,70.85,0,0,-9.15,4.18,4.51,No ritmo da meta
3200359,Alto Rio Novo,ES,Sudeste,64.65,83.48,69.58,80.0,18.83,11.76,93.48,100.0,100.0,100.0,100.0,100.0,1,1,20.0,-0.58,11.76,No ritmo da meta
4123501,Santa Helena,PR,Sul,79.21,79.37,79.44,80.0,0.16,-0.78,78.71,78.14,77.66,77.26,76.91,76.62,0,0,-3.38,0.1,-0.78,Ritmo critico
3205200,Vila Velha,ES,Sudeste,68.08,67.75,71.85,80.0,-0.33,2.18,69.6,71.18,72.52,73.65,74.62,75.44,0,0,-4.56,2.04,2.18,Em retrocesso
1702109,Araguaína,TO,Norte,35.44,50.51,49.19,80.0,15.07,11.64,60.4,68.81,75.96,82.04,87.2,91.59,1,1,11.59,4.92,11.64,No ritmo da meta
4128500,Wenceslau Braz,PR,Sul,81.05,74.37,80.0,80.0,-6.68,-4.2,70.8,67.77,65.19,62.99,61.13,59.55,0,0,-20.45,0.94,-4.2,Em retrocesso
2202554,Caridade do Piauí,PI,Nordeste,61.42,58.14,67.44,80.0,-3.28,1.48,59.4,60.47,61.38,62.15,62.81,63.36,0,0,-16.64,3.64,1.48,Em retrocesso
3514106,Dois Córregos,SP,Sudeste,61.44,57.41,67.45,80.0,-4.03,-0.46,57.02,56.69,56.4,56.16,55.96,55.79,0,0,-24.21,3.77,-0.46,Em retrocesso
3549953,São Lourenço da Serra,SP,Sudeste,61.39,58.4,67.42,80.0,-2.99,0.06,58.45,58.49,58.53,58.56,58.59,58.61,0,0,-21.39,3.6,0.06,Em retrocesso
2502409,Bonito de Santa Fé,PB,Nordeste,40.87,60.93,53.3,80.0,20.06,12.59,71.63,80.73,88.46,95.03,100.0,100.0,1,1,20.0,3.18,12.59,No ritmo da meta
3143807,Munhoz,MG,Sudeste,77.93,82.36,78.54,80.0,4.43,8.37,89.47,95.52,100.0,100.0,100.0,100.0,1,1,20.0,-0.39,8.37,No ritmo da meta
4117107,Nova Londrina,PR,Sul,77.67,74.05,78.35,80.0,-3.62,-2.67,71.78,69.85,68.21,66.82,65.63,64.63,0,0,-15.37,0.99,-2.67,Em retrocesso
1720259,São Salvador do Tocantins,TO,Norte,47.62,59.09,58.13,80.0,11.47,9.84,67.45,74.56,80.61,85.74,90.11,93.82,1,1,13.82,3.48,9.84,No ritmo da meta
3154903,Rio Casca,MG,Sudeste,59.63,62.76,66.26,80.0,3.13,7.72,69.32,74.9,79.64,83.67,87.1,90.01,1,1,10.01,2.87,7.72,No ritmo da meta
4103909,Campina da Lagoa,PR,Sul,80.15,77.67,80.0,80.0,-2.48,-2.1,75.89,74.37,73.08,71.98,71.05,70.26,0,0,-9.74,0.39,-2.1,Em retrocesso
4201604,Arroio Trinta,SC,Sul,92.0,76.24,80.0,80.0,-15.76,-7.26,70.07,64.82,60.37,56.58,53.35,50.62,0,0,-29.38,0.63,-7.26,Em retrocesso
4107603,Faxinal,PR,Sul,83.44,71.76,80.0,80.0,-11.68,-6.7,66.06,61.22,57.11,53.61,50.64,48.11,0,0,-31.89,1.37,-6.7,Em retrocesso
3155405,Rio Novo,MG,Sudeste,39.03,65.4,51.94,80.0,26.37,19.34,81.84,95.81,100.0,100.0,100.0,100.0,1,1,20.0,2.43,19.34,No ritmo da meta
3124203,Espera Feliz,MG,Sudeste,71.63,61.52,74.22,80.0,-10.11,1.1,62.46,63.25,63.93,64.5,64.99,65.4,0,0,-14.6,3.08,1.1,Em retrocesso
5000609,Amambai,MS,Centro-Oeste,42.01,69.72,54.14,80.0,27.71,18.05,85.06,98.1,100.0,100.0,100.0,100.0,1,1,20.0,1.71,18.05,No ritmo da meta
5004007,Glória de Dourados,MS,Centro-Oeste,78.91,73.2,79.23,80.0,-5.71,1.34,74.34,75.31,76.13,76.83,77.42,77.93,0,0,-2.07,1.13,1.34,Em retrocesso
5108907,Nova Maringá,MT,Centro-Oeste,61.75,62.38,67.66,80.0,0.63,4.23,65.98,69.03,71.63,73.84,75.71,77.31,0,0,-2.69,2.94,4.23,No ritmo da meta
2510501,Olivedos,PB,Nordeste,54.26,41.57,62.67,80.0,-12.69,-3.78,38.36,35.63,33.3,31.33,29.65,28.23,0,0,-51.77,6.4,-3.78,Em retrocesso
2507606,Juarez Távora,PB,Nordeste,28.86,35.79,43.82,80.0,6.93,6.03,40.92,45.27,48.98,52.12,54.8,57.07,0,0,-22.93,7.37,6.03,Ritmo insuficiente
3515103,Embu-Guaçu,SP,Sudeste,46.49,45.34,57.34,80.0,-1.15,0.98,46.17,46.88,47.48,47.99,48.43,48.8,0,0,-31.2,5.78,0.98,Em retrocesso
4112405,Japurá,PR,Sul,73.42,80.87,75.43,80.0,7.45,2.86,83.3,85.37,87.12,88.62,89.89,90.96,1,1,10.96,-0.15,2.86,No ritmo da meta
3162807,São João Evangelista,MG,Sudeste,92.58,70.27,80.0,80.0,-22.31,-5.0,66.02,62.41,59.34,56.73,54.51,52.62,0,0,-27.38,1.62,-5.0,Em retrocesso
3120870,Curral de Dentro,MG,Sudeste,79.25,80.36,79.47,80.0,1.11,6.71,86.06,90.91,95.03,98.53,100.0,100.0,1,1,20.0,-0.06,6.71,No ritmo da meta
2310951,Pires Ferreira,CE,Nordeste,99.14,100.0,80.0,80.0,0.86,0.6,100.0,100.0,100.0,100.0,100.0,100.0,1,1,20.0,-3.33,0.6,No ritmo da meta
5220702,Sítio d'Abadia,GO,Centro-Oeste,57.64,79.41,64.93,80.0,21.77,14.69,91.9,100.0,100.0,100.0,100.0,100.0,1,1,20.0,0.1,14.69,No ritmo da meta
2400505,Alexandria,RN,Nordeste,17.76,58.98,33.21,80.0,41.22,23.22,78.72,95.49,100.0,100.0,100.0,100.0,1,1,20.0,3.5,23.22,No ritmo da meta
3524105,Ituverava,SP,Sudeste,48.38,49.94,58.66,80.0,1.56,2.34,51.93,53.62,55.06,56.28,57.32,58.2,0,0,-21.8,5.01,2.34,Ritmo critico
3127008,Fronteira,MG,Sudeste,52.87,76.16,61.73,80.0,23.29,17.8,91.29,100.0,100.0,100.0,100.0,100.0,1,1,20.0,0.64,17.8,No ritmo da meta
2205458,Joca Marques,PI,Nordeste,38.3,43.83,51.39,80.0,5.53,5.88,48.83,53.08,56.69,59.76,62.37,64.58,0,0,-15.42,6.03,5.88,Ritmo insuficiente
3148707,Pedra Azul,MG,Sudeste,57.01,60.74,64.51,80.0,3.73,8.02,67.56,73.35,78.28,82.46,86.02,89.05,1,1,9.05,3.21,8.02,No ritmo da meta
4126603,Siqueira Campos,PR,Sul,85.7,82.88,80.0,80.0,-2.82,-2.27,80.95,79.31,77.92,76.73,75.72,74.87,1,0,-5.13,-0.48,-2.27,Em retrocesso
4305959,Cotiporã,RS,Sul,73.99,44.2,75.82,80.0,-29.79,-24.87,23.06,5.09,0.0,0.0,0.0,0.0,0,0,-80.0,5.97,-24.87,Em retrocesso
4217600,Siderópolis,SC,Sul,61.68,53.57,67.61,80.0,-8.11,-3.44,50.65,48.16,46.05,44.25,42.73,41.43,0,0,-38.57,4.4,-3.44,Em retrocesso
5107909,Sinop,MT,Centro-Oeste,57.03,54.33,64.53,80.0,-2.7,2.56,56.51,58.36,59.93,61.26,62.4,63.37,0,0,-16.63,4.28,2.56,Em retrocesso
2924652,Pintadas,BA,Nordeste,44.93,55.7,56.24,80.0,10.77,4.93,59.89,63.45,66.48,69.05,71.24,73.1,1,0,-6.9,4.05,4.93,No ritmo da meta
4102703,Barra do Jacaré,PR,Sul,62.96,72.41,68.46,80.0,9.45,3.86,75.69,78.48,80.85,82.87,84.58,86.03,1,1,6.03,1.27,3.86,No ritmo da meta
3125952,Fervedouro,MG,Sudeste,66.12,76.31,70.55,80.0,10.19,11.25,85.87,94.0,100.0,100.0,100.0,100.0,1,1,20.0,0.61,11.25,No ritmo da meta
3533601,Nuporanga,SP,Sudeste,69.45,64.88,72.76,80.0,-4.57,-0.73,64.26,63.73,63.28,62.9,62.58,62.3,0,0,-17.7,2.52,-0.73,Em retrocesso
2209377,Santa Rosa do Piauí,PI,Nordeste,61.02,51.64,67.18,80.0,-9.38,-1.57,50.31,49.17,48.21,47.39,46.69,46.1,0,0,-33.9,4.73,-1.57,Em retrocesso
2205516,Juazeiro do Piauí,PI,Nordeste,68.69,71.43,72.26,80.0,2.74,4.49,75.25,78.49,81.25,83.59,85.58,87.28,1,1,7.28,1.43,4.49,No ritmo da meta
5208103,Formoso,GO,Centro-Oeste,70.81,86.67,73.67,80.0,15.86,11.73,96.64,100.0,100.0,100.0,100.0,100.0,1,1,20.0,-1.11,11.73,No ritmo da meta
4216107,São Domingos,SC,Sul,78.45,76.94,78.9,80.0,-1.51,-0.14,76.82,76.72,76.63,76.56,76.5,76.45,0,0,-3.55,0.51,-0.14,Em retrocesso
5216452,Perolândia,GO,Centro-Oeste,77.62,77.78,78.32,80.0,0.16,3.88,81.08,83.88,86.26,88.29,90.01,91.47,1,1,11.47,0.37,3.88,No ritmo da meta
3157658,Santa Helena de Minas,MG,Sudeste,59.32,90.81,66.05,80.0,31.49,21.9,100.0,100.0,100.0,100.0,100.0,100.0,1,1,20.0,-1.8,21.9,No ritmo da meta
2600807,Altinho,PE,Nordeste,58.41,68.08,65.45,80.0,9.67,7.46,74.42,79.81,84.39,88.29,91.6,94.41,1,1,14.41,1.99,7.46,No ritmo da meta
2615300,Timbaúba,PE,Nordeste,74.11,77.57,75.9,80.0,3.46,4.35,81.27,84.41,87.08,89.35,91.28,92.92,1,1,12.92,0.41,4.35,No ritmo da meta
4122156,Rio Bonito do Iguaçu,PR,Sul,81.41,80.25,80.0,80.0,-1.16,-1.44,79.03,77.99,77.1,76.35,75.71,75.17,0,0,-4.83,-0.04,-1.44,Em retrocesso
4213807,Praia Grande,SC,Sul,65.61,69.36,70.21,80.0,3.75,2.49,71.48,73.28,74.8,76.1,77.21,78.15,1,0,-1.85,1.77,2.49,No ritmo da meta
3116209,Chiador,MG,Sudeste,77.53,76.01,78.26,80.0,-1.52,5.4,80.6,84.5,87.82,90.64,93.03,95.07,1,1,15.07,0.66,5.4,Em retrocesso
3516309,Francisco Morato,SP,Sudeste,50.64,50.49,60.21,80.0,-0.15,1.48,51.75,52.82,53.73,54.5,55.16,55.71,0,0,-24.29,4.92,1.48,Em retrocesso
3143906,Muriaé,MG,Sudeste,58.49,73.13,65.5,80.0,14.64,13.48,84.59,94.33,100.0,100.0,100.0,100.0,1,1,20.0,1.15,13.48,No ritmo da meta
2701407,Campo Alegre,AL,Nordeste,65.49,67.45,70.13,80.0,1.96,4.31,71.11,74.23,76.87,79.12,81.04,82.66,1,1,2.66,2.09,4.31,No ritmo da meta
2104701,Graça Aranha,MA,Nordeste,72.78,75.68,75.0,80.0,2.9,2.5,77.81,79.61,81.15,82.45,83.56,84.5,1,1,4.5,0.72,2.5,No ritmo da meta
2204402,Gilbués,PI,Nordeste,31.29,39.2,45.87,80.0,7.91,7.07,45.21,50.32,54.66,58.35,61.49,64.15,0,0,-15.85,6.8,7.07,No ritmo da meta
3169901,Ubá,MG,Sudeste,64.51,79.09,69.49,80.0,14.58,13.45,90.52,100.0,100.0,100.0,100.0,100.0,1,1,20.0,0.15,13.45,No ritmo da meta
2103109,Cedral,MA,Nordeste,69.8,66.85,73.0,80.0,-2.95,-0.43,66.48,66.17,65.91,65.69,65.49,65.33,0,0,-14.67,2.19,-0.43,Em retrocesso
3551801,Sete Barras,SP,Sudeste,66.79,52.1,71.0,80.0,-14.69,-5.79,47.18,43.0,39.44,36.42,33.85,31.66,0,0,-48.34,4.65,-5.79,Em retrocesso
2208007,Picos,PI,Nordeste,52.95,54.93,61.79,80.0,1.98,4.11,58.42,61.39,63.92,66.06,67.89,69.44,0,0,-10.56,4.18,4.11,Ritmo insuficiente
4209102,Joinville,SC,Sul,65.94,68.79,70.43,80.0,2.85,2.04,70.52,72.0,73.25,74.32,75.22,75.99,1,0,-4.01,1.87,2.04,No ritmo da meta
4128401,Uraí,PR,Sul,76.55,66.07,77.58,80.0,-10.48,-6.1,60.88,56.48,52.73,49.55,46.84,44.54,0,0,-35.46,2.32,-6.1,Em retrocesso
3117702,Conceição do Rio Verde,MG,Sudeste,89.94,78.17,80.0,80.0,-11.77,0.27,78.4,78.59,78.76,78.9,79.02,79.12,0,0,-0.88,0.3,0.27,Em retrocesso
3527603,Luís Antônio,SP,Sudeste,41.53,43.03,53.79,80.0,1.5,2.31,44.99,46.66,48.08,49.29,50.31,51.18,0,0,-28.82,6.16,2.31,Ritmo critico
2404408,Grossos,RN,Nordeste,40.43,65.35,52.98,80.0,24.92,15.07,78.16,89.05,98.3,100.0,100.0,100.0,1,1,20.0,2.44,15.07,No ritmo da meta
4103305,Borrazópolis,PR,Sul,87.15,75.03,80.0,80.0,-12.12,-6.92,69.15,64.15,59.9,56.29,53.22,50.61,0,0,-29.39,0.83,-6.92,Em retrocesso
4103958,Campina do Simão,PR,Sul,85.54,84.25,80.0,80.0,-1.29,-1.51,82.97,81.88,80.95,80.16,79.49,78.92,1,0,-1.08,-0.71,-1.51,Em retrocesso
3538105,Pindorama,SP,Sudeste,46.53,63.37,57.37,80.0,16.84,9.98,71.85,79.06,85.19,90.4,94.83,98.59,1,1,18.59,2.77,9.98,No ritmo da meta
1702554,Augustinópolis,TO,Norte,50.01,59.95,59.78,80.0,9.94,9.07,67.66,74.21,79.78,84.52,88.54,91.96,1,1,11.96,3.34,9.07,No ritmo da meta
1100122,Ji-Paraná,RO,Norte,81.83,72.81,80.0,80.0,-9.02,-3.46,69.87,67.37,65.24,63.44,61.9,60.6,0,0,-19.4,1.2,-3.46,Em retrocesso
4119905,Ponta Grossa,PR,Sul,75.79,75.9,77.05,80.0,0.11,-0.81,75.21,74.63,74.13,73.71,73.35,73.04,0,0,-6.96,0.68,-0.81,Ritmo critico
1703206,Bernardo Sayão,TO,Norte,52.8,59.26,61.68,80.0,6.46,7.33,65.49,70.79,75.29,79.11,82.37,85.13,1,1,5.13,3.46,7.33,No ritmo da meta
5201702,Aragarças,GO,Centro-Oeste,63.56,72.16,68.86,80.0,8.6,8.1,79.04,84.9,89.87,94.1,97.69,100.0,1,1,20.0,1.31,8.1,No ritmo da meta
3547700,Santo Anastácio,SP,Sudeste,79.99,79.01,79.99,80.0,-0.98,1.07,79.92,80.69,81.35,81.91,82.38,82.79,0,1,2.79,0.16,1.07,Em retrocesso
4103404,Cafeara,PR,Sul,80.11,63.42,80.0,80.0,-16.69,-9.21,55.59,48.94,43.28,38.47,34.39,30.91,0,0,-49.09,2.76,-9.21,Em retrocesso
3111309,Campo do Meio,MG,Sudeste,67.54,76.54,71.49,80.0,9.0,10.66,85.6,93.3,99.85,100.0,100.0,100.0,1,1,20.0,0.58,10.66,No ritmo da meta
3148806,Pedra do Anta,MG,Sudeste,85.38,85.51,80.0,80.0,0.13,6.22,90.8,95.29,99.11,100.0,100.0,100.0,1,1,20.0,-0.92,6.22,No ritmo da meta
4206702,Herval d'Oeste,SC,Sul,53.21,59.83,61.96,80.0,6.62,3.93,63.17,66.01,68.42,70.47,72.22,73.7,1,0,-6.3,3.36,3.93,No ritmo da meta
3552403,Sumaré,SP,Sudeste,52.91,50.61,61.76,80.0,-2.3,0.41,50.96,51.25,51.51,51.72,51.9,52.06,0,0,-27.94,4.9,0.41,Em retrocesso
3553906,Tarabai,SP,Sudeste,78.46,67.98,78.91,80.0,-10.48,-3.68,64.85,62.19,59.93,58.01,56.38,54.99,0,0,-25.01,2.0,-3.68,Em retrocesso
3138609,Lima Duarte,MG,Sudeste,46.49,69.51,57.34,80.0,23.02,17.67,84.53,97.3,100.0,100.0,100.0,100.0,1,1,20.0,1.75,17.67,No ritmo da meta
4125456,São José das Palmeiras,PR,Sul,83.2,74.36,80.0,80.0,-8.84,-5.28,69.87,66.06,62.81,60.06,57.72,55.72,0,0,-24.28,0.94,-5.28,Em retrocesso
2605608,Flores,PE,Nordeste,74.26,68.28,76.0,80.0,-5.98,-0.37,67.97,67.7,67.47,67.28,67.11,66.97,0,0,-13.03,1.95,-0.37,Em retrocesso
4121802,Ribeirão Claro,PR,Sul,74.58,85.68,76.22,80.0,11.1,4.69,89.67,93.06,95.94,98.38,100.0,100.0,1,1,20.0,-0.95,4.69,No ritmo da meta
2916856,Itatim,BA,Nordeste,51.6,54.22,60.87,80.0,2.62,0.86,54.95,55.57,56.1,56.55,56.93,57.26,0,0,-22.74,4.3,0.86,Ritmo critico
3164605,São Sebastião do Oeste,MG,Sudeste,71.5,76.46,74.14,80.0,4.96,8.64,83.8,90.05,95.35,99.86,100.0,100.0,1,1,20.0,0.59,8.64,No ritmo da meta
3118908,Cordisburgo,MG,Sudeste,69.28,79.85,72.65,80.0,10.57,11.44,89.57,97.84,100.0,100.0,100.0,100.0,1,1,20.0,0.03,11.44,No ritmo da meta
4312807,Nova Araçá,RS,Sul,82.28,60.6,80.0,80.0,-21.68,-20.82,42.9,27.86,15.07,4.21,0.0,0.0,0,0,-80.0,3.23,-20.82,Em retrocesso
4207502,Indaial,SC,Sul,55.2,67.83,63.3,80.0,12.63,6.93,73.72,78.73,82.98,86.6,89.68,92.29,1,1,12.29,2.03,6.93,No ritmo da meta
5106182,Nova Lacerda,MT,Centro-Oeste,55.17,67.64,63.28,80.0,12.47,10.15,76.27,83.6,89.83,95.13,99.64,100.0,1,1,20.0,2.06,10.15,No ritmo da meta
4128005,Ubiratã,PR,Sul,85.59,77.6,80.0,80.0,-7.99,-4.86,73.47,69.96,66.97,64.44,62.28,60.45,0,0,-19.55,0.4,-4.86,Em retrocesso
4312658,Não-Me-Toque,RS,Sul,66.12,58.2,70.55,80.0,-7.92,-13.94,46.35,36.28,27.72,20.44,14.26,9.0,0,0,-71.0,3.63,-13.94,Em retrocesso
5220108,São Luís de Montes Belos,GO,Centro-Oeste,66.51,76.27,70.81,80.0,9.76,8.68,83.65,89.92,95.25,99.78,100.0,100.0,1,1,20.0,0.62,8.68,No ritmo da meta
3144102,Muzambinho,MG,Sudeste,43.36,75.51,55.11,80.0,32.15,22.23,94.41,100.0,100.0,100.0,100.0,100.0,1,1,20.0,0.75,22.23,No ritmo da meta
2101103,Axixá,MA,Nordeste,81.88,71.88,80.0,80.0,-10.0,-3.95,68.52,65.67,63.24,61.18,59.43,57.94,0,0,-22.06,1.35,-3.95,Em retrocesso
5107701,Rosário Oeste,MT,Centro-Oeste,53.65,56.37,62.26,80.0,2.72,5.27,60.85,64.66,67.89,70.64,72.98,74.97,0,0,-5.03,3.94,5.27,No ritmo da meta
3127107,Frutal,MG,Sudeste,53.92,73.59,62.44,80.0,19.67,15.99,87.18,98.73,100.0,100.0,100.0,100.0,1,1,20.0,1.07,15.99,No ritmo da meta
4104501,Capanema,PR,Sul,78.46,79.5,78.91,80.0,1.04,-0.34,79.21,78.97,78.76,78.58,78.43,78.3,1,0,-1.7,0.08,-0.34,Ritmo critico
4114005,Mamborê,PR,Sul,93.95,74.68,80.0,80.0,-19.27,-10.5,65.76,58.17,51.72,46.24,41.58,37.62,0,0,-42.38,0.89,-10.5,Em retrocesso
3164472,São Sebastião do Anta,MG,Sudeste,58.19,81.32,65.3,80.0,23.13,17.72,96.38,100.0,100.0,100.0,100.0,100.0,1,1,20.0,-0.22,17.72,No ritmo da meta
3162658,São João do Pacuí,MG,Sudeste,74.18,86.4,75.95,80.0,12.22,12.27,96.83,100.0,100.0,100.0,100.0,100.0,1,1,20.0,-1.07,12.27,No ritmo da meta
3529500,Mendonça,SP,Sudeste,69.95,77.56,73.1,80.0,7.61,5.36,82.12,85.99,89.28,92.08,94.46,96.48,1,1,16.48,0.41,5.36,No ritmo da meta
4106407,Cornélio Procópio,PR,Sul,76.78,73.21,77.74,80.0,-3.57,-2.65,70.96,69.04,67.42,66.03,64.86,63.86,0,0,-16.14,1.13,-2.65,Em retrocesso
4201703,Ascurra,SC,Sul,81.99,94.83,80.0,80.0,12.84,7.04,100.0,100.0,100.0,100.0,100.0,100.0,1,1,20.0,-2.47,7.04,No ritmo da meta
3515806,Flora Rica,SP,Sudeste,30.0,27.27,44.79,80.0,-2.73,0.19,27.43,27.57,27.69,27.78,27.87,27.94,0,0,-52.06,8.79,0.19,Em retrocesso
3167301,Silveirânia,MG,Sudeste,91.67,86.36,80.0,80.0,-5.31,3.5,89.34,91.86,94.01,95.84,97.39,98.71,1,1,18.71,-1.06,3.5,Em retrocesso
3147808,Passa Vinte,MG,Sudeste,61.11,77.27,67.24,80.0,16.16,14.24,89.37,99.66,100.0,100.0,100.0,100.0,1,1,20.0,0.46,14.24,No ritmo da meta
4312104,Mata,RS,Sul,65.56,45.5,70.18,80.0,-20.06,-20.01,28.49,14.03,1.75,0.0,0.0,0.0,0,0,-80.0,5.75,-20.01,Em retrocesso
2513968,São Domingos,PB,Nordeste,83.33,54.55,80.0,80.0,-28.78,-11.83,44.49,35.95,28.68,22.51,17.26,12.8,0,0,-67.2,4.24,-11.83,Em retrocesso
2210805,Simplício Mendes,PI,Nordeste,88.71,67.45,80.0,80.0,-21.26,-7.51,61.07,55.64,51.03,47.11,43.78,40.94,0,0,-39.06,2.09,-7.51,Em retrocesso
4211256,Morro Grande,SC,Sul,71.43,81.82,74.09,80.0,10.39,5.81,86.76,90.96,94.52,97.56,100.0,100.0,1,1,20.0,-0.3,5.81,No ritmo da meta
3125903,Ferros,MG,Sudeste,38.1,70.78,51.24,80.0,32.68,22.5,89.9,100.0,100.0,100.0,100.0,100.0,1,1,20.0,1.54,22.5,No ritmo da meta
3145208,Nova Serrana,MG,Sudeste,54.95,72.47,63.13,80.0,17.52,14.92,85.15,95.93,100.0,100.0,100.0,100.0,1,1,20.0,1.26,14.92,No ritmo da meta
3128501,Guarará,MG,Sudeste,88.16,72.73,80.0,80.0,-15.43,-1.56,71.4,70.28,69.32,68.5,67.81,67.22,0,0,-12.78,1.21,-1.56,Em retrocesso
3168408,Tarumirim,MG,Sudeste,70.0,77.47,73.13,80.0,7.47,9.89,85.88,93.02,99.1,100.0,100.0,100.0,1,1,20.0,0.42,9.89,No ritmo da meta
4219150,Vargem,SC,Sul,88.99,69.58,80.0,80.0,-19.41,-9.09,61.85,55.29,49.7,44.96,40.93,37.5,0,0,-42.5,1.74,-9.09,Em retrocesso
3157377,Santa Cruz de Salinas,MG,Sudeste,83.36,72.73,80.0,80.0,-10.63,0.84,73.44,74.05,74.57,75.01,75.38,75.69,0,0,-4.31,1.21,0.84,Em retrocesso
5218391,Professor Jamil,GO,Centro-Oeste,81.62,77.25,80.0,80.0,-4.37,1.62,78.63,79.8,80.79,81.64,82.36,82.97,0,1,2.97,0.46,1.62,Em retrocesso
2404101,Galinhos,RN,Nordeste,38.33,55.2,51.41,80.0,16.87,11.04,64.58,72.56,79.34,85.1,90.0,94.17,1,1,14.17,4.13,11.04,No ritmo da meta
2406601,Lagoa Salgada,RN,Nordeste,22.82,64.22,38.36,80.0,41.4,23.31,84.03,100.0,100.0,100.0,100.0,100.0,1,1,20.0,2.63,23.31,No ritmo da meta
3160900,São Brás do Suaçuí,MG,Sudeste,68.37,81.31,72.04,80.0,12.94,12.63,92.05,100.0,100.0,100.0,100.0,100.0,1,1,20.0,-0.22,12.63,No ritmo da meta
3521002,Iperó,SP,Sudeste,40.9,44.75,53.32,80.0,3.85,3.48,47.71,50.22,52.36,54.18,55.72,57.03,0,0,-22.97,5.88,3.48,Ritmo critico
3203320,Marataízes,ES,Sudeste,73.28,69.4,75.34,80.0,-3.88,0.4,69.74,70.03,70.27,70.48,70.66,70.81,0,0,-9.19,1.77,0.4,Em retrocesso
3142601,Monsenhor Paulo,MG,Sudeste,62.69,78.89,68.28,80.0,16.2,14.26,91.01,100.0,100.0,100.0,100.0,100.0,1,1,20.0,0.18,14.26,No ritmo da meta
3131604,Iraí de Minas,MG,Sudeste,38.41,77.81,51.47,80.0,39.4,25.86,99.79,100.0,100.0,100.0,100.0,100.0,1,1,20.0,0.36,25.86,No ritmo da meta
5206404,Crixás,GO,Centro-Oeste,66.73,78.62,70.96,80.0,11.89,9.75,86.91,93.95,99.94,100.0,100.0,100.0,1,1,20.0,0.23,9.75,No ritmo da meta
4127700,Toledo,PR,Sul,79.58,81.69,79.7,80.0,2.11,0.19,81.85,81.99,82.11,82.2,82.29,82.36,1,1,2.36,-0.28,0.19,No ritmo da meta
3105608,Barbacena,MG,Sudeste,59.28,81.97,66.02,80.0,22.69,17.5,96.84,100.0,100.0,100.0,100.0,100.0,1,1,20.0,-0.33,17.5,No ritmo da meta
4320701,Sobradinho,RS,Sul,82.34,70.8,80.0,80.0,-11.54,-15.75,57.41,46.03,36.36,28.14,21.15,15.21,0,0,-64.79,1.53,-15.75,Em retrocesso
2613909,Serra Talhada,PE,Nordeste,76.13,77.92,77.29,80.0,1.79,3.52,80.91,83.46,85.62,87.45,89.02,90.34,1,1,10.34,0.35,3.52,No ritmo da meta
3143450,Montezuma,MG,Sudeste,54.21,88.98,62.64,80.0,34.77,23.54,100.0,100.0,100.0,100.0,100.0,100.0,1,1,20.0,-1.5,23.54,No ritmo da meta
4305702,Condor,RS,Sul,81.15,58.0,80.0,80.0,-23.15,-21.55,39.68,24.11,10.88,0.0,0.0,0.0,0,0,-80.0,3.67,-21.55,Em retrocesso
5104609,Itiquira,MT,Centro-Oeste,42.56,58.16,54.54,80.0,15.6,11.71,68.11,76.57,83.77,89.88,95.07,99.49,1,1,19.49,3.64,11.71,No ritmo da meta
4207700,Ipumirim,SC,Sul,53.96,62.84,62.47,80.0,8.88,5.06,67.14,70.8,73.9,76.55,78.79,80.7,1,1,0.7,2.86,5.06,No ritmo da meta
4207759,Iraceminha,SC,Sul,60.52,70.07,66.85,80.0,9.55,5.39,74.65,78.55,81.86,84.67,87.06,89.09,1,1,9.09,1.66,5.39,No ritmo da meta
1600303,Macapá,AP,Norte,43.33,49.14,55.09,80.0,5.81,6.42,54.6,59.24,63.18,66.53,69.38,71.8,0,0,-8.2,5.14,6.42,No ritmo da meta
3142403,Moema,MG,Sudeste,81.44,81.94,80.0,80.0,0.5,6.41,87.39,92.02,95.96,99.3,100.0,100.0,1,1,20.0,-0.32,6.41,No ritmo da meta
3507605,Bragança Paulista,SP,Sudeste,52.01,53.36,61.15,80.0,1.35,2.23,55.26,56.87,58.24,59.4,60.39,61.23,0,0,-18.77,4.44,2.23,Ritmo critico
2412104,São João do Sabugi,RN,Nordeste,49.46,71.7,59.4,80.0,22.24,13.73,83.37,93.29,100.0,100.0,100.0,100.0,1,1,20.0,1.38,13.73,No ritmo da meta
3537503,Pereiras,SP,Sudeste,51.39,66.7,60.73,80.0,15.31,9.21,74.53,81.18,86.84,91.65,95.73,99.21,1,1,19.21,2.22,9.21,No ritmo da meta
2706000,Olivença,AL,Nordeste,50.0,80.79,59.77,80.0,30.79,18.72,96.7,100.0,100.0,100.0,100.0,100.0,1,1,20.0,-0.13,18.72,No ritmo da meta
4113429,Lidianópolis,PR,Sul,92.58,83.47,80.0,80.0,-9.11,-5.42,78.86,74.95,71.62,68.79,66.38,64.34,0,0,-15.66,-0.58,-5.42,Em retrocesso
4120358,Pranchita,PR,Sul,84.27,79.55,80.0,80.0,-4.72,-3.22,76.81,74.49,72.51,70.83,69.4,68.19,0,0,-11.81,0.08,-3.22,Em retrocesso
2929107,São Felipe,BA,Nordeste,45.9,41.13,56.92,80.0,-4.77,-2.84,38.72,36.66,34.92,33.44,32.18,31.11,0,0,-48.89,6.48,-2.84,Em retrocesso
2406809,Lajes Pintadas,RN,Nordeste,27.97,47.42,53.62,80.0,19.45,12.33,57.9,66.81,74.38,80.82,86.29,90.94,1,1,10.94,5.43,12.33,No ritmo da meta
3535903,Paranapuã,SP,Sudeste,32.42,82.89,46.79,80.0,50.47,26.79,100.0,100.0,100.0,100.0,100.0,100.0,1,1,20.0,-0.48,26.79,No ritmo da meta
2513901,São Bento,PB,Nordeste,42.46,46.87,54.46,80.0,4.41,4.77,50.92,54.37,57.3,59.79,61.91,63.71,0,0,-16.29,5.52,4.77,Ritmo insuficiente
2502805,Brejo do Cruz,PB,Nordeste,53.57,51.6,62.2,80.0,-1.97,1.58,52.94,54.08,55.05,55.88,56.58,57.18,0,0,-22.82,4.73,1.58,Em retrocesso
3119500,Coronel Murta,MG,Sudeste,65.72,67.56,70.29,80.0,1.84,7.08,73.58,78.69,83.04,86.74,89.88,92.55,1,1,12.55,2.07,7.08,No ritmo da meta
3106309,Belo Oriente,MG,Sudeste,57.1,65.94,64.57,80.0,8.84,10.58,74.93,82.58,89.07,94.6,99.29,100.0,1,1,20.0,2.34,10.58,No ritmo da meta
2401107,Areia Branca,RN,Nordeste,52.23,39.95,61.3,80.0,-12.28,-3.53,36.95,34.4,32.23,30.39,28.82,27.49,0,0,-52.51,6.68,-3.53,Em retrocesso
2709202,Traipu,AL,Nordeste,31.62,47.49,46.14,80.0,15.87,11.26,57.06,65.2,72.11,77.99,82.99,87.23,1,1,7.23,5.42,11.26,No ritmo da meta
2700805,Belém,AL,Nordeste,55.08,64.57,63.22,80.0,9.49,8.07,71.43,77.26,82.22,86.43,90.01,93.05,1,1,13.05,2.57,8.07,No ritmo da meta
2211001,Teresina,PI,Nordeste,48.21,57.25,58.54,80.0,9.04,7.64,63.74,69.26,73.96,77.94,81.33,84.22,1,1,4.22,3.79,7.64,No ritmo da meta
2509909,Natuba,PB,Nordeste,58.78,47.23,65.69,80.0,-11.55,-3.21,44.5,42.18,40.21,38.54,37.11,35.9,0,0,-44.1,5.46,-3.21,Em retrocesso
4110409,Indianópolis,PR,Sul,80.01,69.81,80.0,80.0,-10.2,-5.96,64.74,60.44,56.78,53.67,51.02,48.77,0,0,-31.23,1.7,-5.96,Em retrocesso
2202059,Cabeceiras do Piauí,PI,Nordeste,19.85,52.34,35.42,80.0,32.49,19.36,68.8,82.78,94.67,100.0,100.0,100.0,1,1,20.0,4.61,19.36,No ritmo da meta
3204252,Ponto Belo,ES,Sudeste,81.8,80.01,80.0,80.0,-1.79,1.45,81.24,82.29,83.18,83.94,84.58,85.13,1,1,5.13,-0.0,1.45,Em retrocesso
3117504,Conceição do Mato Dentro,MG,Sudeste,58.74,82.33,65.66,80.0,23.59,17.95,97.59,100.0,100.0,100.0,100.0,100.0,1,1,20.0,-0.39,17.95,No ritmo da meta
3104007,Araxá,MG,Sudeste,68.79,75.35,72.32,80.0,6.56,9.44,83.37,90.19,95.99,100.0,100.0,100.0,1,1,20.0,0.78,9.44,No ritmo da meta
3155702,Rio Piracicaba,MG,Sudeste,77.01,76.96,77.9,80.0,-0.05,6.13,82.17,86.6,90.36,93.56,96.28,98.6,1,1,18.6,0.51,6.13,Em retrocesso
4113452,Lindoeste,PR,Sul,86.49,72.9,80.0,80.0,-13.59,-7.66,66.39,60.85,56.15,52.15,48.75,45.86,0,0,-34.14,1.18,-7.66,Em retrocesso
4316006,Rolante,RS,Sul,88.63,66.6,80.0,80.0,-22.03,-20.99,48.76,33.59,20.7,9.75,0.43,0.0,0,0,-80.0,2.23,-20.99,Em retrocesso
4305009,Catuípe,RS,Sul,83.62,77.1,80.0,80.0,-6.52,-13.24,65.85,56.28,48.15,41.24,35.36,30.37,0,0,-49.63,0.48,-13.24,Em retrocesso
3131109,Inimutaba,MG,Sudeste,40.65,77.8,53.14,80.0,37.15,24.73,98.82,100.0,100.0,100.0,100.0,100.0,1,1,20.0,0.37,24.73,No ritmo da meta
3507902,Brotas,SP,Sudeste,61.91,56.01,67.77,80.0,-5.9,-1.39,54.83,53.82,52.97,52.25,51.63,51.1,0,0,-28.9,4.0,-1.39,Em retrocesso
2202539,Caraúbas do Piauí,PI,Nordeste,38.51,68.17,51.55,80.0,29.66,17.95,83.43,96.4,100.0,100.0,100.0,100.0,1,1,20.0,1.97,17.95,No ritmo da meta
3133105,Itanhandu,MG,Sudeste,89.82,84.24,80.0,80.0,-5.58,3.37,87.1,89.54,91.61,93.37,94.86,96.13,1,1,16.13,-0.71,3.37,Em retrocesso
3507100,Bom Jesus dos Perdões,SP,Sudeste,69.87,53.92,73.04,80.0,-15.95,-6.42,48.46,43.82,39.88,36.53,33.68,31.26,0,0,-48.74,4.35,-6.42,Em retrocesso
2202208,Campo Maior,PI,Nordeste,52.24,54.48,61.3,80.0,2.24,4.24,58.08,61.15,63.75,65.96,67.85,69.45,0,0,-10.55,4.25,4.24,Ritmo insuficiente
2403301,Encanto,RN,Nordeste,47.53,67.02,58.07,80.0,19.49,12.35,77.52,86.44,94.02,100.0,100.0,100.0,1,1,20.0,2.16,12.35,No ritmo da meta
3133709,Itatiaiuçu,MG,Sudeste,72.38,80.42,74.73,80.0,8.04,10.18,89.07,96.43,100.0,100.0,100.0,100.0,1,1,20.0,-0.07,10.18,No ritmo da meta
3534104,Oriente,SP,Sudeste,59.52,39.53,66.18,80.0,-19.99,-8.44,32.36,26.26,21.07,16.67,12.92,9.74,0,0,-70.26,6.74,-8.44,Em retrocesso
3140159,Mário Campos,MG,Sudeste,70.35,74.09,73.37,80.0,3.74,8.03,80.92,86.72,91.65,95.84,99.4,100.0,1,1,20.0,0.98,8.03,No ritmo da meta
5214507,Nerópolis,GO,Centro-Oeste,68.08,71.18,71.85,80.0,3.1,5.35,75.73,79.59,82.88,85.67,88.05,90.06,1,1,10.06,1.47,5.35,No ritmo da meta
3529401,Mauá,SP,Sudeste,45.74,46.04,56.81,80.0,0.3,1.71,47.49,48.73,49.78,50.67,51.43,52.08,0,0,-27.92,5.66,1.71,Ritmo critico
3534708,Ourinhos,SP,Sudeste,50.37,53.67,60.03,80.0,3.3,3.21,56.4,58.72,60.69,62.36,63.79,65.0,0,0,-15.0,4.39,3.21,Ritmo insuficiente
3203403,Mimoso do Sul,ES,Sudeste,68.04,65.32,71.83,80.0,-2.72,0.98,66.15,66.86,67.46,67.97,68.41,68.78,0,0,-11.22,2.45,0.98,Em retrocesso
2105203,Igarapé Grande,MA,Nordeste,97.77,89.11,80.0,80.0,-8.66,-3.28,86.32,83.95,81.94,80.23,78.77,77.53,1,0,-2.47,-1.52,-3.28,Em retrocesso
3519600,Ibitinga,SP,Sudeste,49.72,49.2,59.58,80.0,-0.52,1.3,50.3,51.24,52.04,52.72,53.3,53.79,0,0,-26.21,5.13,1.3,Em retrocesso
4208302,Itapema,SC,Sul,66.9,68.62,,,1.72,1.48,69.88,70.95,71.86,72.63,73.29,73.84,0,0,,,1.48,Ritmo critico
3168903,Tiros,MG,Sudeste,59.26,81.76,66.01,80.0,22.5,17.41,96.56,100.0,100.0,100.0,100.0,100.0,1,1,20.0,-0.29,17.41,No ritmo da meta
4204707,Cunha Porã,SC,Sul,93.9,77.07,80.0,80.0,-16.83,-7.8,70.44,64.8,60.01,55.94,52.48,49.54,0,0,-30.46,0.49,-7.8,Em retrocesso
3522208,Itapecerica da Serra,SP,Sudeste,53.35,54.9,62.06,80.0,1.55,2.33,56.88,58.56,59.99,61.21,62.24,63.12,0,0,-16.88,4.18,2.33,Ritmo critico
2109007,Porto Franco,MA,Nordeste,58.08,74.09,65.23,80.0,16.01,9.05,81.78,88.32,93.88,98.6,100.0,100.0,1,1,20.0,0.98,9.05,No ritmo da meta
3531506,Monte Azul Paulista,SP,Sudeste,72.91,55.38,75.09,80.0,-17.53,-7.21,49.25,44.04,39.61,35.85,32.65,29.93,0,0,-50.07,4.1,-7.21,Em retrocesso
4205803,Garuva,SC,Sul,54.71,66.73,62.97,80.0,12.02,6.63,72.37,77.16,81.23,84.69,87.63,90.13,1,1,10.13,2.21,6.63,No ritmo da meta
4203907,Capinzal,SC,Sul,72.28,69.54,74.66,80.0,-2.74,-0.75,68.9,68.36,67.9,67.51,67.18,66.89,0,0,-13.11,1.74,-0.75,Em retrocesso
3105905,Barroso,MG,Sudeste,73.7,83.24,75.62,80.0,9.54,10.93,92.53,100.0,100.0,100.0,100.0,100.0,1,1,20.0,-0.54,10.93,No ritmo da meta
1709500,Gurupi,TO,Norte,44.44,54.37,55.89,80.0,9.93,9.07,62.08,68.63,74.2,78.94,82.96,86.38,1,1,6.38,4.27,9.07,No ritmo da meta
2201200,Barras,PI,Nordeste,55.68,60.13,63.62,80.0,4.45,5.34,64.67,68.53,71.81,74.59,76.96,78.98,1,0,-1.02,3.31,5.34,No ritmo da meta
4219705,Xaxim,SC,Sul,66.61,59.5,70.88,80.0,-7.11,-2.94,57.0,54.88,53.07,51.54,50.23,49.12,0,0,-30.88,3.42,-2.94,Em retrocesso
2403806,Florânia,RN,Nordeste,36.26,43.75,49.83,80.0,7.49,6.35,49.15,53.74,57.64,60.95,63.77,66.16,0,0,-13.84,6.04,6.35,No ritmo da meta
2207306,Paes Landim,PI,Nordeste,51.76,45.31,60.98,80.0,-6.45,-0.11,45.22,45.14,45.07,45.01,44.96,44.92,0,0,-35.08,5.78,-0.11,Em retrocesso
2923050,Novo Triunfo,BA,Nordeste,21.75,39.06,37.32,80.0,17.31,8.2,46.03,51.95,56.99,61.27,64.91,68.0,1,0,-12.0,6.82,8.2,No ritmo da meta
3519709,Ibiúna,SP,Sudeste,44.73,53.06,56.09,80.0,8.33,5.72,57.92,62.05,65.57,68.55,71.09,73.25,1,0,-6.75,4.49,5.72,No ritmo da meta
4306403,Dois Irmãos,RS,Sul,78.45,56.9,78.9,80.0,-21.55,-20.75,39.26,24.27,11.53,0.7,0.0,0.0,0,0,-80.0,3.85,-20.75,Em retrocesso
4318481,São José do Hortêncio,RS,Sul,78.76,43.8,79.12,80.0,-34.96,-27.46,20.46,0.62,0.0,0.0,0.0,0.0,0,0,-80.0,6.03,-27.46,Em retrocesso
3169000,Tocantins,MG,Sudeste,58.37,71.46,65.42,80.0,13.09,12.7,82.26,91.43,99.23,100.0,100.0,100.0,1,1,20.0,1.42,12.7,No ritmo da meta
2707503,Porto Real do Colégio,AL,Nordeste,67.71,83.74,71.61,80.0,16.03,11.34,93.38,100.0,100.0,100.0,100.0,100.0,1,1,20.0,-0.62,11.34,No ritmo da meta
2504702,Congo,PB,Nordeste,49.32,40.66,59.31,80.0,-8.66,-1.77,39.16,37.88,36.79,35.87,35.08,34.41,0,0,-45.59,6.56,-1.77,Em retrocesso
5106232,Nova Olímpia,MT,Centro-Oeste,50.74,57.29,60.28,80.0,6.55,7.19,63.4,68.6,73.01,76.77,79.96,82.67,1,1,2.67,3.78,7.19,No ritmo da meta
3512803,Cosmópolis,SP,Sudeste,52.95,59.61,61.79,80.0,6.66,4.89,63.77,67.3,70.3,72.86,75.02,76.87,1,0,-3.13,3.4,4.89,No ritmo da meta
5108857,Nova Marilândia,MT,Centro-Oeste,44.14,80.62,55.67,80.0,36.48,22.15,99.45,100.0,100.0,100.0,100.0,100.0,1,1,20.0,-0.1,22.15,No ritmo da meta
2605152,Dormentes,PE,Nordeste,64.93,83.37,69.76,80.0,18.44,11.84,93.43,100.0,100.0,100.0,100.0,100.0,1,1,20.0,-0.56,11.84,No ritmo da meta
2209203,Santa Filomena,PI,Nordeste,27.74,62.47,42.85,80.0,34.73,20.48,79.88,94.67,100.0,100.0,100.0,100.0,1,1,20.0,2.92,20.48,No ritmo da meta
2508307,Lagoa Seca,PB,Nordeste,66.54,46.71,70.83,80.0,-19.83,-7.35,40.46,35.15,30.64,26.8,23.54,20.77,0,0,-59.23,5.55,-7.35,Em retrocesso
4309902,Ibiraiaras,RS,Sul,78.46,49.1,78.91,80.0,-29.36,-24.66,28.14,10.32,0.0,0.0,0.0,0.0,0,0,-80.0,5.15,-24.66,Em retrocesso
5217104,Piracanjuba,GO,Centro-Oeste,67.96,71.69,71.77,80.0,3.73,5.67,76.51,80.61,84.09,87.05,89.56,91.7,1,1,11.7,1.39,5.67,No ritmo da meta
5217609,Planaltina,GO,Centro-Oeste,65.51,75.11,70.15,80.0,9.6,8.6,82.42,88.63,93.91,98.4,100.0,100.0,1,1,20.0,0.82,8.6,No ritmo da meta
2500908,Arara,PB,Nordeste,35.35,52.9,49.12,80.0,17.55,11.34,62.54,70.73,77.7,83.62,88.65,92.92,1,1,12.92,4.52,11.34,No ritmo da meta
3127701,Governador Valadares,MG,Sudeste,52.06,68.07,61.18,80.0,16.01,14.16,80.11,90.34,99.03,100.0,100.0,100.0,1,1,20.0,1.99,14.16,No ritmo da meta
2104651,Governador Newton Bello,MA,Nordeste,69.13,78.08,72.55,80.0,8.95,5.52,82.77,86.76,90.15,93.03,95.48,97.56,1,1,17.56,0.32,5.52,No ritmo da meta
3502507,Aparecida,SP,Sudeste,43.48,53.75,55.2,80.0,10.27,6.69,59.44,64.27,68.38,71.87,74.84,77.36,1,0,-2.64,4.38,6.69,No ritmo da meta
3168705,Timóteo,MG,Sudeste,55.91,70.28,63.78,80.0,14.37,13.34,81.62,91.26,99.45,100.0,100.0,100.0,1,1,20.0,1.62,13.34,No ritmo da meta
2613305,São Joaquim do Monte,PE,Nordeste,68.5,72.13,72.13,80.0,3.63,4.44,75.9,79.11,81.84,84.16,86.13,87.8,1,1,7.8,1.31,4.44,No ritmo da meta
5216007,Panamá,GO,Centro-Oeste,75.33,84.18,76.74,80.0,8.85,8.23,91.18,97.12,100.0,100.0,100.0,100.0,1,1,20.0,-0.7,8.23,No ritmo da meta
3152105,Ponte Nova,MG,Sudeste,52.65,81.27,61.58,80.0,28.62,20.47,98.67,100.0,100.0,100.0,100.0,100.0,1,1,20.0,-0.21,20.47,No ritmo da meta
1716505,Pedro Afonso,TO,Norte,53.06,56.7,61.86,80.0,3.64,5.92,61.73,66.01,69.64,72.74,75.36,77.59,0,0,-2.41,3.88,5.92,No ritmo da meta
5207907,Flores de Goiás,GO,Centro-Oeste,66.75,65.41,70.97,80.0,-1.34,3.13,68.07,70.33,72.25,73.89,75.28,76.46,0,0,-3.54,2.43,3.13,Em retrocesso
4103008,Boa Esperança,PR,Sul,93.75,92.95,80.0,80.0,-0.8,-1.26,91.88,90.97,90.19,89.54,88.98,88.5,1,1,8.5,-2.16,-1.26,Em retrocesso
5108808,Nova Guarita,MT,Centro-Oeste,68.02,67.3,71.81,80.0,-0.72,3.55,70.32,72.88,75.06,76.92,78.49,79.83,0,0,-0.17,2.12,3.55,Em retrocesso
1716653,Pequizeiro,TO,Norte,35.23,61.79,49.03,80.0,26.56,17.38,76.56,89.12,99.79,100.0,100.0,100.0,1,1,20.0,3.04,17.38,No ritmo da meta
3520426,Ilha Comprida,SP,Sudeste,52.02,67.6,61.15,80.0,15.58,9.35,75.55,82.3,88.04,92.93,97.07,100.0,1,1,20.0,2.07,9.35,No ritmo da meta
3141801,Minas Novas,MG,Sudeste,70.15,78.82,73.23,80.0,8.67,10.49,87.74,95.32,100.0,100.0,100.0,100.0,1,1,20.0,0.2,10.49,No ritmo da meta
3129905,Ibitiúra de Minas,MG,Sudeste,38.1,78.04,51.24,80.0,39.94,26.13,100.0,100.0,100.0,100.0,100.0,100.0,1,1,20.0,0.33,26.13,No ritmo da meta
3138708,Luminárias,MG,Sudeste,67.26,97.5,71.31,80.0,30.24,21.28,100.0,100.0,100.0,100.0,100.0,100.0,1,1,20.0,-2.92,21.28,No ritmo da meta
3200805,Baixo Guandu,ES,Sudeste,68.83,74.59,72.35,80.0,5.76,5.22,79.03,82.8,86.0,88.73,91.05,93.01,1,1,13.01,0.9,5.22,No ritmo da meta
3512001,Colina,SP,Sudeste,43.8,57.89,55.43,80.0,14.09,8.6,65.2,71.41,76.69,81.18,85.0,88.24,1,1,8.24,3.68,8.6,No ritmo da meta
2500502,Alagoinha,PB,Nordeste,57.29,53.1,64.7,80.0,-4.19,0.47,53.5,53.84,54.13,54.37,54.58,54.76,0,0,-25.24,4.48,0.47,Em retrocesso
3510500,Caraguatatuba,SP,Sudeste,54.34,58.19,62.72,80.0,3.85,3.48,61.15,63.66,65.8,67.62,69.16,70.47,0,0,-9.53,3.64,3.48,Ritmo insuficiente
2200707,Anísio de Abreu,PI,Nordeste,46.55,57.02,57.38,80.0,10.47,8.35,64.12,70.15,75.28,79.64,83.34,86.49,1,1,6.49,3.83,8.35,No ritmo da meta
3540002,Pompéia,SP,Sudeste,62.09,60.32,67.88,80.0,-1.77,0.67,60.89,61.37,61.79,62.13,62.43,62.68,0,0,-17.32,3.28,0.67,Em retrocesso
5211909,Jataí,GO,Centro-Oeste,64.01,69.92,69.15,80.0,5.91,6.76,75.67,80.55,84.7,88.23,91.23,93.78,1,1,13.78,1.68,6.76,No ritmo da meta
3503901,Arujá,SP,Sudeste,50.85,60.67,60.36,80.0,9.82,6.47,66.17,70.84,74.82,78.19,81.07,83.51,1,1,3.51,3.22,6.47,No ritmo da meta
4314472,Pinhal Grande,RS,Sul,63.64,47.5,68.91,80.0,-16.14,-18.05,32.16,19.12,8.03,0.0,0.0,0.0,0,0,-80.0,5.42,-18.05,Em retrocesso
3556008,Urupês,SP,Sudeste,80.62,65.68,80.0,80.0,-14.94,-5.91,60.66,56.39,52.76,49.67,47.05,44.82,0,0,-35.18,2.39,-5.91,Em retrocesso
4122701,Sabáudia,PR,Sul,81.51,78.98,80.0,80.0,-2.53,-2.13,77.17,75.63,74.32,73.21,72.27,71.46,0,0,-8.54,0.17,-2.13,Em retrocesso
3162500,São João del Rei,MG,Sudeste,55.63,74.0,63.59,80.0,18.37,15.34,87.04,98.12,100.0,100.0,100.0,100.0,1,1,20.0,1.0,15.34,No ritmo da meta
2910206,Dom Macedo Costa,BA,Nordeste,85.87,52.38,80.0,80.0,-33.49,-17.2,37.76,25.33,14.77,5.79,0.0,0.0,0,0,-80.0,4.6,-17.2,Em retrocesso
3124609,Estrela Dalva,MG,Sudeste,87.26,66.67,80.0,80.0,-20.59,-4.14,63.15,60.16,57.62,55.46,53.62,52.06,0,0,-27.94,2.22,-4.14,Em retrocesso
5103858,Gaúcha do Norte,MT,Centro-Oeste,45.03,59.6,56.31,80.0,14.57,11.2,69.12,77.21,84.09,89.94,94.91,99.13,1,1,19.13,3.4,11.2,No ritmo da meta
2602506,Brejinho,PE,Nordeste,71.45,79.05,74.1,80.0,7.6,6.42,84.51,89.15,93.09,96.44,99.29,100.0,1,1,20.0,0.16,6.42,No ritmo da meta
2505907,Emas,PB,Nordeste,65.44,38.1,70.1,80.0,-27.34,-11.11,28.66,20.63,13.81,8.01,3.08,0.0,0,0,-80.0,6.98,-11.11,Em retrocesso
5107743,Santa Cruz do Xingu,MT,Centro-Oeste,53.52,73.81,62.17,80.0,20.29,14.06,85.76,95.92,100.0,100.0,100.0,100.0,1,1,20.0,1.03,14.06,No ritmo da meta
4213906,Presidente Castello Branco,SC,Sul,47.06,61.9,57.74,80.0,14.84,8.04,68.73,74.54,79.48,83.68,87.24,90.28,1,1,10.28,3.02,8.04,No ritmo da meta
4110078,Imbaú,PR,Sul,71.92,70.26,74.42,80.0,-1.66,-1.69,68.82,67.6,66.56,65.68,64.93,64.3,0,0,-15.7,1.62,-1.69,Em retrocesso
3140704,Mateus Leme,MG,Sudeste,56.77,75.26,64.35,80.0,18.49,15.4,88.35,99.48,100.0,100.0,100.0,100.0,1,1,20.0,0.79,15.4,No ritmo da meta
4304697,Capitão,RS,Sul,87.05,58.6,80.0,80.0,-28.45,-24.2,38.03,20.55,5.68,0.0,0.0,0.0,0,0,-80.0,3.57,-24.2,Em retrocesso
3556503,Várzea Paulista,SP,Sudeste,48.73,53.24,58.9,80.0,4.51,3.81,56.48,59.23,61.57,63.56,65.25,66.69,0,0,-13.31,4.46,3.81,Ritmo insuficiente
4215307,Salete,SC,Sul,78.0,68.23,78.59,80.0,-9.77,-4.27,64.6,61.52,58.89,56.66,54.77,53.16,0,0,-26.84,1.96,-4.27,Em retrocesso
3153608,Prudente de Morais,MG,Sudeste,52.93,60.98,61.77,80.0,8.05,10.18,69.63,76.99,83.24,88.55,93.07,96.91,1,1,16.91,3.17,10.18,No ritmo da meta
4115853,Mercedes,PR,Sul,91.25,93.06,80.0,80.0,1.81,0.04,93.09,93.12,93.15,93.17,93.19,93.2,1,1,13.2,-2.18,0.04,No ritmo da meta
3167806,Soledade de Minas,MG,Sudeste,73.12,88.35,75.23,80.0,15.23,13.77,100.0,100.0,100.0,100.0,100.0,100.0,1,1,20.0,-1.39,13.77,No ritmo da meta
4208708,Jacinto Machado,SC,Sul,53.02,70.16,61.83,80.0,17.14,9.19,77.97,84.61,90.26,95.05,99.13,100.0,1,1,20.0,1.64,9.19,No ritmo da meta
3120706,Cruzeiro da Fortaleza,MG,Sudeste,62.42,80.92,68.1,80.0,18.5,15.41,94.02,100.0,100.0,100.0,100.0,100.0,1,1,20.0,-0.15,15.41,No ritmo da meta
4306734,Doutor Maurício Cardoso,RS,Sul,76.88,63.3,77.8,80.0,-13.58,-16.77,49.05,36.93,26.63,17.88,10.44,4.11,0,0,-75.89,2.78,-16.77,Em retrocesso
1713304,Miranorte,TO,Norte,52.55,63.01,61.51,80.0,10.46,9.33,70.94,77.68,83.41,88.28,92.42,95.94,1,1,15.94,2.83,9.33,No ritmo da meta
3545209,Salto,SP,Sudeste,56.22,60.52,63.99,80.0,4.3,3.71,63.67,66.35,68.63,70.57,72.22,73.61,0,0,-6.39,3.25,3.71,No ritmo da meta
3154408,Ressaquinha,MG,Sudeste,55.59,82.0,63.56,80.0,26.41,19.36,98.46,100.0,100.0,100.0,100.0,100.0,1,1,20.0,-0.33,19.36,No ritmo da meta
3524006,Itupeva,SP,Sudeste,44.88,48.94,56.2,80.0,4.06,3.59,51.99,54.59,56.79,58.66,60.26,61.61,0,0,-18.39,5.18,3.59,Ritmo insuficiente
3505500,Barretos,SP,Sudeste,59.67,58.42,66.28,80.0,-1.25,0.93,59.21,59.88,60.45,60.94,61.35,61.7,0,0,-18.3,3.6,0.93,Em retrocesso
4209003,Joaçaba,SC,Sul,59.16,70.42,65.94,80.0,11.26,6.25,75.73,80.25,84.09,87.35,90.12,92.48,1,1,12.48,1.6,6.25,No ritmo da meta
2606903,Iguaracy,PE,Nordeste,72.59,83.67,74.87,80.0,11.08,8.16,90.61,96.5,100.0,100.0,100.0,100.0,1,1,20.0,-0.61,8.16,No ritmo da meta
4215653,Santa Rosa do Sul,SC,Sul,55.48,74.56,63.49,80.0,19.08,10.16,83.2,90.54,96.78,100.0,100.0,100.0,1,1,20.0,0.91,10.16,No ritmo da meta
2504009,Campina Grande,PB,Nordeste,42.4,47.92,54.42,80.0,5.52,5.32,52.44,56.29,59.55,62.33,64.69,66.7,0,0,-13.3,5.35,5.32,Ritmo insuficiente
3152402,Poté,MG,Sudeste,41.74,79.91,53.94,80.0,38.17,25.24,100.0,100.0,100.0,100.0,100.0,100.0,1,1,20.0,0.02,25.24,No ritmo da meta
2106409,Mata Roma,MA,Nordeste,69.68,76.86,72.92,80.0,7.18,4.64,80.8,84.16,87.01,89.43,91.49,93.24,1,1,13.24,0.52,4.64,No ritmo da meta
2207801,Paulistana,PI,Nordeste,45.07,50.47,56.33,80.0,5.4,5.82,55.42,59.62,63.2,66.23,68.82,71.01,0,0,-8.99,4.92,5.82,No ritmo da meta
4113734,Luiziana,PR,Sul,85.27,86.61,80.0,80.0,1.34,-0.19,86.45,86.31,86.19,86.1,86.01,85.94,1,1,5.94,-1.1,-0.19,No ritmo da meta
5104104,Guarantã do Norte,MT,Centro-Oeste,60.81,54.22,67.04,80.0,-6.59,0.62,54.75,55.19,55.58,55.9,56.17,56.41,0,0,-23.59,4.3,0.62,Em retrocesso
3115458,Catuji,MG,Sudeste,35.9,66.72,49.55,80.0,30.82,21.57,85.05,100.0,100.0,100.0,100.0,100.0,1,1,20.0,2.21,21.57,No ritmo da meta
3305901,Trajano de Moraes,RJ,Sudeste,77.24,79.23,78.06,80.0,1.99,2.52,81.37,83.19,84.74,86.06,87.17,88.12,1,1,8.12,0.13,2.52,No ritmo da meta
3544301,Roseira,SP,Sudeste,63.56,67.2,68.86,80.0,3.64,3.38,70.07,72.52,74.59,76.36,77.85,79.13,1,0,-0.87,2.13,3.38,No ritmo da meta
4114203,Mandaguari,PR,Sul,85.06,81.53,80.0,80.0,-3.53,-2.63,79.29,77.39,75.78,74.41,73.24,72.25,0,0,-7.75,-0.26,-2.63,Em retrocesso
3130556,Imbé de Minas,MG,Sudeste,65.59,88.46,70.2,80.0,22.87,17.59,100.0,100.0,100.0,100.0,100.0,100.0,1,1,20.0,-1.41,17.59,No ritmo da meta
3111507,Campos Altos,MG,Sudeste,58.27,65.27,65.35,80.0,7.0,9.66,73.48,80.46,86.39,91.44,95.72,99.36,1,1,19.36,2.46,9.66,No ritmo da meta
2112852,Vila Nova dos Martírios,MA,Nordeste,86.07,74.55,80.0,80.0,-11.52,-4.71,70.55,67.14,64.25,61.79,59.7,57.93,0,0,-22.07,0.91,-4.71,Em retrocesso
3111101,Campina Verde,MG,Sudeste,77.26,75.03,78.07,80.0,-2.23,5.04,79.31,82.96,86.05,88.68,90.92,92.82,1,1,12.82,0.83,5.04,Em retrocesso
3544905,Sales Oliveira,SP,Sudeste,58.46,50.04,65.48,80.0,-8.42,-2.65,47.79,45.87,44.25,42.86,41.69,40.69,0,0,-39.31,4.99,-2.65,Em retrocesso
3519501,Ibirarema,SP,Sudeste,89.02,71.85,80.0,80.0,-17.17,-7.03,65.87,60.8,56.48,52.81,49.69,47.04,0,0,-32.96,1.36,-7.03,Em retrocesso
5108501,Vera,MT,Centro-Oeste,34.76,52.77,48.66,80.0,18.01,12.92,63.75,73.09,81.02,87.77,93.5,98.37,1,1,18.37,4.54,12.92,No ritmo da meta
4122172,Rio Branco do Ivaí,PR,Sul,69.75,73.84,72.96,80.0,4.09,1.18,74.84,75.7,76.42,77.04,77.56,78.0,1,0,-2.0,1.03,1.18,No ritmo da meta
4306932,Entre-Ijuís,RS,Sul,28.49,51.0,56.56,80.0,22.51,1.28,52.09,53.01,53.8,54.47,55.03,55.52,0,0,-24.48,4.83,1.28,Ritmo critico
5105622,Mirassol d'Oeste,MT,Centro-Oeste,51.68,60.12,60.92,80.0,8.44,8.13,67.03,72.9,77.9,82.14,85.75,88.81,1,1,8.81,3.31,8.13,No ritmo da meta
4207809,Irani,SC,Sul,73.89,71.4,75.75,80.0,-2.49,-0.63,70.86,70.41,70.02,69.69,69.41,69.18,0,0,-10.82,1.43,-0.63,Em retrocesso
3123809,Engenheiro Navarro,MG,Sudeste,44.66,76.22,56.04,80.0,31.56,21.94,94.87,100.0,100.0,100.0,100.0,100.0,1,1,20.0,0.63,21.94,No ritmo da meta
3548708,São Bernardo do Campo,SP,Sudeste,55.57,54.16,63.55,80.0,-1.41,0.85,54.88,55.5,56.02,56.46,56.84,57.16,0,0,-22.84,4.31,0.85,Em retrocesso
2515401,São Vicente do Seridó,PB,Nordeste,55.88,54.16,63.76,80.0,-1.72,1.7,55.6,56.83,57.88,58.76,59.52,60.16,0,0,-19.84,4.31,1.7,Em retrocesso
4206108,Grão-Pará,SC,Sul,65.15,70.23,69.91,80.0,5.08,3.16,72.92,75.2,77.14,78.79,80.19,81.38,1,1,1.38,1.63,3.16,No ritmo da meta
3528908,Mariápolis,SP,Sudeste,53.02,48.4,61.83,80.0,-4.62,-0.75,47.76,47.22,46.76,46.37,46.04,45.75,0,0,-34.25,5.27,-0.75,Em retrocesso
2412500,São Miguel,RN,Nordeste,39.84,44.85,52.54,80.0,5.01,5.11,49.19,52.89,56.02,58.69,60.96,62.89,0,0,-17.11,5.86,5.11,Ritmo insuficiente
5107958,Tangará da Serra,MT,Centro-Oeste,48.7,58.95,58.88,80.0,10.25,9.04,66.63,73.17,78.72,83.44,87.45,90.86,1,1,10.86,3.51,9.04,No ritmo da meta
2900306,Acajutiba,BA,Nordeste,19.7,59.14,35.26,80.0,39.44,19.27,75.52,89.44,100.0,100.0,100.0,100.0,1,1,20.0,3.48,19.27,No ritmo da meta
3124906,Eugenópolis,MG,Sudeste,56.5,68.59,64.17,80.0,12.09,12.2,78.96,87.77,95.27,100.0,100.0,100.0,1,1,20.0,1.9,12.2,No ritmo da meta
2929602,Sapeaçu,BA,Nordeste,56.84,64.52,64.4,80.0,7.68,3.39,67.4,69.85,71.93,73.7,75.21,76.48,1,0,-3.52,2.58,3.39,No ritmo da meta
2111953,Sucupira do Riachão,MA,Nordeste,75.39,80.65,76.78,80.0,5.26,3.68,83.78,86.44,88.7,90.62,92.25,93.64,1,1,13.64,-0.11,3.68,No ritmo da meta
3544004,Rio das Pedras,SP,Sudeste,65.04,58.5,69.84,80.0,-6.54,-1.71,57.05,55.81,54.76,53.87,53.11,52.46,0,0,-27.54,3.58,-1.71,Em retrocesso
2111573,São Pedro dos Crentes,MA,Nordeste,40.27,59.47,52.86,80.0,19.2,10.65,68.52,76.22,82.76,88.32,93.04,97.06,1,1,17.06,3.42,10.65,No ritmo da meta
3532603,Nhandeara,SP,Sudeste,66.5,67.47,70.8,80.0,0.97,2.04,69.2,70.68,71.93,73.0,73.9,74.67,0,0,-5.33,2.09,2.04,Ritmo insuficiente
3515186,Espírito Santo do Pinhal,SP,Sudeste,65.42,61.16,70.09,80.0,-4.26,-0.57,60.68,60.26,59.91,59.62,59.36,59.15,0,0,-20.85,3.14,-0.57,Em retrocesso
4120606,Prudentópolis,PR,Sul,82.7,82.91,80.0,80.0,0.21,-0.76,82.26,81.71,81.25,80.85,80.51,80.23,1,1,0.23,-0.48,-0.76,Ritmo critico
4103800,Cambira,PR,Sul,86.17,83.63,80.0,80.0,-2.54,-2.13,81.82,80.28,78.97,77.86,76.92,76.11,1,0,-3.89,-0.6,-2.13,Em retrocesso
3115805,Centralina,MG,Sudeste,78.29,89.95,78.79,80.0,11.66,11.99,100.0,100.0,100.0,100.0,100.0,100.0,1,1,20.0,-1.66,11.99,No ritmo da meta
1712405,Lizarda,TO,Norte,42.61,19.44,54.57,80.0,-23.17,-7.48,13.08,7.68,3.08,0.0,0.0,0.0,0,0,-80.0,10.09,-7.48,Em retrocesso
3554102,Taubaté,SP,Sudeste,44.37,53.88,55.84,80.0,9.51,6.31,59.24,63.8,67.68,70.97,73.77,76.15,1,0,-3.85,4.35,6.31,No ritmo da meta
3151503,Piumhi,MG,Sudeste,57.27,73.46,64.69,80.0,16.19,14.25,85.57,95.87,100.0,100.0,100.0,100.0,1,1,20.0,1.09,14.25,No ritmo da meta
4102505,Barbosa Ferraz,PR,Sul,91.0,77.65,80.0,80.0,-13.35,-7.54,71.24,65.79,61.16,57.23,53.88,51.04,0,0,-28.96,0.39,-7.54,Em retrocesso
2511202,Pedras de Fogo,PB,Nordeste,37.3,48.58,50.63,80.0,11.28,8.2,55.55,61.47,66.51,70.79,74.43,77.52,1,0,-2.48,5.24,8.2,No ritmo da meta
3522505,Itapevi,SP,Sudeste,50.26,55.46,59.95,80.0,5.2,4.16,59.0,62.0,64.56,66.73,68.57,70.14,0,0,-9.86,4.09,4.16,No ritmo da meta
3152170,Ponto dos Volantes,MG,Sudeste,72.63,67.71,74.9,80.0,-4.92,3.7,70.85,73.53,75.8,77.73,79.37,80.77,0,1,0.77,2.05,3.7,Em retrocesso
3158607,Santana do Deserto,MG,Sudeste,58.32,80.09,65.39,80.0,21.77,17.04,94.57,100.0,100.0,100.0,100.0,100.0,1,1,20.0,-0.02,17.04,No ritmo da meta
3137304,Lagoa dos Patos,MG,Sudeste,41.04,69.48,53.43,80.0,28.44,20.38,86.8,100.0,100.0,100.0,100.0,100.0,1,1,20.0,1.75,20.38,No ritmo da meta
3520103,Igarapava,SP,Sudeste,47.11,55.6,57.77,80.0,8.49,5.8,60.53,64.72,68.28,71.31,73.88,76.07,1,0,-3.93,4.07,5.8,No ritmo da meta
3513603,Cunha,SP,Sudeste,49.94,58.09,59.73,80.0,8.15,5.63,62.88,66.94,70.4,73.34,75.84,77.96,1,0,-2.04,3.65,5.63,No ritmo da meta
4114351,Manfrinópolis,PR,Sul,91.01,70.91,80.0,80.0,-20.1,-10.91,61.64,53.75,47.05,41.36,36.52,32.4,0,0,-47.6,1.52,-10.91,Em retrocesso
3150703,Pirajuba,MG,Sudeste,63.4,76.8,68.75,80.0,13.4,12.86,87.73,97.02,100.0,100.0,100.0,100.0,1,1,20.0,0.53,12.86,No ritmo da meta
4200309,Agronômica,SC,Sul,75.87,70.41,,,-5.46,-2.11,68.62,67.09,65.8,64.69,63.76,62.96,0,0,,,-2.11,Em retrocesso
3509205,Cajamar,SP,Sudeste,50.91,53.17,60.4,80.0,2.26,2.69,55.46,57.4,59.05,60.46,61.65,62.66,0,0,-17.34,4.47,2.69,Ritmo insuficiente
3116100,Chapada do Norte,MG,Sudeste,41.12,66.15,53.49,80.0,25.03,18.67,82.02,95.51,100.0,100.0,100.0,100.0,1,1,20.0,2.31,18.67,No ritmo da meta
4110508,Ipiranga,PR,Sul,88.2,82.28,80.0,80.0,-5.92,-3.82,79.03,76.27,73.93,71.93,70.24,68.8,0,0,-11.2,-0.38,-3.82,Em retrocesso
3119104,Corinto,MG,Sudeste,40.03,85.75,52.68,80.0,45.72,29.02,100.0,100.0,100.0,100.0,100.0,100.0,1,1,20.0,-0.96,29.02,No ritmo da meta
3202652,Irupi,ES,Sudeste,67.41,81.49,71.41,80.0,14.08,9.38,89.46,96.24,100.0,100.0,100.0,100.0,1,1,20.0,-0.25,9.38,No ritmo da meta
3504909,Bananal,SP,Sudeste,47.78,58.62,58.24,80.0,10.84,6.98,64.55,69.6,73.88,77.53,80.62,83.26,1,1,3.26,3.56,6.98,No ritmo da meta
4202404,Blumenau,SC,Sul,63.89,64.77,69.08,80.0,0.88,1.06,65.67,66.44,67.09,67.64,68.11,68.51,0,0,-11.49,2.54,1.06,Ritmo critico
3168804,Tiradentes,MG,Sudeste,62.26,68.34,68.0,80.0,6.08,9.2,76.16,82.81,88.46,93.26,97.34,100.0,1,1,20.0,1.94,9.2,No ritmo da meta
5005251,Laguna Carapã,MS,Centro-Oeste,83.01,77.47,80.0,80.0,-5.54,1.43,78.69,79.72,80.6,81.34,81.98,82.52,0,1,2.52,0.42,1.43,Em retrocesso
4125357,São Jorge do Patrocínio,PR,Sul,74.33,90.23,76.05,80.0,15.9,7.09,96.26,100.0,100.0,100.0,100.0,100.0,1,1,20.0,-1.71,7.09,No ritmo da meta
2508109,Lagoa,PB,Nordeste,25.0,59.38,40.4,80.0,34.38,19.75,76.17,90.44,100.0,100.0,100.0,100.0,1,1,20.0,3.44,19.75,No ritmo da meta
3505609,Barrinha,SP,Sudeste,55.45,51.43,63.47,80.0,-4.02,-0.45,51.05,50.72,50.45,50.21,50.01,49.84,0,0,-30.16,4.76,-0.45,Em retrocesso
3506102,Bebedouro,SP,Sudeste,48.69,55.75,58.87,80.0,7.06,5.09,60.08,63.75,66.88,69.54,71.8,73.72,1,0,-6.28,4.04,5.09,No ritmo da meta
1720499,São Valério,TO,Norte,65.57,46.24,70.19,80.0,-19.33,-5.56,41.51,37.5,34.08,31.18,28.71,26.62,0,0,-53.38,5.63,-5.56,Em retrocesso
4115408,Marmeleiro,PR,Sul,78.32,85.08,78.81,80.0,6.76,2.52,87.22,89.04,90.59,91.91,93.02,93.97,1,1,13.97,-0.85,2.52,No ritmo da meta
4106506,Coronel Vivida,PR,Sul,80.52,74.6,80.0,80.0,-5.92,-3.82,71.35,68.59,66.25,64.25,62.56,61.12,0,0,-18.88,0.9,-3.82,Em retrocesso
5106752,Pontes e Lacerda,MT,Centro-Oeste,65.94,66.49,71.81,80.0,0.55,4.19,70.05,73.08,75.65,77.84,79.7,81.28,0,1,1.28,2.25,4.19,No ritmo da meta
5201108,Anápolis,GO,Centro-Oeste,72.21,73.22,74.61,80.0,1.01,4.31,76.88,80.0,82.64,84.89,86.81,88.43,1,1,8.43,1.13,4.31,No ritmo da meta
4108403,Francisco Beltrão,PR,Sul,79.67,76.41,79.76,80.0,-3.26,-2.49,74.29,72.49,70.97,69.67,68.56,67.62,0,0,-12.38,0.6,-2.49,Em retrocesso
4115200,Maringá,PR,Sul,80.49,78.37,80.0,80.0,-2.12,-1.92,76.74,75.35,74.17,73.17,72.32,71.59,0,0,-8.41,0.27,-1.92,Em retrocesso
3143302,Montes Claros,MG,Sudeste,61.58,75.18,67.55,80.0,13.6,12.96,86.2,95.56,100.0,100.0,100.0,100.0,1,1,20.0,0.8,12.96,No ritmo da meta
2402907,Coronel João Pessoa,RN,Nordeste,23.86,47.83,39.35,80.0,23.97,14.59,60.23,70.77,79.73,87.35,93.82,99.33,1,1,19.33,5.36,14.59,No ritmo da meta
3538907,Pirajuí,SP,Sudeste,53.49,46.03,62.15,80.0,-7.46,-2.17,44.19,42.62,41.29,40.15,39.19,38.37,0,0,-41.63,5.66,-2.17,Em retrocesso
3534906,Pacaembu,SP,Sudeste,64.61,53.27,69.55,80.0,-11.34,-4.11,49.78,46.81,44.28,42.14,40.31,38.76,0,0,-41.24,4.45,-4.11,Em retrocesso
3159605,Santa Rita do Sapucaí,MG,Sudeste,49.69,72.16,59.56,80.0,22.47,17.39,86.94,99.51,100.0,100.0,100.0,100.0,1,1,20.0,1.31,17.39,No ritmo da meta
3134905,Jacutinga,MG,Sudeste,59.84,79.14,66.39,80.0,19.3,15.81,92.58,100.0,100.0,100.0,100.0,100.0,1,1,20.0,0.14,15.81,No ritmo da meta
4300570,Alto Feliz,RS,Sul,72.7,58.3,74.95,80.0,-14.4,-17.18,43.7,31.28,20.73,11.77,4.14,0.0,0,0,-80.0,3.62,-17.18,Em retrocesso
3130051,Icaraí de Minas,MG,Sudeste,53.99,77.42,62.49,80.0,23.43,17.87,92.61,100.0,100.0,100.0,100.0,100.0,1,1,20.0,0.43,17.87,No ritmo da meta
2400109,Acari,RN,Nordeste,44.07,38.21,55.62,80.0,-5.86,-0.32,37.94,37.71,37.51,37.34,37.2,37.08,0,0,-42.92,6.96,-0.32,Em retrocesso
3548500,Santos,SP,Sudeste,55.93,52.77,63.79,80.0,-3.16,-0.02,52.75,52.74,52.73,52.72,52.71,52.7,0,0,-27.3,4.54,-0.02,Em retrocesso
2516300,Sumé,PB,Nordeste,33.2,64.53,47.42,80.0,31.33,18.23,80.03,93.2,100.0,100.0,100.0,100.0,1,1,20.0,2.58,18.23,No ritmo da meta
2105450,Jatobá,MA,Nordeste,72.81,68.34,75.02,80.0,-4.47,-1.19,67.33,66.47,65.74,65.12,64.59,64.14,0,0,-15.86,1.94,-1.19,Em retrocesso
4215802,São Bento do Sul,SC,Sul,73.1,76.73,75.22,80.0,3.63,2.43,78.8,80.55,82.04,83.31,84.39,85.31,1,1,5.31,0.54,2.43,No ritmo da meta
3157005,Salinas,MG,Sudeste,73.01,77.08,75.15,80.0,4.07,8.19,84.04,89.96,94.99,99.26,100.0,100.0,1,1,20.0,0.49,8.19,No ritmo da meta
2502508,Boqueirão,PB,Nordeste,38.0,37.65,51.16,80.0,-0.35,2.39,39.68,41.41,42.88,44.12,45.18,46.09,0,0,-33.91,7.06,2.39,Em retrocesso
3529203,Martinópolis,SP,Sudeste,53.03,63.56,61.84,80.0,10.53,6.82,69.36,74.28,78.47,82.03,85.06,87.63,1,1,7.63,2.74,6.82,No ritmo da meta
4103453,Cafelândia,PR,Sul,87.02,78.14,80.0,80.0,-8.88,-5.3,73.64,69.81,66.55,63.78,61.43,59.43,0,0,-20.57,0.31,-5.3,Em retrocesso
3123007,Dores de Campos,MG,Sudeste,54.67,76.43,62.95,80.0,21.76,17.04,90.91,100.0,100.0,100.0,100.0,100.0,1,1,20.0,0.59,17.04,No ritmo da meta
4303509,Camaquã,RS,Sul,58.61,56.4,65.58,80.0,-2.21,-11.08,46.98,38.98,32.17,26.39,21.47,17.29,0,0,-62.71,3.93,-11.08,Em retrocesso
4117222,Nova Santa Rosa,PR,Sul,77.8,72.16,78.45,80.0,-5.64,-3.68,69.03,66.37,64.11,62.19,60.56,59.17,0,0,-20.83,1.31,-3.68,Em retrocesso
4308904,Getúlio Vargas,RS,Sul,73.54,52.3,75.51,80.0,-21.24,-20.6,34.79,19.91,7.26,0.0,0.0,0.0,0,0,-80.0,4.62,-20.6,Em retrocesso
5100409,Alto Garças,MT,Centro-Oeste,40.74,52.91,53.21,80.0,12.17,10.0,61.41,68.63,74.78,80.0,84.43,88.2,1,1,8.2,4.52,10.0,No ritmo da meta
3152131,Ponto Chique,MG,Sudeste,61.32,76.36,67.38,80.0,15.04,13.68,87.99,97.87,100.0,100.0,100.0,100.0,1,1,20.0,0.61,13.68,No ritmo da meta
3203502,Montanha,ES,Sudeste,63.05,80.21,68.52,80.0,17.16,10.92,89.49,97.38,100.0,100.0,100.0,100.0,1,1,20.0,-0.03,10.92,No ritmo da meta
3546256,Santa Cruz da Esperança,SP,Sudeste,45.93,42.56,56.94,80.0,-3.37,-0.13,42.45,42.36,42.28,42.21,42.15,42.1,0,0,-37.9,6.24,-0.13,Em retrocesso
3138674,Luisburgo,MG,Sudeste,81.62,87.7,80.0,80.0,6.08,9.2,95.52,100.0,100.0,100.0,100.0,100.0,1,1,20.0,-1.28,9.2,No ritmo da meta
3500303,Aguaí,SP,Sudeste,47.01,58.41,57.7,80.0,11.4,7.26,64.58,69.83,74.28,78.07,81.3,84.03,1,1,4.03,3.6,7.26,No ritmo da meta
3114204,Carmo do Cajuru,MG,Sudeste,67.21,72.37,71.27,80.0,5.16,8.74,79.8,86.11,91.48,96.04,99.92,100.0,1,1,20.0,1.27,8.74,No ritmo da meta
3551702,Sertãozinho,SP,Sudeste,53.71,54.16,62.3,80.0,0.45,1.78,55.67,56.96,58.05,58.98,59.77,60.44,0,0,-19.56,4.31,1.78,Ritmo critico
3153509,Alto Jequitibá,MG,Sudeste,50.82,78.73,60.34,80.0,27.91,20.11,95.82,100.0,100.0,100.0,100.0,100.0,1,1,20.0,0.21,20.11,No ritmo da meta
4124053,Santa Terezinha de Itaipu,PR,Sul,81.3,79.46,80.0,80.0,-1.84,-1.78,77.95,76.66,75.57,74.64,73.85,73.18,0,0,-6.82,0.09,-1.78,Em retrocesso
4311700,Machadinho,RS,Sul,67.76,64.3,71.64,80.0,-3.46,-11.71,54.35,45.89,38.69,32.58,27.39,22.97,0,0,-57.03,2.62,-11.71,Em retrocesso
3511607,Cesário Lange,SP,Sudeste,55.7,51.32,63.64,80.0,-4.38,-0.63,50.78,50.33,49.94,49.61,49.33,49.1,0,0,-30.9,4.78,-0.63,Em retrocesso
2203305,Demerval Lobão,PI,Nordeste,70.15,73.33,73.23,80.0,3.18,4.71,77.33,80.74,83.63,86.09,88.18,89.95,1,1,9.95,1.11,4.71,No ritmo da meta
4218509,Treze Tílias,SC,Sul,74.33,71.92,76.05,80.0,-2.41,-0.59,71.42,70.99,70.63,70.32,70.06,69.84,0,0,-10.16,1.35,-0.59,Em retrocesso
4119103,Piên,PR,Sul,85.9,83.34,80.0,80.0,-2.56,-2.14,81.52,79.97,78.66,77.54,76.59,75.79,1,0,-4.21,-0.56,-2.14,Em retrocesso
4202701,Botuverá,SC,Sul,69.33,65.2,72.68,80.0,-4.13,-1.45,63.97,62.92,62.03,61.27,60.63,60.08,0,0,-19.92,2.47,-1.45,Em retrocesso
3146909,Papagaios,MG,Sudeste,47.1,88.48,57.77,80.0,41.38,26.85,100.0,100.0,100.0,100.0,100.0,100.0,1,1,20.0,-1.41,26.85,No ritmo da meta
3202553,Ibitirama,ES,Sudeste,73.91,79.56,75.77,80.0,5.65,5.17,83.95,87.69,90.86,93.56,95.86,97.81,1,1,17.81,0.07,5.17,No ritmo da meta
3113909,Carmo da Cachoeira,MG,Sudeste,74.34,78.88,76.06,80.0,4.54,8.43,86.05,92.14,97.31,100.0,100.0,100.0,1,1,20.0,0.19,8.43,No ritmo da meta
2616183,Vertente do Lério,PE,Nordeste,83.71,82.94,80.0,80.0,-0.77,2.24,84.84,86.46,87.84,89.01,90.0,90.85,1,1,10.85,-0.49,2.24,Em retrocesso
3556800,Viradouro,SP,Sudeste,63.55,60.23,68.85,80.0,-3.32,-0.1,60.14,60.07,60.01,59.96,59.91,59.88,0,0,-20.12,3.3,-0.1,Em retrocesso
3521101,Ipeúna,SP,Sudeste,44.03,62.62,55.59,80.0,18.59,10.85,71.84,79.68,86.34,92.01,96.82,100.0,1,1,20.0,2.9,10.85,No ritmo da meta
3151701,Poço Fundo,MG,Sudeste,81.87,70.92,80.0,80.0,-10.95,0.68,71.5,71.99,72.41,72.76,73.06,73.32,0,0,-6.68,1.51,0.68,Em retrocesso
4208906,Jaraguá do Sul,SC,Sul,72.79,75.11,75.01,80.0,2.32,1.78,76.62,77.91,79.0,79.93,80.72,81.39,1,1,1.39,0.82,1.78,No ritmo da meta
4210308,Major Vieira,SC,Sul,69.07,74.01,72.51,80.0,4.94,3.09,76.64,78.87,80.77,82.38,83.75,84.92,1,1,4.92,1.0,3.09,No ritmo da meta
3504701,Balbinos,SP,Sudeste,100.0,100.0,80.0,80.0,0.0,1.56,100.0,100.0,100.0,100.0,100.0,100.0,1,1,20.0,-3.33,1.56,No ritmo da meta
5101209,Araguainha,MT,Centro-Oeste,22.22,100.0,37.78,80.0,77.78,42.8,100.0,100.0,100.0,100.0,100.0,100.0,1,1,20.0,-3.33,42.8,No ritmo da meta
2411106,Ruy Barbosa,RN,Nordeste,58.23,35.0,65.33,80.0,-23.23,-9.01,27.34,20.83,15.3,10.6,6.6,3.2,0,0,-76.8,7.5,-9.01,Em retrocesso
2407906,Monte das Gameleiras,RN,Nordeste,33.36,32.92,47.55,80.0,-0.44,2.39,34.95,36.68,38.15,39.39,40.45,41.36,0,0,-38.64,7.85,2.39,Em retrocesso
2501575,Barra de Santana,PB,Nordeste,28.04,49.18,43.12,80.0,21.14,13.13,60.34,69.83,77.89,84.74,90.57,95.52,1,1,15.52,5.14,13.13,No ritmo da meta
2503407,Cacimba de Areia,PB,Nordeste,63.89,52.5,69.08,80.0,-11.39,-3.13,49.84,47.58,45.66,44.02,42.63,41.45,0,0,-38.55,4.58,-3.13,Em retrocesso
4217105,São Martinho,SC,Sul,68.0,70.0,71.8,80.0,2.0,1.62,71.38,72.55,73.54,74.39,75.11,75.72,0,0,-4.28,1.67,1.62,Ritmo insuficiente
2202505,Caracol,PI,Nordeste,60.97,49.31,67.14,80.0,-11.66,-2.71,47.01,45.05,43.38,41.97,40.77,39.75,0,0,-40.25,5.11,-2.71,Em retrocesso
3160454,Santo Antônio do Retiro,MG,Sudeste,78.11,65.69,78.66,80.0,-12.42,-0.05,65.65,65.61,65.58,65.55,65.53,65.51,0,0,-14.49,2.39,-0.05,Em retrocesso
2205805,Luzilândia,PI,Nordeste,51.73,54.9,60.96,80.0,3.17,4.7,58.9,62.29,65.18,67.63,69.72,71.49,0,0,-8.51,4.18,4.7,No ritmo da meta
5209804,Hidrolina,GO,Centro-Oeste,68.26,72.5,71.97,80.0,4.24,5.92,77.53,81.81,85.44,88.54,91.16,93.39,1,1,13.39,1.25,5.92,No ritmo da meta
4308433,Forquetinha,RS,Sul,60.8,55.2,67.03,80.0,-5.6,-12.78,44.34,35.1,27.25,20.58,14.91,10.09,0,0,-69.91,4.13,-12.78,Em retrocesso
4321626,Travesseiro,RS,Sul,87.67,67.8,80.0,80.0,-19.87,-19.91,50.88,36.49,24.26,13.87,5.04,0.0,0,0,-80.0,2.03,-19.91,Em retrocesso
3105202,Bandeira,MG,Sudeste,62.73,77.5,68.31,80.0,14.77,13.54,89.01,98.79,100.0,100.0,100.0,100.0,1,1,20.0,0.42,13.54,No ritmo da meta
4306320,Derrubadas,RS,Sul,49.71,80.0,59.58,80.0,30.29,5.17,84.39,88.13,91.3,94.0,96.3,98.25,1,1,18.25,0.0,5.17,No ritmo da meta
3138682,Luislândia,MG,Sudeste,50.0,85.0,59.77,80.0,35.0,23.66,100.0,100.0,100.0,100.0,100.0,100.0,1,1,20.0,-0.83,23.66,No ritmo da meta
3153806,Queluzito,MG,Sudeste,61.54,95.0,67.52,80.0,33.46,22.89,100.0,100.0,100.0,100.0,100.0,100.0,1,1,20.0,-2.5,22.89,No ritmo da meta
2605400,Feira Nova,PE,Nordeste,85.66,83.27,80.0,80.0,-2.39,1.43,84.49,85.52,86.4,87.14,87.78,88.32,1,1,8.32,-0.54,1.43,Em retrocesso
3204658,São Domingos do Norte,ES,Sudeste,88.07,84.74,80.0,80.0,-3.33,0.68,85.32,85.81,86.23,86.58,86.88,87.14,1,1,7.14,-0.79,0.68,Em retrocesso
1701309,Aragominas,TO,Norte,24.61,52.57,40.05,80.0,27.96,18.08,67.94,81.0,92.1,100.0,100.0,100.0,1,1,20.0,4.57,18.08,No ritmo da meta
5220504,Serranópolis,GO,Centro-Oeste,54.47,66.65,62.81,80.0,12.18,9.89,75.06,82.2,88.28,93.44,97.83,100.0,1,1,20.0,2.22,9.89,No ritmo da meta
4319406,São Pedro do Sul,RS,Sul,77.14,61.6,77.99,80.0,-15.54,-17.75,46.51,33.69,22.79,13.52,5.65,0.0,0,0,-80.0,3.07,-17.75,Em retrocesso
3132404,Itajubá,MG,Sudeste,59.76,79.1,66.34,80.0,19.34,15.83,92.56,100.0,100.0,100.0,100.0,100.0,1,1,20.0,0.15,15.83,No ritmo da meta
4306007,Crissiumal,RS,Sul,73.17,57.4,75.26,80.0,-15.77,-17.86,42.22,29.32,18.35,9.02,1.1,0.0,0,0,-80.0,3.77,-17.86,Em retrocesso
1716703,Colméia,TO,Norte,48.45,60.62,58.71,80.0,12.17,10.19,69.28,76.64,82.9,88.22,92.74,96.59,1,1,16.59,3.23,10.19,No ritmo da meta
3535507,Paraguaçu Paulista,SP,Sudeste,48.18,56.93,58.52,80.0,8.75,5.93,61.97,66.25,69.9,72.99,75.62,77.86,1,0,-2.14,3.84,5.93,No ritmo da meta
5203203,Barro Alto,GO,Centro-Oeste,80.55,77.88,80.0,80.0,-2.67,2.47,79.98,81.76,83.28,84.57,85.67,86.6,0,1,6.6,0.35,2.47,Em retrocesso
2616100,Verdejante,PE,Nordeste,53.39,68.84,62.08,80.0,15.45,10.35,77.64,85.12,91.47,96.87,100.0,100.0,1,1,20.0,1.86,10.35,No ritmo da meta
3134103,Itueta,MG,Sudeste,55.54,79.92,63.53,80.0,24.38,18.35,95.52,100.0,100.0,100.0,100.0,100.0,1,1,20.0,0.01,18.35,No ritmo da meta
3119807,Córrego Danta,MG,Sudeste,84.09,75.27,80.0,80.0,-8.82,1.75,76.76,78.02,79.1,80.01,80.79,81.45,0,1,1.45,0.79,1.75,Em retrocesso
3522406,Itapeva,SP,Sudeste,53.35,56.2,62.06,80.0,2.85,2.98,58.73,60.89,62.72,64.27,65.59,66.72,0,0,-13.28,3.97,2.98,Ritmo insuficiente
3114105,Carmo de Minas,MG,Sudeste,56.53,71.02,64.19,80.0,14.49,13.4,82.41,92.09,100.0,100.0,100.0,100.0,1,1,20.0,1.5,13.4,No ritmo da meta
4111605,Ivatuba,PR,Sul,78.82,86.72,79.16,80.0,7.9,3.09,89.35,91.58,93.48,95.09,96.46,97.63,1,1,17.63,-1.12,3.09,No ritmo da meta
5215603,Padre Bernardo,GO,Centro-Oeste,58.23,69.56,65.33,80.0,11.33,9.47,77.61,84.45,90.27,95.21,99.41,100.0,1,1,20.0,1.74,9.47,No ritmo da meta
3203346,Marechal Floriano,ES,Sudeste,78.21,86.57,78.73,80.0,8.36,6.52,92.11,96.82,100.0,100.0,100.0,100.0,1,1,20.0,-1.09,6.52,No ritmo da meta
2507309,Jacaraú,PB,Nordeste,34.78,51.18,48.68,80.0,16.4,10.76,60.33,68.1,74.71,80.32,85.1,89.16,1,1,9.16,4.8,10.76,No ritmo da meta
3126000,Florestal,MG,Sudeste,57.15,85.73,64.61,80.0,28.58,20.45,100.0,100.0,100.0,100.0,100.0,100.0,1,1,20.0,-0.96,20.45,No ritmo da meta
4107546,Espigão Alto do Iguaçu,PR,Sul,71.95,81.78,74.44,80.0,9.83,4.05,85.22,88.15,90.64,92.75,94.55,96.07,1,1,16.07,-0.3,4.05,No ritmo da meta
3540200,Pontal,SP,Sudeste,60.04,64.47,66.53,80.0,4.43,3.77,67.67,70.4,72.71,74.68,76.35,77.78,1,0,-2.22,2.59,3.77,No ritmo da meta
3545407,Salto Grande,SP,Sudeste,60.22,44.94,66.65,80.0,-15.28,-6.08,39.77,35.38,31.65,28.47,25.77,23.48,0,0,-56.52,5.84,-6.08,Em retrocesso
4116307,Munhoz de Melo,PR,Sul,53.23,80.0,61.98,80.0,26.77,12.52,90.64,99.69,100.0,100.0,100.0,100.0,1,1,20.0,0.0,12.52,No ritmo da meta
3504008,Assis,SP,Sudeste,43.37,54.85,55.12,80.0,11.48,7.3,61.06,66.33,70.81,74.62,77.86,80.62,1,1,0.62,4.19,7.3,No ritmo da meta
2208601,Prata do Piauí,PI,Nordeste,14.28,47.93,29.23,80.0,33.65,19.94,64.88,79.29,91.53,100.0,100.0,100.0,1,1,20.0,5.34,19.94,No ritmo da meta
3554805,Tremembé,SP,Sudeste,42.84,54.73,54.74,80.0,11.89,7.5,61.1,66.52,71.13,75.04,78.37,81.2,1,1,1.2,4.21,7.5,No ritmo da meta
3533254,Novais,SP,Sudeste,68.58,63.99,72.18,80.0,-4.59,-0.74,63.36,62.83,62.37,61.99,61.66,61.38,0,0,-18.62,2.67,-0.74,Em retrocesso
3130101,Igarapé,MG,Sudeste,51.87,73.84,61.05,80.0,21.97,17.14,88.41,100.0,100.0,100.0,100.0,100.0,1,1,20.0,1.03,17.14,No ritmo da meta
4107751,Figueira,PR,Sul,82.1,77.82,80.0,80.0,-4.28,-3.0,75.27,73.1,71.26,69.69,68.36,67.23,0,0,-12.77,0.36,-3.0,Em retrocesso
5212105,Joviânia,GO,Centro-Oeste,57.9,67.17,65.11,80.0,9.27,8.44,74.34,80.44,85.63,90.03,93.78,96.96,1,1,16.96,2.14,8.44,No ritmo da meta
3204005,Pancas,ES,Sudeste,83.04,85.86,80.0,80.0,2.82,3.75,89.05,91.76,94.06,96.02,97.68,99.1,1,1,19.1,-0.98,3.75,No ritmo da meta
3112406,Capetinga,MG,Sudeste,54.82,79.03,,,24.21,18.26,94.55,100.0,100.0,100.0,100.0,100.0,0,0,,,18.26,Ritmo critico
2201606,Beneditinos,PI,Nordeste,77.58,68.49,78.29,80.0,-9.09,-1.43,67.27,66.24,65.36,64.62,63.98,63.44,0,0,-16.56,1.92,-1.43,Em retrocesso
5210109,Ipameri,GO,Centro-Oeste,64.1,74.13,69.21,80.0,10.03,8.82,81.63,88.0,93.42,98.02,100.0,100.0,1,1,20.0,0.98,8.82,No ritmo da meta
5206305,Cristianópolis,GO,Centro-Oeste,88.62,82.2,80.0,80.0,-6.42,0.59,82.7,83.13,83.49,83.8,84.06,84.28,1,1,4.28,-0.37,0.59,Em retrocesso
2503704,Cajazeiras,PB,Nordeste,51.68,50.91,60.92,80.0,-0.77,2.18,52.76,54.34,55.68,56.81,57.78,58.6,0,0,-21.4,4.85,2.18,Em retrocesso
3161502,São Geraldo,MG,Sudeste,81.24,92.77,80.0,80.0,11.53,11.92,100.0,100.0,100.0,100.0,100.0,100.0,1,1,20.0,-2.13,11.92,No ritmo da meta
3164308,São Roque de Minas,MG,Sudeste,71.16,77.02,73.91,80.0,5.86,9.09,84.75,91.31,96.9,100.0,100.0,100.0,1,1,20.0,0.5,9.09,No ritmo da meta
5221601,Uruaçu,GO,Centro-Oeste,69.31,76.87,72.67,80.0,7.56,7.58,83.31,88.79,93.44,97.4,100.0,100.0,1,1,20.0,0.52,7.58,No ritmo da meta
2104099,Formosa da Serra Negra,MA,Nordeste,85.6,84.29,80.0,80.0,-1.31,0.39,84.62,84.9,85.14,85.35,85.52,85.67,1,1,5.67,-0.72,0.39,Em retrocesso
1716208,Paranã,TO,Norte,42.28,68.45,54.33,80.0,26.17,17.19,83.06,95.48,100.0,100.0,100.0,100.0,1,1,20.0,1.92,17.19,No ritmo da meta
2702108,Colônia Leopoldina,AL,Nordeste,84.66,73.25,80.0,80.0,-11.41,-2.38,71.23,69.51,68.05,66.8,65.75,64.85,0,0,-15.15,1.12,-2.38,Em retrocesso
5204102,Cachoeira Alta,GO,Centro-Oeste,73.19,78.35,75.28,80.0,5.16,6.38,83.77,88.38,92.3,95.63,98.46,100.0,1,1,20.0,0.28,6.38,No ritmo da meta
3557204,Chavantes,SP,Sudeste,38.04,51.58,51.19,80.0,13.54,8.33,58.66,64.68,69.79,74.14,77.84,80.98,1,1,0.98,4.74,8.33,No ritmo da meta
3549805,São José do Rio Preto,SP,Sudeste,52.06,56.85,61.18,80.0,4.79,3.95,60.21,63.06,65.49,67.55,69.3,70.79,0,0,-9.21,3.86,3.95,No ritmo da meta
3145604,Oliveira,MG,Sudeste,49.74,80.67,59.6,80.0,30.93,21.62,99.05,100.0,100.0,100.0,100.0,100.0,1,1,20.0,-0.11,21.62,No ritmo da meta
5209150,Gouvelândia,GO,Centro-Oeste,39.78,81.36,52.5,80.0,41.58,24.59,100.0,100.0,100.0,100.0,100.0,100.0,1,1,20.0,-0.23,24.59,No ritmo da meta
2511608,Pilões,PB,Nordeste,41.76,61.18,53.95,80.0,19.42,12.27,71.61,80.47,88.01,94.41,99.86,100.0,1,1,20.0,3.14,12.27,No ritmo da meta
4101408,Apucarana,PR,Sul,82.14,78.78,80.0,80.0,-3.36,-2.54,76.62,74.79,73.23,71.9,70.77,69.82,0,0,-10.18,0.2,-2.54,Em retrocesso
3134608,Jaboticatubas,MG,Sudeste,69.36,75.36,72.7,80.0,6.0,9.16,83.15,89.76,95.39,100.0,100.0,100.0,1,1,20.0,0.77,9.16,No ritmo da meta
3509254,Cajati,SP,Sudeste,58.94,57.52,65.8,80.0,-1.42,0.85,58.24,58.86,59.38,59.82,60.2,60.52,0,0,-19.48,3.75,0.85,Em retrocesso
5004700,Ivinhema,MS,Centro-Oeste,61.82,68.78,67.71,80.0,6.96,7.68,75.31,80.86,85.57,89.58,92.99,95.89,1,1,15.89,1.87,7.68,No ritmo da meta
4313391,Novo Cabrais,RS,Sul,86.08,77.0,80.0,80.0,-9.08,-14.52,64.66,54.17,45.25,37.67,31.23,25.75,0,0,-54.25,0.5,-14.52,Em retrocesso
3526100,Juquiá,SP,Sudeste,54.87,55.18,63.08,80.0,0.31,1.71,56.63,57.87,58.92,59.81,60.57,61.22,0,0,-18.78,4.14,1.71,Ritmo critico
3532827,Nova Campina,SP,Sudeste,45.1,61.55,56.36,80.0,16.45,9.78,69.86,76.93,82.94,88.04,92.38,96.07,1,1,16.07,3.08,9.78,No ritmo da meta
3547809,Santo André,SP,Sudeste,52.84,56.5,61.71,80.0,3.66,3.39,59.38,61.83,63.91,65.68,67.19,68.46,0,0,-11.54,3.92,3.39,Ritmo insuficiente
3163607,São José do Mantimento,MG,Sudeste,47.74,87.17,58.21,80.0,39.43,25.87,100.0,100.0,100.0,100.0,100.0,100.0,1,1,20.0,-1.2,25.87,No ritmo da meta
5107776,Santa Terezinha,MT,Centro-Oeste,39.81,40.74,52.52,80.0,0.93,4.38,44.46,47.63,50.32,52.6,54.55,56.2,0,0,-23.8,6.54,4.38,Ritmo insuficiente
3506805,Bocaina,SP,Sudeste,32.75,49.59,47.06,80.0,16.84,9.98,58.07,65.28,71.41,76.62,81.05,84.81,1,1,4.81,5.07,9.98,No ritmo da meta
5108402,Várzea Grande,MT,Centro-Oeste,47.94,61.76,58.35,80.0,13.82,10.82,70.96,78.77,85.42,91.07,95.87,99.95,1,1,19.95,3.04,10.82,No ritmo da meta
3112802,Capitólio,MG,Sudeste,83.44,78.93,80.0,80.0,-4.51,3.9,82.24,85.06,87.46,89.49,91.22,92.69,1,1,12.69,0.18,3.9,Em retrocesso
3513108,Cravinhos,SP,Sudeste,41.9,59.0,54.06,80.0,17.1,10.11,67.59,74.9,81.11,86.38,90.87,94.68,1,1,14.68,3.5,10.11,No ritmo da meta
3205036,Vargem Alta,ES,Sudeste,70.93,72.05,73.75,80.0,1.12,2.9,74.52,76.61,78.39,79.91,81.19,82.29,1,1,2.29,1.33,2.9,No ritmo da meta
4104451,Cantagalo,PR,Sul,65.68,71.81,70.26,80.0,6.13,2.2,73.68,75.27,76.62,77.77,78.75,79.57,1,0,-0.43,1.36,2.2,No ritmo da meta
3146206,Ouro Verde de Minas,MG,Sudeste,51.25,78.41,60.63,80.0,27.16,19.74,95.19,100.0,100.0,100.0,100.0,100.0,1,1,20.0,0.27,19.74,No ritmo da meta
3541703,Quatá,SP,Sudeste,66.25,68.43,70.64,80.0,2.18,2.65,70.68,72.6,74.22,75.61,76.78,77.78,1,0,-2.22,1.93,2.65,No ritmo da meta
3137809,Lambari,MG,Sudeste,65.73,74.76,70.29,80.0,9.03,10.67,83.83,91.54,98.09,100.0,100.0,100.0,1,1,20.0,0.87,10.67,No ritmo da meta
2701100,Branquinha,AL,Nordeste,76.44,79.89,77.5,80.0,3.45,5.05,84.18,87.83,90.93,93.57,95.81,97.71,1,1,17.71,0.02,5.05,No ritmo da meta
5215009,Nova Veneza,GO,Centro-Oeste,86.43,76.22,80.0,80.0,-10.21,-1.3,75.11,74.18,73.38,72.7,72.12,71.63,0,0,-8.37,0.63,-1.3,Em retrocesso
4205175,Entre Rios,SC,Sul,69.89,65.16,,,-4.73,-1.75,63.67,62.41,61.33,60.42,59.64,58.98,0,0,,,-1.75,Em retrocesso
2408607,Paraná,RN,Nordeste,48.35,27.59,36.07,80.0,-20.76,-7.77,20.99,15.37,10.6,6.54,3.1,0.17,0,0,-79.83,8.74,-7.77,Em retrocesso
3512506,Coroados,SP,Sudeste,69.43,72.95,72.75,80.0,3.52,3.32,75.77,78.17,80.21,81.94,83.42,84.67,1,1,4.67,1.17,3.32,No ritmo da meta
5210604,Itaguaru,GO,Centro-Oeste,81.65,89.89,80.0,80.0,8.24,7.92,96.62,100.0,100.0,100.0,100.0,100.0,1,1,20.0,-1.65,7.92,No ritmo da meta
3108206,Bonfinópolis de Minas,MG,Sudeste,81.81,71.88,80.0,80.0,-9.93,1.19,72.89,73.75,74.48,75.1,75.63,76.08,0,0,-3.92,1.35,1.19,Em retrocesso
5101407,Aripuanã,MT,Centro-Oeste,60.16,61.83,66.61,80.0,1.67,4.75,65.87,69.3,72.22,74.7,76.8,78.6,0,0,-1.4,3.03,4.75,No ritmo da meta
2103406,Coelho Neto,MA,Nordeste,60.53,76.13,66.85,80.0,15.6,8.85,83.65,90.05,95.48,100.0,100.0,100.0,1,1,20.0,0.65,8.85,No ritmo da meta
5107602,Rondonópolis,MT,Centro-Oeste,52.75,60.49,61.65,80.0,7.74,7.78,67.1,72.72,77.5,81.56,85.02,87.95,1,1,7.95,3.25,7.78,No ritmo da meta
3200508,Apiacá,ES,Sudeste,58.4,62.88,65.44,80.0,4.48,4.58,66.77,70.08,72.89,75.29,77.32,79.05,1,0,-0.95,2.85,4.58,No ritmo da meta
3548054,Santo Antônio do Aracanguá,SP,Sudeste,50.15,62.22,59.88,80.0,12.07,7.59,68.67,74.16,78.82,82.78,86.15,89.01,1,1,9.01,2.96,7.59,No ritmo da meta
3536109,Pardinho,SP,Sudeste,57.74,56.51,65.0,80.0,-1.23,0.94,57.31,57.99,58.57,59.06,59.47,59.83,0,0,-20.17,3.92,0.94,Em retrocesso
1600600,Santana,AP,Norte,41.76,55.32,53.95,80.0,13.56,10.3,64.08,71.52,77.84,83.22,87.79,91.67,1,1,11.67,4.11,10.3,No ritmo da meta
3165537,Sarzedo,MG,Sudeste,80.06,82.39,80.0,80.0,2.33,7.32,88.61,93.9,98.4,100.0,100.0,100.0,1,1,20.0,-0.4,7.32,No ritmo da meta
3137700,Lajinha,MG,Sudeste,72.03,69.27,74.49,80.0,-2.76,4.78,73.33,76.79,79.72,82.22,84.34,86.14,0,1,6.14,1.79,4.78,Em retrocesso
4113908,Mallet,PR,Sul,82.55,87.79,80.0,80.0,5.24,1.76,89.29,90.56,91.64,92.56,93.34,94.0,1,1,14.0,-1.3,1.76,No ritmo da meta
3104452,Aricanduva,MG,Sudeste,56.47,84.87,64.15,80.0,28.4,20.36,100.0,100.0,100.0,100.0,100.0,100.0,1,1,20.0,-0.81,20.36,No ritmo da meta
3113503,Carbonita,MG,Sudeste,64.55,70.78,69.51,80.0,6.23,9.27,78.66,85.36,91.05,95.89,100.0,100.0,1,1,20.0,1.54,9.27,No ritmo da meta
3170651,Vargem Grande do Rio Pardo,MG,Sudeste,61.64,89.89,67.59,80.0,28.25,20.28,100.0,100.0,100.0,100.0,100.0,100.0,1,1,20.0,-1.65,20.28,No ritmo da meta
4212106,Palmitos,SC,Sul,58.21,64.41,65.31,80.0,6.2,3.72,67.57,70.26,72.54,74.49,76.14,77.54,1,0,-2.46,2.6,3.72,No ritmo da meta
3504305,Avaí,SP,Sudeste,55.32,65.24,63.38,80.0,9.92,6.52,70.78,75.49,79.5,82.9,85.79,88.25,1,1,8.25,2.46,6.52,No ritmo da meta
3503208,Araraquara,SP,Sudeste,55.9,62.01,63.77,80.0,6.11,4.61,65.93,69.26,72.09,74.5,76.54,78.28,1,0,-1.72,3.0,4.61,No ritmo da meta
2918902,Lajedão,BA,Nordeste,58.38,48.28,65.43,80.0,-10.1,-5.5,43.6,39.63,36.25,33.38,30.94,28.87,0,0,-51.13,5.29,-5.5,Em retrocesso
5205109,Catalão,GO,Centro-Oeste,64.88,76.88,69.73,80.0,12.0,9.8,85.21,92.29,98.31,100.0,100.0,100.0,1,1,20.0,0.52,9.8,No ritmo da meta
2602407,Brejão,PE,Nordeste,67.02,86.18,71.15,80.0,19.16,12.2,96.55,100.0,100.0,100.0,100.0,100.0,1,1,20.0,-1.03,12.2,No ritmo da meta
4115002,Marilena,PR,Sul,84.46,75.36,80.0,80.0,-9.1,-5.41,70.76,66.85,63.53,60.71,58.31,56.27,0,0,-23.73,0.77,-5.41,Em retrocesso
3122702,Dom Silvério,MG,Sudeste,66.83,92.48,71.02,80.0,25.65,18.98,100.0,100.0,100.0,100.0,100.0,100.0,1,1,20.0,-2.08,18.98,No ritmo da meta
2409407,Pau dos Ferros,RN,Nordeste,38.86,38.9,51.81,80.0,0.04,2.63,41.14,43.04,44.65,46.02,47.19,48.18,0,0,-31.82,6.85,2.63,Ritmo critico
5107040,Primavera do Leste,MT,Centro-Oeste,49.15,58.79,59.19,80.0,9.64,8.73,66.21,72.52,77.88,82.44,86.31,89.6,1,1,9.6,3.54,8.73,No ritmo da meta
3203007,Iúna,ES,Sudeste,71.93,67.97,74.43,80.0,-3.96,0.36,68.28,68.54,68.76,68.95,69.1,69.24,0,0,-10.76,2.01,0.36,Em retrocesso
2614402,Solidão,PE,Nordeste,74.63,93.99,76.26,80.0,19.36,12.3,100.0,100.0,100.0,100.0,100.0,100.0,1,1,20.0,-2.33,12.3,No ritmo da meta
4110201,Inácio Martins,PR,Sul,73.43,70.03,75.44,80.0,-3.4,-2.56,67.85,66.0,64.43,63.1,61.96,60.99,0,0,-19.01,1.66,-2.56,Em retrocesso
3108305,Borda da Mata,MG,Sudeste,65.55,81.21,70.17,80.0,15.66,13.99,93.1,100.0,100.0,100.0,100.0,100.0,1,1,20.0,-0.2,13.99,No ritmo da meta
3169307,Três Corações,MG,Sudeste,50.69,70.26,60.25,80.0,19.57,15.94,83.81,95.33,100.0,100.0,100.0,100.0,1,1,20.0,1.62,15.94,No ritmo da meta
3145877,Orizânia,MG,Sudeste,62.75,75.97,68.32,80.0,13.22,12.77,86.82,96.05,100.0,100.0,100.0,100.0,1,1,20.0,0.67,12.77,No ritmo da meta
5215306,Orizona,GO,Centro-Oeste,86.48,77.75,80.0,80.0,-8.73,-0.56,77.27,76.87,76.53,76.23,75.98,75.77,0,0,-4.23,0.38,-0.56,Em retrocesso
3507407,Borborema,SP,Sudeste,93.18,70.83,80.0,80.0,-22.35,-9.62,62.65,55.7,49.79,44.77,40.5,36.88,0,0,-43.12,1.53,-9.62,Em retrocesso
3537305,Penápolis,SP,Sudeste,60.58,61.01,66.89,80.0,0.43,1.77,62.51,63.79,64.88,65.8,66.59,67.26,0,0,-12.74,3.17,1.77,Ritmo critico
3144805,Nova Lima,MG,Sudeste,56.76,79.6,64.35,80.0,22.84,17.58,94.54,100.0,100.0,100.0,100.0,100.0,1,1,20.0,0.07,17.58,No ritmo da meta
3125705,Felixlândia,MG,Sudeste,52.03,75.1,61.16,80.0,23.07,17.69,90.14,100.0,100.0,100.0,100.0,100.0,1,1,20.0,0.82,17.69,No ritmo da meta
3527306,Louveira,SP,Sudeste,54.63,58.25,62.92,80.0,3.62,3.37,61.11,63.55,65.62,67.38,68.87,70.14,0,0,-9.86,3.62,3.37,Ritmo insuficiente
3525854,Jumirim,SP,Sudeste,76.39,50.81,77.47,80.0,-25.58,-11.23,41.26,33.15,26.25,20.39,15.41,11.17,0,0,-68.83,4.86,-11.23,Em retrocesso
4124509,Santo Inácio,PR,Sul,91.05,80.07,80.0,80.0,-10.98,-6.35,74.67,70.08,66.18,62.87,60.05,57.66,0,0,-22.34,-0.01,-6.35,Em retrocesso
3116704,Coimbra,MG,Sudeste,76.92,83.5,77.83,80.0,6.58,9.45,91.53,98.36,100.0,100.0,100.0,100.0,1,1,20.0,-0.58,9.45,No ritmo da meta
4127205,Terra Boa,PR,Sul,85.98,89.1,80.0,80.0,3.12,0.7,89.7,90.2,90.63,91.0,91.31,91.57,1,1,11.57,-1.52,0.7,No ritmo da meta
5106000,Nortelândia,MT,Centro-Oeste,47.48,65.5,58.03,80.0,18.02,12.92,76.48,85.82,93.75,100.0,100.0,100.0,1,1,20.0,2.42,12.92,No ritmo da meta
3203130,João Neiva,ES,Sudeste,71.84,77.28,74.37,80.0,5.44,5.06,81.58,85.24,88.34,90.99,93.23,95.14,1,1,15.14,0.45,5.06,No ritmo da meta
2501302,Aroeiras,PB,Nordeste,67.95,44.46,71.77,80.0,-23.49,-9.18,36.66,30.02,24.39,19.59,15.52,12.06,0,0,-67.94,5.92,-9.18,Em retrocesso
1712157,Lavandeira,TO,Norte,69.23,58.81,72.62,80.0,-10.42,-1.11,57.87,57.06,56.38,55.8,55.31,54.89,0,0,-25.11,3.53,-1.11,Em retrocesso
3512209,Conchal,SP,Sudeste,53.98,55.54,62.48,80.0,1.56,2.34,57.53,59.22,60.66,61.88,62.92,63.8,0,0,-16.2,4.08,2.34,Ritmo critico
2921807,Mortugaba,BA,Nordeste,68.97,60.0,72.44,80.0,-8.97,-4.94,55.8,52.23,49.2,46.62,44.43,42.56,0,0,-37.44,3.33,-4.94,Em retrocesso
3525805,Júlio Mesquita,SP,Sudeste,66.76,55.26,70.98,80.0,-11.5,-4.19,51.7,48.67,46.1,43.91,42.05,40.47,0,0,-39.53,4.12,-4.19,Em retrocesso
4216909,São Lourenço do Oeste,SC,Sul,71.41,71.25,74.08,80.0,-0.16,0.54,71.71,72.1,72.43,72.71,72.95,73.16,0,0,-6.84,1.46,0.54,Em retrocesso
3553104,Taiaçu,SP,Sudeste,67.19,38.71,71.26,80.0,-28.48,-12.68,27.93,18.77,10.98,4.36,0.0,0.0,0,0,-80.0,6.88,-12.68,Em retrocesso
3202603,Iconha,ES,Sudeste,76.34,75.87,77.43,80.0,-0.47,2.11,77.66,79.19,80.48,81.59,82.52,83.32,1,1,3.32,0.69,2.11,Em retrocesso
3150539,Pingo-d'Água,MG,Sudeste,34.7,81.43,48.61,80.0,46.73,29.52,100.0,100.0,100.0,100.0,100.0,100.0,1,1,20.0,-0.24,29.52,No ritmo da meta
3170529,Urucuia,MG,Sudeste,56.93,67.15,64.46,80.0,10.22,11.27,76.73,84.87,91.79,97.68,100.0,100.0,1,1,20.0,2.14,11.27,No ritmo da meta
2610509,Passira,PE,Nordeste,74.89,76.23,76.43,80.0,1.34,3.29,79.03,81.4,83.42,85.14,86.6,87.84,1,1,7.84,0.63,3.29,No ritmo da meta
3543907,Rio Claro,SP,Sudeste,50.27,54.52,59.96,80.0,4.25,3.68,57.65,60.31,62.57,64.49,66.12,67.51,0,0,-12.49,4.25,3.68,Ritmo insuficiente
5107404,São Pedro da Cipa,MT,Centro-Oeste,72.89,76.26,75.07,80.0,3.37,5.6,81.02,85.07,88.51,91.43,93.91,96.03,1,1,16.03,0.62,5.6,No ritmo da meta
4107207,Dois Vizinhos,PR,Sul,83.75,82.56,80.0,80.0,-1.19,-1.46,81.32,80.26,79.37,78.61,77.96,77.41,1,0,-2.59,-0.43,-1.46,Em retrocesso
4314027,Paraíso do Sul,RS,Sul,82.26,52.6,80.0,80.0,-29.66,-24.81,31.51,13.59,0.0,0.0,0.0,0.0,0,0,-80.0,4.57,-24.81,Em retrocesso
3108602,Brasília de Minas,MG,Sudeste,75.06,76.32,76.55,80.0,1.26,6.79,82.09,87.0,91.17,94.71,97.72,100.0,1,1,20.0,0.61,6.79,No ritmo da meta
2204709,Inhuma,PI,Nordeste,55.39,67.52,63.43,80.0,12.13,9.18,75.32,81.96,87.59,92.39,96.46,99.92,1,1,19.92,2.08,9.18,No ritmo da meta
4205506,Fraiburgo,SC,Sul,66.55,77.72,70.84,80.0,11.17,6.2,82.99,87.47,91.28,94.51,97.26,99.6,1,1,19.6,0.38,6.2,No ritmo da meta
4122909,Salto do Itararé,PR,Sul,64.52,73.64,69.49,80.0,9.12,3.7,76.78,79.46,81.73,83.66,85.3,86.7,1,1,6.7,1.06,3.7,No ritmo da meta
3137106,Lagamar,MG,Sudeste,91.73,56.25,80.0,80.0,-35.48,-11.58,46.41,38.04,30.93,24.88,19.75,15.38,0,0,-64.62,3.96,-11.58,Em retrocesso
3131901,Itabirito,MG,Sudeste,59.98,80.44,66.49,80.0,20.46,16.39,94.37,100.0,100.0,100.0,100.0,100.0,1,1,20.0,-0.07,16.39,No ritmo da meta
2500734,Amparo,PB,Nordeste,85.27,41.89,80.0,80.0,-43.38,-19.13,25.63,11.81,0.06,0.0,0.0,0.0,0,0,-80.0,6.35,-19.13,Em retrocesso
4311601,Liberato Salzano,RS,Sul,73.29,73.9,75.34,80.0,0.61,-9.67,65.68,58.69,52.76,47.71,43.42,39.77,0,0,-40.23,1.02,-9.67,Ritmo critico
4313706,Palmeira das Missões,RS,Sul,48.72,49.5,58.89,80.0,0.78,-9.59,41.35,34.42,28.53,23.52,19.27,15.65,0,0,-64.35,5.08,-9.59,Ritmo critico
3556701,Vinhedo,SP,Sudeste,51.4,56.12,60.73,80.0,4.72,3.92,59.45,62.28,64.69,66.74,68.48,69.96,0,0,-10.04,3.98,3.92,Ritmo insuficiente
4205159,Doutor Pedrinho,SC,Sul,52.09,79.1,79.25,80.0,27.01,14.12,91.1,100.0,100.0,100.0,100.0,100.0,1,1,20.0,0.15,14.12,No ritmo da meta
5100508,Alto Paraguai,MT,Centro-Oeste,67.56,52.43,71.51,80.0,-15.13,-3.65,49.33,46.69,44.45,42.54,40.92,39.55,0,0,-40.45,4.6,-3.65,Em retrocesso
3546306,Santa Cruz das Palmeiras,SP,Sudeste,49.45,59.69,59.4,80.0,10.24,6.68,65.37,70.19,74.3,77.78,80.75,83.27,1,1,3.27,3.38,6.68,No ritmo da meta
4200200,Agrolândia,SC,Sul,81.23,76.03,80.0,80.0,-5.2,-1.98,74.35,72.92,71.7,70.67,69.79,69.04,0,0,-10.96,0.66,-1.98,Em retrocesso
5214408,Nazário,GO,Centro-Oeste,79.0,83.94,79.29,80.0,4.94,6.27,89.27,93.8,97.65,100.0,100.0,100.0,1,1,20.0,-0.66,6.27,No ritmo da meta
2601300,Barra de Guabiraba,PE,Nordeste,80.78,86.54,80.0,80.0,5.76,5.5,91.22,95.19,98.57,100.0,100.0,100.0,1,1,20.0,-1.09,5.5,No ritmo da meta
3546603,Santa Fé do Sul,SP,Sudeste,59.21,54.03,65.98,80.0,-5.18,-1.03,53.15,52.41,51.78,51.24,50.78,50.39,0,0,-29.61,4.33,-1.03,Em retrocesso
3205309,Vitória,ES,Sudeste,65.88,73.2,70.39,80.0,7.32,6.0,78.3,82.64,86.32,89.45,92.11,94.38,1,1,14.38,1.13,6.0,No ritmo da meta
2603405,Calumbi,PE,Nordeste,74.41,86.03,76.11,80.0,11.62,8.43,93.2,99.29,100.0,100.0,100.0,100.0,1,1,20.0,-1.01,8.43,No ritmo da meta
3164209,São Romão,MG,Sudeste,50.94,77.76,60.42,80.0,26.82,19.57,94.39,100.0,100.0,100.0,100.0,100.0,1,1,20.0,0.37,19.57,No ritmo da meta
3202801,Itapemirim,ES,Sudeste,60.92,75.42,67.11,80.0,14.5,9.59,83.57,90.5,96.39,100.0,100.0,100.0,1,1,20.0,0.76,9.59,No ritmo da meta
5203500,Bom Jesus de Goiás,GO,Centro-Oeste,75.75,81.51,77.02,80.0,5.76,6.68,87.19,92.01,96.12,99.6,100.0,100.0,1,1,20.0,-0.25,6.68,No ritmo da meta
3152600,Pouso Alto,MG,Sudeste,78.44,79.55,78.89,80.0,1.11,6.71,85.25,90.1,94.22,97.72,100.0,100.0,1,1,20.0,0.08,6.71,No ritmo da meta
3100708,Água Comprida,MG,Sudeste,96.84,55.3,80.0,80.0,-41.54,-14.61,42.88,32.33,23.35,15.73,9.24,3.73,0,0,-76.27,4.12,-14.61,Em retrocesso
2111078,São João do Soter,MA,Nordeste,24.38,53.45,39.83,80.0,29.07,15.58,66.69,77.95,87.52,95.65,100.0,100.0,1,1,20.0,4.42,15.58,No ritmo da meta
2509008,Manaíra,PB,Nordeste,91.08,50.66,80.0,80.0,-40.42,-17.65,35.66,22.91,12.07,2.85,0.0,0.0,0,0,-80.0,4.89,-17.65,Em retrocesso
3114501,Carmópolis de Minas,MG,Sudeste,76.93,81.68,77.84,80.0,4.75,8.53,88.93,95.09,100.0,100.0,100.0,100.0,1,1,20.0,-0.28,8.53,No ritmo da meta
4312450,Morro Redondo,RS,Sul,72.96,47.4,75.12,80.0,-25.56,-22.76,28.05,11.61,0.0,0.0,0.0,0.0,0,0,-80.0,5.43,-22.76,Em retrocesso
1707553,Fátima,TO,Norte,52.54,57.84,61.51,80.0,5.3,6.75,63.58,68.45,72.6,76.12,79.12,81.66,1,1,1.66,3.69,6.75,No ritmo da meta
3520301,Iguape,SP,Sudeste,57.18,61.67,64.63,80.0,4.49,3.8,64.9,67.65,69.98,71.96,73.65,75.08,1,0,-4.92,3.06,3.8,No ritmo da meta
5214838,Nova Crixás,GO,Centro-Oeste,64.36,71.87,69.39,80.0,7.51,7.56,78.3,83.76,88.4,92.35,95.7,98.55,1,1,18.55,1.35,7.56,No ritmo da meta
3524303,Jaboticabal,SP,Sudeste,53.01,57.94,61.83,80.0,4.93,4.02,61.36,64.26,66.73,68.83,70.61,72.13,0,0,-7.87,3.68,4.02,No ritmo da meta
4302659,Brochier,RS,Sul,64.81,57.5,69.68,80.0,-7.31,-13.63,45.91,36.07,27.7,20.58,14.53,9.39,0,0,-70.61,3.75,-13.63,Em retrocesso
3503000,Aramina,SP,Sudeste,43.28,72.03,55.06,80.0,28.75,15.93,85.57,97.08,100.0,100.0,100.0,100.0,1,1,20.0,1.33,15.93,No ritmo da meta
2406700,Lajes,RN,Nordeste,29.12,36.01,44.05,80.0,6.89,6.05,41.15,45.52,49.24,52.4,55.08,57.36,0,0,-22.64,7.33,6.05,Ritmo insuficiente
5104559,Itaúba,MT,Centro-Oeste,57.99,67.42,65.17,80.0,9.43,8.63,74.76,80.99,86.29,90.8,94.62,97.88,1,1,17.88,2.1,8.63,No ritmo da meta
4303202,Cacique Doble,RS,Sul,88.64,58.2,80.0,80.0,-30.44,-25.2,36.78,18.57,3.1,0.0,0.0,0.0,0,0,-80.0,3.63,-25.2,Em retrocesso
3143500,Morada Nova de Minas,MG,Sudeste,86.32,64.5,80.0,80.0,-21.82,-4.75,60.46,57.03,54.11,51.63,49.53,47.73,0,0,-32.27,2.58,-4.75,Em retrocesso
3504503,Avaré,SP,Sudeste,57.49,52.47,64.83,80.0,-5.02,-0.95,51.66,50.98,50.39,49.9,49.48,49.12,0,0,-30.88,4.59,-0.95,Em retrocesso
3200409,Anchieta,ES,Sudeste,81.82,88.41,80.0,80.0,6.59,5.64,93.2,97.28,100.0,100.0,100.0,100.0,1,1,20.0,-1.4,5.64,No ritmo da meta
3162955,São José da Lapa,MG,Sudeste,62.41,75.09,68.1,80.0,12.68,12.5,85.72,94.75,100.0,100.0,100.0,100.0,1,1,20.0,0.82,12.5,No ritmo da meta
3143609,Morro da Garça,MG,Sudeste,96.43,67.59,80.0,80.0,-28.84,-8.26,60.57,54.6,49.53,45.22,41.55,38.44,0,0,-41.56,2.07,-8.26,Em retrocesso
3535309,Palmital,SP,Sudeste,46.45,60.32,57.31,80.0,13.87,8.49,67.54,73.67,78.88,83.32,87.08,90.29,1,1,10.29,3.28,8.49,No ritmo da meta
2111631,São Raimundo do Doca Bezerra,MA,Nordeste,56.29,55.35,64.03,80.0,-0.94,0.58,55.84,56.26,56.62,56.92,57.18,57.4,0,0,-22.6,4.11,0.58,Em retrocesso
3520202,Igaratá,SP,Sudeste,61.45,50.61,67.46,80.0,-10.84,-3.86,47.33,44.54,42.17,40.15,38.44,36.99,0,0,-43.01,4.9,-3.86,Em retrocesso
2210623,Sebastião Barros,PI,Nordeste,26.0,50.0,41.31,80.0,24.0,15.12,62.85,73.78,83.06,90.95,97.66,100.0,1,1,20.0,5.0,15.12,No ritmo da meta
5212600,Mairipotaba,GO,Centro-Oeste,97.33,71.43,80.0,80.0,-25.9,-9.15,63.65,57.04,51.42,46.65,42.59,39.14,0,0,-40.86,1.43,-9.15,Em retrocesso
5205455,Cezarina,GO,Centro-Oeste,41.26,69.63,53.59,80.0,28.37,17.99,84.92,97.92,100.0,100.0,100.0,100.0,1,1,20.0,1.73,17.99,No ritmo da meta
3102506,Amparo do Serra,MG,Sudeste,66.97,73.86,,,6.89,9.6,82.02,88.96,94.85,99.86,100.0,100.0,0,0,,,9.6,Ritmo critico
4206751,Ibiam,SC,Sul,65.6,96.17,70.21,80.0,30.57,15.9,100.0,100.0,100.0,100.0,100.0,100.0,1,1,20.0,-2.7,15.9,No ritmo da meta
3107109,Boa Esperança,MG,Sudeste,53.83,74.5,62.38,80.0,20.67,16.49,88.52,100.0,100.0,100.0,100.0,100.0,1,1,20.0,0.92,16.49,No ritmo da meta
3155108,Rio do Prado,MG,Sudeste,52.94,76.19,61.78,80.0,23.25,17.78,91.3,100.0,100.0,100.0,100.0,100.0,1,1,20.0,0.64,17.78,No ritmo da meta
4304002,Campo Novo,RS,Sul,62.91,46.8,68.43,80.0,-16.11,-18.03,31.47,18.45,7.38,0.0,0.0,0.0,0,0,-80.0,5.53,-18.03,Em retrocesso
3140530,Martins Soares,MG,Sudeste,76.55,83.69,77.58,80.0,7.14,9.73,91.96,98.99,100.0,100.0,100.0,100.0,1,1,20.0,-0.61,9.73,No ritmo da meta
4125704,São Miguel do Iguaçu,PR,Sul,73.58,77.84,75.54,80.0,4.26,1.27,78.92,79.84,80.62,81.28,81.84,82.32,1,1,2.32,0.36,1.27,No ritmo da meta
3523503,Itatinga,SP,Sudeste,61.7,54.18,67.63,80.0,-7.52,-2.2,52.31,50.72,49.37,48.22,47.24,46.42,0,0,-33.58,4.3,-2.2,Em retrocesso
3156007,Rio Vermelho,MG,Sudeste,43.86,59.95,55.47,80.0,16.09,14.2,72.02,82.28,91.0,98.41,100.0,100.0,1,1,20.0,3.34,14.2,No ritmo da meta
3153400,Presidente Olegário,MG,Sudeste,77.37,78.27,78.15,80.0,0.9,6.61,83.89,88.66,92.72,96.17,99.11,100.0,1,1,20.0,0.29,6.61,No ritmo da meta
3148608,Peçanha,MG,Sudeste,64.65,61.48,69.58,80.0,-3.17,4.57,65.36,68.67,71.47,73.86,75.89,77.61,0,0,-2.39,3.09,4.57,Em retrocesso
2612208,Salgueiro,PE,Nordeste,75.94,75.13,77.15,80.0,-0.81,2.22,77.02,78.62,79.98,81.14,82.13,82.97,0,1,2.97,0.81,2.22,Em retrocesso
3511706,Charqueada,SP,Sudeste,44.6,62.5,56.0,80.0,17.9,10.51,71.43,79.03,85.48,90.97,95.63,99.59,1,1,19.59,2.92,10.51,No ritmo da meta
5215702,Palmeiras de Goiás,GO,Centro-Oeste,67.97,81.01,71.78,80.0,13.04,10.32,89.78,97.24,100.0,100.0,100.0,100.0,1,1,20.0,-0.17,10.32,No ritmo da meta
4205704,Garopaba,SC,Sul,70.59,75.75,73.53,80.0,5.16,3.2,78.47,80.78,82.75,84.42,85.84,87.04,1,1,7.04,0.71,3.2,No ritmo da meta
5204854,Campo Limpo de Goiás,GO,Centro-Oeste,86.91,84.62,80.0,80.0,-2.29,2.66,86.88,88.8,90.44,91.82,93.01,94.01,1,1,14.01,-0.77,2.66,Em retrocesso
2205557,Lagoa Alegre,PI,Nordeste,21.65,58.86,37.22,80.0,37.21,21.72,77.32,93.01,100.0,100.0,100.0,100.0,1,1,20.0,3.52,21.72,No ritmo da meta
1721000,Palmas,TO,Norte,58.66,56.97,65.61,80.0,-1.69,3.26,59.74,62.1,64.1,65.8,67.25,68.48,0,0,-11.52,3.84,3.26,Em retrocesso
3538709,Piracicaba,SP,Sudeste,54.74,55.08,62.99,80.0,0.34,1.73,56.55,57.8,58.86,59.77,60.53,61.19,0,0,-18.81,4.15,1.73,Ritmo critico
3528007,Macatuba,SP,Sudeste,65.03,62.4,69.83,80.0,-2.63,0.24,62.6,62.78,62.92,63.05,63.16,63.25,0,0,-16.75,2.93,0.24,Em retrocesso
3543253,Ribeirão Grande,SP,Sudeste,63.69,60.84,68.94,80.0,-2.85,0.13,60.95,61.04,61.12,61.19,61.25,61.3,0,0,-18.7,3.19,0.13,Em retrocesso
3148103,Patrocínio,MG,Sudeste,61.83,76.21,67.71,80.0,14.38,13.35,87.56,97.2,100.0,100.0,100.0,100.0,1,1,20.0,0.63,13.35,No ritmo da meta
5105101,Juara,MT,Centro-Oeste,53.34,64.06,62.05,80.0,10.72,9.27,71.94,78.64,84.33,89.17,93.28,96.78,1,1,16.78,2.66,9.27,No ritmo da meta
2208403,Piripiri,PI,Nordeste,33.16,54.59,47.39,80.0,21.43,13.83,66.35,76.34,84.83,92.05,98.19,100.0,1,1,20.0,4.23,13.83,No ritmo da meta
3552304,Sud Mennucci,SP,Sudeste,51.78,57.15,60.99,80.0,5.37,4.24,60.75,63.82,66.42,68.63,70.52,72.12,0,0,-7.88,3.81,4.24,No ritmo da meta
3108701,Brás Pires,MG,Sudeste,53.68,81.16,62.28,80.0,27.48,19.9,98.07,100.0,100.0,100.0,100.0,100.0,1,1,20.0,-0.19,19.9,No ritmo da meta
3121605,Diamantina,MG,Sudeste,59.54,70.61,66.2,80.0,11.07,11.69,80.55,88.99,96.17,100.0,100.0,100.0,1,1,20.0,1.57,11.69,No ritmo da meta
3116407,Claraval,MG,Sudeste,74.97,84.7,76.49,80.0,9.73,11.02,94.07,100.0,100.0,100.0,100.0,100.0,1,1,20.0,-0.78,11.02,No ritmo da meta
3550100,São Manuel,SP,Sudeste,59.7,60.53,66.3,80.0,0.83,1.97,62.2,63.63,64.84,65.87,66.74,67.48,0,0,-12.52,3.24,1.97,Ritmo insuficiente
2920304,Malhada de Pedras,BA,Nordeste,70.36,70.27,73.37,80.0,-0.09,-0.5,69.84,69.48,69.18,68.92,68.69,68.51,0,0,-11.49,1.62,-0.5,Em retrocesso
3204054,Pedro Canário,ES,Sudeste,69.28,80.91,72.65,80.0,11.63,8.16,87.85,93.74,98.75,100.0,100.0,100.0,1,1,20.0,-0.15,8.16,No ritmo da meta
3158003,Santa Maria de Itabira,MG,Sudeste,54.64,77.79,62.93,80.0,23.15,17.73,92.86,100.0,100.0,100.0,100.0,100.0,1,1,20.0,0.37,17.73,No ritmo da meta
4215604,Santa Rosa de Lima,SC,Sul,92.81,86.49,80.0,80.0,-6.32,-2.54,84.33,82.5,80.94,79.61,78.48,77.53,1,0,-2.47,-1.08,-2.54,Em retrocesso
2209872,São João da Fronteira,PI,Nordeste,26.94,43.37,42.15,80.0,16.43,11.33,53.0,61.19,68.14,74.06,79.09,83.36,1,1,3.36,6.1,11.33,No ritmo da meta
2407708,Montanhas,RN,Nordeste,58.69,44.2,65.63,80.0,-14.49,-4.64,40.26,36.9,34.05,31.63,29.57,27.82,0,0,-52.18,5.97,-4.64,Em retrocesso
2608503,Lagoa de Itaenga,PE,Nordeste,70.34,79.42,73.36,80.0,9.08,7.16,85.51,90.68,95.08,98.81,100.0,100.0,1,1,20.0,0.1,7.16,No ritmo da meta
4115804,Medianeira,PR,Sul,79.22,79.1,79.45,80.0,-0.12,-0.92,78.32,77.65,77.09,76.61,76.2,75.85,0,0,-4.15,0.15,-0.92,Em retrocesso
3529609,Meridiano,SP,Sudeste,67.27,67.31,71.31,80.0,0.04,1.58,68.65,69.79,70.76,71.59,72.29,72.89,0,0,-7.11,2.11,1.58,Ritmo insuficiente
4307401,Esmeralda,RS,Sul,84.43,48.4,80.0,80.0,-36.03,-27.99,24.61,4.39,0.0,0.0,0.0,0.0,0,0,-80.0,5.27,-27.99,Em retrocesso
3126752,Franciscópolis,MG,Sudeste,88.58,63.78,80.0,80.0,-24.8,-6.24,58.48,53.97,50.14,46.88,44.11,41.76,0,0,-38.24,2.7,-6.24,Em retrocesso
3161304,São Francisco de Sales,MG,Sudeste,76.55,73.5,77.58,80.0,-3.05,4.63,77.44,80.78,83.62,86.04,88.1,89.84,0,1,9.84,1.08,4.63,Em retrocesso
4306452,Dois Lajeados,RS,Sul,91.2,53.0,80.0,80.0,-38.2,-29.08,28.28,7.27,0.0,0.0,0.0,0.0,0,0,-80.0,4.5,-29.08,Em retrocesso
3128907,Guimarânia,MG,Sudeste,60.59,85.1,66.89,80.0,24.51,18.41,100.0,100.0,100.0,100.0,100.0,100.0,1,1,20.0,-0.85,18.41,No ritmo da meta
3501905,Amparo,SP,Sudeste,52.41,59.94,61.42,80.0,7.53,5.32,64.46,68.31,71.57,74.35,76.71,78.72,1,0,-1.28,3.34,5.32,No ritmo da meta
5217401,Pires do Rio,GO,Centro-Oeste,67.36,80.88,71.37,80.0,13.52,10.56,89.86,97.49,100.0,100.0,100.0,100.0,1,1,20.0,-0.15,10.56,No ritmo da meta
3508405,Cabreúva,SP,Sudeste,49.11,64.6,59.16,80.0,15.49,9.3,72.5,79.22,84.94,89.79,93.92,97.42,1,1,17.42,2.57,9.3,No ritmo da meta
2610301,Paranatama,PE,Nordeste,74.14,66.67,75.92,80.0,-7.47,-1.11,65.73,64.92,64.24,63.66,63.17,62.75,0,0,-17.25,2.22,-1.11,Em retrocesso
5217708,Pontalina,GO,Centro-Oeste,73.38,86.03,75.41,80.0,12.65,10.13,94.64,100.0,100.0,100.0,100.0,100.0,1,1,20.0,-1.01,10.13,No ritmo da meta
3117009,Comercinho,MG,Sudeste,58.27,68.38,65.35,80.0,10.11,11.21,77.91,86.01,92.89,98.74,100.0,100.0,1,1,20.0,1.94,11.21,No ritmo da meta
3513405,Cruzeiro,SP,Sudeste,39.34,55.99,52.17,80.0,16.65,9.88,64.39,71.53,77.59,82.75,87.14,90.86,1,1,10.86,4.0,9.88,No ritmo da meta
3526407,Laranjal Paulista,SP,Sudeste,54.22,59.37,62.64,80.0,5.15,4.13,62.88,65.86,68.4,70.56,72.39,73.95,1,0,-6.05,3.44,4.13,No ritmo da meta
3111903,Cana Verde,MG,Sudeste,50.78,93.33,60.31,80.0,42.55,27.43,100.0,100.0,100.0,100.0,100.0,100.0,1,1,20.0,-2.22,27.43,No ritmo da meta
1716109,Paraíso do Tocantins,TO,Norte,60.56,63.45,66.87,80.0,2.89,5.55,68.17,72.18,75.59,78.48,80.95,83.04,1,1,3.04,2.76,5.55,No ritmo da meta
3131802,Itabirinha,MG,Sudeste,64.78,83.44,69.66,80.0,18.66,15.49,96.61,100.0,100.0,100.0,100.0,100.0,1,1,20.0,-0.57,15.49,No ritmo da meta
5211305,Itarumã,GO,Centro-Oeste,76.72,83.26,77.69,80.0,6.54,7.07,89.27,94.38,98.72,100.0,100.0,100.0,1,1,20.0,-0.54,7.07,No ritmo da meta
3519071,Hortolândia,SP,Sudeste,58.0,55.05,65.17,80.0,-2.95,0.08,55.12,55.18,55.22,55.27,55.3,55.33,0,0,-24.67,4.16,0.08,Em retrocesso
3105301,Bandeira do Sul,MG,Sudeste,73.41,94.51,75.43,80.0,21.1,16.71,100.0,100.0,100.0,100.0,100.0,100.0,1,1,20.0,-2.42,16.71,No ritmo da meta
3131208,Ipanema,MG,Sudeste,78.85,77.67,79.18,80.0,-1.18,5.57,82.4,86.43,89.85,92.76,95.23,97.33,1,1,17.33,0.39,5.57,Em retrocesso
2509107,Mari,PB,Nordeste,37.99,70.06,51.15,80.0,32.07,18.6,85.87,99.31,100.0,100.0,100.0,100.0,1,1,20.0,1.66,18.6,No ritmo da meta
3141603,Mercês,MG,Sudeste,98.41,84.85,80.0,80.0,-13.56,-0.62,84.32,83.88,83.49,83.17,82.9,82.66,1,1,2.66,-0.81,-0.62,Em retrocesso
4217956,Tigrinhos,SC,Sul,79.06,91.64,79.33,80.0,12.58,6.91,97.51,100.0,100.0,100.0,100.0,100.0,1,1,20.0,-1.94,6.91,No ritmo da meta
1600253,Itaubal,AP,Norte,50.48,43.57,60.1,80.0,-6.91,0.06,43.62,43.66,43.7,43.73,43.76,43.78,0,0,-36.22,6.07,0.06,Em retrocesso
4309506,Guarani das Missões,RS,Sul,70.37,67.5,73.38,80.0,-2.87,-11.41,57.8,49.56,42.55,36.59,31.53,27.23,0,0,-52.77,2.08,-11.41,Em retrocesso
3125101,Extrema,MG,Sudeste,57.68,69.33,64.96,80.0,11.65,11.98,79.51,88.17,95.53,100.0,100.0,100.0,1,1,20.0,1.78,11.98,No ritmo da meta
2411908,São Francisco do Oeste,RN,Nordeste,56.85,68.97,64.41,80.0,12.12,8.67,76.34,82.6,87.93,92.45,96.3,99.57,1,1,19.57,1.84,8.67,No ritmo da meta
3155504,Rio Paranaíba,MG,Sudeste,78.7,60.21,79.08,80.0,-18.49,-3.09,57.58,55.35,53.45,51.84,50.47,49.3,0,0,-30.7,3.3,-3.09,Em retrocesso
4214300,Rancho Queimado,SC,Sul,72.73,80.38,74.97,80.0,7.65,4.44,84.15,87.36,90.09,92.41,94.38,96.05,1,1,16.05,-0.06,4.44,No ritmo da meta
3531308,Monte Alto,SP,Sudeste,67.07,59.0,71.18,80.0,-8.07,-2.48,56.89,55.1,53.58,52.28,51.18,50.25,0,0,-29.75,3.5,-2.48,Em retrocesso
2402709,Cerro Corá,RN,Nordeste,60.42,40.95,66.78,80.0,-19.47,-7.13,34.89,29.74,25.36,21.64,18.47,15.78,0,0,-64.22,6.51,-7.13,Em retrocesso
2410801,Riacho de Santana,RN,Nordeste,47.5,53.36,58.04,80.0,5.86,5.54,58.07,62.07,65.47,68.37,70.82,72.91,1,0,-7.09,4.44,5.54,No ritmo da meta
2302008,Barro,CE,Nordeste,67.84,63.94,71.69,80.0,-3.9,-1.78,62.43,61.14,60.05,59.12,58.33,57.66,0,0,-22.34,2.68,-1.78,Em retrocesso
3537909,Pilar do Sul,SP,Sudeste,56.68,63.33,64.29,80.0,6.65,4.88,67.48,71.0,74.0,76.55,78.71,80.55,1,1,0.55,2.78,4.88,No ritmo da meta
3201506,Colatina,ES,Sudeste,73.76,77.5,75.66,80.0,3.74,4.21,81.08,84.12,86.71,88.9,90.77,92.36,1,1,12.36,0.42,4.21,No ritmo da meta
5204805,Campo Alegre de Goiás,GO,Centro-Oeste,79.9,77.6,79.93,80.0,-2.3,2.65,79.85,81.77,83.39,84.78,85.95,86.95,0,1,6.95,0.4,2.65,Em retrocesso
3164001,São Pedro dos Ferros,MG,Sudeste,81.45,68.34,80.0,80.0,-13.11,-0.4,68.0,67.71,67.47,67.26,67.08,66.93,0,0,-13.07,1.94,-0.4,Em retrocesso
3101607,Alfenas,MG,Sudeste,59.05,76.61,65.87,80.0,17.56,14.94,89.31,100.0,100.0,100.0,100.0,100.0,1,1,20.0,0.57,14.94,No ritmo da meta
5105150,Juína,MT,Centro-Oeste,45.51,56.58,56.65,80.0,11.07,9.45,64.61,71.44,77.24,82.18,86.37,89.93,1,1,9.93,3.9,9.45,No ritmo da meta
3137502,Lagoa Formosa,MG,Sudeste,60.53,82.01,66.85,80.0,21.48,16.9,96.38,100.0,100.0,100.0,100.0,100.0,1,1,20.0,-0.34,16.9,No ritmo da meta
3145000,Nova Ponte,MG,Sudeste,72.34,78.86,74.7,80.0,6.52,9.42,86.87,93.67,99.46,100.0,100.0,100.0,1,1,20.0,0.19,9.42,No ritmo da meta
1101559,Teixeirópolis,RO,Norte,71.95,65.3,74.44,80.0,-6.65,-2.27,63.37,61.73,60.34,59.15,58.14,57.29,0,0,-22.71,2.45,-2.27,Em retrocesso
3524907,Jambeiro,SP,Sudeste,58.85,56.89,65.74,80.0,-1.96,0.58,57.38,57.8,58.16,58.46,58.72,58.94,0,0,-21.06,3.85,0.58,Em retrocesso
3519907,Iepê,SP,Sudeste,51.77,53.84,60.98,80.0,2.07,2.59,56.04,57.91,59.5,60.86,62.0,62.98,0,0,-17.02,4.36,2.59,Ritmo critico
3159308,Santa Rita de Jacutinga,MG,Sudeste,41.62,77.68,53.85,80.0,36.06,24.19,98.24,100.0,100.0,100.0,100.0,100.0,1,1,20.0,0.39,24.19,No ritmo da meta
3118700,Coqueiral,MG,Sudeste,71.3,82.47,74.0,80.0,11.17,11.74,92.45,100.0,100.0,100.0,100.0,100.0,1,1,20.0,-0.41,11.74,No ritmo da meta
1718402,Presidente Kennedy,TO,Norte,69.46,57.83,72.77,80.0,-11.63,-1.71,56.38,55.14,54.09,53.2,52.44,51.79,0,0,-28.21,3.7,-1.71,Em retrocesso
2607752,Itapissuma,PE,Nordeste,77.69,82.95,78.37,80.0,5.26,5.25,87.41,91.21,94.43,97.17,99.5,100.0,1,1,20.0,-0.49,5.25,No ritmo da meta
3122306,Divinópolis,MG,Sudeste,64.73,73.79,69.63,80.0,9.06,10.69,82.88,90.6,97.17,100.0,100.0,100.0,1,1,20.0,1.03,10.69,No ritmo da meta
3160702,Santos Dumont,MG,Sudeste,55.96,69.94,63.81,80.0,13.98,13.15,81.12,90.62,98.69,100.0,100.0,100.0,1,1,20.0,1.68,13.15,No ritmo da meta
4124301,Santo Antônio do Paraíso,PR,Sul,82.31,81.17,80.0,80.0,-1.14,-1.43,79.95,78.92,78.04,77.3,76.66,76.12,0,0,-3.88,-0.2,-1.43,Em retrocesso
3541653,Quadra,SP,Sudeste,50.65,65.39,60.22,80.0,14.74,8.93,72.98,79.43,84.92,89.58,93.54,96.91,1,1,16.91,2.44,8.93,No ritmo da meta
3109709,Cachoeira de Minas,MG,Sudeste,61.69,81.11,67.62,80.0,19.42,15.87,94.6,100.0,100.0,100.0,100.0,100.0,1,1,20.0,-0.18,15.87,No ritmo da meta
4302352,Bom Princípio,RS,Sul,73.71,55.3,75.63,80.0,-18.41,-19.18,39.0,25.14,13.36,3.35,0.0,0.0,0,0,-80.0,4.12,-19.18,Em retrocesso
3129301,Iapu,MG,Sudeste,37.09,67.68,50.47,80.0,30.59,21.45,85.91,100.0,100.0,100.0,100.0,100.0,1,1,20.0,2.05,21.45,No ritmo da meta
3527801,Lupércio,SP,Sudeste,55.64,60.96,63.6,80.0,5.32,4.22,64.55,67.6,70.19,72.39,74.26,75.85,1,0,-4.15,3.17,4.22,No ritmo da meta
2404853,Itajá,RN,Nordeste,56.95,40.01,64.47,80.0,-16.94,-5.86,35.03,30.8,27.2,24.14,21.54,19.33,0,0,-60.67,6.66,-5.86,Em retrocesso
3503109,Arandu,SP,Sudeste,54.21,56.61,62.64,80.0,2.4,2.76,58.96,60.95,62.65,64.09,65.31,66.35,0,0,-13.65,3.9,2.76,Ritmo insuficiente
3503802,Artur Nogueira,SP,Sudeste,50.11,54.41,59.85,80.0,4.3,3.71,57.56,60.24,62.52,64.46,66.11,67.5,0,0,-12.5,4.27,3.71,Ritmo insuficiente
3159407,Santa Rita de Ibitipoca,MG,Sudeste,65.38,88.22,70.06,80.0,22.84,17.58,100.0,100.0,100.0,100.0,100.0,100.0,1,1,20.0,-1.37,17.58,No ritmo da meta
4209201,Lacerdópolis,SC,Sul,70.0,75.0,73.13,80.0,5.0,3.12,77.65,79.91,81.82,83.45,84.84,86.01,1,1,6.01,0.83,3.12,No ritmo da meta
2201919,Bom Princípio do Piauí,PI,Nordeste,87.91,75.94,80.0,80.0,-11.97,-2.87,73.5,71.43,69.66,68.17,66.89,65.81,0,0,-14.19,0.68,-2.87,Em retrocesso
3514908,Elias Fausto,SP,Sudeste,55.13,56.28,63.26,80.0,1.15,2.13,58.09,59.63,60.94,62.05,62.99,63.8,0,0,-16.2,3.95,2.13,Ritmo critico
3135506,Jequeri,MG,Sudeste,57.46,84.89,64.81,80.0,27.43,19.87,100.0,100.0,100.0,100.0,100.0,100.0,1,1,20.0,-0.82,19.87,No ritmo da meta
2506905,Itabaiana,PB,Nordeste,25.33,54.38,40.71,80.0,29.05,17.09,68.91,81.25,91.75,100.0,100.0,100.0,1,1,20.0,4.27,17.09,No ritmo da meta
2608909,Limoeiro,PE,Nordeste,72.23,67.03,74.63,80.0,-5.2,0.02,67.05,67.06,67.07,67.08,67.09,67.1,0,0,-12.9,2.16,0.02,Em retrocesso
4101903,Assaí,PR,Sul,88.72,80.24,80.0,80.0,-8.48,-5.1,75.9,72.22,69.09,66.43,64.16,62.24,0,0,-17.76,-0.04,-5.1,Em retrocesso
2404804,Ipueira,RN,Nordeste,50.0,22.22,,,-27.78,-11.28,12.63,4.48,0.0,0.0,0.0,0.0,0,0,,,-11.28,Em retrocesso
2210375,São Luis do Piauí,PI,Nordeste,58.51,61.11,65.51,80.0,2.6,4.42,64.87,68.06,70.77,73.08,75.04,76.71,0,0,-3.29,3.15,4.42,No ritmo da meta
2512788,Riacho de Santo Antônio,PB,Nordeste,78.57,55.56,78.99,80.0,-23.01,-8.94,47.96,41.5,36.01,31.34,27.38,24.01,0,0,-55.99,4.07,-8.94,Em retrocesso
2500809,Araçagi,PB,Nordeste,64.03,47.88,69.17,80.0,-16.15,-5.51,43.2,39.22,35.83,32.96,30.51,28.43,0,0,-51.57,5.35,-5.51,Em retrocesso
2918209,Jiquiriçá,BA,Nordeste,42.04,46.67,,,4.63,1.86,48.25,49.59,50.74,51.71,52.53,53.23,0,0,,,1.86,Ritmo critico
2405900,João Dias,RN,Nordeste,46.15,38.89,57.1,80.0,-7.26,-1.02,38.02,37.29,36.66,36.13,35.67,35.29,0,0,-44.71,6.85,-1.02,Em retrocesso
3164803,São Sebastião do Rio Preto,MG,Sudeste,66.67,100.0,70.92,80.0,33.33,22.82,100.0,100.0,100.0,100.0,100.0,100.0,1,1,20.0,-3.33,22.82,No ritmo da meta
3132503,Itamarandiba,MG,Sudeste,59.11,81.25,65.91,80.0,22.14,17.23,95.9,100.0,100.0,100.0,100.0,100.0,1,1,20.0,-0.21,17.23,No ritmo da meta
3103207,Araçaí,MG,Sudeste,84.62,72.22,80.0,80.0,-12.4,-0.04,72.19,72.16,72.13,72.11,72.09,72.08,0,0,-7.92,1.3,-0.04,Em retrocesso
4315008,Porto Lucena,RS,Sul,78.57,100.0,78.99,80.0,21.43,0.74,100.0,100.0,100.0,100.0,100.0,100.0,1,1,20.0,-3.33,0.74,No ritmo da meta
3543501,Riversul,SP,Sudeste,81.07,64.17,80.0,80.0,-16.9,-6.89,58.31,53.34,49.1,45.51,42.45,39.85,0,0,-40.15,2.64,-6.89,Em retrocesso
3508009,Buri,SP,Sudeste,48.89,63.24,59.01,80.0,14.35,8.73,70.66,76.97,82.33,86.89,90.76,94.05,1,1,14.05,2.79,8.73,No ritmo da meta
3106903,Bicas,MG,Sudeste,45.18,70.71,56.41,80.0,25.53,18.92,86.79,100.0,100.0,100.0,100.0,100.0,1,1,20.0,1.55,18.92,No ritmo da meta
4124400,Santo Antônio do Sudoeste,PR,Sul,79.51,81.43,79.65,80.0,1.92,0.1,81.52,81.59,81.65,81.7,81.75,81.78,1,1,1.78,-0.24,0.1,No ritmo da meta
3171006,Vazante,MG,Sudeste,43.84,71.85,55.46,80.0,28.01,20.16,88.99,100.0,100.0,100.0,100.0,100.0,1,1,20.0,1.36,20.16,No ritmo da meta
3507159,Bom Sucesso de Itararé,SP,Sudeste,56.32,55.46,64.05,80.0,-0.86,1.13,56.42,57.24,57.93,58.52,59.02,59.45,0,0,-20.55,4.09,1.13,Em retrocesso
3515350,Euclides da Cunha Paulista,SP,Sudeste,75.97,69.86,77.18,80.0,-6.11,-1.5,68.58,67.5,66.58,65.8,65.13,64.57,0,0,-15.43,1.69,-1.5,Em retrocesso
5201504,Aporé,GO,Centro-Oeste,61.96,65.8,67.8,80.0,3.84,5.72,70.66,74.79,78.31,81.29,83.83,85.99,1,1,5.99,2.37,5.72,No ritmo da meta
4109658,Honório Serpa,PR,Sul,55.98,73.2,63.82,80.0,17.22,7.75,79.79,85.39,90.15,94.19,97.63,100.0,1,1,20.0,1.13,7.75,No ritmo da meta
3105103,Bambuí,MG,Sudeste,65.95,80.48,70.44,80.0,14.53,13.42,91.89,100.0,100.0,100.0,100.0,100.0,1,1,20.0,-0.08,13.42,No ritmo da meta
2609006,Macaparana,PE,Nordeste,72.61,81.95,74.88,80.0,9.34,7.29,88.15,93.41,97.89,100.0,100.0,100.0,1,1,20.0,-0.33,7.29,No ritmo da meta
3159506,Santa Rita do Itueto,MG,Sudeste,83.38,87.19,80.0,80.0,3.81,8.06,94.04,99.86,100.0,100.0,100.0,100.0,1,1,20.0,-1.2,8.06,No ritmo da meta
4122107,Rio Bom,PR,Sul,94.5,69.55,80.0,80.0,-24.95,-13.34,58.21,48.57,40.38,33.42,27.5,22.47,0,0,-57.53,1.74,-13.34,Em retrocesso
2615904,Tuparetama,PE,Nordeste,77.11,82.52,77.96,80.0,5.41,5.33,87.05,90.9,94.17,96.96,99.32,100.0,1,1,20.0,-0.42,5.33,No ritmo da meta
4105300,Céu Azul,PR,Sul,81.6,84.56,80.0,80.0,2.96,0.62,85.09,85.53,85.92,86.24,86.51,86.75,1,1,6.75,-0.76,0.62,No ritmo da meta
3500550,Águas de Santa Bárbara,SP,Sudeste,50.04,48.99,59.8,80.0,-1.05,1.03,49.87,50.61,51.24,51.78,52.24,52.63,0,0,-27.37,5.17,1.03,Em retrocesso
5107206,Rio Branco,MT,Centro-Oeste,48.15,81.6,58.5,80.0,33.45,20.64,99.14,100.0,100.0,100.0,100.0,100.0,1,1,20.0,-0.27,20.64,No ritmo da meta
3551108,Sarapuí,SP,Sudeste,41.43,53.32,53.71,80.0,11.89,7.5,59.7,65.11,69.72,73.63,76.96,79.79,1,0,-0.21,4.45,7.5,No ritmo da meta
2932507,Una,BA,Nordeste,37.89,58.16,51.08,80.0,20.27,9.68,66.39,73.38,79.33,84.38,88.67,92.33,1,1,12.33,3.64,9.68,No ritmo da meta
3540804,Potirendaba,SP,Sudeste,60.72,62.55,66.98,80.0,1.83,2.47,64.65,66.43,67.95,69.24,70.34,71.27,0,0,-8.73,2.91,2.47,Ritmo insuficiente
2513406,Santa Luzia,PB,Nordeste,54.82,54.05,63.05,80.0,-0.77,2.18,55.9,57.48,58.82,59.95,60.92,61.74,0,0,-18.26,4.32,2.18,Em retrocesso
3159704,Santa Rosa da Serra,MG,Sudeste,72.97,79.88,75.13,80.0,6.91,9.61,88.05,94.99,100.0,100.0,100.0,100.0,1,1,20.0,0.02,9.61,No ritmo da meta
2512903,Rio Tinto,PB,Nordeste,77.84,60.02,78.47,80.0,-17.82,-6.35,54.62,50.03,46.13,42.82,40.0,37.61,0,0,-42.39,3.33,-6.35,Em retrocesso
2512705,Remígio,PB,Nordeste,58.76,49.27,65.68,80.0,-9.49,-2.18,47.42,45.84,44.5,43.37,42.4,41.58,0,0,-38.42,5.12,-2.18,Em retrocesso
2206209,Miguel Alves,PI,Nordeste,39.04,60.79,51.94,80.0,21.75,13.99,72.68,82.79,91.38,98.68,100.0,100.0,1,1,20.0,3.2,13.99,No ritmo da meta
3117876,Confins,MG,Sudeste,52.52,69.15,61.49,80.0,16.63,14.47,81.45,91.9,100.0,100.0,100.0,100.0,1,1,20.0,1.81,14.47,No ritmo da meta
5203962,Buritinópolis,GO,Centro-Oeste,49.29,85.08,59.29,80.0,35.79,21.7,100.0,100.0,100.0,100.0,100.0,100.0,1,1,20.0,-0.85,21.7,No ritmo da meta
4304903,Casca,RS,Sul,83.0,76.0,80.0,80.0,-7.0,-13.48,64.54,54.8,46.52,39.49,33.51,28.42,0,0,-51.58,0.67,-13.48,Em retrocesso
5106208,Nova Brasilândia,MT,Centro-Oeste,55.65,81.37,63.6,80.0,25.72,16.77,95.62,100.0,100.0,100.0,100.0,100.0,1,1,20.0,-0.23,16.77,No ritmo da meta
3170750,Varjão de Minas,MG,Sudeste,57.22,93.29,64.65,80.0,36.07,24.19,100.0,100.0,100.0,100.0,100.0,100.0,1,1,20.0,-2.22,24.19,No ritmo da meta
3530805,Mogi Mirim,SP,Sudeste,53.79,57.7,62.35,80.0,3.91,3.51,60.68,63.22,65.38,67.21,68.76,70.09,0,0,-9.91,3.72,3.51,Ritmo insuficiente
4101150,Ângulo,PR,Sul,90.09,86.15,80.0,80.0,-3.94,-2.83,83.74,81.7,79.96,78.48,77.23,76.16,1,0,-3.84,-1.03,-2.83,Em retrocesso
3136603,Nova União,MG,Sudeste,47.99,92.79,58.39,80.0,44.8,28.56,100.0,100.0,100.0,100.0,100.0,100.0,1,1,20.0,-2.13,28.56,No ritmo da meta
5106174,Nova Nazaré,MT,Centro-Oeste,45.8,85.25,56.85,80.0,39.45,23.64,100.0,100.0,100.0,100.0,100.0,100.0,1,1,20.0,-0.88,23.64,No ritmo da meta
2507507,João Pessoa,PB,Nordeste,46.71,55.87,57.49,80.0,9.16,7.14,61.94,67.1,71.48,75.21,78.38,81.07,1,1,1.07,4.02,7.14,No ritmo da meta
2615508,Tracunhaém,PE,Nordeste,59.32,73.31,66.05,80.0,13.99,9.62,81.49,88.44,94.35,99.37,100.0,100.0,1,1,20.0,1.11,9.62,No ritmo da meta
3532009,Morungaba,SP,Sudeste,46.95,47.32,57.66,80.0,0.37,1.74,48.8,50.06,51.12,52.03,52.81,53.46,0,0,-26.54,5.45,1.74,Ritmo critico
1505908,Porto de Moz,PA,Norte,72.52,81.16,74.82,80.0,8.64,5.54,85.87,89.87,93.27,96.17,98.62,100.0,1,1,20.0,-0.19,5.54,No ritmo da meta
2304350,Forquilha,CE,Nordeste,100.0,100.0,80.0,80.0,0.0,0.17,100.0,100.0,100.0,100.0,100.0,100.0,1,1,20.0,-3.33,0.17,No ritmo da meta
3509403,Cajuru,SP,Sudeste,71.78,54.99,74.32,80.0,-16.79,-6.84,49.18,44.23,40.03,36.46,33.43,30.85,0,0,-49.15,4.17,-6.84,Em retrocesso
5213756,Montividiu,GO,Centro-Oeste,65.97,78.69,70.45,80.0,12.72,10.16,87.33,94.67,100.0,100.0,100.0,100.0,1,1,20.0,0.22,10.16,No ritmo da meta
2405702,Jardim do Seridó,RN,Nordeste,26.75,56.51,41.98,80.0,29.76,17.49,71.38,84.01,94.75,100.0,100.0,100.0,1,1,20.0,3.92,17.49,No ritmo da meta
3540903,Pradópolis,SP,Sudeste,74.24,62.53,75.99,80.0,-11.71,-4.3,58.88,55.77,53.13,50.88,48.97,47.35,0,0,-32.65,2.91,-4.3,Em retrocesso
3142106,Miradouro,MG,Sudeste,47.26,75.29,57.88,80.0,28.03,20.17,92.43,100.0,100.0,100.0,100.0,100.0,1,1,20.0,0.78,20.17,No ritmo da meta
2202851,Coronel José Dias,PI,Nordeste,61.14,61.36,67.26,80.0,0.22,3.23,64.11,66.44,68.42,70.11,71.54,72.76,0,0,-7.24,3.11,3.23,No ritmo da meta
3542503,Reginópolis,SP,Sudeste,96.74,84.53,80.0,80.0,-12.21,-4.55,80.66,77.38,74.58,72.21,70.19,68.47,1,0,-11.53,-0.76,-4.55,Em retrocesso
4219002,Urussanga,SC,Sul,68.86,71.86,72.37,80.0,3.0,2.12,73.66,75.19,76.5,77.6,78.54,79.34,1,0,-0.66,1.36,2.12,No ritmo da meta
4318408,São Jerônimo,RS,Sul,81.83,71.9,80.0,80.0,-9.93,-14.94,59.2,48.41,39.23,31.43,24.8,19.17,0,0,-60.83,1.35,-14.94,Em retrocesso
4216701,São José do Cedro,SC,Sul,76.38,82.26,77.46,80.0,5.88,3.56,85.29,87.86,90.04,91.9,93.48,94.82,1,1,14.82,-0.38,3.56,No ritmo da meta
4310405,Independência,RS,Sul,66.59,57.7,70.86,80.0,-8.89,-14.42,45.44,35.02,26.17,18.64,12.24,6.8,0,0,-73.2,3.72,-14.42,Em retrocesso
5200852,Americano do Brasil,GO,Centro-Oeste,74.3,78.87,76.03,80.0,4.57,6.09,84.05,88.45,92.19,95.37,98.07,100.0,1,1,20.0,0.19,6.09,No ritmo da meta
3505906,Batatais,SP,Sudeste,60.92,55.68,67.11,80.0,-5.24,-1.06,54.78,54.01,53.36,52.81,52.34,51.94,0,0,-28.06,4.05,-1.06,Em retrocesso
2513802,Santa Teresinha,PB,Nordeste,40.43,42.77,52.98,80.0,2.34,3.73,45.94,48.64,50.93,52.87,54.53,55.93,0,0,-24.07,6.2,3.73,Ritmo insuficiente
3140407,Marmelópolis,MG,Sudeste,76.82,84.57,77.76,80.0,7.75,10.03,93.1,100.0,100.0,100.0,100.0,100.0,1,1,20.0,-0.76,10.03,No ritmo da meta
2300507,Alcântaras,CE,Nordeste,97.81,99.05,80.0,80.0,1.24,0.79,99.72,100.0,100.0,100.0,100.0,100.0,1,1,20.0,-3.17,0.79,No ritmo da meta
4210100,Mafra,SC,Sul,72.98,77.41,75.13,80.0,4.43,2.83,79.82,81.86,83.6,85.08,86.33,87.4,1,1,7.4,0.43,2.83,No ritmo da meta
3202009,Dores do Rio Preto,ES,Sudeste,84.32,81.34,80.0,80.0,-2.98,0.85,82.06,82.68,83.2,83.64,84.02,84.34,1,1,4.34,-0.22,0.85,Em retrocesso
1707652,Figueirópolis,TO,Norte,62.36,51.74,68.06,80.0,-10.62,-1.21,50.71,49.84,49.09,48.46,47.93,47.47,0,0,-32.53,4.71,-1.21,Em retrocesso
3507506,Botucatu,SP,Sudeste,59.1,57.09,65.9,80.0,-2.01,0.55,57.56,57.95,58.29,58.58,58.82,59.03,0,0,-20.97,3.82,0.55,Em retrocesso
4126306,Sengés,PR,Sul,80.66,81.96,80.0,80.0,1.3,-0.21,81.78,81.63,81.5,81.39,81.3,81.22,1,1,1.22,-0.33,-0.21,No ritmo da meta
4117297,Novo Itacolomi,PR,Sul,87.42,97.3,80.0,80.0,9.88,4.08,100.0,100.0,100.0,100.0,100.0,100.0,1,1,20.0,-2.88,4.08,No ritmo da meta
3525706,José Bonifácio,SP,Sudeste,55.78,54.93,63.69,80.0,-0.85,1.13,55.89,56.71,57.4,57.99,58.49,58.92,0,0,-21.08,4.18,1.13,Em retrocesso
3200706,Atílio Vivácqua,ES,Sudeste,74.57,77.52,76.22,80.0,2.95,3.82,80.77,83.53,85.87,87.87,89.56,91.0,1,1,11.0,0.41,3.82,No ritmo da meta
2414100,Tenente Ananias,RN,Nordeste,42.88,52.25,54.77,80.0,9.37,7.29,58.45,63.71,68.19,72.0,75.23,77.98,1,0,-2.02,4.62,7.29,No ritmo da meta
3154101,Recreio,MG,Sudeste,72.18,64.51,74.59,80.0,-7.67,2.32,66.48,68.16,69.58,70.79,71.82,72.7,0,0,-7.3,2.58,2.32,Em retrocesso
3534609,Osvaldo Cruz,SP,Sudeste,58.32,59.23,65.39,80.0,0.91,2.01,60.94,62.39,63.63,64.67,65.57,66.32,0,0,-13.68,3.46,2.01,Ritmo critico
4110706,Irati,PR,Sul,82.74,88.31,80.0,80.0,5.57,1.92,89.94,91.33,92.51,93.51,94.36,95.09,1,1,15.09,-1.39,1.92,No ritmo da meta
4210605,Massaranduba,SC,Sul,70.98,77.07,73.79,80.0,6.09,3.66,80.18,82.83,85.07,86.98,88.61,89.99,1,1,9.99,0.49,3.66,No ritmo da meta
4204905,Descanso,SC,Sul,80.41,70.31,80.0,80.0,-10.1,-4.43,66.54,63.34,60.62,58.31,56.35,54.67,0,0,-25.33,1.61,-4.43,Em retrocesso
5102678,Campo Verde,MT,Centro-Oeste,56.21,65.32,63.98,80.0,9.11,8.47,72.52,78.64,83.84,88.26,92.02,95.21,1,1,15.21,2.45,8.47,No ritmo da meta
2516607,Tavares,PB,Nordeste,75.27,67.47,76.69,80.0,-7.8,-1.34,66.33,65.36,64.54,63.84,63.25,62.74,0,0,-17.26,2.09,-1.34,Em retrocesso
2210409,São Miguel do Tapuio,PI,Nordeste,29.86,45.19,44.67,80.0,15.33,10.78,54.35,62.14,68.76,74.39,79.17,83.24,1,1,3.24,5.8,10.78,No ritmo da meta
5101258,Araputanga,MT,Centro-Oeste,48.48,60.47,58.73,80.0,11.99,9.91,68.89,76.05,82.14,87.31,91.71,95.45,1,1,15.45,3.26,9.91,No ritmo da meta
2210359,São Lourenço do Piauí,PI,Nordeste,100.0,73.08,80.0,80.0,-26.92,-10.34,64.29,56.82,50.47,45.07,40.48,36.59,0,0,-43.41,1.15,-10.34,Em retrocesso
5106851,Porto Estrela,MT,Centro-Oeste,89.12,77.75,80.0,80.0,-11.37,-1.77,76.25,74.97,73.88,72.96,72.17,71.5,0,0,-8.5,0.38,-1.77,Em retrocesso
3550407,São Pedro,SP,Sudeste,51.93,58.16,61.09,80.0,6.23,4.67,62.13,65.5,68.37,70.81,72.88,74.64,1,0,-5.36,3.64,4.67,No ritmo da meta
5103502,Diamantino,MT,Centro-Oeste,52.11,65.08,61.22,80.0,12.97,10.4,73.92,81.43,87.82,93.25,97.86,100.0,1,1,20.0,2.49,10.4,No ritmo da meta
3200904,Barra de São Francisco,ES,Sudeste,78.43,87.39,78.89,80.0,8.96,6.82,93.19,98.11,100.0,100.0,100.0,100.0,1,1,20.0,-1.23,6.82,No ritmo da meta
2210953,Tamboril do Piauí,PI,Nordeste,68.75,65.11,72.3,80.0,-3.64,1.3,66.22,67.15,67.95,68.63,69.21,69.7,0,0,-10.3,2.48,1.3,Em retrocesso
4128609,Verê,PR,Sul,81.02,67.29,80.0,80.0,-13.73,-7.73,60.72,55.13,50.39,46.35,42.92,40.01,0,0,-39.99,2.12,-7.73,Em retrocesso
3101003,Águas Vermelhas,MG,Sudeste,42.77,74.46,54.69,80.0,31.69,22.0,93.16,100.0,100.0,100.0,100.0,100.0,1,1,20.0,0.92,22.0,No ritmo da meta
5210000,Inhumas,GO,Centro-Oeste,81.28,87.57,80.0,80.0,6.29,6.95,93.48,98.5,100.0,100.0,100.0,100.0,1,1,20.0,-1.26,6.95,No ritmo da meta
3133006,Itamonte,MG,Sudeste,57.59,81.86,64.9,80.0,24.27,18.29,97.41,100.0,100.0,100.0,100.0,100.0,1,1,20.0,-0.31,18.29,No ritmo da meta
4120853,Quatro Pontes,PR,Sul,91.8,89.52,80.0,80.0,-2.28,-2.0,87.82,86.38,85.15,84.1,83.22,82.46,1,1,2.46,-1.59,-2.0,Em retrocesso
3500105,Adamantina,SP,Sudeste,67.41,66.06,71.41,80.0,-1.35,0.88,66.81,67.44,67.98,68.44,68.83,69.17,0,0,-10.83,2.32,0.88,Em retrocesso
5211701,Jandaia,GO,Centro-Oeste,77.19,80.25,78.02,80.0,3.06,5.33,84.78,88.63,91.9,94.69,97.05,99.06,1,1,19.06,-0.04,5.33,No ritmo da meta
3556909,Vista Alegre do Alto,SP,Sudeste,81.39,52.86,80.0,80.0,-28.53,-12.71,42.06,32.87,25.07,18.43,12.79,8.0,0,0,-72.0,4.52,-12.71,Em retrocesso
3160108,Santo Antônio do Grama,MG,Sudeste,82.71,94.3,80.0,80.0,11.59,11.95,100.0,100.0,100.0,100.0,100.0,100.0,1,1,20.0,-2.38,11.95,No ritmo da meta
4206801,Ibicaré,SC,Sul,75.69,54.41,76.98,80.0,-21.28,-10.02,45.89,38.65,32.5,27.27,22.82,19.04,0,0,-60.96,4.27,-10.02,Em retrocesso
4112009,Jaguariaíva,PR,Sul,80.92,79.14,80.0,80.0,-1.78,-1.75,77.65,76.39,75.31,74.4,73.62,72.96,0,0,-7.04,0.14,-1.75,Em retrocesso
5216908,Pilar de Goiás,GO,Centro-Oeste,96.02,80.87,80.0,80.0,-15.15,-3.77,77.67,74.94,72.63,70.66,68.99,67.56,0,0,-12.44,-0.15,-3.77,Em retrocesso
5210208,Iporá,GO,Centro-Oeste,78.36,83.04,78.84,80.0,4.68,6.14,88.26,92.7,96.47,99.67,100.0,100.0,1,1,20.0,-0.51,6.14,No ritmo da meta
4109005,Guapirama,PR,Sul,87.9,75.09,80.0,80.0,-12.81,-7.27,68.91,63.66,59.19,55.4,52.17,49.43,0,0,-30.57,0.82,-7.27,Em retrocesso
4124202,Santo Antônio do Caiuá,PR,Sul,82.83,88.04,80.0,80.0,5.21,1.74,89.52,90.78,91.84,92.75,93.53,94.18,1,1,14.18,-1.34,1.74,No ritmo da meta
3131000,Inhaúma,MG,Sudeste,46.98,77.62,57.68,80.0,30.64,21.48,95.88,100.0,100.0,100.0,100.0,100.0,1,1,20.0,0.4,21.48,No ritmo da meta
2207207,Padre Marcos,PI,Nordeste,86.44,100.0,80.0,80.0,13.56,9.9,100.0,100.0,100.0,100.0,100.0,100.0,1,1,20.0,-3.33,9.9,No ritmo da meta
2900504,Érico Cardoso,BA,Nordeste,68.05,37.21,71.83,80.0,-30.84,-15.87,23.72,12.25,2.51,0.0,0.0,0.0,0,0,-80.0,7.13,-15.87,Em retrocesso
3121100,Delfim Moreira,MG,Sudeste,63.46,93.02,68.79,80.0,29.56,20.94,100.0,100.0,100.0,100.0,100.0,100.0,1,1,20.0,-2.17,20.94,No ritmo da meta
5215652,Palestina de Goiás,GO,Centro-Oeste,79.55,74.42,79.68,80.0,-5.13,1.24,75.47,76.37,77.13,77.78,78.33,78.8,0,0,-1.2,0.93,1.24,Em retrocesso
3170800,Várzea da Palma,MG,Sudeste,61.71,70.34,67.63,80.0,8.63,10.47,79.24,86.8,93.23,98.7,100.0,100.0,1,1,20.0,1.61,10.47,No ritmo da meta
3159902,Santo Antônio do Amparo,MG,Sudeste,83.75,80.3,80.0,80.0,-3.45,4.43,84.07,87.27,89.99,92.3,94.26,95.94,1,1,15.94,-0.05,4.43,Em retrocesso
3162575,São João do Manteninha,MG,Sudeste,79.89,71.7,79.92,80.0,-8.19,2.06,73.45,74.94,76.2,77.28,78.19,78.97,0,0,-1.03,1.38,2.06,Em retrocesso
4214904,Rio Fortuna,SC,Sul,78.36,68.78,78.84,80.0,-9.58,-4.17,65.24,62.22,59.66,57.49,55.63,54.06,0,0,-25.94,1.87,-4.17,Em retrocesso
4125803,São Pedro do Ivaí,PR,Sul,83.61,85.66,80.0,80.0,2.05,0.16,85.8,85.91,86.01,86.09,86.16,86.22,1,1,6.22,-0.94,0.16,No ritmo da meta
2507903,Juripiranga,PB,Nordeste,50.41,46.57,60.06,80.0,-3.84,0.64,47.11,47.58,47.97,48.3,48.59,48.83,0,0,-31.17,5.57,0.64,Em retrocesso
4125753,São Pedro do Iguaçu,PR,Sul,74.73,80.66,76.32,80.0,5.93,2.1,82.44,83.96,85.25,86.35,87.28,88.07,1,1,8.07,-0.11,2.1,No ritmo da meta
5221007,Taquaral de Goiás,GO,Centro-Oeste,69.59,75.0,72.86,80.0,5.41,6.51,80.53,85.24,89.23,92.63,95.52,97.98,1,1,17.98,0.83,6.51,No ritmo da meta
4214706,Rio dos Cedros,SC,Sul,60.74,68.59,66.99,80.0,7.85,4.54,72.45,75.73,78.52,80.89,82.9,84.61,1,1,4.61,1.9,4.54,No ritmo da meta
3519402,Ibirá,SP,Sudeste,71.16,61.64,73.91,80.0,-9.52,-3.2,58.92,56.61,54.64,52.97,51.55,50.35,0,0,-29.65,3.06,-3.2,Em retrocesso
5102603,Campinápolis,MT,Centro-Oeste,38.79,44.13,51.76,80.0,5.34,6.58,49.72,54.48,58.52,61.95,64.87,67.35,0,0,-12.65,5.98,6.58,No ritmo da meta
3500709,Agudos,SP,Sudeste,57.23,64.6,64.66,80.0,7.37,5.24,69.05,72.84,76.06,78.79,81.12,83.09,1,1,3.09,2.57,5.24,No ritmo da meta
3172202,Wenceslau Braz,MG,Sudeste,48.66,70.34,58.85,80.0,21.68,17.0,84.79,97.07,100.0,100.0,100.0,100.0,1,1,20.0,1.61,17.0,No ritmo da meta
4307559,Estação,RS,Sul,73.44,45.4,75.45,80.0,-28.04,-24.0,25.0,7.66,0.0,0.0,0.0,0.0,0,0,-80.0,5.77,-24.0,Em retrocesso
3556404,Vargem Grande do Sul,SP,Sudeste,69.48,61.51,72.78,80.0,-7.97,-2.43,59.44,57.69,56.2,54.93,53.85,52.93,0,0,-27.07,3.08,-2.43,Em retrocesso
3131158,Ipaba,MG,Sudeste,62.96,77.71,68.46,80.0,14.75,13.53,89.21,98.99,100.0,100.0,100.0,100.0,1,1,20.0,0.38,13.53,No ritmo da meta
5003900,Figueirão,MS,Centro-Oeste,58.57,86.46,65.55,80.0,27.89,18.14,100.0,100.0,100.0,100.0,100.0,100.0,1,1,20.0,-1.08,18.14,No ritmo da meta
2413300,Serra de São Bento,RN,Nordeste,26.92,42.09,42.13,80.0,15.17,10.19,50.75,58.11,64.37,69.69,74.21,78.06,1,0,-1.94,6.32,10.19,No ritmo da meta
5215801,Palmelo,GO,Centro-Oeste,28.57,64.71,43.57,80.0,36.14,21.87,83.3,99.1,100.0,100.0,100.0,100.0,1,1,20.0,2.55,21.87,No ritmo da meta
3163805,São Miguel do Anta,MG,Sudeste,74.87,78.02,76.42,80.0,3.15,7.73,84.59,90.18,94.92,98.96,100.0,100.0,1,1,20.0,0.33,7.73,No ritmo da meta
3169356,Três Marias,MG,Sudeste,68.34,83.86,72.02,80.0,15.52,13.92,95.69,100.0,100.0,100.0,100.0,100.0,1,1,20.0,-0.64,13.92,No ritmo da meta
4315073,Porto Vera Cruz,RS,Sul,63.16,88.2,68.59,80.0,25.04,2.54,90.36,92.19,93.75,95.08,96.21,97.16,1,1,17.16,-1.37,2.54,No ritmo da meta
3110608,Cambuí,MG,Sudeste,65.17,81.94,69.92,80.0,16.77,14.54,94.3,100.0,100.0,100.0,100.0,100.0,1,1,20.0,-0.32,14.54,No ritmo da meta
3205176,Vila Valério,ES,Sudeste,83.46,76.41,80.0,80.0,-7.05,-1.18,75.41,74.55,73.83,73.21,72.69,72.25,0,0,-7.75,0.6,-1.18,Em retrocesso
3500600,Águas de São Pedro,SP,Sudeste,81.85,80.89,80.0,80.0,-0.96,1.08,81.81,82.59,83.25,83.82,84.29,84.7,1,1,4.7,-0.15,1.08,Em retrocesso
3125606,Felisburgo,MG,Sudeste,52.21,70.2,61.28,80.0,17.99,15.15,83.08,94.02,100.0,100.0,100.0,100.0,1,1,20.0,1.63,15.15,No ritmo da meta
5103361,Conquista D'Oeste,MT,Centro-Oeste,40.85,69.46,53.29,80.0,28.61,18.22,84.95,98.11,100.0,100.0,100.0,100.0,1,1,20.0,1.76,18.22,No ritmo da meta
5105507,Vila Bela da Santíssima Trindade,MT,Centro-Oeste,46.76,52.38,57.53,80.0,5.62,6.72,58.09,62.95,67.07,70.58,73.56,76.1,1,0,-3.9,4.6,6.72,No ritmo da meta
3167004,Serranos,MG,Sudeste,38.46,82.14,51.51,80.0,43.68,28.0,100.0,100.0,100.0,100.0,100.0,100.0,1,1,20.0,-0.36,28.0,No ritmo da meta
4321857,Três Palmeiras,RS,Sul,80.96,62.5,80.0,80.0,-18.46,-19.21,46.17,32.29,20.49,10.47,1.94,0.0,0,0,-80.0,2.92,-19.21,Em retrocesso
3517604,Guapiara,SP,Sudeste,66.94,60.31,71.09,80.0,-6.63,-1.76,58.81,57.54,56.46,55.54,54.76,54.1,0,0,-25.9,3.28,-1.76,Em retrocesso
3151800,Poços de Caldas,MG,Sudeste,58.1,79.39,65.24,80.0,21.29,16.8,93.67,100.0,100.0,100.0,100.0,100.0,1,1,20.0,0.1,16.8,No ritmo da meta
3126802,Frei Gaspar,MG,Sudeste,51.82,69.89,61.02,80.0,18.07,15.19,82.8,93.78,100.0,100.0,100.0,100.0,1,1,20.0,1.68,15.19,No ritmo da meta
3546405,Santa Cruz do Rio Pardo,SP,Sudeste,52.74,72.25,61.64,80.0,19.51,11.31,81.86,90.03,96.98,100.0,100.0,100.0,1,1,20.0,1.29,11.31,No ritmo da meta
3104106,Arceburgo,MG,Sudeste,86.77,82.63,80.0,80.0,-4.14,4.09,86.11,89.06,91.57,93.71,95.52,97.07,1,1,17.07,-0.44,4.09,Em retrocesso
2502904,Brejo dos Santos,PB,Nordeste,45.49,64.03,56.63,80.0,18.54,11.83,74.09,82.63,89.9,96.07,100.0,100.0,1,1,20.0,2.66,11.83,No ritmo da meta
2203503,Elesbão Veloso,PI,Nordeste,50.09,51.08,59.84,80.0,0.99,3.61,54.15,56.76,58.97,60.86,62.46,63.82,0,0,-16.18,4.82,3.61,Ritmo insuficiente
3201407,Castelo,ES,Sudeste,72.21,82.7,74.61,80.0,10.49,7.59,89.15,94.64,99.3,100.0,100.0,100.0,1,1,20.0,-0.45,7.59,No ritmo da meta
3149903,Perdões,MG,Sudeste,71.24,79.12,73.96,80.0,7.88,10.1,87.7,95.0,100.0,100.0,100.0,100.0,1,1,20.0,0.15,10.1,No ritmo da meta
2207553,Paquetá,PI,Nordeste,100.0,49.8,80.0,80.0,-50.2,-21.98,31.12,15.24,1.74,0.0,0.0,0.0,0,0,-80.0,5.03,-21.98,Em retrocesso
2210607,São Raimundo Nonato,PI,Nordeste,68.18,73.25,71.92,80.0,5.07,5.65,78.05,82.13,85.6,88.55,91.06,93.19,1,1,13.19,1.12,5.65,No ritmo da meta
3523107,Itaquaquecetuba,SP,Sudeste,42.98,57.19,54.84,80.0,14.21,8.66,64.55,70.81,76.13,80.65,84.49,87.76,1,1,7.76,3.8,8.66,No ritmo da meta
2504074,Caraúbas,PB,Nordeste,48.41,87.82,58.68,80.0,39.41,22.27,100.0,100.0,100.0,100.0,100.0,100.0,1,1,20.0,-1.3,22.27,No ritmo da meta
3543006,Ribeirão Branco,SP,Sudeste,53.11,64.79,61.89,80.0,11.68,7.4,71.08,76.43,80.97,84.83,88.12,90.91,1,1,10.91,2.53,7.4,No ritmo da meta
3506607,Biritiba Mirim,SP,Sudeste,42.57,52.19,54.54,80.0,9.62,6.37,57.6,62.21,66.12,69.44,72.27,74.67,1,0,-5.33,4.64,6.37,No ritmo da meta
3203700,Muniz Freire,ES,Sudeste,88.17,82.24,80.0,80.0,-5.93,-0.62,81.71,81.27,80.88,80.56,80.29,80.05,1,1,0.05,-0.37,-0.62,Em retrocesso
5209101,Goiatuba,GO,Centro-Oeste,68.19,77.63,71.92,80.0,9.44,8.52,84.87,91.03,96.26,100.0,100.0,100.0,1,1,20.0,0.4,8.52,No ritmo da meta
2605004,Cupira,PE,Nordeste,77.97,88.96,78.56,80.0,10.99,8.12,95.86,100.0,100.0,100.0,100.0,100.0,1,1,20.0,-1.49,8.12,No ritmo da meta
2508208,Lagoa de Dentro,PB,Nordeste,67.61,42.8,71.54,80.0,-24.81,-9.84,34.44,27.33,21.28,16.15,11.78,8.07,0,0,-71.93,6.2,-9.84,Em retrocesso
1705102,Chapada da Natividade,TO,Norte,49.01,52.38,59.09,80.0,3.37,5.79,57.3,61.48,65.04,68.06,70.63,72.82,0,0,-7.18,4.6,5.79,No ritmo da meta
4321006,Tapera,RS,Sul,61.35,68.4,67.4,80.0,7.05,-6.45,62.92,58.26,54.3,50.93,48.07,45.63,0,0,-34.37,1.93,-6.45,Ritmo critico
2514008,São João do Cariri,PB,Nordeste,29.59,60.71,44.44,80.0,31.12,18.12,76.11,89.2,100.0,100.0,100.0,100.0,1,1,20.0,3.22,18.12,No ritmo da meta
3546801,Santa Isabel,SP,Sudeste,72.24,67.17,74.63,80.0,-5.07,-0.98,66.34,65.63,65.03,64.52,64.08,63.71,0,0,-16.29,2.14,-0.98,Em retrocesso
3500402,Águas da Prata,SP,Sudeste,64.77,61.82,69.66,80.0,-2.95,0.08,61.89,61.95,61.99,62.04,62.07,62.1,0,0,-17.9,3.03,0.08,Em retrocesso
5221197,Terezópolis de Goiás,GO,Centro-Oeste,57.84,71.39,65.07,80.0,13.55,10.58,80.38,88.03,94.52,100.0,100.0,100.0,1,1,20.0,1.43,10.58,No ritmo da meta
2512036,Poço Dantas,PB,Nordeste,23.24,81.67,38.76,80.0,58.43,31.78,100.0,100.0,100.0,100.0,100.0,100.0,1,1,20.0,-0.28,31.78,No ritmo da meta
4215109,Rodeio,SC,Sul,57.06,68.35,64.55,80.0,11.29,6.26,73.67,78.19,82.04,85.31,88.08,90.44,1,1,10.44,1.94,6.26,No ritmo da meta
3510153,Canitar,SP,Sudeste,81.73,79.49,79.58,80.0,-2.24,0.44,79.86,80.18,80.45,80.68,80.88,81.04,1,1,1.04,0.09,0.44,Em retrocesso
5100250,Alta Floresta,MT,Centro-Oeste,53.52,71.46,62.17,80.0,17.94,12.88,82.41,91.71,99.62,100.0,100.0,100.0,1,1,20.0,1.42,12.88,No ritmo da meta
3523909,Itu,SP,Sudeste,65.25,61.67,69.98,80.0,-3.58,-0.23,61.47,61.31,61.17,61.05,60.94,60.86,0,0,-19.14,3.06,-0.23,Em retrocesso
5100607,Alto Taquari,MT,Centro-Oeste,72.32,70.01,74.69,80.0,-2.31,2.76,72.36,74.35,76.05,77.49,78.71,79.75,0,0,-0.25,1.66,2.76,Em retrocesso
4313375,Nova Santa Rita,RS,Sul,57.28,64.9,64.69,80.0,7.62,-6.17,59.66,55.2,51.41,48.19,45.45,43.12,0,0,-36.88,2.52,-6.17,Ritmo critico
2509800,Mulungu,PB,Nordeste,56.27,54.12,64.02,80.0,-2.15,1.49,55.39,56.46,57.38,58.16,58.82,59.38,0,0,-20.62,4.31,1.49,Em retrocesso
3536802,Pedra Bela,SP,Sudeste,71.65,47.19,53.43,80.0,-24.46,-10.67,38.12,30.41,23.86,18.29,13.55,9.53,0,0,-70.47,5.47,-10.67,Em retrocesso
5102686,Campos de Júlio,MT,Centro-Oeste,48.17,65.76,58.51,80.0,17.59,12.71,76.56,85.75,93.55,100.0,100.0,100.0,1,1,20.0,2.37,12.71,No ritmo da meta
3557006,Votorantim,SP,Sudeste,48.87,54.69,59.0,80.0,5.82,4.47,58.49,61.72,64.46,66.8,68.78,70.47,0,0,-9.53,4.22,4.47,No ritmo da meta
3202454,Ibatiba,ES,Sudeste,80.52,82.36,80.0,80.0,1.84,3.26,85.13,87.49,89.49,91.19,92.64,93.87,1,1,13.87,-0.39,3.26,No ritmo da meta
3554508,Tietê,SP,Sudeste,48.35,62.5,58.64,80.0,14.15,8.63,69.84,76.07,81.37,85.88,89.7,92.96,1,1,12.96,2.92,8.63,No ritmo da meta
4322004,Triunfo,RS,Sul,66.82,68.5,71.02,80.0,1.68,-9.14,60.73,54.13,48.51,43.74,39.69,36.24,0,0,-43.76,1.92,-9.14,Ritmo critico
3156106,Ritápolis,MG,Sudeste,64.3,81.94,69.35,80.0,17.64,14.98,94.67,100.0,100.0,100.0,100.0,100.0,1,1,20.0,-0.32,14.98,No ritmo da meta
5221403,Trindade,GO,Centro-Oeste,66.34,77.21,70.7,80.0,10.87,9.24,85.06,91.74,97.41,100.0,100.0,100.0,1,1,20.0,0.47,9.24,No ritmo da meta
4307815,Estrela Velha,RS,Sul,96.83,60.0,80.0,80.0,-36.83,-28.39,35.87,15.36,0.0,0.0,0.0,0.0,0,0,-80.0,3.33,-28.39,Em retrocesso
3515509,Fernandópolis,SP,Sudeste,57.61,61.01,64.91,80.0,3.4,3.26,63.78,66.14,68.14,69.84,71.29,72.52,0,0,-7.48,3.17,3.26,No ritmo da meta
3109600,Cachoeira da Prata,MG,Sudeste,52.4,80.0,61.41,80.0,27.6,19.96,96.97,100.0,100.0,100.0,100.0,100.0,1,1,20.0,0.0,19.96,No ritmo da meta
5200308,Alexânia,GO,Centro-Oeste,76.28,75.79,77.39,80.0,-0.49,3.56,78.82,81.39,83.57,85.43,87.01,88.35,1,1,8.35,0.7,3.56,Em retrocesso
5214606,Niquelândia,GO,Centro-Oeste,72.84,80.22,75.04,80.0,7.38,7.49,86.59,92.0,96.6,100.0,100.0,100.0,1,1,20.0,-0.04,7.49,No ritmo da meta
4121307,Rancho Alegre,PR,Sul,77.01,86.02,77.9,80.0,9.01,3.64,89.11,91.74,93.98,95.88,97.49,98.87,1,1,18.87,-1.0,3.64,No ritmo da meta
3145109,Nova Resende,MG,Sudeste,69.3,86.57,72.66,80.0,17.27,14.79,99.14,100.0,100.0,100.0,100.0,100.0,1,1,20.0,-1.09,14.79,No ritmo da meta
3107802,Bom Jesus do Galho,MG,Sudeste,93.18,75.91,80.0,80.0,-17.27,-2.48,73.8,72.01,70.49,69.19,68.09,67.16,0,0,-12.84,0.68,-2.48,Em retrocesso
4121901,Ribeirão do Pinhal,PR,Sul,86.67,84.51,80.0,80.0,-2.16,-1.94,82.86,81.46,80.27,79.26,78.39,77.66,1,0,-2.34,-0.75,-1.94,Em retrocesso
3508306,Cabrália Paulista,SP,Sudeste,79.41,78.11,79.58,80.0,-1.3,0.91,78.88,79.54,80.1,80.57,80.98,81.32,0,1,1.32,0.32,0.91,Em retrocesso
5106299,Paranaíta,MT,Centro-Oeste,60.69,79.7,66.96,80.0,19.01,13.42,91.11,100.0,100.0,100.0,100.0,100.0,1,1,20.0,0.05,13.42,No ritmo da meta
3549102,São João da Boa Vista,SP,Sudeste,54.57,61.6,62.88,80.0,7.03,5.07,65.91,69.57,72.69,75.33,77.58,79.49,1,0,-0.51,3.07,5.07,No ritmo da meta
3102308,Alvinópolis,MG,Sudeste,49.04,72.33,59.11,80.0,23.29,17.8,87.46,100.0,100.0,100.0,100.0,100.0,1,1,20.0,1.28,17.8,No ritmo da meta
2510105,Nova Floresta,PB,Nordeste,66.12,67.53,70.55,80.0,1.41,3.27,70.31,72.67,74.68,76.39,77.84,79.07,0,0,-0.93,2.08,3.27,No ritmo da meta
3501608,Americana,SP,Sudeste,58.55,64.36,65.54,80.0,5.81,4.46,68.15,71.37,74.11,76.44,78.42,80.1,1,1,0.1,2.61,4.46,No ritmo da meta
3157104,Salto da Divisa,MG,Sudeste,43.75,59.15,55.39,80.0,15.4,13.86,70.93,80.94,89.46,96.69,100.0,100.0,1,1,20.0,3.48,13.86,No ritmo da meta
3504602,Bady Bassitt,SP,Sudeste,55.64,61.39,63.6,80.0,5.75,4.43,65.16,68.36,71.08,73.39,75.35,77.03,1,0,-2.97,3.1,4.43,No ritmo da meta
4120655,Quarto Centenário,PR,Sul,79.88,61.75,79.91,80.0,-18.13,-9.93,53.31,46.14,40.04,34.85,30.45,26.7,0,0,-53.3,3.04,-9.93,Em retrocesso
2607109,Ingazeira,PE,Nordeste,78.57,89.89,78.99,80.0,11.32,8.28,96.93,100.0,100.0,100.0,100.0,100.0,1,1,20.0,-1.65,8.28,No ritmo da meta
4315107,Porto Xavier,RS,Sul,71.76,52.9,74.31,80.0,-18.86,-19.41,36.4,22.38,10.46,0.33,0.0,0.0,0,0,-80.0,4.52,-19.41,Em retrocesso
3532405,Nazaré Paulista,SP,Sudeste,46.83,62.5,57.58,80.0,15.67,9.39,70.48,77.27,83.03,87.93,92.1,95.64,1,1,15.64,2.92,9.39,No ritmo da meta
3531407,Monte Aprazível,SP,Sudeste,73.54,65.44,75.51,80.0,-8.1,-2.49,63.32,61.52,60.0,58.7,57.59,56.65,0,0,-23.35,2.43,-2.49,Em retrocesso
3506904,Bofete,SP,Sudeste,45.78,69.75,56.84,80.0,23.97,13.54,81.26,91.04,99.36,100.0,100.0,100.0,1,1,20.0,1.71,13.54,No ritmo da meta
5200175,Água Fria de Goiás,GO,Centro-Oeste,55.81,87.44,63.71,80.0,31.63,19.62,100.0,100.0,100.0,100.0,100.0,100.0,1,1,20.0,-1.24,19.62,No ritmo da meta
4219200,Vidal Ramos,SC,Sul,73.28,83.76,75.34,80.0,10.48,5.86,88.74,92.97,96.57,99.63,100.0,100.0,1,1,20.0,-0.63,5.86,No ritmo da meta
3549508,São José da Bela Vista,SP,Sudeste,47.63,50.38,58.14,80.0,2.75,2.93,52.87,54.99,56.79,58.32,59.62,60.72,0,0,-19.28,4.94,2.93,Ritmo critico
2404309,Governador Dix-Sept Rosado,RN,Nordeste,57.85,48.2,65.07,80.0,-9.65,-2.22,46.31,44.71,43.35,42.19,41.2,40.36,0,0,-39.64,5.3,-2.22,Em retrocesso
5214861,Nova Glória,GO,Centro-Oeste,81.84,87.68,80.0,80.0,5.84,6.72,93.39,98.25,100.0,100.0,100.0,100.0,1,1,20.0,-1.28,6.72,No ritmo da meta
5210562,Itaguari,GO,Centro-Oeste,85.79,77.71,80.0,80.0,-8.08,-0.24,77.51,77.33,77.19,77.06,76.95,76.86,0,0,-3.14,0.38,-0.24,Em retrocesso
4124905,São João do Caiuá,PR,Sul,93.33,93.06,80.0,80.0,-0.27,-1.0,92.21,91.49,90.87,90.35,89.91,89.53,1,1,9.53,-2.18,-1.0,Em retrocesso
3548005,Santo Antônio de Posse,SP,Sudeste,54.29,62.07,62.69,80.0,7.78,5.45,66.7,70.64,73.99,76.83,79.25,81.31,1,1,1.31,2.99,5.45,No ritmo da meta
3555000,Tupã,SP,Sudeste,50.17,51.23,59.89,80.0,1.06,2.09,53.01,54.52,55.8,56.89,57.82,58.61,0,0,-21.39,4.8,2.09,Ritmo critico
2604155,Casinhas,PE,Nordeste,79.46,84.85,79.62,80.0,5.39,5.32,89.37,93.22,96.48,99.26,100.0,100.0,1,1,20.0,-0.81,5.32,No ritmo da meta
3139102,Madre de Deus de Minas,MG,Sudeste,69.45,71.05,72.76,80.0,1.6,6.96,76.97,81.99,86.27,89.9,92.99,95.62,1,1,15.62,1.49,6.96,No ritmo da meta
4110805,Iretama,PR,Sul,87.59,80.07,80.0,80.0,-7.52,-4.62,76.14,72.81,69.97,67.56,65.51,63.76,0,0,-16.24,-0.01,-4.62,Em retrocesso
3112307,Capelinha,MG,Sudeste,56.35,80.94,64.07,80.0,24.59,18.45,96.62,100.0,100.0,100.0,100.0,100.0,1,1,20.0,-0.16,18.45,No ritmo da meta
1501725,Brasil Novo,PA,Norte,73.21,87.6,75.29,80.0,14.39,8.41,94.75,100.0,100.0,100.0,100.0,100.0,1,1,20.0,-1.27,8.41,No ritmo da meta
3507308,Boracéia,SP,Sudeste,71.15,66.62,73.9,80.0,-4.53,-0.71,66.02,65.5,65.07,64.7,64.38,64.11,0,0,-15.89,2.23,-0.71,Em retrocesso
3530300,Mirassol,SP,Sudeste,67.6,61.57,71.53,80.0,-6.03,-1.46,60.33,59.27,58.38,57.62,56.97,56.42,0,0,-23.58,3.07,-1.46,Em retrocesso
5203401,Bom Jardim de Goiás,GO,Centro-Oeste,79.14,73.26,79.39,80.0,-5.88,0.86,73.99,74.61,75.14,75.59,75.97,76.3,0,0,-3.7,1.12,0.86,Em retrocesso
3537800,Piedade,SP,Sudeste,58.57,63.25,65.55,80.0,4.68,3.9,66.56,69.38,71.78,73.81,75.54,77.01,1,0,-2.99,2.79,3.9,No ritmo da meta
3513207,Cristais Paulista,SP,Sudeste,49.97,49.46,59.75,80.0,-0.51,1.3,50.56,51.5,52.3,52.98,53.56,54.05,0,0,-25.95,5.09,1.3,Em retrocesso
3130606,Inconfidentes,MG,Sudeste,81.42,86.18,80.0,80.0,4.76,8.54,93.44,99.61,100.0,100.0,100.0,100.0,1,1,20.0,-1.03,8.54,No ritmo da meta
2104008,Esperantinópolis,MA,Nordeste,59.36,81.48,66.08,80.0,22.12,12.11,91.77,100.0,100.0,100.0,100.0,100.0,1,1,20.0,-0.25,12.11,No ritmo da meta
2508000,Juru,PB,Nordeste,66.04,47.76,70.5,80.0,-18.28,-6.58,42.17,37.41,33.37,29.94,27.02,24.54,0,0,-55.46,5.37,-6.58,Em retrocesso
3102902,Antônio Carlos,MG,Sudeste,78.03,71.37,78.61,80.0,-6.66,2.83,73.78,75.82,77.56,79.04,80.29,81.36,0,1,1.36,1.44,2.83,Em retrocesso
3120201,Cristais,MG,Sudeste,67.27,86.07,71.31,80.0,18.8,15.56,99.3,100.0,100.0,100.0,100.0,100.0,1,1,20.0,-1.01,15.56,No ritmo da meta
2105609,Joselândia,MA,Nordeste,54.55,75.31,62.87,80.0,20.76,11.43,85.03,93.28,100.0,100.0,100.0,100.0,1,1,20.0,0.78,11.43,No ritmo da meta
3118007,Congonhas,MG,Sudeste,56.15,74.01,63.94,80.0,17.86,15.09,86.84,97.74,100.0,100.0,100.0,100.0,1,1,20.0,1.0,15.09,No ritmo da meta
3533403,Nova Odessa,SP,Sudeste,54.93,57.96,63.12,80.0,3.03,3.07,60.57,62.79,64.67,66.28,67.64,68.8,0,0,-11.2,3.67,3.07,Ritmo insuficiente
3145901,Ouro Branco,MG,Sudeste,65.37,81.33,70.05,80.0,15.96,14.14,93.35,100.0,100.0,100.0,100.0,100.0,1,1,20.0,-0.22,14.14,No ritmo da meta
2100204,Alcântara,MA,Nordeste,73.46,70.97,75.46,80.0,-2.49,-0.2,70.8,70.66,70.53,70.43,70.34,70.26,0,0,-9.74,1.5,-0.2,Em retrocesso
3542404,Regente Feijó,SP,Sudeste,77.73,61.09,78.4,80.0,-16.64,-6.76,55.34,50.46,46.31,42.78,39.78,37.23,0,0,-42.77,3.15,-6.76,Em retrocesso
4309555,Harmonia,RS,Sul,85.53,71.4,80.0,80.0,-14.13,-17.04,56.92,44.6,34.14,25.24,17.68,11.26,0,0,-68.74,1.43,-17.04,Em retrocesso
5200100,Abadiânia,GO,Centro-Oeste,78.96,79.39,79.26,80.0,0.43,4.02,82.81,85.71,88.18,90.28,92.06,93.58,1,1,13.58,0.1,4.02,No ritmo da meta
3128105,Guapé,MG,Sudeste,58.55,80.4,65.54,80.0,21.85,17.08,94.92,100.0,100.0,100.0,100.0,100.0,1,1,20.0,-0.07,17.08,No ritmo da meta
5102637,Campo Novo do Parecis,MT,Centro-Oeste,62.23,69.9,67.98,80.0,7.67,7.75,76.49,82.09,86.85,90.89,94.33,97.25,1,1,17.25,1.68,7.75,No ritmo da meta
3525300,Jaú,SP,Sudeste,59.77,54.89,66.35,80.0,-4.88,-0.88,54.14,53.51,52.97,52.51,52.12,51.78,0,0,-28.22,4.18,-0.88,Em retrocesso
3541406,Presidente Prudente,SP,Sudeste,54.07,61.12,62.54,80.0,7.05,5.08,65.44,69.11,72.23,74.88,77.13,79.05,1,0,-0.95,3.15,5.08,No ritmo da meta
3552700,Tabatinga,SP,Sudeste,62.43,62.83,68.11,80.0,0.4,1.76,64.33,65.6,66.68,67.6,68.38,69.04,0,0,-10.96,2.86,1.76,Ritmo insuficiente
4122008,Rio Azul,PR,Sul,89.62,89.22,80.0,80.0,-0.4,-1.06,88.32,87.55,86.9,86.35,85.88,85.48,1,1,5.48,-1.54,-1.06,Em retrocesso
2203271,Curral Novo do Piauí,PI,Nordeste,16.11,48.34,31.38,80.0,32.23,19.23,64.69,78.58,90.39,100.0,100.0,100.0,1,1,20.0,5.28,19.23,No ritmo da meta
3552106,Socorro,SP,Sudeste,50.82,59.71,60.34,80.0,8.89,6.0,64.81,69.14,72.83,75.96,78.62,80.89,1,1,0.89,3.38,6.0,No ritmo da meta
3533007,Nova Granada,SP,Sudeste,61.21,59.94,67.3,80.0,-1.27,0.92,60.72,61.39,61.95,62.43,62.84,63.19,0,0,-16.81,3.34,0.92,Em retrocesso
3505351,Barra do Chapéu,SP,Sudeste,65.06,65.29,69.85,80.0,0.23,1.67,66.71,67.92,68.94,69.81,70.55,71.18,0,0,-8.82,2.45,1.67,Ritmo insuficiente
3508801,Cafelândia,SP,Sudeste,61.19,61.51,67.29,80.0,0.32,1.72,62.97,64.21,65.27,66.17,66.93,67.58,0,0,-12.42,3.08,1.72,Ritmo critico
4215679,Santa Terezinha,SC,Sul,83.61,69.26,80.0,80.0,-14.35,-6.56,63.68,58.94,54.92,51.49,48.58,46.11,0,0,-33.89,1.79,-6.56,Em retrocesso
4318499,São José do Inhacorá,RS,Sul,82.48,49.7,80.0,80.0,-32.78,-26.37,27.29,8.23,0.0,0.0,0.0,0.0,0,0,-80.0,5.05,-26.37,Em retrocesso
3144706,Nova Era,MG,Sudeste,60.32,72.22,66.71,80.0,11.9,12.11,82.51,91.26,98.7,100.0,100.0,100.0,1,1,20.0,1.3,12.11,No ritmo da meta
3553005,Taguaí,SP,Sudeste,58.59,71.38,65.57,80.0,12.79,7.95,78.14,83.88,88.76,92.91,96.44,99.44,1,1,19.44,1.44,7.95,No ritmo da meta
4218202,Timbó,SC,Sul,69.86,77.99,73.04,80.0,8.13,4.68,81.97,85.35,88.22,90.67,92.74,94.51,1,1,14.51,0.34,4.68,No ritmo da meta
3106002,Bela Vista de Minas,MG,Sudeste,63.8,73.62,69.02,80.0,9.82,11.07,83.03,91.03,97.83,100.0,100.0,100.0,1,1,20.0,1.06,11.07,No ritmo da meta
4202578,Bom Jesus do Oeste,SC,Sul,73.31,95.99,75.36,80.0,22.68,11.96,100.0,100.0,100.0,100.0,100.0,100.0,1,1,20.0,-2.66,11.96,No ritmo da meta
3502903,Araçoiaba da Serra,SP,Sudeste,49.39,56.16,59.35,80.0,6.77,4.94,60.36,63.93,66.96,69.54,71.73,73.6,1,0,-6.4,3.97,4.94,No ritmo da meta
3203106,Jerônimo Monteiro,ES,Sudeste,70.14,77.2,73.22,80.0,7.06,5.87,82.19,86.43,90.04,93.1,95.7,97.92,1,1,17.92,0.47,5.87,No ritmo da meta
4306056,Cristal,RS,Sul,66.3,78.4,70.67,80.0,12.1,-3.93,75.06,72.22,69.81,67.76,66.01,64.53,1,0,-15.47,0.27,-3.93,Ritmo critico
2411809,São Fernando,RN,Nordeste,47.14,64.89,,,17.75,11.48,74.65,82.94,89.99,95.99,100.0,100.0,0,0,,,11.48,Ritmo critico
2209351,Santana do Piauí,PI,Nordeste,33.11,68.1,47.35,80.0,34.99,20.61,85.62,100.0,100.0,100.0,100.0,100.0,1,1,20.0,1.98,20.61,No ritmo da meta
3503307,Araras,SP,Sudeste,58.1,59.68,65.24,80.0,1.58,2.35,61.68,63.38,64.82,66.05,67.09,67.97,0,0,-12.03,3.39,2.35,Ritmo insuficiente
2207009,Oeiras,PI,Nordeste,65.92,72.5,70.42,80.0,6.58,6.41,77.95,82.58,86.52,89.86,92.71,95.12,1,1,15.12,1.25,6.41,No ritmo da meta
3526209,Juquitiba,SP,Sudeste,60.14,55.99,66.59,80.0,-4.15,-0.52,55.55,55.17,54.85,54.58,54.35,54.15,0,0,-25.85,4.0,-0.52,Em retrocesso
3108404,Botelhos,MG,Sudeste,65.49,87.53,70.13,80.0,22.04,17.18,100.0,100.0,100.0,100.0,100.0,100.0,1,1,20.0,-1.26,17.18,No ritmo da meta
3521309,Ipuã,SP,Sudeste,77.09,63.8,77.95,80.0,-13.29,-5.09,59.47,55.8,52.67,50.01,47.75,45.83,0,0,-34.17,2.7,-5.09,Em retrocesso
4217808,Taió,SC,Sul,72.79,70.32,72.11,80.0,-2.47,-0.62,69.79,69.35,68.96,68.64,68.37,68.13,0,0,-11.87,1.61,-0.62,Em retrocesso
4215752,São Bernardino,SC,Sul,83.02,69.54,80.0,80.0,-13.48,-6.12,64.34,59.92,56.16,52.96,50.25,47.94,0,0,-32.06,1.74,-6.12,Em retrocesso
4216255,São João do Oeste,SC,Sul,96.02,92.42,80.0,80.0,-3.6,-1.18,91.42,90.56,89.84,89.22,88.7,88.26,1,1,8.26,-2.07,-1.18,Em retrocesso
3502408,Anhumas,SP,Sudeste,66.98,57.39,71.12,80.0,-9.59,-3.24,54.64,52.3,50.31,48.61,47.18,45.95,0,0,-34.05,3.77,-3.24,Em retrocesso
5106216,Nova Canaã do Norte,MT,Centro-Oeste,56.56,68.51,64.21,80.0,11.95,9.89,76.92,84.06,90.14,95.3,99.69,100.0,1,1,20.0,1.91,9.89,No ritmo da meta
2403400,Equador,RN,Nordeste,20.52,59.19,36.1,80.0,38.67,21.94,77.84,93.69,100.0,100.0,100.0,100.0,1,1,20.0,3.47,21.94,No ritmo da meta
5215504,Ouvidor,GO,Centro-Oeste,65.43,90.09,70.09,80.0,24.66,16.13,100.0,100.0,100.0,100.0,100.0,100.0,1,1,20.0,-1.68,16.13,No ritmo da meta
3135001,Jaguaraçu,MG,Sudeste,62.35,84.51,68.06,80.0,22.16,17.24,99.16,100.0,100.0,100.0,100.0,100.0,1,1,20.0,-0.75,17.24,No ritmo da meta
3532306,Natividade da Serra,SP,Sudeste,40.32,57.89,52.9,80.0,17.57,10.34,66.68,74.15,80.5,85.9,90.49,94.38,1,1,14.38,3.68,10.34,No ritmo da meta
2512408,Puxinanã,PB,Nordeste,75.57,62.11,76.9,80.0,-13.46,-4.17,58.57,55.55,52.99,50.82,48.96,47.39,0,0,-32.61,2.98,-4.17,Em retrocesso
4301206,Arroio do Tigre,RS,Sul,80.42,64.7,80.0,80.0,-15.72,-17.84,49.54,36.65,25.69,16.38,8.46,1.73,0,0,-78.27,2.55,-17.84,Em retrocesso
3518404,Guaratinguetá,SP,Sudeste,56.82,55.83,64.39,80.0,-0.99,1.06,56.73,57.5,58.15,58.7,59.17,59.57,0,0,-20.43,4.03,1.06,Em retrocesso
3551900,Severínia,SP,Sudeste,42.14,61.65,54.23,80.0,19.51,11.31,71.26,79.43,86.38,92.28,97.3,100.0,1,1,20.0,3.06,11.31,No ritmo da meta
3138351,Leme do Prado,MG,Sudeste,52.94,92.39,61.78,80.0,39.45,25.88,100.0,100.0,100.0,100.0,100.0,100.0,1,1,20.0,-2.06,25.88,No ritmo da meta
4314308,Pejuçara,RS,Sul,61.46,62.5,67.47,80.0,1.04,-9.46,54.46,47.62,41.81,36.88,32.68,29.11,0,0,-50.89,2.92,-9.46,Ritmo critico
2409605,Pedra Preta,RN,Nordeste,42.11,37.5,54.21,80.0,-4.61,0.3,37.76,37.97,38.16,38.31,38.45,38.56,0,0,-41.44,7.08,0.3,Em retrocesso
4301552,Áurea,RS,Sul,86.67,37.5,80.0,80.0,-49.17,-34.56,8.12,0.0,0.0,0.0,0.0,0.0,0,0,-80.0,7.08,-34.56,Em retrocesso
2210102,São José do Peixe,PI,Nordeste,76.0,75.0,77.2,80.0,-1.0,2.62,77.23,79.12,80.73,82.1,83.26,84.25,1,1,4.25,0.83,2.62,Em retrocesso
4215554,Santa Helena,SC,Sul,78.34,66.67,78.82,80.0,-11.67,-5.22,62.23,58.46,55.26,52.53,50.21,48.25,0,0,-31.75,2.22,-5.22,Em retrocesso
2609709,Orobó,PE,Nordeste,61.24,91.54,67.32,80.0,30.3,17.77,100.0,100.0,100.0,100.0,100.0,100.0,1,1,20.0,-1.92,17.77,No ritmo da meta
3123106,Dores de Guanhães,MG,Sudeste,42.55,72.49,54.53,80.0,29.94,21.13,90.45,100.0,100.0,100.0,100.0,100.0,1,1,20.0,1.25,21.13,No ritmo da meta
2505303,Curral Velho,PB,Nordeste,38.1,62.5,51.24,80.0,24.4,14.76,75.05,85.71,94.77,100.0,100.0,100.0,1,1,20.0,2.92,14.76,No ritmo da meta
5201207,Anhanguera,GO,Centro-Oeste,80.0,81.25,80.0,80.0,1.25,4.43,85.02,88.22,90.94,93.25,95.21,96.89,1,1,16.89,-0.21,4.43,No ritmo da meta
3111705,Canaã,MG,Sudeste,75.97,87.5,77.18,80.0,11.53,11.92,97.63,100.0,100.0,100.0,100.0,100.0,1,1,20.0,-1.25,11.92,No ritmo da meta
3147956,Patis,MG,Sudeste,76.92,97.25,77.83,80.0,20.33,16.32,100.0,100.0,100.0,100.0,100.0,100.0,1,1,20.0,-2.88,16.32,No ritmo da meta
3169059,Tocos do Moji,MG,Sudeste,78.4,93.75,78.87,80.0,15.35,13.83,100.0,100.0,100.0,100.0,100.0,100.0,1,1,20.0,-2.29,13.83,No ritmo da meta
3159209,Santa Rita de Caldas,MG,Sudeste,86.83,92.49,80.0,80.0,5.66,8.99,100.0,100.0,100.0,100.0,100.0,100.0,1,1,20.0,-2.08,8.99,No ritmo da meta
3548807,São Caetano do Sul,SP,Sudeste,60.95,66.12,67.13,80.0,5.17,4.14,69.64,72.63,75.17,77.33,79.17,80.73,1,1,0.73,2.31,4.14,No ritmo da meta
3106606,Bertópolis,MG,Sudeste,59.47,85.02,66.15,80.0,25.55,18.93,100.0,100.0,100.0,100.0,100.0,100.0,1,1,20.0,-0.84,18.93,No ritmo da meta
3519303,Ibaté,SP,Sudeste,52.81,68.78,61.69,80.0,15.97,9.54,76.89,83.78,89.64,94.62,98.85,100.0,1,1,20.0,1.87,9.54,No ritmo da meta
5213707,Montes Claros de Goiás,GO,Centro-Oeste,66.57,75.02,70.85,80.0,8.45,8.03,81.85,87.65,92.58,96.77,100.0,100.0,1,1,20.0,0.83,8.03,No ritmo da meta
2111722,Satubinha,MA,Nordeste,100.0,79.32,80.0,80.0,-20.68,-9.29,71.42,64.71,59.01,54.16,50.03,46.53,0,0,-33.47,0.11,-9.29,Em retrocesso
3554953,Tuiuti,SP,Sudeste,65.71,55.64,70.28,80.0,-10.07,-3.48,52.68,50.17,48.03,46.21,44.67,43.36,0,0,-36.64,4.06,-3.48,Em retrocesso
2515104,São Sebastião de Lagoa de Roça,PB,Nordeste,64.39,57.17,69.41,80.0,-7.22,-1.05,56.28,55.52,54.87,54.33,53.86,53.46,0,0,-26.54,3.8,-1.05,Em retrocesso
3143005,Monte Belo,MG,Sudeste,50.21,80.85,59.92,80.0,30.64,21.48,99.11,100.0,100.0,100.0,100.0,100.0,1,1,20.0,-0.14,21.48,No ritmo da meta
3149606,Pequi,MG,Sudeste,64.18,81.37,69.27,80.0,17.19,14.75,93.91,100.0,100.0,100.0,100.0,100.0,1,1,20.0,-0.23,14.75,No ritmo da meta
2503209,Cabedelo,PB,Nordeste,48.92,57.26,59.03,80.0,8.34,6.73,62.98,67.84,71.98,75.49,78.48,81.01,1,1,1.01,3.79,6.73,No ritmo da meta
4208005,Itá,SC,Sul,69.06,77.62,72.5,80.0,8.56,4.9,81.79,85.33,88.33,90.89,93.07,94.91,1,1,14.91,0.4,4.9,No ritmo da meta
4217402,Schroeder,SC,Sul,63.05,75.91,68.52,80.0,12.86,7.05,81.9,87.0,91.33,95.01,98.13,100.0,1,1,20.0,0.68,7.05,No ritmo da meta
4213153,Planalto Alegre,SC,Sul,79.57,90.38,79.69,80.0,10.81,6.02,95.5,99.85,100.0,100.0,100.0,100.0,1,1,20.0,-1.73,6.02,No ritmo da meta
1718501,Recursolândia,TO,Norte,4.56,50.29,14.48,80.0,45.73,26.97,73.21,92.7,100.0,100.0,100.0,100.0,1,1,20.0,4.95,26.97,No ritmo da meta
2200400,Altos,PI,Nordeste,61.91,61.82,67.77,80.0,-0.09,3.07,64.43,66.65,68.53,70.14,71.5,72.66,0,0,-7.34,3.03,3.07,Em retrocesso
4217204,São Miguel do Oeste,SC,Sul,68.64,75.64,72.22,80.0,7.0,4.12,79.14,82.12,84.65,86.8,88.63,90.18,1,1,10.18,0.73,4.12,No ritmo da meta
3532504,Neves Paulista,SP,Sudeste,90.57,74.47,80.0,80.0,-16.1,-6.49,68.95,64.26,60.28,56.89,54.01,51.56,0,0,-28.44,0.92,-6.49,Em retrocesso
3536505,Paulínia,SP,Sudeste,48.49,61.39,58.73,80.0,12.9,8.01,68.2,73.99,78.9,83.09,86.64,89.66,1,1,9.66,3.1,8.01,No ritmo da meta
3121001,Datas,MG,Sudeste,80.04,90.32,80.0,80.0,10.28,11.3,99.92,100.0,100.0,100.0,100.0,100.0,1,1,20.0,-1.72,11.3,No ritmo da meta
3151404,Pitangui,MG,Sudeste,92.14,85.71,80.0,80.0,-6.43,2.94,88.21,90.33,92.14,93.67,94.98,96.09,1,1,16.09,-0.95,2.94,Em retrocesso
3550001,São Luiz do Paraitinga,SP,Sudeste,73.42,59.66,75.43,80.0,-13.76,-5.32,55.14,51.29,48.03,45.25,42.89,40.88,0,0,-39.12,3.39,-5.32,Em retrocesso
3160405,Santo Antônio do Monte,MG,Sudeste,82.37,81.35,80.0,80.0,-1.02,5.65,86.15,90.23,93.7,96.65,99.16,100.0,1,1,20.0,-0.22,5.65,Em retrocesso
3169703,Turmalina,MG,Sudeste,53.94,73.78,62.45,80.0,19.84,16.08,87.45,99.07,100.0,100.0,100.0,100.0,1,1,20.0,1.04,16.08,No ritmo da meta
5213087,Minaçu,GO,Centro-Oeste,75.66,81.44,76.96,80.0,5.78,6.69,87.13,91.96,96.07,99.56,100.0,100.0,1,1,20.0,-0.24,6.69,No ritmo da meta
4108205,Formosa do Oeste,PR,Sul,88.15,85.18,80.0,80.0,-2.97,-2.35,83.18,81.48,80.04,78.81,77.77,76.89,1,0,-3.11,-0.86,-2.35,Em retrocesso
3553500,Tapiraí,SP,Sudeste,53.69,57.45,62.29,80.0,3.76,3.44,60.37,62.86,64.97,66.77,68.29,69.59,0,0,-10.41,3.76,3.44,Ritmo insuficiente
2206506,Monsenhor Hipólito,PI,Nordeste,100.0,97.7,80.0,80.0,-2.3,1.97,99.37,100.0,100.0,100.0,100.0,100.0,1,1,20.0,-2.95,1.97,Em retrocesso
3509700,Campos do Jordão,SP,Sudeste,51.23,57.12,60.62,80.0,5.89,4.5,60.94,64.2,66.96,69.31,71.31,73.0,1,0,-7.0,3.81,4.5,No ritmo da meta
2514503,São José de Piranhas,PB,Nordeste,34.1,55.77,48.14,80.0,21.67,13.4,67.16,76.84,85.07,92.07,98.01,100.0,1,1,20.0,4.04,13.4,No ritmo da meta
2603900,Carnaíba,PE,Nordeste,91.81,92.5,80.0,80.0,0.69,2.97,95.02,97.17,98.99,100.0,100.0,100.0,1,1,20.0,-2.08,2.97,No ritmo da meta
2400802,Angicos,RN,Nordeste,19.34,51.81,34.89,80.0,32.47,18.84,67.82,81.44,93.01,100.0,100.0,100.0,1,1,20.0,4.7,18.84,No ritmo da meta
3137403,Lagoa Dourada,MG,Sudeste,63.91,87.23,69.09,80.0,23.32,17.82,100.0,100.0,100.0,100.0,100.0,100.0,1,1,20.0,-1.21,17.82,No ritmo da meta
3144003,Mutum,MG,Sudeste,61.47,76.73,67.47,80.0,15.26,13.79,88.45,98.41,100.0,100.0,100.0,100.0,1,1,20.0,0.54,13.79,No ritmo da meta
5105176,Juruena,MT,Centro-Oeste,59.71,73.66,66.31,80.0,13.95,10.89,82.92,90.78,97.47,100.0,100.0,100.0,1,1,20.0,1.06,10.89,No ritmo da meta
1705557,Combinado,TO,Norte,62.09,56.14,67.88,80.0,-5.95,1.13,57.1,57.92,58.61,59.2,59.7,60.13,0,0,-19.87,3.98,1.13,Em retrocesso
4204509,Corupá,SC,Sul,61.16,79.7,67.27,80.0,18.54,9.89,88.11,95.25,100.0,100.0,100.0,100.0,1,1,20.0,0.05,9.89,No ritmo da meta
3538600,Piracaia,SP,Sudeste,58.49,57.46,65.5,80.0,-1.03,1.04,58.34,59.1,59.73,60.28,60.74,61.13,0,0,-18.87,3.76,1.04,Em retrocesso
3502200,Angatuba,SP,Sudeste,48.25,59.71,58.57,80.0,11.46,7.29,65.91,71.17,75.65,79.46,82.69,85.44,1,1,5.44,3.38,7.29,No ritmo da meta
3166907,Serrania,MG,Sudeste,63.81,80.88,69.02,80.0,17.07,14.69,93.37,100.0,100.0,100.0,100.0,100.0,1,1,20.0,-0.15,14.69,No ritmo da meta
3539301,Pirassununga,SP,Sudeste,45.9,56.4,56.92,80.0,10.5,6.81,62.19,67.11,71.29,74.85,77.87,80.44,1,1,0.44,3.93,6.81,No ritmo da meta
3103751,Araporã,MG,Sudeste,62.72,73.61,68.3,80.0,10.89,11.6,83.47,91.85,98.97,100.0,100.0,100.0,1,1,20.0,1.07,11.6,No ritmo da meta
4101655,Arapuã,PR,Sul,54.39,76.31,62.76,80.0,21.92,10.1,84.9,92.19,98.39,100.0,100.0,100.0,1,1,20.0,0.61,10.1,No ritmo da meta
3204351,Rio Bananal,ES,Sudeste,74.62,83.06,76.25,80.0,8.44,6.56,88.64,93.38,97.4,100.0,100.0,100.0,1,1,20.0,-0.51,6.56,No ritmo da meta
3532207,Narandiba,SP,Sudeste,53.17,60.6,61.93,80.0,7.43,5.27,65.08,68.89,72.12,74.87,77.21,79.2,1,0,-0.8,3.23,5.27,No ritmo da meta
3502754,Araçariguama,SP,Sudeste,50.13,54.04,59.86,80.0,3.91,3.51,57.02,59.56,61.72,63.55,65.1,66.43,0,0,-13.57,4.33,3.51,Ritmo insuficiente
4200051,Abdon Batista,SC,Sul,72.06,77.08,74.51,80.0,5.02,3.13,79.74,82.0,83.92,85.56,86.95,88.13,1,1,8.13,0.49,3.13,No ritmo da meta
3522604,Itapira,SP,Sudeste,60.48,62.18,66.82,80.0,1.7,2.41,64.23,65.97,67.45,68.71,69.78,70.69,0,0,-9.31,2.97,2.41,Ritmo insuficiente
3203056,Jaguaré,ES,Sudeste,72.19,80.31,74.6,80.0,8.12,6.4,85.75,90.37,94.3,97.65,100.0,100.0,1,1,20.0,-0.05,6.4,No ritmo da meta
2111607,São Raimundo das Mangabeiras,MA,Nordeste,71.02,84.5,73.81,80.0,13.48,7.79,91.12,96.75,100.0,100.0,100.0,100.0,1,1,20.0,-0.75,7.79,No ritmo da meta
5205901,Corumbaíba,GO,Centro-Oeste,71.44,82.63,74.1,80.0,11.19,9.4,90.62,97.41,100.0,100.0,100.0,100.0,1,1,20.0,-0.44,9.4,No ritmo da meta
3203908,Nova Venécia,ES,Sudeste,83.51,83.24,80.0,80.0,-0.27,2.21,85.12,86.72,88.07,89.23,90.21,91.04,1,1,11.04,-0.54,2.21,Em retrocesso
3155801,Rio Pomba,MG,Sudeste,65.31,78.55,70.01,80.0,13.24,12.78,89.41,98.65,100.0,100.0,100.0,100.0,1,1,20.0,0.24,12.78,No ritmo da meta
3104700,Ataléia,MG,Sudeste,67.11,66.4,71.21,80.0,-0.71,5.8,71.33,75.52,79.08,82.11,84.68,86.87,1,1,6.87,2.27,5.8,Em retrocesso
5213103,Mineiros,GO,Centro-Oeste,80.26,84.01,80.0,80.0,3.75,5.68,88.84,92.94,96.43,99.4,100.0,100.0,1,1,20.0,-0.67,5.68,No ritmo da meta
3514601,Dumont,SP,Sudeste,76.77,64.5,77.73,80.0,-12.27,-4.58,60.61,57.3,54.49,52.09,50.06,48.33,0,0,-31.67,2.58,-4.58,Em retrocesso
3108552,Brasilândia de Minas,MG,Sudeste,76.74,76.71,77.71,80.0,-0.03,6.14,81.93,86.37,90.14,93.34,96.07,98.38,1,1,18.38,0.55,6.14,Em retrocesso
3122009,Divino,MG,Sudeste,49.17,67.15,59.2,80.0,17.98,15.15,80.03,90.97,100.0,100.0,100.0,100.0,1,1,20.0,2.14,15.15,No ritmo da meta
2514404,São José de Espinharas,PB,Nordeste,56.3,44.79,64.04,80.0,-11.51,-3.19,42.08,39.77,37.81,36.15,34.73,33.53,0,0,-46.47,5.87,-3.19,Em retrocesso
2503902,Camalaú,PB,Nordeste,36.34,68.64,49.89,80.0,32.3,18.71,84.54,98.06,100.0,100.0,100.0,100.0,1,1,20.0,1.89,18.71,No ritmo da meta
5203575,Bonópolis,GO,Centro-Oeste,48.9,61.76,59.02,80.0,12.86,10.23,70.46,77.85,84.13,89.47,94.01,97.87,1,1,17.87,3.04,10.23,No ritmo da meta
3122207,Divinolândia de Minas,MG,Sudeste,67.53,87.1,71.49,80.0,19.57,15.94,100.0,100.0,100.0,100.0,100.0,100.0,1,1,20.0,-1.18,15.94,No ritmo da meta
5210901,Itapaci,GO,Centro-Oeste,78.84,85.28,79.18,80.0,6.44,7.02,91.25,96.32,100.0,100.0,100.0,100.0,1,1,20.0,-0.88,7.02,No ritmo da meta
3109006,Brumadinho,MG,Sudeste,70.28,87.73,73.32,80.0,17.45,14.88,100.0,100.0,100.0,100.0,100.0,100.0,1,1,20.0,-1.29,14.88,No ritmo da meta
3138807,Luz,MG,Sudeste,54.44,87.21,62.79,80.0,32.77,22.54,100.0,100.0,100.0,100.0,100.0,100.0,1,1,20.0,-1.2,22.54,No ritmo da meta
3545605,Santa Adélia,SP,Sudeste,60.7,64.33,66.96,80.0,3.63,3.37,67.19,69.63,71.7,73.46,74.95,76.22,1,0,-3.78,2.61,3.37,No ritmo da meta
3109105,Bueno Brandão,MG,Sudeste,63.01,82.56,68.49,80.0,19.55,15.93,96.1,100.0,100.0,100.0,100.0,100.0,1,1,20.0,-0.43,15.93,No ritmo da meta
4208500,Ituporanga,SC,Sul,64.17,77.25,69.26,80.0,13.08,7.16,83.34,88.51,92.91,96.64,99.82,100.0,1,1,20.0,0.46,7.16,No ritmo da meta
3163102,São José da Varginha,MG,Sudeste,55.14,82.68,63.26,80.0,27.54,19.93,99.62,100.0,100.0,100.0,100.0,100.0,1,1,20.0,-0.45,19.93,No ritmo da meta
3534203,Orindiúva,SP,Sudeste,43.55,48.15,55.25,80.0,4.6,3.86,51.43,54.22,56.59,58.61,60.32,61.77,0,0,-18.23,5.31,3.86,Ritmo insuficiente
4215059,Rio Rufino,SC,Sul,65.74,76.32,70.3,80.0,10.58,5.91,81.34,85.61,89.24,92.33,94.95,97.18,1,1,17.18,0.61,5.91,No ritmo da meta
5211503,Itumbiara,GO,Centro-Oeste,69.78,74.44,72.98,80.0,4.66,6.13,79.65,84.08,87.84,91.04,93.76,96.08,1,1,16.08,0.93,6.13,No ritmo da meta
4107405,Enéas Marques,PR,Sul,83.61,85.24,80.0,80.0,1.63,-0.05,85.2,85.16,85.13,85.1,85.08,85.06,1,1,5.06,-0.87,-0.05,No ritmo da meta
5208806,Goianira,GO,Centro-Oeste,69.12,81.01,72.54,80.0,11.89,9.75,89.3,96.34,100.0,100.0,100.0,100.0,1,1,20.0,-0.17,9.75,No ritmo da meta
2513158,Santa Cecília,PB,Nordeste,13.38,48.11,28.13,80.0,34.73,19.93,65.05,79.45,91.69,100.0,100.0,100.0,1,1,20.0,5.32,19.93,No ritmo da meta
5219738,Santo Antônio de Goiás,GO,Centro-Oeste,91.99,82.91,80.0,80.0,-9.08,-0.74,82.28,81.75,81.29,80.91,80.58,80.3,1,1,0.3,-0.48,-0.74,Em retrocesso
2307205,Jati,CE,Nordeste,74.37,77.45,76.08,80.0,3.08,1.71,78.9,80.14,81.19,82.08,82.84,83.49,1,1,3.49,0.42,1.71,No ritmo da meta
3129707,Ibiraci,MG,Sudeste,32.8,73.86,47.1,80.0,41.06,26.69,96.55,100.0,100.0,100.0,100.0,100.0,1,1,20.0,1.02,26.69,No ritmo da meta
2608107,João Alfredo,PE,Nordeste,56.99,75.79,64.5,80.0,18.8,12.02,86.01,94.69,100.0,100.0,100.0,100.0,1,1,20.0,0.7,12.02,No ritmo da meta
4207908,Irineópolis,SC,Sul,71.82,79.25,74.35,80.0,7.43,4.33,82.93,86.06,88.72,90.98,92.9,94.53,1,1,14.53,0.12,4.33,No ritmo da meta
3556602,Vera Cruz,SP,Sudeste,62.72,50.96,68.3,80.0,-11.76,-4.32,47.29,44.17,41.51,39.26,37.34,35.71,0,0,-44.29,4.84,-4.32,Em retrocesso
3542206,Rancharia,SP,Sudeste,60.04,60.02,66.53,80.0,-0.02,1.55,61.34,62.46,63.41,64.22,64.91,65.49,0,0,-14.51,3.33,1.55,Em retrocesso
3169802,Turvolândia,MG,Sudeste,61.67,67.31,67.61,80.0,5.64,8.98,74.94,81.43,86.95,91.63,95.62,99.0,1,1,19.0,2.11,8.98,No ritmo da meta
3120805,Cruzília,MG,Sudeste,97.18,75.3,80.0,80.0,-21.88,-4.78,71.24,67.78,64.85,62.35,60.23,58.43,0,0,-21.57,0.78,-4.78,Em retrocesso
4307104,Herval,RS,Sul,52.82,64.4,61.7,80.0,11.58,-4.19,60.84,57.81,55.24,53.05,51.19,49.61,0,0,-30.39,2.6,-4.19,Ritmo critico
3164902,São Sebastião do Rio Verde,MG,Sudeste,68.42,91.3,72.08,80.0,22.88,17.6,100.0,100.0,100.0,100.0,100.0,100.0,1,1,20.0,-1.88,17.6,No ritmo da meta
4304804,Carlos Barbosa,RS,Sul,67.4,64.9,71.4,80.0,-2.5,-11.23,55.35,47.24,40.34,34.48,29.5,25.26,0,0,-54.74,2.52,-11.23,Em retrocesso
2504033,Capim,PB,Nordeste,56.03,60.4,63.86,80.0,4.37,4.75,64.44,67.87,70.79,73.27,75.37,77.17,1,0,-2.83,3.27,4.75,No ritmo da meta
3100807,Aguanil,MG,Sudeste,100.0,88.68,80.0,80.0,-11.32,0.5,89.1,89.47,89.77,90.03,90.26,90.44,1,1,10.44,-1.45,0.5,Em retrocesso
3516705,Garça,SP,Sudeste,51.91,57.27,61.08,80.0,5.36,4.24,60.87,63.94,66.54,68.75,70.64,72.24,0,0,-7.76,3.79,4.24,No ritmo da meta
3509908,Cananéia,SP,Sudeste,64.85,59.72,69.71,80.0,-5.13,-1.01,58.86,58.13,57.51,56.98,56.54,56.16,0,0,-23.84,3.38,-1.01,Em retrocesso
3516200,Franca,SP,Sudeste,57.72,64.54,64.99,80.0,6.82,4.97,68.76,72.36,75.41,78.0,80.21,82.08,1,1,2.08,2.58,4.97,No ritmo da meta
3134806,Jacuí,MG,Sudeste,70.85,85.13,73.7,80.0,14.28,13.3,96.44,100.0,100.0,100.0,100.0,100.0,1,1,20.0,-0.85,13.3,No ritmo da meta
5203559,Bonfinópolis,GO,Centro-Oeste,58.03,86.32,65.19,80.0,28.29,17.95,100.0,100.0,100.0,100.0,100.0,100.0,1,1,20.0,-1.05,17.95,No ritmo da meta
3524600,Jacupiranga,SP,Sudeste,63.85,54.8,69.05,80.0,-9.05,-2.97,52.28,50.13,48.31,46.76,45.44,44.32,0,0,-35.68,4.2,-2.97,Em retrocesso
3529005,Marília,SP,Sudeste,59.16,64.28,65.94,80.0,5.12,4.12,67.78,70.76,73.29,75.44,77.27,78.82,1,0,-1.18,2.62,4.12,No ritmo da meta
3514403,Dracena,SP,Sudeste,63.13,62.74,68.57,80.0,-0.39,1.36,63.9,64.88,65.71,66.42,67.03,67.54,0,0,-12.46,2.88,1.36,Em retrocesso
3170578,Vargem Alegre,MG,Sudeste,82.74,83.44,80.0,80.0,0.7,6.51,88.97,93.68,97.67,100.0,100.0,100.0,1,1,20.0,-0.57,6.51,No ritmo da meta
3201704,Conceição do Castelo,ES,Sudeste,77.46,84.19,78.21,80.0,6.73,5.71,89.04,93.17,96.68,99.66,100.0,100.0,1,1,20.0,-0.7,5.71,No ritmo da meta
3110103,Caiana,MG,Sudeste,58.54,76.5,65.53,80.0,17.96,15.14,89.37,100.0,100.0,100.0,100.0,100.0,1,1,20.0,0.58,15.14,No ritmo da meta
4122305,Rio Negro,PR,Sul,85.17,88.56,80.0,80.0,3.39,0.83,89.27,89.87,90.37,90.81,91.18,91.49,1,1,11.49,-1.43,0.83,No ritmo da meta
3535606,Paraibuna,SP,Sudeste,63.5,58.56,68.82,80.0,-4.94,-0.91,57.79,57.13,56.57,56.1,55.69,55.35,0,0,-24.65,3.57,-0.91,Em retrocesso
2506301,Guarabira,PB,Nordeste,36.12,59.62,49.72,80.0,23.5,14.31,71.78,82.12,90.91,98.38,100.0,100.0,1,1,20.0,3.4,14.31,No ritmo da meta
2200053,Acauã,PI,Nordeste,81.71,81.89,80.0,80.0,0.18,3.21,84.62,86.94,88.91,90.58,92.01,93.22,1,1,13.22,-0.32,3.21,No ritmo da meta
3203353,Marilândia,ES,Sudeste,78.51,78.31,78.94,80.0,-0.2,2.24,80.21,81.83,83.21,84.38,85.37,86.22,1,1,6.22,0.28,2.24,Em retrocesso
2515930,Sertãozinho,PB,Nordeste,52.0,75.35,61.14,80.0,23.35,14.24,87.45,97.74,100.0,100.0,100.0,100.0,1,1,20.0,0.78,14.24,No ritmo da meta
2208205,Pio IX,PI,Nordeste,35.27,58.16,49.06,80.0,22.89,14.56,70.54,81.06,90.0,97.6,100.0,100.0,1,1,20.0,3.64,14.56,No ritmo da meta
3120409,Cristiano Otoni,MG,Sudeste,72.12,89.96,74.55,80.0,17.84,15.08,100.0,100.0,100.0,100.0,100.0,100.0,1,1,20.0,-1.66,15.08,No ritmo da meta
4313359,Nova Roma do Sul,RS,Sul,82.57,83.3,80.0,80.0,0.73,-9.61,75.13,68.19,62.29,57.27,53.01,49.38,0,0,-30.62,-0.55,-9.61,Ritmo critico
2502607,Igaracy,PB,Nordeste,28.96,79.06,43.91,80.0,50.1,27.61,100.0,100.0,100.0,100.0,100.0,100.0,1,1,20.0,0.16,27.61,No ritmo da meta
3204559,Santa Maria de Jetibá,ES,Sudeste,85.82,79.8,80.0,80.0,-6.02,-0.67,79.23,78.75,78.33,77.99,77.69,77.44,0,0,-2.56,0.03,-0.67,Em retrocesso
3517208,Guaiçara,SP,Sudeste,50.64,60.0,60.21,80.0,9.36,6.24,65.3,69.81,73.64,76.9,79.67,82.02,1,1,2.02,3.33,6.24,No ritmo da meta
3536604,Paulo de Faria,SP,Sudeste,50.36,80.89,60.02,80.0,30.53,16.82,95.19,100.0,100.0,100.0,100.0,100.0,1,1,20.0,-0.15,16.82,No ritmo da meta
3544806,Sales,SP,Sudeste,67.97,68.37,71.78,80.0,0.4,1.76,69.87,71.14,72.22,73.14,73.92,74.58,0,0,-5.42,1.94,1.76,Ritmo insuficiente
3100104,Abadia dos Dourados,MG,Sudeste,61.41,96.07,67.44,80.0,34.66,23.49,100.0,100.0,100.0,100.0,100.0,100.0,1,1,20.0,-2.68,23.49,No ritmo da meta
2703502,Jacuípe,AL,Nordeste,54.29,77.02,62.69,80.0,22.73,14.69,89.51,100.0,100.0,100.0,100.0,100.0,1,1,20.0,0.5,14.69,No ritmo da meta
3204609,Santa Teresa,ES,Sudeste,84.05,82.16,80.0,80.0,-1.89,1.4,83.35,84.36,85.22,85.95,86.57,87.1,1,1,7.1,-0.36,1.4,Em retrocesso
2312601,São Luís do Curu,CE,Nordeste,81.66,65.1,80.0,80.0,-16.56,-8.11,58.21,52.35,47.37,43.13,39.53,36.48,0,0,-43.52,2.48,-8.11,Em retrocesso
5212808,Mara Rosa,GO,Centro-Oeste,69.6,87.78,72.86,80.0,18.18,12.89,98.74,100.0,100.0,100.0,100.0,100.0,1,1,20.0,-1.3,12.89,No ritmo da meta
3112604,Capinópolis,MG,Sudeste,51.19,73.04,60.59,80.0,21.85,17.08,87.56,99.9,100.0,100.0,100.0,100.0,1,1,20.0,1.16,17.08,No ritmo da meta
3522000,Itaju,SP,Sudeste,53.84,44.34,62.39,80.0,-9.5,-3.19,41.63,39.32,37.36,35.7,34.28,33.08,0,0,-46.92,5.94,-3.19,Em retrocesso
5107792,Santo Antônio do Leste,MT,Centro-Oeste,60.97,75.82,67.14,80.0,14.85,11.34,85.46,93.65,100.0,100.0,100.0,100.0,1,1,20.0,0.7,11.34,No ritmo da meta
3164407,São Sebastião da Bela Vista,MG,Sudeste,66.97,90.92,71.11,80.0,23.95,18.13,100.0,100.0,100.0,100.0,100.0,100.0,1,1,20.0,-1.82,18.13,No ritmo da meta
2304236,Croatá,CE,Nordeste,98.5,99.14,80.0,80.0,0.64,0.49,99.56,99.91,100.0,100.0,100.0,100.0,1,1,20.0,-3.19,0.49,No ritmo da meta
3161908,São Gonçalo do Rio Abaixo,MG,Sudeste,80.53,91.6,80.0,80.0,11.07,11.69,100.0,100.0,100.0,100.0,100.0,100.0,1,1,20.0,-1.93,11.69,No ritmo da meta
4313805,Palmitinho,RS,Sul,84.12,68.4,80.0,80.0,-15.72,-17.84,53.24,40.35,29.39,20.08,12.16,5.43,0,0,-74.57,1.93,-17.84,Em retrocesso
4100301,Agudos do Sul,PR,Sul,75.84,87.51,77.09,80.0,11.67,4.97,91.73,95.33,98.38,100.0,100.0,100.0,1,1,20.0,-1.25,4.97,No ritmo da meta
2414308,Timbaúba dos Batistas,RN,Nordeste,20.83,40.0,36.41,80.0,19.17,12.19,50.36,59.17,66.65,73.02,78.43,83.02,1,1,3.02,6.67,12.19,No ritmo da meta
3524204,Jaborandi,SP,Sudeste,82.62,67.19,80.0,80.0,-15.43,-6.16,61.95,57.5,53.72,50.5,47.77,45.45,0,0,-34.55,2.14,-6.16,Em retrocesso
3156452,Rosário da Limeira,MG,Sudeste,55.93,78.18,63.79,80.0,22.25,17.28,92.87,100.0,100.0,100.0,100.0,100.0,1,1,20.0,0.3,17.28,No ritmo da meta
3555208,Turiúba,SP,Sudeste,100.0,93.33,80.0,80.0,-6.67,-1.78,91.82,90.53,89.44,88.51,87.72,87.05,1,1,7.05,-2.22,-1.78,Em retrocesso
1704105,Centenário,TO,Norte,23.33,66.67,38.85,80.0,43.34,25.77,88.57,100.0,100.0,100.0,100.0,100.0,1,1,20.0,2.22,25.77,No ritmo da meta
3160603,Santo Hipólito,MG,Sudeste,58.82,93.33,65.72,80.0,34.51,23.41,100.0,100.0,100.0,100.0,100.0,100.0,1,1,20.0,-2.22,23.41,No ritmo da meta
4319711,São Valentim do Sul,RS,Sul,94.12,73.3,80.0,80.0,-20.82,-20.39,55.97,41.24,28.71,18.07,9.02,1.33,0,0,-78.67,1.12,-20.39,Em retrocesso
2503506,Cacimba de Dentro,PB,Nordeste,79.49,63.3,79.64,80.0,-16.19,-5.53,58.6,54.6,51.21,48.32,45.87,43.78,0,0,-36.22,2.78,-5.53,Em retrocesso
3531209,Monte Alegre do Sul,SP,Sudeste,55.12,56.59,63.25,80.0,1.47,2.29,58.54,60.19,61.6,62.79,63.81,64.67,0,0,-15.33,3.9,2.29,Ritmo critico
3551207,Sarutaiá,SP,Sudeste,78.96,79.97,79.26,80.0,1.01,2.06,81.72,83.21,84.47,85.55,86.46,87.24,1,1,7.24,0.01,2.06,No ritmo da meta
3546207,Santa Cruz da Conceição,SP,Sudeste,66.58,73.36,70.86,80.0,6.78,4.95,77.57,81.14,84.18,86.77,88.96,90.83,1,1,10.83,1.11,4.95,No ritmo da meta
4217501,Seara,SC,Sul,83.55,70.92,80.0,80.0,-12.63,-5.7,66.08,61.96,58.46,55.48,52.95,50.8,0,0,-29.2,1.51,-5.7,Em retrocesso
2402105,Campo Redondo,RN,Nordeste,24.04,39.72,39.52,80.0,15.68,10.45,48.6,56.15,62.57,68.03,72.66,76.6,1,0,-3.4,6.71,10.45,No ritmo da meta
2607703,Itapetim,PE,Nordeste,65.28,89.12,70.0,80.0,23.84,14.54,100.0,100.0,100.0,100.0,100.0,100.0,1,1,20.0,-1.52,14.54,No ritmo da meta
3120607,Crucilândia,MG,Sudeste,81.48,90.23,80.0,80.0,8.75,10.53,99.18,100.0,100.0,100.0,100.0,100.0,1,1,20.0,-1.71,10.53,No ritmo da meta
3520905,Ipaussu,SP,Sudeste,55.77,54.96,63.68,80.0,-0.81,1.15,55.94,56.77,57.47,58.07,58.59,59.02,0,0,-20.98,4.17,1.15,Em retrocesso
2407252,Major Sales,RN,Nordeste,31.42,60.04,45.97,80.0,28.62,16.92,74.42,86.65,97.04,100.0,100.0,100.0,1,1,20.0,3.33,16.92,No ritmo da meta
3147303,Paraisópolis,MG,Sudeste,60.77,81.68,67.01,80.0,20.91,16.61,95.8,100.0,100.0,100.0,100.0,100.0,1,1,20.0,-0.28,16.61,No ritmo da meta
3155306,Rio Manso,MG,Sudeste,71.24,98.05,73.96,80.0,26.81,19.56,100.0,100.0,100.0,100.0,100.0,100.0,1,1,20.0,-3.01,19.56,No ritmo da meta
3201902,Domingos Martins,ES,Sudeste,80.64,81.13,80.0,80.0,0.49,2.59,83.33,85.2,86.79,88.15,89.29,90.27,1,1,10.27,-0.19,2.59,No ritmo da meta
3542909,Ribeirão Bonito,SP,Sudeste,79.24,53.4,79.46,80.0,-25.84,-11.36,43.74,35.54,28.56,22.63,17.59,13.31,0,0,-66.69,4.43,-11.36,Em retrocesso
5204409,Caiapônia,GO,Centro-Oeste,76.59,84.82,77.6,80.0,8.23,7.92,91.55,97.27,100.0,100.0,100.0,100.0,1,1,20.0,-0.8,7.92,No ritmo da meta
4211652,Novo Horizonte,SC,Sul,91.6,86.57,80.0,80.0,-5.03,-1.9,84.96,83.58,82.42,81.42,80.58,79.86,1,0,-0.14,-1.09,-1.9,Em retrocesso
2704609,Maravilha,AL,Nordeste,68.8,74.38,72.33,80.0,5.58,6.12,79.58,84.0,87.76,90.96,93.67,95.98,1,1,15.98,0.94,6.12,No ritmo da meta
3545001,Salesópolis,SP,Sudeste,64.64,65.52,69.57,80.0,0.88,2.0,67.22,68.66,69.89,70.94,71.82,72.58,0,0,-7.42,2.41,2.0,Ritmo insuficiente
4108908,Guairaçá,PR,Sul,72.56,80.71,74.85,80.0,8.15,3.21,83.44,85.76,87.73,89.4,90.83,92.04,1,1,12.04,-0.12,3.21,No ritmo da meta
4213203,Pomerode,SC,Sul,63.17,70.85,68.6,80.0,7.68,4.46,74.64,77.86,80.6,82.93,84.91,86.59,1,1,6.59,1.53,4.46,No ritmo da meta
4301008,Arroio do Meio,RS,Sul,82.6,63.6,80.0,80.0,-19.0,-19.48,47.04,32.97,21.0,10.84,2.19,0.0,0,0,-80.0,2.73,-19.48,Em retrocesso
3105509,Barão do Monte Alto,MG,Sudeste,63.54,89.21,68.84,80.0,25.67,18.99,100.0,100.0,100.0,100.0,100.0,100.0,1,1,20.0,-1.53,18.99,No ritmo da meta
5105200,Juscimeira,MT,Centro-Oeste,48.65,67.06,58.84,80.0,18.41,13.12,78.21,87.69,95.75,100.0,100.0,100.0,1,1,20.0,2.16,13.12,No ritmo da meta
2615706,Triunfo,PE,Nordeste,82.65,80.64,80.0,80.0,-2.01,1.62,82.02,83.19,84.18,85.03,85.75,86.36,1,1,6.36,-0.11,1.62,Em retrocesso
2208650,Queimada Nova,PI,Nordeste,60.22,67.42,66.65,80.0,7.2,6.72,73.13,77.99,82.11,85.62,88.6,91.14,1,1,11.14,2.1,6.72,No ritmo da meta
3526902,Limeira,SP,Sudeste,62.38,62.75,68.08,80.0,0.37,1.74,64.23,65.49,66.55,67.46,68.24,68.89,0,0,-11.11,2.88,1.74,Ritmo insuficiente
5218300,Posse,GO,Centro-Oeste,76.16,80.95,77.31,80.0,4.79,6.2,86.22,90.7,94.51,97.74,100.0,100.0,1,1,20.0,-0.16,6.2,No ritmo da meta
4124806,São João,PR,Sul,87.03,87.16,80.0,80.0,0.13,-0.8,86.48,85.9,85.41,84.99,84.64,84.34,1,1,4.34,-1.19,-0.8,No ritmo da meta
3132909,Itamogi,MG,Sudeste,61.13,80.11,67.25,80.0,18.98,15.65,93.41,100.0,100.0,100.0,100.0,100.0,1,1,20.0,-0.02,15.65,No ritmo da meta
3501806,Américo de Campos,SP,Sudeste,59.97,78.38,66.48,80.0,18.41,10.76,87.53,95.3,100.0,100.0,100.0,100.0,1,1,20.0,0.27,10.76,No ritmo da meta
3554409,Terra Roxa,SP,Sudeste,67.21,74.29,71.27,80.0,7.08,5.1,78.62,82.31,85.44,88.1,90.37,92.29,1,1,12.29,0.95,5.1,No ritmo da meta
5101803,Barra do Garças,MT,Centro-Oeste,61.17,68.34,67.28,80.0,7.17,7.5,74.72,80.13,84.74,88.65,91.98,94.81,1,1,14.81,1.94,7.5,No ritmo da meta
2102754,Capinzal do Norte,MA,Nordeste,35.67,91.14,49.37,80.0,55.47,28.78,100.0,100.0,100.0,100.0,100.0,100.0,1,1,20.0,-1.86,28.78,No ritmo da meta
2907558,Caturama,BA,Nordeste,46.92,50.85,57.64,80.0,3.93,1.51,52.13,53.22,54.15,54.94,55.61,56.18,0,0,-23.82,4.86,1.51,Ritmo critico
4106555,Corumbataí do Sul,PR,Sul,87.28,87.98,80.0,80.0,0.7,-0.51,87.55,87.18,86.86,86.6,86.37,86.18,1,1,6.18,-1.33,-0.51,No ritmo da meta
1718840,Sandolândia,TO,Norte,45.7,53.5,56.78,80.0,7.8,8.0,60.3,66.08,70.99,75.17,78.72,81.74,1,1,1.74,4.42,8.0,No ritmo da meta
2604908,Cumaru,PE,Nordeste,76.43,95.06,77.49,80.0,18.63,11.94,100.0,100.0,100.0,100.0,100.0,100.0,1,1,20.0,-2.51,11.94,No ritmo da meta
1703602,Brasilândia do Tocantins,TO,Norte,29.73,68.9,44.56,80.0,39.17,23.69,89.04,100.0,100.0,100.0,100.0,100.0,1,1,20.0,1.85,23.69,No ritmo da meta
4201901,Aurora,SC,Sul,62.58,77.09,68.21,80.0,14.51,7.87,83.78,89.47,94.3,98.41,100.0,100.0,1,1,20.0,0.48,7.87,No ritmo da meta
3156908,Sacramento,MG,Sudeste,64.01,79.62,69.15,80.0,15.61,13.96,91.49,100.0,100.0,100.0,100.0,100.0,1,1,20.0,0.06,13.96,No ritmo da meta
2403202,Doutor Severiano,RN,Nordeste,53.88,53.06,62.41,80.0,-0.82,2.2,54.93,56.52,57.87,59.02,60.0,60.82,0,0,-19.18,4.49,2.2,Em retrocesso
5103205,Colíder,MT,Centro-Oeste,49.25,64.22,59.26,80.0,14.97,11.4,73.91,82.15,89.15,95.1,100.0,100.0,1,1,20.0,2.63,11.4,No ritmo da meta
3163706,São Lourenço,MG,Sudeste,64.13,85.37,69.23,80.0,21.24,16.78,99.63,100.0,100.0,100.0,100.0,100.0,1,1,20.0,-0.9,16.78,No ritmo da meta
4214607,Rio do Oeste,SC,Sul,81.39,70.6,80.0,80.0,-10.79,-4.78,66.54,63.08,60.15,57.65,55.53,53.73,0,0,-26.27,1.57,-4.78,Em retrocesso
3204104,Pinheiros,ES,Sudeste,77.29,82.38,78.09,80.0,5.09,4.89,86.54,90.07,93.07,95.63,97.79,99.64,1,1,19.64,-0.4,4.89,No ritmo da meta
2202091,Caldeirão Grande do Piauí,PI,Nordeste,100.0,100.0,80.0,80.0,0.0,3.12,100.0,100.0,100.0,100.0,100.0,100.0,1,1,20.0,-3.33,3.12,No ritmo da meta
3171154,Vermelho Novo,MG,Sudeste,73.55,81.82,75.52,80.0,8.27,10.29,90.57,98.0,100.0,100.0,100.0,100.0,1,1,20.0,-0.3,10.29,No ritmo da meta
4215695,Santiago do Sul,SC,Sul,73.68,81.82,75.61,80.0,8.14,4.69,85.81,89.2,92.08,94.52,96.6,98.37,1,1,18.37,-0.3,4.69,No ritmo da meta
3165602,Senador Cortes,MG,Sudeste,42.11,81.82,54.21,80.0,39.71,26.01,100.0,100.0,100.0,100.0,100.0,100.0,1,1,20.0,-0.3,26.01,No ritmo da meta
5207352,Edealina,GO,Centro-Oeste,76.65,90.91,77.65,80.0,14.26,10.93,100.0,100.0,100.0,100.0,100.0,100.0,1,1,20.0,-1.82,10.93,No ritmo da meta
3542602,Registro,SP,Sudeste,52.31,63.81,61.35,80.0,11.5,7.31,70.02,75.3,79.79,83.61,86.85,89.61,1,1,9.61,2.7,7.31,No ritmo da meta
3538006,Pindamonhangaba,SP,Sudeste,54.51,63.8,62.84,80.0,9.29,6.2,69.07,73.55,77.36,80.59,83.34,85.68,1,1,5.68,2.7,6.2,No ritmo da meta
2608701,Lagoa dos Gatos,PE,Nordeste,70.94,86.35,73.76,80.0,15.41,10.33,95.13,100.0,100.0,100.0,100.0,100.0,1,1,20.0,-1.06,10.33,No ritmo da meta
3556453,Vargem Grande Paulista,SP,Sudeste,56.05,64.59,63.87,80.0,8.54,5.83,69.55,73.76,77.34,80.38,82.97,85.17,1,1,5.17,2.57,5.83,No ritmo da meta
1721109,Tocantínia,TO,Norte,42.96,51.16,54.82,80.0,8.2,8.2,58.13,64.05,69.09,73.37,77.01,80.1,1,1,0.1,4.81,8.2,No ritmo da meta
5222054,Vicentinópolis,GO,Centro-Oeste,78.24,84.21,78.75,80.0,5.97,6.79,89.98,94.89,99.06,100.0,100.0,100.0,1,1,20.0,-0.7,6.79,No ritmo da meta
3202900,Itarana,ES,Sudeste,78.04,82.15,78.61,80.0,4.11,4.4,85.89,89.07,91.77,94.07,96.02,97.68,1,1,17.68,-0.36,4.4,No ritmo da meta
3526803,Lençóis Paulista,SP,Sudeste,61.31,63.65,67.37,80.0,2.34,2.73,65.97,67.94,69.62,71.04,72.26,73.29,0,0,-6.71,2.72,2.73,No ritmo da meta
3171600,Virgem da Lapa,MG,Sudeste,50.12,85.1,59.86,80.0,34.98,23.65,100.0,100.0,100.0,100.0,100.0,100.0,1,1,20.0,-0.85,23.65,No ritmo da meta
3538501,Piquete,SP,Sudeste,65.49,69.56,70.13,80.0,4.07,3.59,72.61,75.21,77.41,79.28,80.88,82.23,1,1,2.23,1.74,3.59,No ritmo da meta
3119708,Coronel Xavier Chaves,MG,Sudeste,72.49,92.31,74.8,80.0,19.82,16.07,100.0,100.0,100.0,100.0,100.0,100.0,1,1,20.0,-2.05,16.07,No ritmo da meta
3148004,Patos de Minas,MG,Sudeste,69.14,76.9,72.56,80.0,7.76,10.04,85.43,92.69,98.85,100.0,100.0,100.0,1,1,20.0,0.52,10.04,No ritmo da meta
5218789,Rio Quente,GO,Centro-Oeste,79.26,96.08,79.47,80.0,16.82,12.21,100.0,100.0,100.0,100.0,100.0,100.0,1,1,20.0,-2.68,12.21,No ritmo da meta
3200300,Alfredo Chaves,ES,Sudeste,74.51,87.55,76.17,80.0,13.04,8.86,95.08,100.0,100.0,100.0,100.0,100.0,1,1,20.0,-1.26,8.86,No ritmo da meta
2104107,Fortaleza dos Nogueiras,MA,Nordeste,45.09,78.25,56.35,80.0,33.16,17.63,93.24,100.0,100.0,100.0,100.0,100.0,1,1,20.0,0.29,17.63,No ritmo da meta
2612471,Santa Cruz da Baixa Verde,PE,Nordeste,75.38,87.09,76.77,80.0,11.71,8.48,94.3,100.0,100.0,100.0,100.0,100.0,1,1,20.0,-1.18,8.48,No ritmo da meta
3511300,Cedral,SP,Sudeste,72.92,55.73,75.09,80.0,-17.19,-7.04,49.75,44.66,40.34,36.66,33.54,30.88,0,0,-49.12,4.05,-7.04,Em retrocesso
3536307,Patrocínio Paulista,SP,Sudeste,44.66,67.0,56.04,80.0,22.34,12.73,77.82,87.02,94.84,100.0,100.0,100.0,1,1,20.0,2.17,12.73,No ritmo da meta
3202504,Ibiraçu,ES,Sudeste,67.71,81.16,71.61,80.0,13.45,9.07,88.87,95.42,100.0,100.0,100.0,100.0,1,1,20.0,-0.19,9.07,No ritmo da meta
4120705,Quatiguá,PR,Sul,91.58,90.26,80.0,80.0,-1.32,-1.52,88.97,87.87,86.94,86.14,85.47,84.9,1,1,4.9,-1.71,-1.52,Em retrocesso
3530508,Mococa,SP,Sudeste,46.41,61.52,57.28,80.0,15.11,9.11,69.26,75.85,81.44,86.2,90.24,93.67,1,1,13.67,3.08,9.11,No ritmo da meta
3512902,Cosmorama,SP,Sudeste,94.57,56.46,80.0,80.0,-38.11,-17.5,41.58,28.94,18.19,9.06,1.29,0.0,0,0,-80.0,3.92,-17.5,Em retrocesso
3171105,Veríssimo,MG,Sudeste,97.76,77.09,77.6,80.0,-20.67,-4.18,73.54,70.52,67.95,65.77,63.91,62.34,0,0,-17.66,0.48,-4.18,Em retrocesso
3133204,Itanhomi,MG,Sudeste,41.07,85.64,53.45,80.0,44.57,28.44,100.0,100.0,100.0,100.0,100.0,100.0,1,1,20.0,-0.94,28.44,No ritmo da meta
4107124,Diamante do Sul,PR,Sul,69.4,83.28,72.73,80.0,13.88,6.08,88.45,92.84,96.57,99.75,100.0,100.0,1,1,20.0,-0.55,6.08,No ritmo da meta
2307304,Juazeiro do Norte,CE,Nordeste,60.56,59.48,66.87,80.0,-1.08,-0.37,59.17,58.9,58.67,58.48,58.31,58.17,0,0,-21.83,3.42,-0.37,Em retrocesso
2506608,Ibiara,PB,Nordeste,13.07,58.62,27.74,80.0,45.55,25.34,80.16,98.47,100.0,100.0,100.0,100.0,1,1,20.0,3.56,25.34,No ritmo da meta
3200201,Alegre,ES,Sudeste,66.87,83.48,71.05,80.0,16.61,10.65,92.53,100.0,100.0,100.0,100.0,100.0,1,1,20.0,-0.58,10.65,No ritmo da meta
4121406,Realeza,PR,Sul,88.32,79.84,80.0,80.0,-8.48,-5.1,75.51,71.82,68.69,66.03,63.76,61.84,0,0,-18.16,0.03,-5.1,Em retrocesso
2508406,Lastro,PB,Nordeste,20.77,82.76,36.35,80.0,61.99,33.56,100.0,100.0,100.0,100.0,100.0,100.0,1,1,20.0,-0.46,33.56,No ritmo da meta
2401503,Barcelona,RN,Nordeste,55.27,74.35,63.35,80.0,19.08,12.15,84.68,93.46,100.0,100.0,100.0,100.0,1,1,20.0,0.94,12.15,No ritmo da meta
3554607,Timburi,SP,Sudeste,39.16,58.99,52.03,80.0,19.83,11.47,68.74,77.03,84.07,90.06,95.15,99.47,1,1,19.47,3.5,11.47,No ritmo da meta
5220405,São Simão,GO,Centro-Oeste,72.78,82.29,75.0,80.0,9.51,8.56,89.57,95.75,100.0,100.0,100.0,100.0,1,1,20.0,-0.38,8.56,No ritmo da meta
3530706,Mogi Guaçu,SP,Sudeste,51.4,63.47,60.73,80.0,12.07,7.59,69.92,75.41,80.07,84.03,87.4,90.26,1,1,10.26,2.76,7.59,No ritmo da meta
3161700,São Gonçalo do Abaeté,MG,Sudeste,86.36,82.95,80.0,80.0,-3.41,4.45,86.73,89.95,92.68,95.0,96.98,98.66,1,1,18.66,-0.49,4.45,Em retrocesso
5219357,Santa Isabel,GO,Centro-Oeste,79.49,77.97,79.64,80.0,-1.52,3.04,80.55,82.75,84.62,86.2,87.55,88.7,1,1,8.7,0.34,3.04,Em retrocesso
4212908,Pinhalzinho,SC,Sul,78.25,78.35,78.76,80.0,0.1,0.67,78.92,79.4,79.82,80.16,80.46,80.71,1,1,0.71,0.28,0.67,No ritmo da meta
3112653,Capitão Andrade,MG,Sudeste,40.45,77.02,52.99,80.0,36.57,24.44,97.79,100.0,100.0,100.0,100.0,100.0,1,1,20.0,0.5,24.44,No ritmo da meta
5101605,Barão de Melgaço,MT,Centro-Oeste,60.04,41.67,66.53,80.0,-18.37,-5.27,37.19,33.38,30.15,27.4,25.06,23.07,0,0,-56.93,6.39,-5.27,Em retrocesso
4214102,Presidente Nereu,SC,Sul,51.67,58.33,60.92,80.0,6.66,3.95,61.69,64.54,66.97,69.03,70.78,72.27,1,0,-7.73,3.61,3.95,No ritmo da meta
3104304,Areado,MG,Sudeste,70.75,88.09,73.63,80.0,17.34,14.83,100.0,100.0,100.0,100.0,100.0,100.0,1,1,20.0,-1.35,14.83,No ritmo da meta
5207253,Doverlândia,GO,Centro-Oeste,78.21,83.34,78.73,80.0,5.13,6.37,88.75,93.36,97.27,100.0,100.0,100.0,1,1,20.0,-0.56,6.37,No ritmo da meta
3133402,Itapagipe,MG,Sudeste,63.86,77.3,69.06,80.0,13.44,12.88,88.25,97.55,100.0,100.0,100.0,100.0,1,1,20.0,0.45,12.88,No ritmo da meta
4200606,Águas Mornas,SC,Sul,81.28,79.3,80.0,80.0,-1.98,-0.37,78.99,78.72,78.49,78.3,78.13,77.99,0,0,-2.01,0.12,-0.37,Em retrocesso
3162708,São João do Paraíso,MG,Sudeste,70.47,87.33,73.45,80.0,16.86,14.59,99.73,100.0,100.0,100.0,100.0,100.0,1,1,20.0,-1.22,14.59,No ritmo da meta
5200555,Alto Horizonte,GO,Centro-Oeste,66.64,72.47,70.9,80.0,5.83,6.72,78.18,83.04,87.16,90.67,93.65,96.19,1,1,16.19,1.26,6.72,No ritmo da meta
3151008,Piranguinho,MG,Sudeste,69.35,85.01,72.7,80.0,15.66,13.99,96.9,100.0,100.0,100.0,100.0,100.0,1,1,20.0,-0.84,13.99,No ritmo da meta
3515608,Fernando Prestes,SP,Sudeste,97.93,85.99,80.0,80.0,-11.94,-4.41,82.24,79.06,76.35,74.04,72.09,70.42,1,0,-9.58,-1.0,-4.41,Em retrocesso
4201208,Antônio Carlos,SC,Sul,74.47,74.89,76.15,80.0,0.42,0.83,75.6,76.2,76.7,77.14,77.51,77.82,0,0,-2.18,0.85,0.83,Ritmo insuficiente
3101904,Alpinópolis,MG,Sudeste,42.26,78.56,54.32,80.0,36.3,24.31,99.22,100.0,100.0,100.0,100.0,100.0,1,1,20.0,0.24,24.31,No ritmo da meta
3161205,São Francisco de Paula,MG,Sudeste,78.67,90.73,79.06,80.0,12.06,12.19,100.0,100.0,100.0,100.0,100.0,100.0,1,1,20.0,-1.79,12.19,No ritmo da meta
3542107,Rafard,SP,Sudeste,84.05,70.8,80.0,80.0,-13.25,-5.07,66.49,62.83,59.71,57.07,54.82,52.91,0,0,-27.09,1.53,-5.07,Em retrocesso
5205000,Carmo do Rio Verde,GO,Centro-Oeste,78.85,85.78,79.18,80.0,6.93,7.27,91.96,97.21,100.0,100.0,100.0,100.0,1,1,20.0,-0.96,7.27,No ritmo da meta
3165701,Senador Firmino,MG,Sudeste,66.34,91.79,70.7,80.0,25.45,18.88,100.0,100.0,100.0,100.0,100.0,100.0,1,1,20.0,-1.97,18.88,No ritmo da meta
4208401,Itapiranga,SC,Sul,71.58,78.16,74.19,80.0,6.58,3.91,81.48,84.31,86.71,88.75,90.49,91.96,1,1,11.96,0.31,3.91,No ritmo da meta
4202131,Bela Vista do Toldo,SC,Sul,86.2,81.95,80.0,80.0,-4.25,-1.51,80.67,79.58,78.65,77.86,77.19,76.62,1,0,-3.38,-0.33,-1.51,Em retrocesso
2904209,Botuporã,BA,Nordeste,62.08,47.37,67.88,80.0,-14.71,-7.81,40.73,35.09,30.29,26.22,22.75,19.8,0,0,-60.2,5.44,-7.81,Em retrocesso
3546702,Santa Gertrudes,SP,Sudeste,59.66,64.05,66.28,80.0,4.39,3.75,67.24,69.95,72.25,74.21,75.87,77.29,1,0,-2.71,2.66,3.75,No ritmo da meta
3118304,Conselheiro Lafaiete,MG,Sudeste,64.98,82.19,69.8,80.0,17.21,14.76,94.74,100.0,100.0,100.0,100.0,100.0,1,1,20.0,-0.36,14.76,No ritmo da meta
5100805,Apiacás,MT,Centro-Oeste,48.69,74.17,58.87,80.0,25.48,16.65,88.32,100.0,100.0,100.0,100.0,100.0,1,1,20.0,0.97,16.65,No ritmo da meta
3144409,Natércia,MG,Sudeste,70.18,86.3,73.25,80.0,16.12,14.22,98.39,100.0,100.0,100.0,100.0,100.0,1,1,20.0,-1.05,14.22,No ritmo da meta
3201803,Divino de São Lourenço,ES,Sudeste,46.09,82.15,57.06,80.0,36.06,20.37,99.46,100.0,100.0,100.0,100.0,100.0,1,1,20.0,-0.36,20.37,No ritmo da meta
2300606,Altaneira,CE,Nordeste,100.0,88.52,80.0,80.0,-11.48,-5.57,83.79,79.76,76.34,73.43,70.96,68.86,1,0,-11.14,-1.42,-5.57,Em retrocesso
3123700,Engenheiro Caldas,MG,Sudeste,58.22,63.03,65.32,80.0,4.81,8.56,70.31,76.49,81.75,86.22,90.01,93.24,1,1,13.24,2.83,8.56,No ritmo da meta
3170909,Varzelândia,MG,Sudeste,46.77,73.78,57.53,80.0,27.01,19.66,90.49,100.0,100.0,100.0,100.0,100.0,1,1,20.0,1.04,19.66,No ritmo da meta
1720853,Sucupira,TO,Norte,77.59,58.97,78.3,80.0,-18.62,-5.21,54.54,50.78,47.58,44.86,42.55,40.58,0,0,-39.42,3.51,-5.21,Em retrocesso
2508901,Mamanguape,PB,Nordeste,46.17,68.65,57.11,80.0,22.48,13.8,80.38,90.35,98.83,100.0,100.0,100.0,1,1,20.0,1.89,13.8,No ritmo da meta
4303673,Campestre da Serra,RS,Sul,90.0,80.8,80.0,80.0,-9.2,-14.58,68.41,57.87,48.92,41.31,34.84,29.34,0,0,-50.66,-0.13,-14.58,Em retrocesso
5103056,Cláudia,MT,Centro-Oeste,58.39,66.28,65.43,80.0,7.89,7.86,72.96,78.64,83.47,87.57,91.06,94.02,1,1,14.02,2.29,7.86,No ritmo da meta
3165305,São Vicente de Minas,MG,Sudeste,60.1,81.64,66.57,80.0,21.54,16.93,96.03,100.0,100.0,100.0,100.0,100.0,1,1,20.0,-0.27,16.93,No ritmo da meta
2312809,Senador Sá,CE,Nordeste,99.07,99.12,80.0,80.0,0.05,0.2,99.29,99.43,99.56,99.66,99.75,99.83,1,1,19.83,-3.19,0.2,No ritmo da meta
3536208,Pariquera-Açu,SP,Sudeste,64.45,61.36,69.45,80.0,-3.09,0.01,61.37,61.38,61.38,61.39,61.39,61.4,0,0,-18.6,3.11,0.01,Em retrocesso
3516903,General Salgado,SP,Sudeste,60.8,67.35,67.03,80.0,6.55,4.83,71.46,74.95,77.91,80.43,82.58,84.4,1,1,4.4,2.11,4.83,No ritmo da meta
5208905,Goiás,GO,Centro-Oeste,67.46,87.52,71.44,80.0,20.06,13.83,99.28,100.0,100.0,100.0,100.0,100.0,1,1,20.0,-1.25,13.83,No ritmo da meta
3137205,Lagoa da Prata,MG,Sudeste,72.57,79.9,74.86,80.0,7.33,9.82,88.25,95.34,100.0,100.0,100.0,100.0,1,1,20.0,0.02,9.82,No ritmo da meta
5212204,Jussara,GO,Centro-Oeste,58.98,79.77,65.82,80.0,20.79,14.2,91.84,100.0,100.0,100.0,100.0,100.0,1,1,20.0,0.04,14.2,No ritmo da meta
3557105,Votuporanga,SP,Sudeste,49.7,61.66,59.57,80.0,11.96,7.54,68.07,73.52,78.15,82.08,85.43,88.27,1,1,8.27,3.06,7.54,No ritmo da meta
3538303,Piquerobi,SP,Sudeste,56.25,45.2,64.01,80.0,-11.05,-3.97,41.83,38.96,36.52,34.45,32.69,31.19,0,0,-48.81,5.8,-3.97,Em retrocesso
5200134,Acreúna,GO,Centro-Oeste,58.49,81.48,65.5,80.0,22.99,15.3,94.48,100.0,100.0,100.0,100.0,100.0,1,1,20.0,-0.25,15.3,No ritmo da meta
5221551,Turvelândia,GO,Centro-Oeste,68.16,86.88,71.9,80.0,18.72,13.16,98.07,100.0,100.0,100.0,100.0,100.0,1,1,20.0,-1.15,13.16,No ritmo da meta
3518008,Guarani d'Oeste,SP,Sudeste,94.12,57.14,80.0,80.0,-36.98,-16.93,42.75,30.52,20.12,11.28,3.77,0.0,0,0,-80.0,3.81,-16.93,Em retrocesso
2514206,São José da Lagoa Tapada,PB,Nordeste,85.74,59.52,80.0,80.0,-26.22,-10.55,50.55,42.93,36.45,30.94,26.26,22.28,0,0,-57.72,3.41,-10.55,Em retrocesso
5205703,Córrego do Ouro,GO,Centro-Oeste,77.4,100.0,78.17,80.0,22.6,15.1,100.0,100.0,100.0,100.0,100.0,100.0,1,1,20.0,-3.33,15.1,No ritmo da meta
2200954,Aroeiras do Itaim,PI,Nordeste,53.33,80.95,62.04,80.0,27.62,16.93,95.34,100.0,100.0,100.0,100.0,100.0,1,1,20.0,-0.16,16.93,No ritmo da meta
3550506,São Pedro do Turvo,SP,Sudeste,69.21,71.42,72.6,80.0,2.21,2.66,73.68,75.6,77.24,78.62,79.81,80.81,1,1,0.81,1.43,2.66,No ritmo da meta
2211407,Várzea Grande,PI,Nordeste,93.66,76.19,80.0,80.0,-17.47,-5.62,71.41,67.35,63.9,60.97,58.47,56.35,0,0,-23.65,0.64,-5.62,Em retrocesso
4305504,Ciríaco,RS,Sul,86.67,85.7,80.0,80.0,-0.97,-10.46,76.81,69.25,62.83,57.37,52.73,48.78,0,0,-31.22,-0.95,-10.46,Em retrocesso
2514800,São José dos Cordeiros,PB,Nordeste,80.25,95.24,80.0,80.0,14.99,10.06,100.0,100.0,100.0,100.0,100.0,100.0,1,1,20.0,-2.54,10.06,No ritmo da meta
4308250,Floriano Peixoto,RS,Sul,85.71,71.4,80.0,80.0,-14.31,-17.13,56.84,44.46,33.94,25.0,17.4,10.94,0,0,-69.06,1.43,-17.13,Em retrocesso
3104403,Argirita,MG,Sudeste,55.13,89.33,63.26,80.0,34.2,23.26,100.0,100.0,100.0,100.0,100.0,100.0,1,1,20.0,-1.55,23.26,No ritmo da meta
3136900,Juruaia,MG,Sudeste,78.5,82.69,78.94,80.0,4.19,8.25,89.7,95.66,100.0,100.0,100.0,100.0,1,1,20.0,-0.45,8.25,No ritmo da meta
3515202,Estrela d'Oeste,SP,Sudeste,53.96,58.91,62.47,80.0,4.95,4.03,62.34,65.25,67.72,69.83,71.61,73.13,0,0,-6.87,3.52,4.03,No ritmo da meta
3157500,Santa Efigênia de Minas,MG,Sudeste,43.34,75.81,55.1,80.0,32.47,22.39,94.84,100.0,100.0,100.0,100.0,100.0,1,1,20.0,0.7,22.39,No ritmo da meta
4304309,Cândido Godói,RS,Sul,75.52,48.4,76.87,80.0,-27.12,-23.54,28.39,11.38,0.0,0.0,0.0,0.0,0,0,-80.0,5.27,-23.54,Em retrocesso
3133758,Itaú de Minas,MG,Sudeste,74.33,89.46,76.05,80.0,15.13,13.72,100.0,100.0,100.0,100.0,100.0,100.0,1,1,20.0,-1.58,13.72,No ritmo da meta
2503308,Cachoeira dos Índios,PB,Nordeste,42.05,52.23,54.17,80.0,10.18,7.65,58.73,64.26,68.96,72.95,76.35,79.23,1,0,-0.77,4.63,7.65,No ritmo da meta
4212007,Palma Sola,SC,Sul,80.08,79.92,80.0,80.0,-0.16,0.54,80.38,80.77,81.1,81.38,81.62,81.83,1,1,1.83,0.01,0.54,Em retrocesso
3543303,Ribeirão Pires,SP,Sudeste,64.35,66.4,69.38,80.0,2.05,2.58,68.59,70.46,72.04,73.39,74.53,75.51,0,0,-4.49,2.27,2.58,No ritmo da meta
4210209,Major Gercino,SC,Sul,51.4,76.42,60.73,80.0,25.02,13.13,87.58,97.07,100.0,100.0,100.0,100.0,1,1,20.0,0.6,13.13,No ritmo da meta
3127503,Gonzaga,MG,Sudeste,66.42,82.31,70.75,80.0,15.89,14.1,94.3,100.0,100.0,100.0,100.0,100.0,1,1,20.0,-0.39,14.1,No ritmo da meta
4205555,Frei Rogério,SC,Sul,65.71,94.95,,,29.24,15.24,100.0,100.0,100.0,100.0,100.0,100.0,0,0,,,15.24,Ritmo critico
4123105,Santa Amélia,PR,Sul,100.0,91.5,80.0,80.0,-8.5,-5.11,87.16,83.46,80.33,77.66,75.39,73.46,1,0,-6.54,-1.92,-5.11,Em retrocesso
2505105,Cuité,PB,Nordeste,50.66,62.2,60.23,80.0,11.54,8.33,69.28,75.3,80.41,84.76,88.46,91.6,1,1,11.6,2.97,8.33,No ritmo da meta
5209937,Inaciolândia,GO,Centro-Oeste,76.2,87.01,77.33,80.0,10.81,9.21,94.84,100.0,100.0,100.0,100.0,100.0,1,1,20.0,-1.17,9.21,No ritmo da meta
3171709,Virgínia,MG,Sudeste,57.94,74.66,65.13,80.0,16.72,14.52,87.0,97.49,100.0,100.0,100.0,100.0,1,1,20.0,0.89,14.52,No ritmo da meta
3167400,Silvianópolis,MG,Sudeste,54.05,87.91,62.53,80.0,33.86,23.09,100.0,100.0,100.0,100.0,100.0,100.0,1,1,20.0,-1.32,23.09,No ritmo da meta
2201051,Assunção do Piauí,PI,Nordeste,84.48,69.88,80.0,80.0,-14.6,-4.18,66.33,63.31,60.74,58.56,56.7,55.13,0,0,-24.87,1.69,-4.18,Em retrocesso
3545100,Salmourão,SP,Sudeste,57.11,61.69,64.58,80.0,4.58,3.85,64.96,67.74,70.11,72.12,73.83,75.28,1,0,-4.72,3.05,3.85,No ritmo da meta
3552908,Taciba,SP,Sudeste,79.93,67.0,79.95,80.0,-12.93,-4.91,62.83,59.28,56.26,53.7,51.52,49.67,0,0,-30.33,2.17,-4.91,Em retrocesso
3527702,Luiziânia,SP,Sudeste,54.64,54.95,62.93,80.0,0.31,1.71,56.4,57.64,58.69,59.58,60.34,60.99,0,0,-19.01,4.18,1.71,Ritmo critico
5103007,Chapada dos Guimarães,MT,Centro-Oeste,47.7,69.0,58.18,80.0,21.3,14.56,81.38,91.9,100.0,100.0,100.0,100.0,1,1,20.0,1.83,14.56,No ritmo da meta
1707207,Dois Irmãos do Tocantins,TO,Norte,48.67,52.81,58.86,80.0,4.14,6.17,58.05,62.51,66.3,69.52,72.26,74.59,0,0,-5.41,4.53,6.17,No ritmo da meta
3501004,Altinópolis,SP,Sudeste,68.51,67.78,72.14,80.0,-0.73,1.19,68.79,69.65,70.38,71.0,71.53,71.98,0,0,-8.02,2.04,1.19,Em retrocesso
2312502,São João do Jaguaribe,CE,Nordeste,79.82,95.98,79.87,80.0,16.16,8.25,100.0,100.0,100.0,100.0,100.0,100.0,1,1,20.0,-2.66,8.25,No ritmo da meta
3533502,Novo Horizonte,SP,Sudeste,61.56,75.66,67.53,80.0,14.1,8.61,82.98,89.2,94.49,98.98,100.0,100.0,1,1,20.0,0.72,8.61,No ritmo da meta
2109239,Presidente Médici,MA,Nordeste,75.46,74.73,76.82,80.0,-0.73,0.68,75.31,75.8,76.22,76.57,76.87,77.13,0,0,-2.87,0.88,0.68,Em retrocesso
2111706,São Vicente Ferrer,MA,Nordeste,61.03,76.82,67.18,80.0,15.79,8.94,84.42,90.88,96.37,100.0,100.0,100.0,1,1,20.0,0.53,8.94,No ritmo da meta
5103254,Colniza,MT,Centro-Oeste,41.71,69.19,53.92,80.0,27.48,17.65,84.19,96.94,100.0,100.0,100.0,100.0,1,1,20.0,1.8,17.65,No ritmo da meta
4117271,Nova Tebas,PR,Sul,89.19,84.88,80.0,80.0,-4.31,-3.02,82.31,80.13,78.28,76.7,75.36,74.22,1,0,-5.78,-0.81,-3.02,Em retrocesso
5204706,Campinorte,GO,Centro-Oeste,73.78,81.71,75.68,80.0,7.93,7.77,88.31,93.93,98.7,100.0,100.0,100.0,1,1,20.0,-0.28,7.77,No ritmo da meta
3521408,Iracemápolis,SP,Sudeste,59.58,62.26,66.22,80.0,2.68,2.9,64.72,66.82,68.6,70.12,71.4,72.5,0,0,-7.5,2.96,2.9,Ritmo insuficiente
3154705,Ribeirão Vermelho,MG,Sudeste,42.82,80.2,54.72,80.0,37.38,24.85,100.0,100.0,100.0,100.0,100.0,100.0,1,1,20.0,-0.03,24.85,No ritmo da meta
4117214,Nova Santa Bárbara,PR,Sul,84.94,79.18,80.0,80.0,-5.76,-3.74,76.0,73.3,71.0,69.05,67.39,65.98,0,0,-14.02,0.14,-3.74,Em retrocesso
3130903,Inhapim,MG,Sudeste,68.56,84.81,72.17,80.0,16.25,14.28,96.95,100.0,100.0,100.0,100.0,100.0,1,1,20.0,-0.8,14.28,No ritmo da meta
5220157,São Luiz do Norte,GO,Centro-Oeste,75.36,85.76,76.76,80.0,10.4,9.0,93.41,99.91,100.0,100.0,100.0,100.0,1,1,20.0,-0.96,9.0,No ritmo da meta
2105948,Lago dos Rodrigues,MA,Nordeste,88.14,92.3,80.0,80.0,4.16,3.13,94.96,97.22,99.14,100.0,100.0,100.0,1,1,20.0,-2.05,3.13,No ritmo da meta
3142205,Miraí,MG,Sudeste,96.19,79.2,80.0,80.0,-16.99,-2.34,77.21,75.52,74.08,72.86,71.82,70.94,0,0,-9.06,0.13,-2.34,Em retrocesso
2313005,Solonópole,CE,Nordeste,98.1,98.96,80.0,80.0,0.86,0.6,99.47,99.9,100.0,100.0,100.0,100.0,1,1,20.0,-3.16,0.6,No ritmo da meta
3505104,Barbosa,SP,Sudeste,64.82,65.05,69.69,80.0,0.23,1.67,66.47,67.68,68.7,69.57,70.31,70.94,0,0,-9.06,2.49,1.67,Ritmo insuficiente
3115706,Central de Minas,MG,Sudeste,71.27,72.79,73.98,80.0,1.52,6.92,78.67,83.67,87.92,91.53,94.6,97.21,1,1,17.21,1.2,6.92,No ritmo da meta
5107065,Querência,MT,Centro-Oeste,57.84,74.18,65.07,80.0,16.34,12.08,84.45,93.18,100.0,100.0,100.0,100.0,1,1,20.0,0.97,12.08,No ritmo da meta
2515906,Serraria,PB,Nordeste,83.64,74.71,80.0,80.0,-8.93,-1.9,73.1,71.72,70.56,69.56,68.72,68.0,0,0,-12.0,0.88,-1.9,Em retrocesso
3515707,Ferraz de Vasconcelos,SP,Sudeste,52.72,65.07,61.63,80.0,12.35,7.73,71.64,77.23,81.97,86.01,89.44,92.35,1,1,12.35,2.49,7.73,No ritmo da meta
2203602,Eliseu Martins,PI,Nordeste,82.88,65.85,80.0,80.0,-17.03,-5.4,61.26,57.36,54.04,51.22,48.83,46.79,0,0,-33.21,2.36,-5.4,Em retrocesso
4208609,Jaborá,SC,Sul,73.88,77.67,75.75,80.0,3.79,2.51,79.8,81.62,83.16,84.47,85.58,86.53,1,1,6.53,0.39,2.51,No ritmo da meta
3553302,Tambaú,SP,Sudeste,47.74,59.74,58.21,80.0,12.0,7.56,66.17,71.63,76.27,80.22,83.57,86.42,1,1,6.42,3.38,7.56,No ritmo da meta
3520509,Indaiatuba,SP,Sudeste,58.5,62.82,65.51,80.0,4.32,3.72,65.98,68.67,70.95,72.9,74.55,75.95,1,0,-4.05,2.86,3.72,No ritmo da meta
2701001,Boca da Mata,AL,Nordeste,73.6,88.19,75.55,80.0,14.59,10.62,97.22,100.0,100.0,100.0,100.0,100.0,1,1,20.0,-1.36,10.62,No ritmo da meta
3115474,Catuti,MG,Sudeste,61.25,75.75,67.33,80.0,14.5,13.41,87.15,96.84,100.0,100.0,100.0,100.0,1,1,20.0,0.71,13.41,No ritmo da meta
3131406,Ipiaçu,MG,Sudeste,75.16,76.42,76.62,80.0,1.26,6.79,82.19,87.1,91.27,94.81,97.82,100.0,1,1,20.0,0.6,6.79,No ritmo da meta
2208106,Pimenteiras,PI,Nordeste,60.51,61.41,66.84,80.0,0.9,3.57,64.44,67.02,69.22,71.08,72.66,74.01,0,0,-5.99,3.1,3.57,No ritmo da meta
2506004,Esperança,PB,Nordeste,61.5,64.21,67.49,80.0,2.71,3.92,67.54,70.37,72.78,74.83,76.57,78.05,1,0,-1.95,2.63,3.92,No ritmo da meta
3527900,Lutécia,SP,Sudeste,71.6,78.67,74.2,80.0,7.07,5.09,83.0,86.67,89.8,92.46,94.72,96.64,1,1,16.64,0.22,5.09,No ritmo da meta
2106003,Lima Campos,MA,Nordeste,86.67,90.91,80.0,80.0,4.24,3.17,93.6,95.89,97.84,99.5,100.0,100.0,1,1,20.0,-1.82,3.17,No ritmo da meta
3165503,Sardoá,MG,Sudeste,45.8,85.12,56.85,80.0,39.32,25.82,100.0,100.0,100.0,100.0,100.0,100.0,1,1,20.0,-0.85,25.82,No ritmo da meta
3149705,Perdigão,MG,Sudeste,80.06,80.71,80.0,80.0,0.65,6.48,86.22,90.9,94.88,98.26,100.0,100.0,1,1,20.0,-0.12,6.48,No ritmo da meta
2511004,Pedra Branca,PB,Nordeste,95.61,69.89,80.0,80.0,-25.72,-10.3,61.14,53.69,47.37,41.99,37.42,33.54,0,0,-46.46,1.68,-10.3,Em retrocesso
1600212,Cutias,AP,Norte,47.0,53.36,57.7,80.0,6.36,6.7,59.06,63.9,68.01,71.51,74.48,77.01,1,0,-2.99,4.44,6.7,No ritmo da meta
3510005,Cândido Mota,SP,Sudeste,72.74,65.51,74.97,80.0,-7.23,-2.06,63.76,62.27,61.01,59.93,59.02,58.24,0,0,-21.76,2.41,-2.06,Em retrocesso
2413557,Serrinha dos Pintos,RN,Nordeste,57.44,62.68,64.8,80.0,5.24,5.23,67.13,70.9,74.12,76.85,79.17,81.14,1,1,1.14,2.89,5.23,No ritmo da meta
2404002,Frutuoso Gomes,RN,Nordeste,20.0,47.06,35.57,80.0,27.06,16.14,60.78,72.44,82.35,90.78,97.94,100.0,1,1,20.0,5.49,16.14,No ritmo da meta
5000856,Angélica,MS,Centro-Oeste,92.96,86.52,80.0,80.0,-6.44,0.98,87.35,88.06,88.66,89.17,89.61,89.98,1,1,9.98,-1.09,0.98,Em retrocesso
3148756,Pedra Bonita,MG,Sudeste,61.37,91.18,67.41,80.0,29.81,21.06,100.0,100.0,100.0,100.0,100.0,100.0,1,1,20.0,-1.86,21.06,No ritmo da meta
3164431,São Sebastião da Vargem Alegre,MG,Sudeste,53.38,93.1,62.08,80.0,39.72,26.02,100.0,100.0,100.0,100.0,100.0,100.0,1,1,20.0,-2.18,26.02,No ritmo da meta
4315354,Quinze de Novembro,RS,Sul,68.89,85.1,72.39,80.0,16.21,-1.87,83.51,82.16,81.01,80.03,79.21,78.5,1,0,-1.5,-0.85,-1.87,Ritmo critico
5211800,Jaraguá,GO,Centro-Oeste,82.9,83.96,80.0,80.0,1.06,4.33,87.64,90.77,93.43,95.69,97.61,99.24,1,1,19.24,-0.66,4.33,No ritmo da meta
3121803,Dionísio,MG,Sudeste,82.4,72.13,80.0,80.0,-10.27,1.02,73.0,73.73,74.36,74.89,75.35,75.73,0,0,-4.27,1.31,1.02,Em retrocesso
3101409,Albertina,MG,Sudeste,69.57,92.62,72.84,80.0,23.05,17.68,100.0,100.0,100.0,100.0,100.0,100.0,1,1,20.0,-2.1,17.68,No ritmo da meta
3161007,São Domingos do Prata,MG,Sudeste,69.05,84.25,72.5,80.0,15.2,13.76,95.95,100.0,100.0,100.0,100.0,100.0,1,1,20.0,-0.71,13.76,No ritmo da meta
3166808,Serra do Salitre,MG,Sudeste,59.88,72.87,66.42,80.0,12.99,12.65,83.62,92.76,100.0,100.0,100.0,100.0,1,1,20.0,1.19,12.65,No ritmo da meta
5108006,Tapurah,MT,Centro-Oeste,55.92,68.81,63.78,80.0,12.89,10.36,77.62,85.1,91.46,96.87,100.0,100.0,1,1,20.0,1.86,10.36,No ritmo da meta
4215455,Sangão,SC,Sul,69.26,68.6,72.64,80.0,-0.66,0.29,68.85,69.06,69.23,69.39,69.51,69.62,0,0,-10.38,1.9,0.29,Em retrocesso
3155603,Rio Pardo de Minas,MG,Sudeste,73.36,85.31,75.39,80.0,11.95,12.13,95.62,100.0,100.0,100.0,100.0,100.0,1,1,20.0,-0.89,12.13,No ritmo da meta
2201739,Betânia do Piauí,PI,Nordeste,42.53,82.76,54.51,80.0,40.23,23.23,100.0,100.0,100.0,100.0,100.0,100.0,1,1,20.0,-0.46,23.23,No ritmo da meta
2707008,Pindoba,AL,Nordeste,29.05,48.15,43.99,80.0,19.1,12.88,59.1,68.4,76.31,83.04,88.75,93.61,1,1,13.61,5.31,12.88,No ritmo da meta
2517100,Várzea,PB,Nordeste,52.0,62.96,61.14,80.0,10.96,8.04,69.79,75.6,80.54,84.74,88.3,91.34,1,1,11.34,2.84,8.04,No ritmo da meta
2505279,Curral de Cima,PB,Nordeste,57.14,55.56,64.6,80.0,-1.58,1.77,57.06,58.34,59.43,60.35,61.14,61.81,0,0,-18.19,4.07,1.77,Em retrocesso
3161809,São Gonçalo do Pará,MG,Sudeste,61.12,78.82,67.24,80.0,17.7,15.01,91.58,100.0,100.0,100.0,100.0,100.0,1,1,20.0,0.2,15.01,No ritmo da meta
3150406,Piedade dos Gerais,MG,Sudeste,71.95,83.86,74.44,80.0,11.91,12.11,94.15,100.0,100.0,100.0,100.0,100.0,1,1,20.0,-0.64,12.11,No ritmo da meta
2305407,Icó,CE,Nordeste,80.08,75.41,80.0,80.0,-4.67,-2.16,73.57,72.01,70.69,69.56,68.6,67.79,0,0,-12.21,0.77,-2.16,Em retrocesso
4310439,Ipê,RS,Sul,81.57,60.7,80.0,80.0,-20.87,-20.41,43.35,28.61,16.07,5.42,0.0,0.0,0,0,-80.0,3.22,-20.41,Em retrocesso
3545803,Santa Bárbara d'Oeste,SP,Sudeste,54.63,64.2,62.92,80.0,9.57,6.34,69.59,74.17,78.06,81.37,84.19,86.58,1,1,6.58,2.63,6.34,No ritmo da meta
3539509,Pitangueiras,SP,Sudeste,62.9,67.24,68.42,80.0,4.34,3.73,70.41,73.11,75.4,77.34,79.0,80.4,1,1,0.4,2.13,3.73,No ritmo da meta
4210852,Mirim Doce,SC,Sul,39.19,74.06,52.06,80.0,34.87,18.05,89.4,100.0,100.0,100.0,100.0,100.0,1,1,20.0,0.99,18.05,No ritmo da meta
1709005,Goiatins,TO,Norte,12.54,38.49,27.07,80.0,25.95,17.08,53.01,65.35,75.84,84.75,92.33,98.77,1,1,18.77,6.92,17.08,No ritmo da meta
3538808,Piraju,SP,Sudeste,64.72,71.36,69.62,80.0,6.64,4.88,75.51,79.03,82.03,84.58,86.74,88.58,1,1,8.58,1.44,4.88,No ritmo da meta
5203104,Baliza,GO,Centro-Oeste,64.29,89.49,69.34,80.0,25.2,16.4,100.0,100.0,100.0,100.0,100.0,100.0,1,1,20.0,-1.58,16.4,No ritmo da meta
4214508,Rio do Campo,SC,Sul,68.01,74.29,71.81,80.0,6.28,3.76,77.49,80.2,82.51,84.47,86.14,87.56,1,1,7.56,0.95,3.76,No ritmo da meta
3122801,Dom Viçoso,MG,Sudeste,94.28,84.85,80.0,80.0,-9.43,1.44,86.07,87.11,88.0,88.75,89.39,89.93,1,1,9.93,-0.81,1.44,Em retrocesso
3504107,Atibaia,SP,Sudeste,70.55,65.46,73.5,80.0,-5.09,-0.99,64.62,63.9,63.3,62.78,62.34,61.97,0,0,-18.03,2.42,-0.99,Em retrocesso
5100201,Água Boa,MT,Centro-Oeste,59.1,79.49,65.9,80.0,20.39,14.11,91.48,100.0,100.0,100.0,100.0,100.0,1,1,20.0,0.09,14.11,No ritmo da meta
5204904,Campos Belos,GO,Centro-Oeste,65.21,75.75,69.95,80.0,10.54,9.07,83.46,90.01,95.58,100.0,100.0,100.0,1,1,20.0,0.71,9.07,No ritmo da meta
3523602,Itirapina,SP,Sudeste,59.11,69.9,65.91,80.0,10.79,6.95,75.81,80.83,85.1,88.72,91.81,94.43,1,1,14.43,1.68,6.95,No ritmo da meta
5218508,Quirinópolis,GO,Centro-Oeste,66.97,80.29,71.11,80.0,13.32,10.46,89.18,96.74,100.0,100.0,100.0,100.0,1,1,20.0,-0.05,10.46,No ritmo da meta
3532058,Motuca,SP,Sudeste,79.93,78.09,79.95,80.0,-1.84,0.64,78.63,79.1,79.49,79.82,80.11,80.35,0,1,0.35,0.32,0.64,Em retrocesso
3204401,Rio Novo do Sul,ES,Sudeste,78.04,77.38,78.61,80.0,-0.66,2.01,79.09,80.54,81.78,82.82,83.72,84.47,1,1,4.47,0.44,2.01,Em retrocesso
4211801,Ouro,SC,Sul,72.58,82.18,74.86,80.0,9.6,5.42,86.79,90.7,94.03,96.86,99.27,100.0,1,1,20.0,-0.36,5.42,No ritmo da meta
3157252,Santa Bárbara do Leste,MG,Sudeste,61.75,70.45,72.21,80.0,8.7,10.51,79.38,86.98,93.43,98.92,100.0,100.0,1,1,20.0,1.59,10.51,No ritmo da meta
3526704,Leme,SP,Sudeste,52.84,61.7,61.71,80.0,8.86,5.99,66.79,71.12,74.8,77.92,80.58,82.84,1,1,2.84,3.05,5.99,No ritmo da meta
2208304,Piracuruca,PI,Nordeste,75.64,82.48,76.95,80.0,6.84,6.54,88.04,92.76,96.78,100.0,100.0,100.0,1,1,20.0,-0.41,6.54,No ritmo da meta
4107553,Farol,PR,Sul,75.96,96.3,77.17,80.0,20.34,9.31,100.0,100.0,100.0,100.0,100.0,100.0,1,1,20.0,-2.72,9.31,No ritmo da meta
1718881,Santa Maria do Tocantins,TO,Norte,24.56,39.73,40.0,80.0,15.17,11.69,49.67,58.11,65.29,71.39,76.58,80.99,1,1,0.99,6.71,11.69,No ritmo da meta
3533809,Óleo,SP,Sudeste,57.14,70.0,64.6,80.0,12.86,7.99,76.79,82.56,87.47,91.64,95.19,98.2,1,1,18.2,1.67,7.99,No ritmo da meta
2112704,Vargem Grande,MA,Nordeste,98.85,96.58,80.0,80.0,-2.27,-0.09,96.5,96.44,96.38,96.34,96.3,96.26,1,1,16.26,-2.76,-0.09,Em retrocesso
3109253,Bugre,MG,Sudeste,100.0,85.0,80.0,80.0,-15.0,-1.34,83.86,82.89,82.07,81.37,80.78,80.27,1,1,0.27,-0.83,-1.34,Em retrocesso
3126406,Fortuna de Minas,MG,Sudeste,59.25,90.83,66.0,80.0,31.58,21.95,100.0,100.0,100.0,100.0,100.0,100.0,1,1,20.0,-1.8,21.95,No ritmo da meta
2310605,Penaforte,CE,Nordeste,77.7,63.67,78.38,80.0,-14.03,-6.84,57.86,52.91,48.71,45.14,42.11,39.53,0,0,-40.47,2.72,-6.84,Em retrocesso
3116605,Cláudio,MG,Sudeste,61.05,82.99,67.2,80.0,21.94,17.13,97.55,100.0,100.0,100.0,100.0,100.0,1,1,20.0,-0.5,17.13,No ritmo da meta
4215406,Salto Veloso,SC,Sul,85.44,72.08,80.0,80.0,-13.36,-6.06,66.93,62.55,58.83,55.67,52.98,50.69,0,0,-29.31,1.32,-6.06,Em retrocesso
3204955,São Roque do Canaã,ES,Sudeste,74.56,89.65,76.21,80.0,15.09,9.89,98.06,100.0,100.0,100.0,100.0,100.0,1,1,20.0,-1.61,9.89,No ritmo da meta
2408508,Ouro Branco,RN,Nordeste,40.66,73.61,53.15,80.0,32.95,19.08,89.83,100.0,100.0,100.0,100.0,100.0,1,1,20.0,1.07,19.08,No ritmo da meta
4321956,Trindade do Sul,RS,Sul,82.51,62.9,80.0,80.0,-19.61,-19.78,46.09,31.8,19.65,9.32,0.55,0.0,0,0,-80.0,2.85,-19.78,Em retrocesso
3162252,São João da Lagoa,MG,Sudeste,49.97,77.83,59.75,80.0,27.86,20.09,94.91,100.0,100.0,100.0,100.0,100.0,1,1,20.0,0.36,20.09,No ritmo da meta
1718550,Riachinho,TO,Norte,21.31,54.32,36.89,80.0,33.01,20.61,71.84,86.73,99.39,100.0,100.0,100.0,1,1,20.0,4.28,20.61,No ritmo da meta
3102001,Alterosa,MG,Sudeste,61.55,85.54,67.53,80.0,23.99,18.15,100.0,100.0,100.0,100.0,100.0,100.0,1,1,20.0,-0.92,18.15,No ritmo da meta
3166956,Serranópolis de Minas,MG,Sudeste,95.35,95.99,80.0,80.0,0.64,6.48,100.0,100.0,100.0,100.0,100.0,100.0,1,1,20.0,-2.66,6.48,No ritmo da meta
3169406,Três Pontas,MG,Sudeste,61.16,81.66,67.27,80.0,20.5,16.41,95.61,100.0,100.0,100.0,100.0,100.0,1,1,20.0,-0.28,16.41,No ritmo da meta
3543204,Ribeirão do Sul,SP,Sudeste,74.14,58.93,75.92,80.0,-15.21,-6.05,53.79,49.42,45.7,42.54,39.86,37.58,0,0,-42.42,3.51,-6.05,Em retrocesso
3510807,Casa Branca,SP,Sudeste,44.98,61.98,56.27,80.0,17.0,10.06,70.53,77.8,83.98,89.23,93.69,97.49,1,1,17.49,3.0,10.06,No ritmo da meta
3540408,Populina,SP,Sudeste,77.91,79.69,78.52,80.0,1.78,2.45,81.77,83.54,85.05,86.33,87.41,88.34,1,1,8.34,0.05,2.45,No ritmo da meta
2210656,Sigefredo Pacheco,PI,Nordeste,45.16,75.67,56.4,80.0,30.51,18.37,91.28,100.0,100.0,100.0,100.0,100.0,1,1,20.0,0.72,18.37,No ritmo da meta
5008305,Três Lagoas,MS,Centro-Oeste,69.86,82.99,73.04,80.0,13.13,10.76,92.14,99.91,100.0,100.0,100.0,100.0,1,1,20.0,-0.5,10.76,No ritmo da meta
3117900,Congonhal,MG,Sudeste,73.46,83.44,75.46,80.0,9.98,11.15,92.92,100.0,100.0,100.0,100.0,100.0,1,1,20.0,-0.57,11.15,No ritmo da meta
2514909,São Mamede,PB,Nordeste,37.65,49.02,50.89,80.0,11.37,8.25,56.03,61.99,67.06,71.37,75.03,78.14,1,0,-1.86,5.16,8.25,No ritmo da meta
3162922,São Joaquim de Bicas,MG,Sudeste,48.19,82.15,58.52,80.0,33.96,23.14,100.0,100.0,100.0,100.0,100.0,100.0,1,1,20.0,-0.36,23.14,No ritmo da meta
3205069,Venda Nova do Imigrante,ES,Sudeste,83.02,82.2,80.0,80.0,-0.82,1.93,83.84,85.23,86.42,87.43,88.28,89.01,1,1,9.01,-0.37,1.93,Em retrocesso
5215405,Ouro Verde de Goiás,GO,Centro-Oeste,95.87,96.61,80.0,80.0,0.74,4.17,100.0,100.0,100.0,100.0,100.0,100.0,1,1,20.0,-2.77,4.17,No ritmo da meta
3507001,Boituva,SP,Sudeste,61.62,69.83,67.57,80.0,8.21,5.66,74.64,78.73,82.21,85.16,87.67,89.81,1,1,9.81,1.7,5.66,No ritmo da meta
3510401,Capivari,SP,Sudeste,64.47,66.48,69.46,80.0,2.01,2.56,68.66,70.51,72.08,73.41,74.55,75.52,0,0,-4.48,2.25,2.56,No ritmo da meta
3140803,Matias Barbosa,MG,Sudeste,58.84,78.82,65.73,80.0,19.98,16.15,92.55,100.0,100.0,100.0,100.0,100.0,1,1,20.0,0.2,16.15,No ritmo da meta
4316204,Rondinha,RS,Sul,87.52,75.3,80.0,80.0,-12.22,-16.09,61.62,50.0,40.12,31.72,24.58,18.51,0,0,-61.49,0.78,-16.09,Em retrocesso
2106672,Milagres do Maranhão,MA,Nordeste,100.0,96.86,80.0,80.0,-3.14,-0.52,96.42,96.04,95.72,95.45,95.22,95.02,1,1,15.02,-2.81,-0.52,Em retrocesso
5210406,Itaberaí,GO,Centro-Oeste,78.96,81.22,79.26,80.0,2.26,4.93,85.41,88.97,92.0,94.57,96.76,98.62,1,1,18.62,-0.2,4.93,No ritmo da meta
3162609,São João do Oriente,MG,Sudeste,83.42,67.66,80.0,80.0,-15.76,-1.72,66.2,64.96,63.9,63.0,62.24,61.59,0,0,-18.41,2.06,-1.72,Em retrocesso
5203609,Brazabrantes,GO,Centro-Oeste,48.93,90.96,59.04,80.0,42.03,24.82,100.0,100.0,100.0,100.0,100.0,100.0,1,1,20.0,-1.83,24.82,No ritmo da meta
3159001,Santana do Riacho,MG,Sudeste,60.89,80.15,67.09,80.0,19.26,15.79,93.57,100.0,100.0,100.0,100.0,100.0,1,1,20.0,-0.03,15.79,No ritmo da meta
2512101,Pombal,PB,Nordeste,58.65,65.57,65.6,80.0,6.92,6.02,70.69,75.04,78.73,81.88,84.55,86.82,1,1,6.82,2.41,6.02,No ritmo da meta
3102100,Alto Rio Doce,MG,Sudeste,78.1,85.26,,,7.16,9.74,93.54,100.0,100.0,100.0,100.0,100.0,0,0,,,9.74,Ritmo critico
3165909,Senador Modestino Gonçalves,MG,Sudeste,75.41,90.34,76.79,80.0,14.93,13.62,100.0,100.0,100.0,100.0,100.0,100.0,1,1,20.0,-1.72,13.62,No ritmo da meta
4207684,Ipuaçu,SC,Sul,59.49,77.74,66.16,80.0,18.25,9.74,86.02,93.06,99.04,100.0,100.0,100.0,1,1,20.0,0.38,9.74,No ritmo da meta
4307864,Fagundes Varela,RS,Sul,92.86,69.2,80.0,80.0,-23.66,-21.81,50.66,34.9,21.51,10.12,0.45,0.0,0,0,-80.0,1.8,-21.81,Em retrocesso
5101902,Brasnorte,MT,Centro-Oeste,51.92,69.06,61.09,80.0,17.14,12.48,79.67,88.68,96.35,100.0,100.0,100.0,1,1,20.0,1.82,12.48,No ritmo da meta
3149408,Pedro Teixeira,MG,Sudeste,80.0,100.0,80.0,80.0,20.0,16.16,100.0,100.0,100.0,100.0,100.0,100.0,1,1,20.0,-3.33,16.16,No ritmo da meta
3529906,Miracatu,SP,Sudeste,43.55,65.52,55.25,80.0,21.97,12.54,76.18,85.24,92.94,99.49,100.0,100.0,1,1,20.0,2.41,12.54,No ritmo da meta
3513850,Dirce Reis,SP,Sudeste,46.67,84.62,57.46,80.0,37.95,20.53,100.0,100.0,100.0,100.0,100.0,100.0,1,1,20.0,-0.77,20.53,No ritmo da meta
3201001,Boa Esperança,ES,Sudeste,76.69,84.92,77.67,80.0,8.23,6.46,90.41,95.08,99.05,100.0,100.0,100.0,1,1,20.0,-0.82,6.46,No ritmo da meta
3101631,Alfredo Vasconcelos,MG,Sudeste,72.01,78.08,74.48,80.0,6.07,9.19,85.89,92.53,98.18,100.0,100.0,100.0,1,1,20.0,0.32,9.19,No ritmo da meta
3165560,Sem-Peixe,MG,Sudeste,76.47,84.62,77.52,80.0,8.15,10.23,93.32,100.0,100.0,100.0,100.0,100.0,1,1,20.0,-0.77,10.23,No ritmo da meta
4309803,Ibiaçá,RS,Sul,70.33,61.8,73.35,80.0,-8.53,-14.24,49.7,39.41,30.66,23.23,16.91,11.54,0,0,-68.46,3.03,-14.24,Em retrocesso
4125555,São Manoel do Paraná,PR,Sul,95.44,73.08,80.0,80.0,-22.36,-12.04,62.85,54.15,46.75,40.47,35.13,30.58,0,0,-49.42,1.15,-12.04,Em retrocesso
4112603,Jardim Olinda,PR,Sul,50.0,92.31,59.77,80.0,42.31,20.29,100.0,100.0,100.0,100.0,100.0,100.0,1,1,20.0,-2.05,20.29,No ritmo da meta
3511508,Cerquilho,SP,Sudeste,60.93,69.15,67.12,80.0,8.22,5.67,73.97,78.07,81.55,84.51,87.02,89.16,1,1,9.16,1.81,5.67,No ritmo da meta
3164704,São Sebastião do Paraíso,MG,Sudeste,65.48,81.09,70.13,80.0,15.61,13.96,92.96,100.0,100.0,100.0,100.0,100.0,1,1,20.0,-0.18,13.96,No ritmo da meta
3145307,Novo Cruzeiro,MG,Sudeste,75.6,81.88,76.92,80.0,6.28,9.3,89.78,96.5,100.0,100.0,100.0,100.0,1,1,20.0,-0.31,9.3,No ritmo da meta
3171071,Veredinha,MG,Sudeste,62.13,77.02,67.91,80.0,14.89,13.6,88.58,98.41,100.0,100.0,100.0,100.0,1,1,20.0,0.5,13.6,No ritmo da meta
3165107,São Tomás de Aquino,MG,Sudeste,68.13,82.09,71.89,80.0,13.96,13.14,93.26,100.0,100.0,100.0,100.0,100.0,1,1,20.0,-0.35,13.14,No ritmo da meta
4110953,Itaipulândia,PR,Sul,86.91,84.64,80.0,80.0,-2.27,-2.0,82.94,81.5,80.27,79.22,78.34,77.58,1,0,-2.42,-0.77,-2.0,Em retrocesso
3143104,Monte Carmelo,MG,Sudeste,63.64,84.51,68.91,80.0,20.87,16.59,98.61,100.0,100.0,100.0,100.0,100.0,1,1,20.0,-0.75,16.59,No ritmo da meta
3549904,São José dos Campos,SP,Sudeste,57.44,64.75,64.8,80.0,7.31,5.21,69.18,72.94,76.14,78.86,81.17,83.14,1,1,3.14,2.54,5.21,No ritmo da meta
2504900,Cruz do Espírito Santo,PB,Nordeste,56.43,47.63,64.13,80.0,-8.8,-1.84,46.07,44.74,43.61,42.65,41.83,41.14,0,0,-38.86,5.4,-1.84,Em retrocesso
3121407,Desterro de Entre Rios,MG,Sudeste,80.91,79.93,80.0,80.0,-0.98,5.67,84.75,88.85,92.33,95.29,97.8,99.94,1,1,19.94,0.01,5.67,Em retrocesso
4122800,Salgado Filho,PR,Sul,89.42,93.11,80.0,80.0,3.69,0.98,93.94,94.65,95.25,95.76,96.2,96.57,1,1,16.57,-2.18,0.98,No ritmo da meta
2702009,Coité do Nóia,AL,Nordeste,74.97,77.24,76.49,80.0,2.27,4.46,81.03,84.25,86.99,89.32,91.3,92.98,1,1,12.98,0.46,4.46,No ritmo da meta
5208608,Goianésia,GO,Centro-Oeste,79.79,82.28,79.85,80.0,2.49,5.05,86.57,90.22,93.32,95.96,98.2,100.0,1,1,20.0,-0.38,5.05,No ritmo da meta
3154507,Riacho dos Machados,MG,Sudeste,67.54,70.0,71.49,80.0,2.46,7.39,76.28,81.62,86.16,90.02,93.3,96.08,1,1,16.08,1.67,7.39,No ritmo da meta
3523701,Itirapuã,SP,Sudeste,73.92,82.38,75.77,80.0,8.46,5.79,87.3,91.48,95.04,98.06,100.0,100.0,1,1,20.0,-0.4,5.79,No ritmo da meta
2410603,Rafael Godeiro,RN,Nordeste,29.93,67.22,44.73,80.0,37.29,21.25,85.28,100.0,100.0,100.0,100.0,100.0,1,1,20.0,2.13,21.25,No ritmo da meta
2400703,Alto do Rodrigues,RN,Nordeste,48.41,52.52,58.68,80.0,4.11,4.66,56.48,59.85,62.71,65.14,67.21,68.97,0,0,-11.03,4.58,4.66,No ritmo da meta
5106158,Nova Bandeirantes,MT,Centro-Oeste,73.3,76.59,75.35,80.0,3.29,5.56,81.32,85.33,88.75,91.65,94.12,96.21,1,1,16.21,0.57,5.56,No ritmo da meta
4204400,Coronel Freitas,SC,Sul,74.28,86.74,76.02,80.0,12.46,6.85,92.56,97.51,100.0,100.0,100.0,100.0,1,1,20.0,-1.12,6.85,No ritmo da meta
3522802,Itaporanga,SP,Sudeste,36.36,70.1,49.91,80.0,33.74,18.43,85.77,99.08,100.0,100.0,100.0,100.0,1,1,20.0,1.65,18.43,No ritmo da meta
3145372,Novorizonte,MG,Sudeste,68.05,92.71,71.83,80.0,24.66,18.49,100.0,100.0,100.0,100.0,100.0,100.0,1,1,20.0,-2.12,18.49,No ritmo da meta
5213855,Morro Agudo de Goiás,GO,Centro-Oeste,100.0,96.88,80.0,80.0,-3.12,2.24,98.78,100.0,100.0,100.0,100.0,100.0,1,1,20.0,-2.81,2.24,Em retrocesso
3510906,Cássia dos Coqueiros,SP,Sudeste,67.22,75.0,71.28,80.0,7.78,5.45,79.63,83.57,86.92,89.76,92.18,94.24,1,1,14.24,0.83,5.45,No ritmo da meta
2504355,Caturité,PB,Nordeste,53.0,76.68,61.82,80.0,23.68,14.4,88.92,99.32,100.0,100.0,100.0,100.0,1,1,20.0,0.55,14.4,No ritmo da meta
5108055,Terra Nova do Norte,MT,Centro-Oeste,58.72,61.14,65.65,80.0,2.42,5.12,65.49,69.19,72.34,75.01,77.28,79.21,0,0,-0.79,3.14,5.12,No ritmo da meta
3521200,Iporanga,SP,Sudeste,52.31,65.63,61.35,80.0,13.32,8.22,72.62,78.56,83.6,87.89,91.54,94.64,1,1,14.64,2.4,8.22,No ritmo da meta
2516201,Sousa,PB,Nordeste,44.13,66.52,55.67,80.0,22.39,13.76,78.22,88.16,96.61,100.0,100.0,100.0,1,1,20.0,2.25,13.76,No ritmo da meta
3110301,Caldas,MG,Sudeste,51.38,72.95,60.72,80.0,21.57,16.94,87.35,99.59,100.0,100.0,100.0,100.0,1,1,20.0,1.17,16.94,No ritmo da meta
5207535,Faina,GO,Centro-Oeste,73.62,70.81,75.57,80.0,-2.81,2.4,72.85,74.58,76.06,77.31,78.38,79.28,0,0,-0.72,1.53,2.4,Em retrocesso
3136108,Joanésia,MG,Sudeste,95.06,85.58,80.0,80.0,-9.48,1.42,86.79,87.81,88.69,89.43,90.06,90.59,1,1,10.59,-0.93,1.42,Em retrocesso
4311791,Maratá,RS,Sul,67.82,59.8,71.68,80.0,-8.02,-13.99,47.91,37.8,29.21,21.91,15.7,10.42,0,0,-69.58,3.37,-13.99,Em retrocesso
3534500,Oscar Bressane,SP,Sudeste,68.23,88.17,71.95,80.0,19.94,11.53,97.97,100.0,100.0,100.0,100.0,100.0,1,1,20.0,-1.36,11.53,No ritmo da meta
3541307,Presidente Epitácio,SP,Sudeste,48.39,69.12,58.66,80.0,20.73,11.92,79.25,87.86,95.18,100.0,100.0,100.0,1,1,20.0,1.81,11.92,No ritmo da meta
2509602,Monte Horebe,PB,Nordeste,84.33,93.4,80.0,80.0,9.07,7.1,99.44,100.0,100.0,100.0,100.0,100.0,1,1,20.0,-2.23,7.1,No ritmo da meta
4108650,Goioxim,PR,Sul,92.63,90.42,80.0,80.0,-2.21,-1.97,88.75,87.32,86.11,85.08,84.21,83.47,1,1,3.47,-1.74,-1.97,Em retrocesso
4217303,Saudades,SC,Sul,81.64,80.9,80.0,80.0,-0.74,0.25,81.11,81.29,81.45,81.58,81.69,81.78,1,1,1.78,-0.15,0.25,Em retrocesso
4119707,Planaltina do Paraná,PR,Sul,79.79,80.42,79.85,80.0,0.63,-0.55,79.95,79.56,79.22,78.93,78.69,78.48,1,0,-1.52,-0.07,-0.55,Ritmo critico
3520707,Indiaporã,SP,Sudeste,67.57,78.96,71.51,80.0,11.39,7.25,85.12,90.36,94.81,98.6,100.0,100.0,1,1,20.0,0.17,7.25,No ritmo da meta
4204004,Catanduvas,SC,Sul,68.3,72.43,72.0,80.0,4.13,2.68,74.71,76.64,78.29,79.69,80.88,81.89,1,1,1.89,1.26,2.68,No ritmo da meta
2410009,Pilões,RN,Nordeste,64.71,63.16,69.62,80.0,-1.55,1.83,64.72,66.04,67.16,68.12,68.93,69.62,0,0,-10.38,2.81,1.83,Em retrocesso
5221502,Turvânia,GO,Centro-Oeste,72.58,80.7,74.86,80.0,8.12,7.86,87.38,93.06,97.89,100.0,100.0,100.0,1,1,20.0,-0.12,7.86,No ritmo da meta
3132602,Itamarati de Minas,MG,Sudeste,48.03,73.68,58.41,80.0,25.65,18.98,89.81,100.0,100.0,100.0,100.0,100.0,1,1,20.0,1.05,18.98,No ritmo da meta
3524808,Jales,SP,Sudeste,55.33,70.53,63.39,80.0,15.2,9.16,78.32,84.93,90.56,95.34,99.41,100.0,1,1,20.0,1.58,9.16,No ritmo da meta
3203304,Mantenópolis,ES,Sudeste,91.73,95.06,80.0,80.0,3.33,4.01,98.47,100.0,100.0,100.0,100.0,100.0,1,1,20.0,-2.51,4.01,No ritmo da meta
4311908,Marcelino Ramos,RS,Sul,73.23,77.7,75.3,80.0,4.47,-7.74,71.12,65.53,60.78,56.74,53.3,50.38,0,0,-29.62,0.38,-7.74,Ritmo critico
3523305,Itariri,SP,Sudeste,61.61,70.98,67.57,80.0,9.37,6.24,76.28,80.79,84.62,87.88,90.65,93.0,1,1,13.0,1.5,6.24,No ritmo da meta
3511102,Catanduva,SP,Sudeste,54.37,70.27,62.74,80.0,15.9,9.51,78.35,85.22,91.06,96.03,100.0,100.0,1,1,20.0,1.62,9.51,No ritmo da meta
3537156,Pedrinhas Paulista,SP,Sudeste,69.7,67.92,72.93,80.0,-1.78,0.67,68.49,68.97,69.39,69.73,70.03,70.28,0,0,-9.72,2.01,0.67,Em retrocesso
3124005,Ervália,MG,Sudeste,54.48,85.0,62.82,80.0,30.52,21.42,100.0,100.0,100.0,100.0,100.0,100.0,1,1,20.0,-0.83,21.42,No ritmo da meta
3133808,Itaúna,MG,Sudeste,69.8,88.76,73.0,80.0,18.96,15.64,100.0,100.0,100.0,100.0,100.0,100.0,1,1,20.0,-1.46,15.64,No ritmo da meta
3512407,Cordeirópolis,SP,Sudeste,74.43,69.6,76.12,80.0,-4.83,-0.86,68.87,68.25,67.72,67.27,66.89,66.56,0,0,-13.44,1.73,-0.86,Em retrocesso
3505708,Barueri,SP,Sudeste,62.8,68.13,68.35,80.0,5.33,4.22,71.72,74.77,77.36,79.56,81.43,83.02,1,1,3.02,1.98,4.22,No ritmo da meta
2500536,Alcantil,PB,Nordeste,42.62,45.86,54.58,80.0,3.24,4.18,49.41,52.43,55.0,57.18,59.04,60.61,0,0,-19.39,5.69,4.18,Ritmo insuficiente
3102050,Alto Caparaó,MG,Sudeste,93.75,87.17,80.0,80.0,-6.58,2.87,89.61,91.68,93.45,94.94,96.22,97.3,1,1,17.3,-1.2,2.87,Em retrocesso
2209153,Santa Cruz dos Milagres,PI,Nordeste,52.44,68.18,61.44,80.0,15.74,10.99,77.52,85.46,92.21,97.95,100.0,100.0,1,1,20.0,1.97,10.99,No ritmo da meta
3149101,Pedralva,MG,Sudeste,50.09,85.5,59.84,80.0,35.41,23.86,100.0,100.0,100.0,100.0,100.0,100.0,1,1,20.0,-0.92,23.86,No ritmo da meta
3122108,Divino das Laranjeiras,MG,Sudeste,41.39,85.71,53.68,80.0,44.32,28.32,100.0,100.0,100.0,100.0,100.0,100.0,1,1,20.0,-0.95,28.32,No ritmo da meta
3519055,Holambra,SP,Sudeste,58.34,62.59,65.4,80.0,4.25,3.68,65.72,68.38,70.64,72.56,74.19,75.58,1,0,-4.42,2.9,3.68,No ritmo da meta
3115102,Cássia,MG,Sudeste,70.66,76.99,73.57,80.0,6.33,9.32,84.91,91.65,97.37,100.0,100.0,100.0,1,1,20.0,0.5,9.32,No ritmo da meta
2403004,Cruzeta,RN,Nordeste,51.8,60.81,61.01,80.0,9.01,7.11,66.85,71.99,76.36,80.07,83.22,85.9,1,1,5.9,3.2,7.11,No ritmo da meta
3528502,Mairiporã,SP,Sudeste,55.0,63.31,63.17,80.0,8.31,5.71,68.16,72.29,75.8,78.78,81.31,83.46,1,1,3.46,2.78,5.71,No ritmo da meta
3524709,Jaguariúna,SP,Sudeste,62.82,70.22,68.37,80.0,7.4,5.26,74.69,78.49,81.72,84.47,86.8,88.79,1,1,8.79,1.63,5.26,No ritmo da meta
3506409,Bilac,SP,Sudeste,59.99,74.74,66.49,80.0,14.75,8.93,82.33,88.78,94.27,98.93,100.0,100.0,1,1,20.0,0.88,8.93,No ritmo da meta
3525904,Jundiaí,SP,Sudeste,69.22,70.49,72.61,80.0,1.27,2.19,72.35,73.93,75.28,76.42,77.39,78.22,0,0,-1.78,1.59,2.19,No ritmo da meta
5212303,Leopoldo de Bulhões,GO,Centro-Oeste,77.67,75.41,78.35,80.0,-2.26,2.67,77.68,79.61,81.25,82.64,83.83,84.83,0,1,4.83,0.77,2.67,Em retrocesso
4303806,Campinas do Sul,RS,Sul,91.46,68.0,80.0,80.0,-23.46,-21.71,49.55,33.86,20.53,9.2,0.0,0.0,0,0,-80.0,2.0,-21.71,Em retrocesso
2509701,Monteiro,PB,Nordeste,55.03,61.09,63.19,80.0,6.06,5.59,65.84,69.88,73.31,76.23,78.71,80.82,1,1,0.82,3.15,5.59,No ritmo da meta
1700707,Alvorada,TO,Norte,47.86,72.02,58.3,80.0,24.16,16.18,85.77,97.46,100.0,100.0,100.0,100.0,1,1,20.0,1.33,16.18,No ritmo da meta
3147907,Passos,MG,Sudeste,65.45,86.17,70.11,80.0,20.72,16.52,100.0,100.0,100.0,100.0,100.0,100.0,1,1,20.0,-1.03,16.52,No ritmo da meta
3554300,Teodoro Sampaio,SP,Sudeste,66.81,70.49,71.01,80.0,3.68,3.4,73.38,75.84,77.92,79.7,81.21,82.49,1,1,2.49,1.59,3.4,No ritmo da meta
4106100,Conselheiro Mairinck,PR,Sul,51.52,69.16,60.81,80.0,17.64,7.96,75.93,81.68,86.57,90.72,94.25,97.25,1,1,17.25,1.81,7.96,No ritmo da meta
3540606,Porto Feliz,SP,Sudeste,73.63,70.08,75.58,80.0,-3.55,-0.22,69.89,69.73,69.6,69.48,69.39,69.3,0,0,-10.7,1.65,-0.22,Em retrocesso
4119806,Planalto,PR,Sul,87.64,78.93,80.0,80.0,-8.71,-5.22,74.49,70.72,67.52,64.79,62.47,60.51,0,0,-19.49,0.18,-5.22,Em retrocesso
3536000,Parapuã,SP,Sudeste,75.58,73.38,76.91,80.0,-2.2,0.46,73.77,74.1,74.39,74.63,74.83,75.0,0,0,-5.0,1.1,0.46,Em retrocesso
3543709,Rincão,SP,Sudeste,58.93,74.83,65.79,80.0,15.9,9.51,82.91,89.78,95.62,100.0,100.0,100.0,1,1,20.0,0.86,9.51,No ritmo da meta
3528601,Manduri,SP,Sudeste,62.2,65.64,67.96,80.0,3.44,3.28,68.43,70.8,72.81,74.52,75.98,77.22,1,0,-2.78,2.39,3.28,No ritmo da meta
4202537,Bom Jesus,SC,Sul,64.67,55.49,69.59,80.0,-9.18,-3.97,52.12,49.25,46.81,44.74,42.98,41.48,0,0,-38.52,4.08,-3.97,Em retrocesso
3127800,Grão Mogol,MG,Sudeste,71.57,86.04,74.18,80.0,14.47,13.39,97.42,100.0,100.0,100.0,100.0,100.0,1,1,20.0,-1.01,13.39,No ritmo da meta
3550803,São Sebastião da Grama,SP,Sudeste,64.77,68.66,69.66,80.0,3.89,3.5,71.63,74.16,76.31,78.14,79.69,81.01,1,1,1.01,1.89,3.5,No ritmo da meta
3514304,Dourado,SP,Sudeste,71.5,71.85,74.14,80.0,0.35,1.73,73.32,74.57,75.63,76.54,77.3,77.96,0,0,-2.04,1.36,1.73,No ritmo da meta
3101201,Aiuruoca,MG,Sudeste,55.3,85.71,63.37,80.0,30.41,21.36,100.0,100.0,100.0,100.0,100.0,100.0,1,1,20.0,-0.95,21.36,No ritmo da meta
3145455,Olhos-d'Água,MG,Sudeste,68.23,90.16,71.95,80.0,21.93,17.12,100.0,100.0,100.0,100.0,100.0,100.0,1,1,20.0,-1.69,17.12,No ritmo da meta
2202802,Conceição do Canindé,PI,Nordeste,47.28,70.98,57.89,80.0,23.7,14.97,83.7,94.52,100.0,100.0,100.0,100.0,1,1,20.0,1.5,14.97,No ritmo da meta
3111002,Campestre,MG,Sudeste,69.98,81.73,73.12,80.0,11.75,12.03,91.96,100.0,100.0,100.0,100.0,100.0,1,1,20.0,-0.29,12.03,No ritmo da meta
3507704,Braúna,SP,Sudeste,93.87,73.18,80.0,80.0,-20.69,-8.79,65.71,59.36,53.96,49.37,45.47,42.16,0,0,-37.84,1.14,-8.79,Em retrocesso
3508900,Caiabu,SP,Sudeste,44.44,65.71,55.89,80.0,21.27,12.19,76.07,84.88,92.36,98.73,100.0,100.0,1,1,20.0,2.38,12.19,No ritmo da meta
5222302,Vila Propício,GO,Centro-Oeste,74.44,79.46,76.13,80.0,5.02,6.31,84.82,89.38,93.26,96.55,99.35,100.0,1,1,20.0,0.09,6.31,No ritmo da meta
4212239,Paraíso,SC,Sul,85.76,83.86,80.0,80.0,-1.9,-0.33,83.58,83.34,83.14,82.97,82.82,82.7,1,1,2.7,-0.64,-0.33,Em retrocesso
2205201,Jaicós,PI,Nordeste,78.99,58.67,79.28,80.0,-20.32,-7.04,52.69,47.6,43.28,39.6,36.48,33.82,0,0,-46.18,3.56,-7.04,Em retrocesso
2501203,Areial,PB,Nordeste,92.86,70.75,80.0,80.0,-22.11,-8.49,63.53,57.4,52.19,47.75,43.99,40.78,0,0,-39.22,1.54,-8.49,Em retrocesso
3148301,Paula Cândido,MG,Sudeste,53.79,89.89,62.35,80.0,36.1,24.21,100.0,100.0,100.0,100.0,100.0,100.0,1,1,20.0,-1.65,24.21,No ritmo da meta
4211603,Nova Veneza,SC,Sul,69.57,79.48,72.84,80.0,9.91,5.57,84.21,88.24,91.66,94.57,97.04,99.14,1,1,19.14,0.09,5.57,No ritmo da meta
5219506,Santa Rosa de Goiás,GO,Centro-Oeste,80.22,100.0,80.0,80.0,19.78,13.69,100.0,100.0,100.0,100.0,100.0,100.0,1,1,20.0,-3.33,13.69,No ritmo da meta
3553708,Taquaritinga,SP,Sudeste,62.12,72.83,67.9,80.0,10.71,6.91,78.7,83.7,87.94,91.55,94.61,97.22,1,1,17.22,1.2,6.91,No ritmo da meta
3516853,Gavião Peixoto,SP,Sudeste,66.86,73.65,71.04,80.0,6.79,4.95,77.86,81.43,84.47,87.06,89.25,91.12,1,1,11.12,1.06,4.95,No ritmo da meta
1720978,Talismã,TO,Norte,43.88,75.11,,,31.23,19.72,91.87,100.0,100.0,100.0,100.0,100.0,0,0,,,19.72,Ritmo critico
3529302,Matão,SP,Sudeste,64.39,62.33,69.41,80.0,-2.06,0.53,62.78,63.16,63.49,63.77,64.0,64.2,0,0,-15.8,2.94,0.53,Em retrocesso
5106224,Nova Mutum,MT,Centro-Oeste,64.2,74.86,69.28,80.0,10.66,9.24,82.71,89.39,95.06,99.89,100.0,100.0,1,1,20.0,0.86,9.24,No ritmo da meta
3129103,Gurinhatã,MG,Sudeste,76.93,86.09,77.84,80.0,9.16,10.74,95.22,100.0,100.0,100.0,100.0,100.0,1,1,20.0,-1.02,10.74,No ritmo da meta
1715150,Novo Alegre,TO,Norte,71.67,70.33,74.25,80.0,-1.34,3.43,73.25,75.72,77.83,79.62,81.14,82.44,0,1,2.44,1.61,3.43,Em retrocesso
4214201,Quilombo,SC,Sul,67.13,70.08,71.22,80.0,2.95,2.09,71.86,73.37,74.65,75.74,76.67,77.46,1,0,-2.54,1.65,2.09,No ritmo da meta
5007976,Taquarussu,MS,Centro-Oeste,78.85,85.45,79.18,80.0,6.6,7.5,91.82,97.24,100.0,100.0,100.0,100.0,1,1,20.0,-0.91,7.5,No ritmo da meta
4322905,Viadutos,RS,Sul,86.68,86.9,80.0,80.0,0.22,-9.87,78.51,71.38,65.32,60.17,55.79,52.06,0,0,-27.94,-1.15,-9.87,Ritmo critico
3517901,Guaraci,SP,Sudeste,73.82,73.02,75.7,80.0,-0.8,1.16,74.01,74.84,75.56,76.16,76.68,77.11,0,0,-2.89,1.16,1.16,Em retrocesso
4106571,Cruzeiro do Iguaçu,PR,Sul,81.66,86.52,80.0,80.0,4.86,1.57,87.85,88.99,89.95,90.77,91.47,92.06,1,1,12.06,-1.09,1.57,No ritmo da meta
3156403,Romaria,MG,Sudeste,57.73,70.69,64.99,80.0,12.96,12.64,81.43,90.57,98.33,100.0,100.0,100.0,1,1,20.0,1.55,12.64,No ritmo da meta
3523404,Itatiba,SP,Sudeste,65.1,73.47,69.88,80.0,8.37,5.74,78.35,82.5,86.02,89.02,91.56,93.73,1,1,13.73,1.09,5.74,No ritmo da meta
3126109,Formiga,MG,Sudeste,66.93,86.89,71.09,80.0,19.96,16.14,100.0,100.0,100.0,100.0,100.0,100.0,1,1,20.0,-1.15,16.14,No ritmo da meta
2513000,Salgadinho,PB,Nordeste,72.73,83.93,74.97,80.0,11.2,8.16,90.87,96.76,100.0,100.0,100.0,100.0,1,1,20.0,-0.66,8.16,No ritmo da meta
3152907,Pratápolis,MG,Sudeste,62.59,88.36,68.22,80.0,25.77,19.04,100.0,100.0,100.0,100.0,100.0,100.0,1,1,20.0,-1.39,19.04,No ritmo da meta
3532801,Nova Aliança,SP,Sudeste,57.65,73.75,64.94,80.0,16.1,9.61,81.92,88.86,94.76,99.78,100.0,100.0,1,1,20.0,1.04,9.61,No ritmo da meta
5203939,Buriti de Goiás,GO,Centro-Oeste,95.35,96.46,80.0,80.0,1.11,4.36,100.0,100.0,100.0,100.0,100.0,100.0,1,1,20.0,-2.74,4.36,No ritmo da meta
2203206,Curimatá,PI,Nordeste,68.19,81.77,71.92,80.0,13.58,9.91,90.19,97.35,100.0,100.0,100.0,100.0,1,1,20.0,-0.29,9.91,No ritmo da meta
5106265,Novo Mundo,MT,Centro-Oeste,53.62,67.67,62.24,80.0,14.05,10.94,76.97,84.87,91.59,97.3,100.0,100.0,1,1,20.0,2.05,10.94,No ritmo da meta
4210001,Luiz Alves,SC,Sul,80.43,76.19,80.0,80.0,-4.24,-1.5,74.91,73.83,72.91,72.13,71.46,70.9,0,0,-9.1,0.64,-1.5,Em retrocesso
3132008,Itacambira,MG,Sudeste,78.57,100.0,78.99,80.0,21.43,16.87,100.0,100.0,100.0,100.0,100.0,100.0,1,1,20.0,-3.33,16.87,No ritmo da meta
3545704,Santa Albertina,SP,Sudeste,65.6,58.21,70.21,80.0,-7.39,-2.14,56.39,54.84,53.53,52.41,51.46,50.66,0,0,-29.34,3.63,-2.14,Em retrocesso
5102694,Canabrava do Norte,MT,Centro-Oeste,34.68,78.89,48.6,80.0,44.21,26.02,100.0,100.0,100.0,100.0,100.0,100.0,1,1,20.0,0.18,26.02,No ritmo da meta
3547601,Santa Rosa de Viterbo,SP,Sudeste,74.36,75.32,76.07,80.0,0.96,2.04,77.05,78.53,79.78,80.85,81.75,82.52,1,1,2.52,0.78,2.04,No ritmo da meta
3530409,Mirassolândia,SP,Sudeste,59.21,55.96,65.98,80.0,-3.25,-0.07,55.9,55.85,55.81,55.77,55.74,55.71,0,0,-24.29,4.01,-0.07,Em retrocesso
3132206,Itaguara,MG,Sudeste,56.99,90.91,64.5,80.0,33.92,23.12,100.0,100.0,100.0,100.0,100.0,100.0,1,1,20.0,-1.82,23.12,No ritmo da meta
2511707,Pilõezinhos,PB,Nordeste,98.55,56.06,80.0,80.0,-42.49,-18.68,40.18,26.69,15.21,5.46,0.0,0.0,0,0,-80.0,3.99,-18.68,Em retrocesso
3541901,Queluz,SP,Sudeste,61.94,68.79,67.79,80.0,6.85,4.98,73.02,76.62,79.68,82.28,84.49,86.37,1,1,6.37,1.87,4.98,No ritmo da meta
4118451,Pato Bragado,PR,Sul,90.47,90.41,80.0,80.0,-0.06,-0.89,89.65,89.01,88.46,88.0,87.6,87.27,1,1,7.27,-1.73,-0.89,Em retrocesso
5106315,Novo Santo Antônio,MT,Centro-Oeste,71.23,58.27,73.96,80.0,-12.96,-2.57,56.09,54.23,52.65,51.31,50.17,49.2,0,0,-30.8,3.62,-2.57,Em retrocesso
5107198,Ribeirãozinho,MT,Centro-Oeste,48.96,52.72,59.06,80.0,3.76,5.79,57.64,61.82,65.38,68.4,70.97,73.16,0,0,-6.84,4.55,5.79,No ritmo da meta
3149804,Perdizes,MG,Sudeste,67.9,83.41,71.73,80.0,15.51,13.91,95.23,100.0,100.0,100.0,100.0,100.0,1,1,20.0,-0.57,13.91,No ritmo da meta
2303105,Cariré,CE,Nordeste,99.57,98.77,80.0,80.0,-0.8,-0.23,98.57,98.41,98.27,98.15,98.04,97.96,1,1,17.96,-3.13,-0.23,Em retrocesso
4302220,Boa Vista do Cadeado,RS,Sul,71.42,66.7,74.08,80.0,-4.72,-12.34,56.21,47.3,39.72,33.28,27.8,23.15,0,0,-56.85,2.22,-12.34,Em retrocesso
4108106,Flórida,PR,Sul,62.81,78.57,68.36,80.0,15.76,7.02,84.54,89.61,93.92,97.58,100.0,100.0,1,1,20.0,0.24,7.02,No ritmo da meta
2504108,Carrapateira,PB,Nordeste,68.95,91.67,72.43,80.0,22.72,13.92,100.0,100.0,100.0,100.0,100.0,100.0,1,1,20.0,-1.95,13.92,No ritmo da meta
4308003,Faxinal do Soturno,RS,Sul,79.13,66.7,79.38,80.0,-12.43,-16.19,52.94,41.24,31.3,22.85,15.66,9.56,0,0,-70.44,2.22,-16.19,Em retrocesso
3501707,Américo Brasiliense,SP,Sudeste,66.43,71.18,70.76,80.0,4.75,3.93,74.52,77.36,79.77,81.82,83.57,85.05,1,1,5.05,1.47,3.93,No ritmo da meta
2200806,Antônio Almeida,PI,Nordeste,95.63,73.81,80.0,80.0,-21.82,-7.79,67.19,61.56,56.78,52.71,49.25,46.32,0,0,-33.68,1.03,-7.79,Em retrocesso
1720002,Santa Terezinha do Tocantins,TO,Norte,56.06,57.14,63.88,80.0,1.08,4.64,61.08,64.44,67.29,69.71,71.77,73.52,0,0,-6.48,3.81,4.64,No ritmo da meta
5219605,Santa Tereza de Goiás,GO,Centro-Oeste,96.21,91.67,80.0,80.0,-4.54,1.53,92.97,94.08,95.02,95.81,96.49,97.07,1,1,17.07,-1.95,1.53,Em retrocesso
4313003,Nova Bréscia,RS,Sul,77.31,94.4,78.1,80.0,17.09,-1.43,93.18,92.15,91.27,90.53,89.89,89.35,1,1,9.35,-2.4,-1.43,No ritmo da meta
3141306,Medeiros,MG,Sudeste,82.24,78.57,80.0,80.0,-3.67,4.32,82.24,85.36,88.02,90.27,92.19,93.82,1,1,13.82,0.24,4.32,Em retrocesso
3543238,Ribeirão dos Índios,SP,Sudeste,70.59,91.67,73.53,80.0,21.08,12.1,100.0,100.0,100.0,100.0,100.0,100.0,1,1,20.0,-1.95,12.1,No ritmo da meta
4305132,Cerro Branco,RS,Sul,71.87,66.7,74.39,80.0,-5.17,-12.56,56.02,46.95,39.24,32.68,27.11,22.37,0,0,-57.63,2.22,-12.56,Em retrocesso
5220009,São João d'Aliança,GO,Centro-Oeste,81.82,89.53,80.0,80.0,7.71,7.66,96.04,100.0,100.0,100.0,100.0,100.0,1,1,20.0,-1.59,7.66,No ritmo da meta
4312351,Montauri,RS,Sul,100.0,75.0,80.0,80.0,-25.0,-22.48,55.89,39.65,25.84,14.11,4.14,0.0,0,0,-80.0,0.83,-22.48,Em retrocesso
5220058,São João da Paraúna,GO,Centro-Oeste,87.5,87.5,80.0,80.0,0.0,3.8,90.73,93.48,95.81,97.79,99.48,100.0,1,1,20.0,-1.25,3.8,No ritmo da meta
4320578,Sete de Setembro,RS,Sul,78.57,66.7,78.99,80.0,-11.87,-15.91,53.18,41.68,31.91,23.61,16.55,10.55,0,0,-69.45,2.22,-15.91,Em retrocesso
5101001,Araguaiana,MT,Centro-Oeste,100.0,91.53,80.0,80.0,-8.47,-0.32,91.26,91.03,90.83,90.66,90.52,90.4,1,1,10.4,-1.92,-0.32,Em retrocesso
3111150,Campo Azul,MG,Sudeste,84.73,73.26,80.0,80.0,-11.47,0.42,73.62,73.92,74.18,74.4,74.58,74.74,0,0,-5.26,1.12,0.42,Em retrocesso
3502101,Andradina,SP,Sudeste,56.97,65.48,64.49,80.0,8.51,5.81,70.42,74.62,78.18,81.22,83.8,85.99,1,1,5.99,2.42,5.81,No ritmo da meta
3108008,Bom Sucesso,MG,Sudeste,67.28,83.73,71.32,80.0,16.45,14.38,95.95,100.0,100.0,100.0,100.0,100.0,1,1,20.0,-0.62,14.38,No ritmo da meta
4205431,Formosa do Sul,SC,Sul,65.4,76.76,70.07,80.0,11.36,6.3,82.12,86.67,90.54,93.82,96.62,99.0,1,1,19.0,0.54,6.3,No ritmo da meta
3508108,Buritama,SP,Sudeste,64.02,67.83,69.16,80.0,3.81,3.46,70.77,73.27,75.4,77.2,78.74,80.04,1,1,0.04,2.03,3.46,No ritmo da meta
2209708,São Francisco do Piauí,PI,Nordeste,58.13,64.27,65.26,80.0,6.14,6.19,69.53,74.0,77.81,81.04,83.78,86.12,1,1,6.12,2.62,6.19,No ritmo da meta
3506359,Bertioga,SP,Sudeste,54.67,69.58,62.95,80.0,14.91,9.01,77.24,83.75,89.28,93.98,97.98,100.0,1,1,20.0,1.74,9.01,No ritmo da meta
2502706,Borborema,PB,Nordeste,82.74,67.57,80.0,80.0,-15.17,-5.02,63.3,59.68,56.59,53.97,51.75,49.85,0,0,-30.15,2.07,-5.02,Em retrocesso
3549706,São José do Rio Pardo,SP,Sudeste,47.71,63.96,58.19,80.0,16.25,9.68,72.19,79.18,85.13,90.18,94.47,98.13,1,1,18.13,2.67,9.68,No ritmo da meta
3202108,Ecoporanga,ES,Sudeste,69.21,94.7,72.6,80.0,25.49,15.09,100.0,100.0,100.0,100.0,100.0,100.0,1,1,20.0,-2.45,15.09,No ritmo da meta
2304657,Graça,CE,Nordeste,98.41,100.0,80.0,80.0,1.59,0.97,100.0,100.0,100.0,100.0,100.0,100.0,1,1,20.0,-3.33,0.97,No ritmo da meta
3510203,Capão Bonito,SP,Sudeste,62.4,74.63,68.09,80.0,12.23,7.67,81.15,86.69,91.4,95.41,98.81,100.0,1,1,20.0,0.9,7.67,No ritmo da meta
4205100,Dona Emma,SC,Sul,87.24,88.51,80.0,80.0,1.27,1.25,89.57,90.48,91.24,91.9,92.45,92.92,1,1,12.92,-1.42,1.25,No ritmo da meta
2110039,Santa Luzia do Paruá,MA,Nordeste,93.66,85.76,80.0,80.0,-7.9,-2.9,83.3,81.2,79.42,77.9,76.62,75.52,1,0,-4.48,-0.96,-2.9,Em retrocesso
3539004,Pirangi,SP,Sudeste,83.68,75.61,80.0,80.0,-8.07,-2.48,73.5,71.71,70.19,68.89,67.79,66.86,0,0,-13.14,0.73,-2.48,Em retrocesso
3518503,Guareí,SP,Sudeste,62.27,68.52,68.0,80.0,6.25,4.68,72.5,75.88,78.75,81.2,83.27,85.04,1,1,5.04,1.91,4.68,No ritmo da meta
3168002,Taiobeiras,MG,Sudeste,69.28,86.34,72.65,80.0,17.06,14.69,98.83,100.0,100.0,100.0,100.0,100.0,1,1,20.0,-1.06,14.69,No ritmo da meta
2501534,Baraúna,PB,Nordeste,59.36,89.76,66.08,80.0,30.4,17.76,100.0,100.0,100.0,100.0,100.0,100.0,1,1,20.0,-1.63,17.76,No ritmo da meta
2305506,Iguatu,CE,Nordeste,56.55,63.35,64.21,80.0,6.8,3.57,66.38,68.96,71.16,73.02,74.6,75.95,1,0,-4.05,2.78,3.57,No ritmo da meta
4316303,Roque Gonzales,RS,Sul,75.71,76.0,77.0,80.0,0.29,-9.83,67.64,60.54,54.51,49.37,45.01,41.31,0,0,-38.69,0.67,-9.83,Ritmo critico
5211206,Itapuranga,GO,Centro-Oeste,81.61,85.1,80.0,80.0,3.49,5.55,89.82,93.83,97.24,100.0,100.0,100.0,1,1,20.0,-0.85,5.55,No ritmo da meta
3138658,Lontra,MG,Sudeste,64.02,78.07,69.16,80.0,14.05,13.18,89.27,98.8,100.0,100.0,100.0,100.0,1,1,20.0,0.32,13.18,No ritmo da meta
5101852,Bom Jesus do Araguaia,MT,Centro-Oeste,31.32,82.63,45.89,80.0,51.31,29.57,100.0,100.0,100.0,100.0,100.0,100.0,1,1,20.0,-0.44,29.57,No ritmo da meta
4303301,Caibaté,RS,Sul,89.44,63.1,80.0,80.0,-26.34,-23.15,43.42,26.7,12.48,0.4,0.0,0.0,0,0,-80.0,2.82,-23.15,Em retrocesso
3162203,São João Batista do Glória,MG,Sudeste,82.43,84.26,80.0,80.0,1.83,7.07,90.27,95.38,99.72,100.0,100.0,100.0,1,1,20.0,-0.71,7.07,No ritmo da meta
3543105,Ribeirão Corrente,SP,Sudeste,71.89,74.51,74.4,80.0,2.62,2.87,76.95,79.02,80.79,82.28,83.56,84.64,1,1,4.64,0.91,2.87,No ritmo da meta
4103156,Bom Jesus do Sul,PR,Sul,87.35,93.48,80.0,80.0,6.13,2.2,95.35,96.94,98.29,99.44,100.0,100.0,1,1,20.0,-2.25,2.2,No ritmo da meta
3202702,Itaguaçu,ES,Sudeste,73.95,87.99,75.79,80.0,14.04,9.36,95.95,100.0,100.0,100.0,100.0,100.0,1,1,20.0,-1.33,9.36,No ritmo da meta
3551306,Sebastianópolis do Sul,SP,Sudeste,83.75,75.86,80.0,80.0,-7.89,-2.39,73.83,72.1,70.63,69.39,68.33,67.42,0,0,-12.58,0.69,-2.39,Em retrocesso
2512200,Prata,PB,Nordeste,47.46,63.28,58.02,80.0,15.82,10.47,72.18,79.74,86.17,91.64,96.28,100.0,1,1,20.0,2.79,10.47,No ritmo da meta
5107107,São José dos Quatro Marcos,MT,Centro-Oeste,90.1,68.7,80.0,80.0,-21.4,-6.79,62.93,58.02,53.85,50.31,47.3,44.73,0,0,-35.27,1.88,-6.79,Em retrocesso
2209807,São Gonçalo do Piauí,PI,Nordeste,94.18,64.04,80.0,80.0,-30.14,-11.95,53.88,45.25,37.91,31.67,26.37,21.86,0,0,-58.14,2.66,-11.95,Em retrocesso
3513900,Divinolândia,SP,Sudeste,52.32,61.36,61.36,80.0,9.04,6.08,66.53,70.92,74.65,77.83,80.53,82.82,1,1,2.82,3.11,6.08,No ritmo da meta
3166303,Sericita,MG,Sudeste,68.55,84.85,72.16,80.0,16.3,14.31,97.01,100.0,100.0,100.0,100.0,100.0,1,1,20.0,-0.81,14.31,No ritmo da meta
5103908,General Carneiro,MT,Centro-Oeste,89.12,71.41,80.0,80.0,-17.71,-4.94,67.21,63.64,60.61,58.03,55.84,53.97,0,0,-26.03,1.43,-4.94,Em retrocesso
4308706,Gaurama,RS,Sul,78.81,74.7,79.16,80.0,-4.11,-12.03,64.47,55.78,48.39,42.12,36.78,32.24,0,0,-47.76,0.88,-12.03,Em retrocesso
3101300,Alagoa,MG,Sudeste,67.0,89.66,71.13,80.0,22.66,17.49,100.0,100.0,100.0,100.0,100.0,100.0,1,1,20.0,-1.61,17.49,No ritmo da meta
5214101,Mutunópolis,GO,Centro-Oeste,92.95,100.0,80.0,80.0,7.05,7.33,100.0,100.0,100.0,100.0,100.0,100.0,1,1,20.0,-3.33,7.33,No ritmo da meta
3530003,Mira Estrela,SP,Sudeste,60.87,93.03,67.08,80.0,32.16,17.64,100.0,100.0,100.0,100.0,100.0,100.0,1,1,20.0,-2.17,17.64,No ritmo da meta
5105259,Lucas do Rio Verde,MT,Centro-Oeste,63.96,73.53,69.12,80.0,9.57,8.7,80.92,87.21,92.55,97.1,100.0,100.0,1,1,20.0,1.08,8.7,No ritmo da meta
3151305,Piraúba,MG,Sudeste,74.74,87.11,76.33,80.0,12.37,12.34,97.6,100.0,100.0,100.0,100.0,100.0,1,1,20.0,-1.18,12.34,No ritmo da meta
2300408,Aiuaba,CE,Nordeste,75.14,75.83,76.61,80.0,0.69,0.52,76.27,76.65,76.97,77.24,77.47,77.67,0,0,-2.33,0.7,0.52,Ritmo insuficiente
3129202,Heliodora,MG,Sudeste,48.35,67.59,58.64,80.0,19.24,15.78,81.0,92.4,100.0,100.0,100.0,100.0,1,1,20.0,2.07,15.78,No ritmo da meta
1715259,Novo Jardim,TO,Norte,22.32,61.24,37.88,80.0,38.92,23.56,81.27,98.29,100.0,100.0,100.0,100.0,1,1,20.0,3.13,23.56,No ritmo da meta
4201802,Atalanta,SC,Sul,71.12,64.79,73.88,80.0,-6.33,-2.55,62.62,60.78,59.21,57.88,56.75,55.79,0,0,-24.21,2.53,-2.55,Em retrocesso
3146008,Ouro Fino,MG,Sudeste,63.84,84.81,69.04,80.0,20.97,16.64,98.95,100.0,100.0,100.0,100.0,100.0,1,1,20.0,-0.8,16.64,No ritmo da meta
3168309,Taquaraçu de Minas,MG,Sudeste,66.07,94.4,70.52,80.0,28.33,20.32,100.0,100.0,100.0,100.0,100.0,100.0,1,1,20.0,-2.4,20.32,No ritmo da meta
3114303,Carmo do Paranaíba,MG,Sudeste,70.42,86.19,73.41,80.0,15.77,14.04,98.12,100.0,100.0,100.0,100.0,100.0,1,1,20.0,-1.03,14.04,No ritmo da meta
3125200,Fama,MG,Sudeste,71.98,86.96,74.46,80.0,14.98,13.65,98.56,100.0,100.0,100.0,100.0,100.0,1,1,20.0,-1.16,13.65,No ritmo da meta
4317756,Santo Antônio do Planalto,RS,Sul,77.14,77.2,77.99,80.0,0.06,-9.95,68.74,61.55,55.44,50.25,45.83,42.08,0,0,-37.92,0.47,-9.95,Ritmo critico
5205471,Chapadão do Céu,GO,Centro-Oeste,80.04,87.51,80.0,80.0,7.47,7.54,93.92,99.37,100.0,100.0,100.0,100.0,1,1,20.0,-1.25,7.54,No ritmo da meta
2210631,Sebastião Leal,PI,Nordeste,93.5,76.86,80.0,80.0,-16.64,-5.2,72.44,68.68,65.49,62.78,60.47,58.51,0,0,-21.49,0.52,-5.2,Em retrocesso
2308302,Milagres,CE,Nordeste,75.28,79.33,76.7,80.0,4.05,2.2,81.2,82.79,84.14,85.29,86.27,87.09,1,1,7.09,0.11,2.2,No ritmo da meta
3519006,Herculândia,SP,Sudeste,85.15,81.08,80.0,80.0,-4.07,-0.48,80.67,80.33,80.03,79.78,79.57,79.39,1,0,-0.61,-0.18,-0.48,Em retrocesso
3533205,Nova Independência,SP,Sudeste,49.79,88.79,59.63,80.0,39.0,21.06,100.0,100.0,100.0,100.0,100.0,100.0,1,1,20.0,-1.47,21.06,No ritmo da meta
5205208,Caturaí,GO,Centro-Oeste,68.4,87.17,72.06,80.0,18.77,13.19,98.38,100.0,100.0,100.0,100.0,100.0,1,1,20.0,-1.2,13.19,No ritmo da meta
2513943,São Domingos do Cariri,PB,Nordeste,95.45,100.0,80.0,80.0,4.55,4.84,100.0,100.0,100.0,100.0,100.0,100.0,1,1,20.0,-3.33,4.84,No ritmo da meta
3146552,Pai Pedro,MG,Sudeste,62.52,76.4,68.17,80.0,13.88,13.1,87.54,97.0,100.0,100.0,100.0,100.0,1,1,20.0,0.6,13.1,No ritmo da meta
3122900,Dona Euzébia,MG,Sudeste,47.11,95.71,57.77,80.0,48.6,30.46,100.0,100.0,100.0,100.0,100.0,100.0,1,1,20.0,-2.62,30.46,No ritmo da meta
3538204,Pinhalzinho,SP,Sudeste,78.11,78.79,78.66,80.0,0.68,1.9,80.4,81.78,82.94,83.94,84.78,85.5,1,1,5.5,0.2,1.9,No ritmo da meta
3136553,José Raydan,MG,Sudeste,79.09,77.36,79.35,80.0,-1.73,5.29,81.86,85.68,88.93,91.69,94.04,96.03,1,1,16.03,0.44,5.29,Em retrocesso
3523008,Itapura,SP,Sudeste,49.6,79.05,59.5,80.0,29.45,16.28,92.89,100.0,100.0,100.0,100.0,100.0,1,1,20.0,0.16,16.28,No ritmo da meta
3537404,Pereira Barreto,SP,Sudeste,66.13,83.47,70.56,80.0,17.34,10.23,92.17,99.56,100.0,100.0,100.0,100.0,1,1,20.0,-0.58,10.23,No ritmo da meta
3139904,Maria da Fé,MG,Sudeste,60.99,78.16,67.16,80.0,17.17,14.74,90.69,100.0,100.0,100.0,100.0,100.0,1,1,20.0,0.31,14.74,No ritmo da meta
5220207,São Miguel do Araguaia,GO,Centro-Oeste,86.66,91.4,80.0,80.0,4.74,6.17,96.64,100.0,100.0,100.0,100.0,100.0,1,1,20.0,-1.9,6.17,No ritmo da meta
3201159,Brejetuba,ES,Sudeste,67.35,87.96,71.37,80.0,20.61,12.65,98.71,100.0,100.0,100.0,100.0,100.0,1,1,20.0,-1.33,12.65,No ritmo da meta
4314464,Pinhal da Serra,RS,Sul,74.14,35.3,75.92,80.0,-38.84,-29.4,10.31,0.0,0.0,0.0,0.0,0.0,0,0,-80.0,7.45,-29.4,Em retrocesso
2510808,Patos,PB,Nordeste,43.61,67.47,55.29,80.0,23.86,14.49,79.79,90.26,99.15,100.0,100.0,100.0,1,1,20.0,2.09,14.49,No ritmo da meta
3520608,Indiana,SP,Sudeste,81.63,70.59,80.0,80.0,-11.04,-3.96,67.22,64.36,61.93,59.86,58.11,56.61,0,0,-23.39,1.57,-3.96,Em retrocesso
4200556,Águas Frias,SC,Sul,42.78,88.24,54.69,80.0,45.46,23.35,100.0,100.0,100.0,100.0,100.0,100.0,1,1,20.0,-1.37,23.35,No ritmo da meta
4309951,Ibirapuitã,RS,Sul,49.55,70.6,72.34,80.0,21.05,0.55,71.07,71.46,71.8,72.09,72.33,72.54,0,0,-7.46,1.57,0.55,Ritmo critico
3521903,Itajobi,SP,Sudeste,85.09,82.74,80.0,80.0,-2.35,0.38,83.06,83.34,83.57,83.77,83.94,84.08,1,1,4.08,-0.46,0.38,Em retrocesso
2507804,Junco do Seridó,PB,Nordeste,56.22,76.21,63.99,80.0,19.99,12.56,86.89,95.96,100.0,100.0,100.0,100.0,1,1,20.0,0.63,12.56,No ritmo da meta
2205904,Manoel Emídio,PI,Nordeste,100.0,82.38,80.0,80.0,-17.62,-5.69,77.54,73.43,69.94,66.97,64.44,62.3,0,0,-17.7,-0.4,-5.69,Em retrocesso
2206951,Novo Santo Antônio,PI,Nordeste,48.49,82.08,58.73,80.0,33.59,19.91,99.0,100.0,100.0,100.0,100.0,100.0,1,1,20.0,-0.35,19.91,No ritmo da meta
3125507,São Gonçalo do Rio Preto,MG,Sudeste,80.13,83.33,80.0,80.0,3.2,7.76,89.93,95.53,100.0,100.0,100.0,100.0,1,1,20.0,-0.55,7.76,No ritmo da meta
3111200,Campo Belo,MG,Sudeste,69.49,85.57,72.79,80.0,16.08,14.2,97.64,100.0,100.0,100.0,100.0,100.0,1,1,20.0,-0.93,14.2,No ritmo da meta
2103257,Cidelândia,MA,Nordeste,66.44,86.24,70.76,80.0,19.8,10.95,95.55,100.0,100.0,100.0,100.0,100.0,1,1,20.0,-1.04,10.95,No ritmo da meta
3510708,Cardoso,SP,Sudeste,68.94,59.86,72.42,80.0,-9.08,-2.98,57.33,55.17,53.34,51.79,50.47,49.34,0,0,-30.66,3.36,-2.98,Em retrocesso
3505203,Bariri,SP,Sudeste,64.82,72.3,69.69,80.0,7.48,5.3,76.8,80.63,83.89,86.66,89.01,91.01,1,1,11.01,1.28,5.3,No ritmo da meta
5210158,Ipiranga de Goiás,GO,Centro-Oeste,93.1,96.55,80.0,80.0,3.45,5.53,100.0,100.0,100.0,100.0,100.0,100.0,1,1,20.0,-2.76,5.53,No ritmo da meta
3158805,Santana do Jacaré,MG,Sudeste,76.26,86.67,77.38,80.0,10.41,11.36,96.33,100.0,100.0,100.0,100.0,100.0,1,1,20.0,-1.11,11.36,No ritmo da meta
3540309,Pontes Gestal,SP,Sudeste,71.43,74.25,74.09,80.0,2.82,2.97,76.77,78.92,80.74,82.29,83.61,84.73,1,1,4.73,0.96,2.97,No ritmo da meta
5200829,Amaralina,GO,Centro-Oeste,84.23,89.83,80.0,80.0,5.6,6.6,95.44,100.0,100.0,100.0,100.0,100.0,1,1,20.0,-1.64,6.6,No ritmo da meta
3120508,Cristina,MG,Sudeste,55.83,81.73,63.72,80.0,25.9,19.11,97.97,100.0,100.0,100.0,100.0,100.0,1,1,20.0,-0.29,19.11,No ritmo da meta
3527504,Lucianópolis,SP,Sudeste,74.86,75.0,76.41,80.0,0.14,1.63,76.39,77.56,78.56,79.42,80.14,80.75,0,1,0.75,0.83,1.63,No ritmo da meta
3203163,Laranja da Terra,ES,Sudeste,87.53,87.5,80.0,80.0,-0.03,2.33,89.48,91.16,92.59,93.81,94.84,95.72,1,1,15.72,-1.25,2.33,Em retrocesso
3514502,Duartina,SP,Sudeste,81.82,77.0,80.0,80.0,-4.82,-0.85,76.28,75.66,75.14,74.7,74.32,74.0,0,0,-6.0,0.5,-0.85,Em retrocesso
3522703,Itápolis,SP,Sudeste,66.67,77.38,70.92,80.0,10.71,6.91,83.25,88.25,92.49,96.1,99.16,100.0,1,1,20.0,0.44,6.91,No ritmo da meta
4102208,Atalaia,PR,Sul,91.91,88.32,80.0,80.0,-3.59,-2.66,86.06,84.14,82.5,81.12,79.93,78.93,1,0,-1.07,-1.39,-2.66,Em retrocesso
4202156,Belmonte,SC,Sul,72.9,80.41,75.08,80.0,7.51,4.37,84.12,87.28,89.97,92.25,94.19,95.83,1,1,15.83,-0.07,4.37,No ritmo da meta
3516507,Gabriel Monteiro,SP,Sudeste,85.16,85.45,80.0,80.0,0.29,1.7,86.9,88.12,89.17,90.05,90.81,91.45,1,1,11.45,-0.91,1.7,No ritmo da meta
3127602,Gouveia,MG,Sudeste,74.24,91.11,75.99,80.0,16.87,14.59,100.0,100.0,100.0,100.0,100.0,100.0,1,1,20.0,-1.85,14.59,No ritmo da meta
4117453,Ouro Verde do Oeste,PR,Sul,86.73,90.05,80.0,80.0,3.32,0.8,90.73,91.31,91.8,92.22,92.57,92.87,1,1,12.87,-1.67,0.8,No ritmo da meta
3501202,Álvares Florence,SP,Sudeste,78.62,72.05,79.02,80.0,-6.57,-1.73,70.58,69.33,68.27,67.36,66.6,65.94,0,0,-14.06,1.33,-1.73,Em retrocesso
3529807,Mineiros do Tietê,SP,Sudeste,45.76,68.18,56.82,80.0,22.42,12.77,79.03,88.26,96.1,100.0,100.0,100.0,1,1,20.0,1.97,12.77,No ritmo da meta
5105002,Jauru,MT,Centro-Oeste,46.7,74.68,57.48,80.0,27.98,17.9,89.9,100.0,100.0,100.0,100.0,100.0,1,1,20.0,0.89,17.9,No ritmo da meta
2202711,Cocal de Telha,PI,Nordeste,67.54,59.56,71.49,80.0,-7.98,-0.87,58.82,58.19,57.66,57.2,56.82,56.49,0,0,-23.51,3.41,-0.87,Em retrocesso
4311239,Lagoa Bonita do Sul,RS,Sul,70.83,54.2,73.69,80.0,-16.63,-18.29,38.65,25.44,14.21,4.66,0.0,0.0,0,0,-80.0,4.3,-18.29,Em retrocesso
3508207,Buritizal,SP,Sudeste,96.13,56.29,80.0,80.0,-39.84,-18.36,40.68,27.42,16.14,6.56,0.0,0.0,0,0,-80.0,3.95,-18.36,Em retrocesso
1600535,Porto Grande,AP,Norte,65.21,73.42,69.95,80.0,8.21,7.62,79.9,85.4,90.08,94.06,97.44,100.0,1,1,20.0,1.1,7.62,No ritmo da meta
3553401,Tanabi,SP,Sudeste,65.17,74.07,69.92,80.0,8.9,6.01,79.18,83.52,87.21,90.35,93.02,95.28,1,1,15.28,0.99,6.01,No ritmo da meta
2504603,Conde,PB,Nordeste,62.38,69.48,68.08,80.0,7.1,6.11,74.67,79.09,82.84,86.03,88.74,91.05,1,1,11.05,1.75,6.11,No ritmo da meta
3547502,Santa Rita do Passa Quatro,SP,Sudeste,62.35,67.97,68.06,80.0,5.62,4.37,71.68,74.84,77.53,79.81,81.75,83.39,1,1,3.39,2.01,4.37,No ritmo da meta
2305266,Ibaretama,CE,Nordeste,70.3,60.53,73.33,80.0,-9.77,-4.71,56.53,53.12,50.23,47.77,45.68,43.91,0,0,-36.09,3.24,-4.71,Em retrocesso
5103601,Dom Aquino,MT,Centro-Oeste,88.28,71.45,80.0,80.0,-16.83,-4.5,67.62,64.37,61.61,59.26,57.26,55.57,0,0,-24.43,1.42,-4.5,Em retrocesso
3517505,Guapiaçu,SP,Sudeste,56.31,70.54,64.05,80.0,14.23,8.67,77.91,84.17,89.5,94.02,97.87,100.0,1,1,20.0,1.58,8.67,No ritmo da meta
3104601,Astolfo Dutra,MG,Sudeste,74.88,88.29,76.43,80.0,13.41,12.86,99.22,100.0,100.0,100.0,100.0,100.0,1,1,20.0,-1.38,12.86,No ritmo da meta
5216809,Petrolina de Goiás,GO,Centro-Oeste,59.28,85.41,66.02,80.0,26.13,16.87,99.75,100.0,100.0,100.0,100.0,100.0,1,1,20.0,-0.9,16.87,No ritmo da meta
2209559,São Braz do Piauí,PI,Nordeste,87.8,66.39,80.0,80.0,-21.41,-7.59,59.94,54.45,49.79,45.83,42.46,39.6,0,0,-40.4,2.27,-7.59,Em retrocesso
3534757,Ouroeste,SP,Sudeste,99.27,89.21,80.0,80.0,-10.06,-3.47,86.26,83.75,81.62,79.81,78.27,76.96,1,0,-3.04,-1.53,-3.47,Em retrocesso
2508703,Mãe d'Água,PB,Nordeste,70.0,63.64,73.13,80.0,-6.36,-0.62,63.11,62.67,62.28,61.96,61.69,61.45,0,0,-18.55,2.73,-0.62,Em retrocesso
3168200,Tapiraí,MG,Sudeste,76.47,100.0,77.52,80.0,23.53,17.92,100.0,100.0,100.0,100.0,100.0,100.0,1,1,20.0,-3.33,17.92,No ritmo da meta
2202251,Canavieira,PI,Nordeste,50.7,86.82,60.25,80.0,36.12,21.18,100.0,100.0,100.0,100.0,100.0,100.0,1,1,20.0,-1.14,21.18,No ritmo da meta
4310553,Itacurubi,RS,Sul,88.06,42.9,,,-45.16,-32.56,15.22,0.0,0.0,0.0,0.0,0.0,0,0,,,-32.56,Em retrocesso
2514552,São José de Princesa,PB,Nordeste,82.35,81.82,80.0,80.0,-0.53,2.3,83.78,85.44,86.85,88.05,89.07,89.94,1,1,9.94,-0.3,2.3,Em retrocesso
5220280,São Patrício,GO,Centro-Oeste,89.17,86.36,80.0,80.0,-2.81,2.4,88.4,90.13,91.61,92.86,93.93,94.83,1,1,14.83,-1.06,2.4,Em retrocesso
3501301,Álvares Machado,SP,Sudeste,53.91,72.19,62.43,80.0,18.28,10.7,81.28,89.02,95.59,100.0,100.0,100.0,1,1,20.0,1.3,10.7,No ritmo da meta
3534807,Ouro Verde,SP,Sudeste,82.02,76.07,80.0,80.0,-5.95,-1.42,74.86,73.84,72.96,72.22,71.59,71.06,0,0,-8.94,0.66,-1.42,Em retrocesso
3539202,Pirapozinho,SP,Sudeste,75.08,69.44,76.56,80.0,-5.64,-1.26,68.37,67.46,66.68,66.03,65.47,64.99,0,0,-15.01,1.76,-1.26,Em retrocesso
5108303,União do Sul,MT,Centro-Oeste,60.38,68.93,66.75,80.0,8.55,8.19,75.89,81.81,86.84,91.11,94.75,97.84,1,1,17.84,1.84,8.19,No ritmo da meta
5202502,Aruanã,GO,Centro-Oeste,79.82,90.33,79.87,80.0,10.51,9.06,98.03,100.0,100.0,100.0,100.0,100.0,1,1,20.0,-1.72,9.06,No ritmo da meta
5107925,Sorriso,MT,Centro-Oeste,79.08,81.05,79.35,80.0,1.97,4.9,85.22,88.76,91.76,94.32,96.5,98.34,1,1,18.34,-0.17,4.9,No ritmo da meta
3502804,Araçatuba,SP,Sudeste,65.78,74.22,70.33,80.0,8.44,5.78,79.13,83.31,86.86,89.88,92.44,94.62,1,1,14.62,0.96,5.78,No ritmo da meta
3535002,Palestina,SP,Sudeste,57.98,72.03,65.16,80.0,14.05,8.58,79.32,85.52,90.79,95.27,99.08,100.0,1,1,20.0,1.33,8.58,No ritmo da meta
4201273,Arabutã,SC,Sul,79.39,96.31,79.57,80.0,16.92,9.08,100.0,100.0,100.0,100.0,100.0,100.0,1,1,20.0,-2.72,9.08,No ritmo da meta
2309201,Nova Olinda,CE,Nordeste,100.0,99.53,80.0,80.0,-0.47,-0.06,99.48,99.44,99.4,99.37,99.34,99.32,1,1,19.32,-3.26,-0.06,Em retrocesso
3148400,Paulistas,MG,Sudeste,70.37,90.14,73.38,80.0,19.77,16.04,100.0,100.0,100.0,100.0,100.0,100.0,1,1,20.0,-1.69,16.04,No ritmo da meta
2507101,Itapororoca,PB,Nordeste,71.75,84.21,74.3,80.0,12.46,8.79,91.68,98.03,100.0,100.0,100.0,100.0,1,1,20.0,-0.7,8.79,No ritmo da meta
3556354,Vargem,SP,Sudeste,74.45,65.34,76.13,80.0,-9.11,-3.0,62.79,60.62,58.78,57.21,55.88,54.75,0,0,-25.25,2.44,-3.0,Em retrocesso
3550902,São Simão,SP,Sudeste,62.84,65.55,68.38,80.0,2.71,2.91,68.02,70.13,71.91,73.43,74.72,75.82,0,0,-4.18,2.41,2.91,No ritmo da meta
2301604,Assaré,CE,Nordeste,90.73,98.08,80.0,80.0,7.35,3.85,100.0,100.0,100.0,100.0,100.0,100.0,1,1,20.0,-3.01,3.85,No ritmo da meta
3504404,Avanhandava,SP,Sudeste,70.93,77.37,73.75,80.0,6.44,4.78,81.43,84.89,87.82,90.32,92.44,94.24,1,1,14.24,0.44,4.78,No ritmo da meta
3146503,Pains,MG,Sudeste,67.53,86.83,71.49,80.0,19.3,15.81,100.0,100.0,100.0,100.0,100.0,100.0,1,1,20.0,-1.14,15.81,No ritmo da meta
5220603,Silvânia,GO,Centro-Oeste,86.01,91.2,80.0,80.0,5.19,6.4,96.64,100.0,100.0,100.0,100.0,100.0,1,1,20.0,-1.87,6.4,No ritmo da meta
1600055,Serra do Navio,AP,Norte,32.92,73.61,47.19,80.0,40.69,23.86,93.89,100.0,100.0,100.0,100.0,100.0,1,1,20.0,1.07,23.86,No ritmo da meta
5214051,Mundo Novo,GO,Centro-Oeste,96.18,94.04,80.0,80.0,-2.14,2.73,96.36,98.33,100.0,100.0,100.0,100.0,1,1,20.0,-2.34,2.73,Em retrocesso
3541505,Presidente Venceslau,SP,Sudeste,60.06,76.57,66.54,80.0,16.51,9.81,84.91,92.0,98.02,100.0,100.0,100.0,1,1,20.0,0.57,9.81,No ritmo da meta
5204250,Cachoeira Dourada,GO,Centro-Oeste,72.51,79.19,74.82,80.0,6.68,7.14,85.26,90.42,94.8,98.53,100.0,100.0,1,1,20.0,0.14,7.14,No ritmo da meta
4315404,Redentora,RS,Sul,81.44,60.0,80.0,80.0,-21.44,-20.7,42.4,27.45,14.74,3.93,0.0,0.0,0,0,-80.0,3.33,-20.7,Em retrocesso
5204300,Caçu,GO,Centro-Oeste,73.23,91.38,75.3,80.0,18.15,12.88,100.0,100.0,100.0,100.0,100.0,100.0,1,1,20.0,-1.9,12.88,No ritmo da meta
2205599,Lagoa do Sítio,PI,Nordeste,12.7,62.96,27.27,80.0,50.26,28.25,86.97,100.0,100.0,100.0,100.0,100.0,1,1,20.0,2.84,28.25,No ritmo da meta
4321329,Taquaruçu do Sul,RS,Sul,83.99,81.5,80.0,80.0,-2.49,-11.22,71.96,63.86,56.97,51.11,46.13,41.9,0,0,-38.1,-0.25,-11.22,Em retrocesso
3540507,Porangaba,SP,Sudeste,69.9,60.38,73.06,80.0,-9.52,-3.2,57.66,55.35,53.38,51.71,50.29,49.09,0,0,-30.91,3.27,-3.2,Em retrocesso
3555505,Ubirajara,SP,Sudeste,48.79,56.25,58.94,80.0,7.46,5.29,60.75,64.57,67.82,70.58,72.93,74.92,1,0,-5.08,3.96,5.29,No ritmo da meta
5101704,Barra do Bugres,MT,Centro-Oeste,50.91,72.78,60.4,80.0,21.87,14.85,85.4,96.13,100.0,100.0,100.0,100.0,1,1,20.0,1.2,14.85,No ritmo da meta
3533908,Olímpia,SP,Sudeste,61.15,74.72,67.26,80.0,13.57,8.34,81.81,87.83,92.96,97.31,100.0,100.0,1,1,20.0,0.88,8.34,No ritmo da meta
3110707,Cambuquira,MG,Sudeste,69.29,85.08,72.66,80.0,15.79,14.05,97.02,100.0,100.0,100.0,100.0,100.0,1,1,20.0,-0.85,14.05,No ritmo da meta
2210508,São Pedro do Piauí,PI,Nordeste,49.25,67.14,59.26,80.0,17.89,12.06,77.39,86.1,93.51,99.81,100.0,100.0,1,1,20.0,2.14,12.06,No ritmo da meta
3547908,Santo Antônio da Alegria,SP,Sudeste,49.66,67.18,59.54,80.0,17.52,10.32,75.95,83.41,89.75,95.13,99.71,100.0,1,1,20.0,2.14,10.32,No ritmo da meta
2308708,Morada Nova,CE,Nordeste,71.96,76.09,74.45,80.0,4.13,2.24,77.99,79.61,80.99,82.16,83.15,84.0,1,1,4.0,0.65,2.24,No ritmo da meta
3171402,Vieiras,MG,Sudeste,50.44,74.62,60.08,80.0,24.18,18.25,90.13,100.0,100.0,100.0,100.0,100.0,1,1,20.0,0.9,18.25,No ritmo da meta
2202174,Campo Largo do Piauí,PI,Nordeste,17.66,64.31,33.1,80.0,46.65,26.44,86.78,100.0,100.0,100.0,100.0,100.0,1,1,20.0,2.62,26.44,No ritmo da meta
3106804,Bias Fortes,MG,Sudeste,68.75,100.0,72.3,80.0,31.25,21.78,100.0,100.0,100.0,100.0,100.0,100.0,1,1,20.0,-3.33,21.78,No ritmo da meta
3554201,Tejupá,SP,Sudeste,73.38,59.38,75.41,80.0,-14.0,-5.44,54.76,50.83,47.48,44.65,42.23,40.18,0,0,-39.82,3.44,-5.44,Em retrocesso
4315172,Protásio Alves,RS,Sul,79.98,75.0,79.99,80.0,-4.98,-12.47,64.4,55.39,47.73,41.22,35.69,30.99,0,0,-49.01,0.83,-12.47,Em retrocesso
4300646,Ametista do Sul,RS,Sul,48.98,70.8,59.07,80.0,21.82,0.93,71.59,72.26,72.83,73.32,73.73,74.08,1,0,-5.92,1.53,0.93,Ritmo insuficiente
3556305,Valparaíso,SP,Sudeste,64.42,70.44,69.43,80.0,6.02,4.57,74.32,77.63,80.43,82.82,84.85,86.57,1,1,6.57,1.59,4.57,No ritmo da meta
3544251,Rosana,SP,Sudeste,59.53,78.64,66.19,80.0,19.11,11.11,88.08,96.11,100.0,100.0,100.0,100.0,1,1,20.0,0.23,11.11,No ritmo da meta
3541059,Pratânia,SP,Sudeste,56.06,56.48,63.88,80.0,0.42,1.77,57.98,59.26,60.35,61.27,62.06,62.73,0,0,-17.27,3.92,1.77,Ritmo critico
3103801,Arapuá,MG,Sudeste,84.21,92.02,80.0,80.0,7.81,10.06,100.0,100.0,100.0,100.0,100.0,100.0,1,1,20.0,-2.0,10.06,No ritmo da meta
5205513,Cocalzinho de Goiás,GO,Centro-Oeste,79.53,88.6,79.67,80.0,9.07,8.34,95.69,100.0,100.0,100.0,100.0,100.0,1,1,20.0,-1.43,8.34,No ritmo da meta
3142304,Moeda,MG,Sudeste,77.89,90.58,78.51,80.0,12.69,12.5,100.0,100.0,100.0,100.0,100.0,100.0,1,1,20.0,-1.76,12.5,No ritmo da meta
2202455,Capitão Gervásio Oliveira,PI,Nordeste,65.3,77.36,70.01,80.0,12.06,9.15,85.14,91.75,97.37,100.0,100.0,100.0,1,1,20.0,0.44,9.15,No ritmo da meta
2603926,Carnaubeira da Penha,PE,Nordeste,84.31,100.0,80.0,80.0,15.69,10.47,100.0,100.0,100.0,100.0,100.0,100.0,1,1,20.0,-3.33,10.47,No ritmo da meta
2300309,Acopiara,CE,Nordeste,62.63,64.59,68.24,80.0,1.96,1.15,65.57,66.4,67.1,67.7,68.22,68.65,0,0,-11.35,2.57,1.15,Ritmo critico
4304655,Capão do Cipó,RS,Sul,88.68,71.8,80.0,80.0,-16.88,-18.42,56.14,42.83,31.52,21.91,13.73,6.79,0,0,-73.21,1.37,-18.42,Em retrocesso
2205003,Itainópolis,PI,Nordeste,74.15,73.67,75.93,80.0,-0.48,2.88,76.12,78.2,79.97,81.47,82.75,83.83,1,1,3.83,1.05,2.88,Em retrocesso
3532702,Nipoã,SP,Sudeste,93.79,80.24,80.0,80.0,-13.55,-5.22,75.8,72.03,68.83,66.1,63.78,61.82,0,0,-18.18,-0.04,-5.22,Em retrocesso
3150000,Pescador,MG,Sudeste,88.06,77.59,80.0,80.0,-10.47,0.92,78.37,79.04,79.6,80.08,80.49,80.84,0,1,0.84,0.4,0.92,Em retrocesso
2300903,Apuiarés,CE,Nordeste,80.8,74.45,80.0,80.0,-6.35,-3.0,71.9,69.73,67.89,66.32,64.99,63.86,0,0,-16.14,0.92,-3.0,Em retrocesso
5107263,Santo Afonso,MT,Centro-Oeste,52.08,76.83,61.2,80.0,24.75,16.29,90.68,100.0,100.0,100.0,100.0,100.0,1,1,20.0,0.53,16.29,No ritmo da meta
3107604,Bom Jesus da Penha,MG,Sudeste,51.25,87.21,60.63,80.0,35.96,24.14,100.0,100.0,100.0,100.0,100.0,100.0,1,1,20.0,-1.2,24.14,No ritmo da meta
2406908,Lucrécia,RN,Nordeste,4.35,42.86,14.05,80.0,38.51,21.86,61.44,77.23,90.66,100.0,100.0,100.0,1,1,20.0,6.19,21.86,No ritmo da meta
2414902,Viçosa,RN,Nordeste,58.93,61.9,65.79,80.0,2.97,4.09,65.38,68.33,70.84,72.98,74.79,76.34,0,0,-3.66,3.02,4.09,No ritmo da meta
5212253,Lagoa Santa,GO,Centro-Oeste,80.95,76.19,80.0,80.0,-4.76,1.42,77.4,78.42,79.3,80.04,80.67,81.2,0,1,1.2,0.64,1.42,Em retrocesso
4310900,Jacutinga,RS,Sul,84.62,61.9,80.0,80.0,-22.72,-21.34,43.76,28.34,15.24,4.1,0.0,0.0,0,0,-80.0,3.02,-21.34,Em retrocesso
2611903,Rio Formoso,PE,Nordeste,93.31,90.91,80.0,80.0,-2.4,1.42,92.12,93.14,94.02,94.76,95.39,95.92,1,1,15.92,-1.82,1.42,Em retrocesso
3503604,Areiópolis,SP,Sudeste,72.32,75.02,74.69,80.0,2.7,2.91,77.49,79.6,81.38,82.9,84.19,85.29,1,1,5.29,0.83,2.91,No ritmo da meta
2205300,Jerumenha,PI,Nordeste,26.32,75.31,41.6,80.0,48.99,27.61,98.78,100.0,100.0,100.0,100.0,100.0,1,1,20.0,0.78,27.61,No ritmo da meta
3531605,Monte Castelo,SP,Sudeste,66.46,94.29,70.78,80.0,27.83,15.47,100.0,100.0,100.0,100.0,100.0,100.0,1,1,20.0,-2.38,15.47,No ritmo da meta
5204003,Cabeceiras,GO,Centro-Oeste,69.66,93.81,72.9,80.0,24.15,15.88,100.0,100.0,100.0,100.0,100.0,100.0,1,1,20.0,-2.3,15.88,No ritmo da meta
5209291,Guaraíta,GO,Centro-Oeste,72.59,95.32,74.87,80.0,22.73,15.17,100.0,100.0,100.0,100.0,100.0,100.0,1,1,20.0,-2.55,15.17,No ritmo da meta
2206605,Monte Alegre do Piauí,PI,Nordeste,67.16,57.85,71.24,80.0,-9.31,-1.54,56.54,55.43,54.48,53.68,53.0,52.41,0,0,-27.59,3.69,-1.54,Em retrocesso
3555356,Ubarana,SP,Sudeste,60.64,74.44,66.93,80.0,13.8,8.46,81.63,87.74,92.94,97.36,100.0,100.0,1,1,20.0,0.93,8.46,No ritmo da meta
2307502,Lavras da Mangabeira,CE,Nordeste,75.38,74.29,76.77,80.0,-1.09,-0.37,73.98,73.71,73.48,73.29,73.12,72.98,0,0,-7.02,0.95,-0.37,Em retrocesso
2401701,Bom Jesus,RN,Nordeste,36.61,53.3,,,16.69,10.95,62.61,70.52,77.24,82.96,87.82,91.95,0,0,,,10.95,Ritmo critico
2303709,Caucaia,CE,Nordeste,67.04,69.01,71.16,80.0,1.97,1.16,70.0,70.83,71.55,72.15,72.67,73.1,0,0,-6.9,1.83,1.16,Ritmo insuficiente
3108909,Brazópolis,MG,Sudeste,50.86,79.14,60.36,80.0,28.28,20.3,96.4,100.0,100.0,100.0,100.0,100.0,1,1,20.0,0.14,20.3,No ritmo da meta
3158300,Santana da Vargem,MG,Sudeste,64.87,87.45,69.72,80.0,22.58,17.45,100.0,100.0,100.0,100.0,100.0,100.0,1,1,20.0,-1.24,17.45,No ritmo da meta
3514205,Dolcinópolis,SP,Sudeste,76.62,65.38,77.62,80.0,-11.24,-4.06,61.93,59.0,56.5,54.38,52.58,51.05,0,0,-28.95,2.44,-4.06,Em retrocesso
3531001,Monções,SP,Sudeste,84.21,80.77,80.0,80.0,-3.44,-0.16,80.63,80.52,80.42,80.34,80.27,80.21,1,1,0.21,-0.13,-0.16,Em retrocesso
1721307,Tupiratins,TO,Norte,25.0,53.85,40.4,80.0,28.85,18.53,69.6,82.99,94.37,100.0,100.0,100.0,1,1,20.0,4.36,18.53,No ritmo da meta
3541208,Presidente Bernardes,SP,Sudeste,64.23,79.72,69.3,80.0,15.49,9.3,87.62,94.34,100.0,100.0,100.0,100.0,1,1,20.0,0.05,9.3,No ritmo da meta
3128402,Guarani,MG,Sudeste,80.48,77.84,80.0,80.0,-2.64,4.84,81.95,85.45,88.42,90.95,93.1,94.92,1,1,14.92,0.36,4.84,Em retrocesso
4102752,Bela Vista da Caroba,PR,Sul,76.84,88.13,77.78,80.0,11.29,4.78,92.19,95.65,98.58,100.0,100.0,100.0,1,1,20.0,-1.35,4.78,No ritmo da meta
2301257,Ararendá,CE,Nordeste,98.92,99.34,80.0,80.0,0.42,0.38,99.66,99.94,100.0,100.0,100.0,100.0,1,1,20.0,-3.22,0.38,No ritmo da meta
2308203,Meruoca,CE,Nordeste,98.47,98.21,80.0,80.0,-0.26,0.04,98.24,98.27,98.3,98.32,98.34,98.35,1,1,18.35,-3.03,0.04,Em retrocesso
5203807,Britânia,GO,Centro-Oeste,82.04,92.82,80.0,80.0,10.78,9.19,100.0,100.0,100.0,100.0,100.0,100.0,1,1,20.0,-2.14,9.19,No ritmo da meta
2305654,Ipaporanga,CE,Nordeste,97.47,99.16,80.0,80.0,1.69,1.02,100.0,100.0,100.0,100.0,100.0,100.0,1,1,20.0,-3.19,1.02,No ritmo da meta
3542008,Quintana,SP,Sudeste,51.71,64.71,60.94,80.0,13.0,8.06,71.56,77.38,82.33,86.54,90.12,93.16,1,1,13.16,2.55,8.06,No ritmo da meta
3145851,Oratórios,MG,Sudeste,73.86,82.24,75.73,80.0,8.38,10.35,91.04,98.52,100.0,100.0,100.0,100.0,1,1,20.0,-0.37,10.35,No ritmo da meta
2205276,Jatobá do Piauí,PI,Nordeste,73.84,95.24,75.72,80.0,21.4,13.82,100.0,100.0,100.0,100.0,100.0,100.0,1,1,20.0,-2.54,13.82,No ritmo da meta
5218904,Rubiataba,GO,Centro-Oeste,77.53,87.69,78.26,80.0,10.16,8.88,95.24,100.0,100.0,100.0,100.0,100.0,1,1,20.0,-1.28,8.88,No ritmo da meta
3152709,Prados,MG,Sudeste,73.21,93.22,75.29,80.0,20.01,16.16,100.0,100.0,100.0,100.0,100.0,100.0,1,1,20.0,-2.2,16.16,No ritmo da meta
5205059,Castelândia,GO,Centro-Oeste,80.99,91.3,80.0,80.0,10.31,8.96,98.92,100.0,100.0,100.0,100.0,100.0,1,1,20.0,-1.88,8.96,No ritmo da meta
4302204,Boa Vista do Buricá,RS,Sul,81.93,74.0,80.0,80.0,-7.93,-13.94,62.15,52.08,43.52,36.24,30.06,24.8,0,0,-55.2,1.0,-13.94,Em retrocesso
1715754,Palmeirópolis,TO,Norte,47.77,77.41,58.23,80.0,29.64,18.92,93.49,100.0,100.0,100.0,100.0,100.0,1,1,20.0,0.43,18.92,No ritmo da meta
3550209,São Miguel Arcanjo,SP,Sudeste,56.99,73.78,64.5,80.0,16.79,9.95,82.24,89.43,95.54,100.0,100.0,100.0,1,1,20.0,1.04,9.95,No ritmo da meta
3512308,Conchas,SP,Sudeste,47.34,69.48,57.93,80.0,22.14,12.63,80.22,89.34,97.1,100.0,100.0,100.0,1,1,20.0,1.75,12.63,No ritmo da meta
2509339,Matinhas,PB,Nordeste,79.28,72.67,79.49,80.0,-6.61,-0.74,72.04,71.51,71.05,70.67,70.34,70.06,0,0,-9.94,1.22,-0.74,Em retrocesso
3533304,Nova Luzitânia,SP,Sudeste,77.92,73.33,78.53,80.0,-4.59,-0.74,72.7,72.17,71.71,71.33,71.0,70.72,0,0,-9.28,1.11,-0.74,Em retrocesso
2609105,Machados,PE,Nordeste,86.88,96.75,80.0,80.0,9.87,7.56,100.0,100.0,100.0,100.0,100.0,100.0,1,1,20.0,-2.79,7.56,No ritmo da meta
4210555,Marema,SC,Sul,88.23,75.96,76.69,80.0,-12.27,-5.52,71.27,67.28,63.89,61.01,58.56,56.48,0,0,-23.52,0.67,-5.52,Em retrocesso
2310506,Pedra Branca,CE,Nordeste,99.44,99.7,80.0,80.0,0.26,0.3,99.96,100.0,100.0,100.0,100.0,100.0,1,1,20.0,-3.28,0.3,No ritmo da meta
3504206,Auriflama,SP,Sudeste,68.6,77.87,72.2,80.0,9.27,6.19,83.13,87.6,91.41,94.64,97.38,99.72,1,1,19.72,0.35,6.19,No ritmo da meta
2306009,Iracema,CE,Nordeste,98.61,84.18,80.0,80.0,-14.43,-7.04,78.2,73.11,68.79,65.11,61.99,59.33,0,0,-20.67,-0.7,-7.04,Em retrocesso
2410207,Portalegre,RN,Nordeste,50.87,65.36,60.37,80.0,14.49,9.85,73.73,80.85,86.9,92.04,96.41,100.0,1,1,20.0,2.44,9.85,No ritmo da meta
5215256,Novo Planalto,GO,Centro-Oeste,84.74,94.54,80.0,80.0,9.8,8.7,100.0,100.0,100.0,100.0,100.0,100.0,1,1,20.0,-2.42,8.7,No ritmo da meta
5222005,Vianópolis,GO,Centro-Oeste,89.04,89.5,80.0,80.0,0.46,4.03,92.93,95.84,98.31,100.0,100.0,100.0,1,1,20.0,-1.58,4.03,No ritmo da meta
3157302,Santa Bárbara do Tugúrio,MG,Sudeste,50.6,90.92,60.19,80.0,40.32,26.32,100.0,100.0,100.0,100.0,100.0,100.0,1,1,20.0,-1.82,26.32,No ritmo da meta
3166006,Senhora de Oliveira,MG,Sudeste,79.29,86.42,79.49,80.0,7.13,9.72,94.68,100.0,100.0,100.0,100.0,100.0,1,1,20.0,-1.07,9.72,No ritmo da meta
2111748,Senador Alexandre Costa,MA,Nordeste,95.63,96.12,80.0,80.0,0.49,1.29,97.22,98.15,98.94,99.61,100.0,100.0,1,1,20.0,-2.69,1.29,No ritmo da meta
3519808,Icém,SP,Sudeste,73.35,81.32,75.39,80.0,7.97,5.54,86.03,90.03,93.43,96.33,98.78,100.0,1,1,20.0,-0.22,5.54,No ritmo da meta
3518602,Guariba,SP,Sudeste,69.71,78.67,72.94,80.0,8.96,6.04,83.8,88.17,91.88,95.03,97.71,99.99,1,1,19.99,0.22,6.04,No ritmo da meta
3130408,Ijaci,MG,Sudeste,72.8,82.9,75.01,80.0,10.1,11.21,92.43,100.0,100.0,100.0,100.0,100.0,1,1,20.0,-0.48,11.21,No ritmo da meta
3514809,Eldorado,SP,Sudeste,62.33,75.19,68.04,80.0,12.86,7.99,81.98,87.75,92.66,96.83,100.0,100.0,1,1,20.0,0.8,7.99,No ritmo da meta
5104542,Itanhangá,MT,Centro-Oeste,89.0,77.99,80.0,80.0,-11.01,-1.59,76.64,75.49,74.51,73.68,72.98,72.38,0,0,-7.62,0.34,-1.59,Em retrocesso
4312203,Maximiliano de Almeida,RS,Sul,93.75,33.3,80.0,80.0,-60.45,-40.2,0.0,0.0,0.0,0.0,0.0,0.0,0,0,-80.0,7.78,-40.2,Em retrocesso
2211605,Vila Nova do Piauí,PI,Nordeste,100.0,100.0,80.0,80.0,0.0,3.12,100.0,100.0,100.0,100.0,100.0,100.0,1,1,20.0,-3.33,3.12,No ritmo da meta
3165800,Senador José Bento,MG,Sudeste,35.71,70.0,,,34.29,23.3,89.8,100.0,100.0,100.0,100.0,100.0,0,0,,,23.3,Ritmo critico
4211850,Ouro Verde,SC,Sul,44.56,66.67,55.97,80.0,22.11,11.67,76.59,85.02,92.19,98.28,100.0,100.0,1,1,20.0,2.22,11.67,No ritmo da meta
2301505,Arneiroz,CE,Nordeste,73.64,76.0,75.58,80.0,2.36,1.35,77.15,78.12,78.95,79.66,80.26,80.76,1,1,0.76,0.67,1.35,No ritmo da meta
2210383,São Miguel da Baixa Grande,PI,Nordeste,24.14,80.0,39.61,80.0,55.86,31.05,100.0,100.0,100.0,100.0,100.0,100.0,1,1,20.0,0.0,31.05,No ritmo da meta
3100302,Abre Campo,MG,Sudeste,85.71,86.67,80.0,80.0,0.96,6.64,92.31,97.11,100.0,100.0,100.0,100.0,1,1,20.0,-1.11,6.64,No ritmo da meta
4200903,Angelina,SC,Sul,88.41,90.0,80.0,80.0,1.59,1.41,91.2,92.22,93.08,93.82,94.44,94.98,1,1,14.98,-1.67,1.41,No ritmo da meta
3521507,Irapuã,SP,Sudeste,69.58,76.62,72.85,80.0,7.04,5.08,80.94,84.61,87.73,90.38,92.63,94.55,1,1,14.55,0.56,5.08,No ritmo da meta
3518206,Guararapes,SP,Sudeste,58.19,71.91,65.3,80.0,13.72,8.42,79.07,85.15,90.32,94.72,98.45,100.0,1,1,20.0,1.35,8.42,No ritmo da meta
2210003,São João do Piauí,PI,Nordeste,44.35,65.25,55.82,80.0,20.9,13.57,76.78,86.59,94.92,100.0,100.0,100.0,1,1,20.0,2.46,13.57,No ritmo da meta
3517307,Guaimbê,SP,Sudeste,82.7,83.39,80.0,80.0,0.69,1.9,85.0,86.38,87.54,88.54,89.38,90.1,1,1,10.1,-0.57,1.9,No ritmo da meta
3517703,Guará,SP,Sudeste,67.39,76.27,71.39,80.0,8.88,6.0,81.37,85.7,89.39,92.52,95.18,97.45,1,1,17.45,0.62,6.0,No ritmo da meta
2413805,Taboleiro Grande,RN,Nordeste,45.45,73.08,56.6,80.0,27.63,16.42,87.04,98.9,100.0,100.0,100.0,100.0,1,1,20.0,1.15,16.42,No ritmo da meta
4310652,Itati,RS,Sul,47.37,71.4,57.95,80.0,24.03,2.04,73.13,74.61,75.86,76.93,77.83,78.6,1,0,-1.4,1.43,2.04,No ritmo da meta
3121506,Desterro do Melo,MG,Sudeste,68.18,96.43,71.92,80.0,28.25,20.28,100.0,100.0,100.0,100.0,100.0,100.0,1,1,20.0,-2.74,20.28,No ritmo da meta
2203701,Esperantina,PI,Nordeste,56.99,73.13,64.5,80.0,16.14,11.19,82.64,90.73,97.6,100.0,100.0,100.0,1,1,20.0,1.15,11.19,No ritmo da meta
2304400,Fortaleza,CE,Nordeste,74.03,74.81,75.85,80.0,0.78,0.56,75.29,75.69,76.03,76.33,76.58,76.79,0,0,-3.21,0.86,0.56,Ritmo insuficiente
3548104,Santo Antônio do Jardim,SP,Sudeste,71.46,72.45,74.11,80.0,0.99,2.05,74.19,75.67,76.93,78.0,78.91,79.69,1,0,-0.31,1.26,2.05,No ritmo da meta
3104205,Arcos,MG,Sudeste,78.83,88.86,79.17,80.0,10.03,11.17,98.35,100.0,100.0,100.0,100.0,100.0,1,1,20.0,-1.48,11.17,No ritmo da meta
2611533,Quixaba,PE,Nordeste,80.26,87.04,80.0,80.0,6.78,6.01,92.15,96.49,100.0,100.0,100.0,100.0,1,1,20.0,-1.17,6.01,No ritmo da meta
2303006,Caridade,CE,Nordeste,96.73,98.73,80.0,80.0,2.0,1.17,99.72,100.0,100.0,100.0,100.0,100.0,1,1,20.0,-3.12,1.17,No ritmo da meta
3108800,Braúnas,MG,Sudeste,72.23,63.3,74.63,80.0,-8.93,1.69,64.74,65.96,67.0,67.88,68.63,69.26,0,0,-10.74,2.78,1.69,Em retrocesso
2200103,Agricolândia,PI,Nordeste,32.61,60.23,46.94,80.0,27.62,16.93,74.62,86.85,97.25,100.0,100.0,100.0,1,1,20.0,3.3,16.93,No ritmo da meta
5103957,Glória D'Oeste,MT,Centro-Oeste,90.57,83.78,80.0,80.0,-6.79,0.52,84.22,84.6,84.92,85.19,85.42,85.62,1,1,5.62,-0.63,0.52,Em retrocesso
3520004,Igaraçu do Tietê,SP,Sudeste,68.56,77.29,72.17,80.0,8.73,5.92,82.32,86.6,90.23,93.33,95.95,98.18,1,1,18.18,0.45,5.92,No ritmo da meta
3508702,Caconde,SP,Sudeste,70.23,75.94,73.29,80.0,5.71,4.41,79.69,82.87,85.58,87.89,89.84,91.51,1,1,11.51,0.68,4.41,No ritmo da meta
2201176,Barra D'Alcântara,PI,Nordeste,61.11,93.18,67.24,80.0,32.07,19.15,100.0,100.0,100.0,100.0,100.0,100.0,1,1,20.0,-2.2,19.15,No ritmo da meta
3200136,Águia Branca,ES,Sudeste,92.32,94.55,80.0,80.0,2.23,3.46,97.49,99.99,100.0,100.0,100.0,100.0,1,1,20.0,-2.42,3.46,No ritmo da meta
2309706,Pacatuba,CE,Nordeste,76.03,78.36,77.22,80.0,2.33,1.34,79.5,80.47,81.29,81.99,82.58,83.09,1,1,3.09,0.27,1.34,No ritmo da meta
2311900,Saboeiro,CE,Nordeste,75.38,81.55,76.77,80.0,6.17,3.26,84.32,86.68,88.68,90.38,91.83,93.06,1,1,13.06,-0.26,3.26,No ritmo da meta
5212055,Jesúpolis,GO,Centro-Oeste,100.0,100.0,80.0,80.0,0.0,3.8,100.0,100.0,100.0,100.0,100.0,100.0,1,1,20.0,-3.33,3.8,No ritmo da meta
2312908,Sobral,CE,Nordeste,98.74,98.58,80.0,80.0,-0.16,0.09,98.66,98.72,98.78,98.82,98.86,98.9,1,1,18.9,-3.1,0.09,Em retrocesso
3133501,Itapecerica,MG,Sudeste,72.37,84.46,74.72,80.0,12.09,12.2,94.83,100.0,100.0,100.0,100.0,100.0,1,1,20.0,-0.74,12.2,No ritmo da meta
2304301,Farias Brito,CE,Nordeste,98.01,96.0,80.0,80.0,-2.01,-0.83,95.29,94.69,94.19,93.75,93.38,93.07,1,1,13.07,-2.67,-0.83,Em retrocesso
3518305,Guararema,SP,Sudeste,64.75,76.97,69.64,80.0,12.22,7.67,83.49,89.03,93.74,97.75,100.0,100.0,1,1,20.0,0.51,7.67,No ritmo da meta
3156304,Rodeiro,MG,Sudeste,44.73,81.95,56.09,80.0,37.22,24.77,100.0,100.0,100.0,100.0,100.0,100.0,1,1,20.0,-0.33,24.77,No ritmo da meta
2206001,Marcos Parente,PI,Nordeste,22.19,80.95,37.75,80.0,58.76,32.5,100.0,100.0,100.0,100.0,100.0,100.0,1,1,20.0,-0.16,32.5,No ritmo da meta
2510402,Olho d'Água,PB,Nordeste,64.17,89.36,69.26,80.0,25.19,15.16,100.0,100.0,100.0,100.0,100.0,100.0,1,1,20.0,-1.56,15.16,No ritmo da meta
2203230,Currais,PI,Nordeste,93.16,92.5,80.0,80.0,-0.66,2.79,94.87,96.89,98.6,100.0,100.0,100.0,1,1,20.0,-2.08,2.79,Em retrocesso
3547007,Santa Maria da Serra,SP,Sudeste,50.35,86.98,60.01,80.0,36.63,19.87,100.0,100.0,100.0,100.0,100.0,100.0,1,1,20.0,-1.16,19.87,No ritmo da meta
3501509,Alvinlândia,SP,Sudeste,74.3,91.84,76.03,80.0,17.54,10.33,100.0,100.0,100.0,100.0,100.0,100.0,1,1,20.0,-1.97,10.33,No ritmo da meta
3119955,Córrego Fundo,MG,Sudeste,69.55,96.07,72.83,80.0,26.52,19.42,100.0,100.0,100.0,100.0,100.0,100.0,1,1,20.0,-2.68,19.42,No ritmo da meta
3130804,Ingaí,MG,Sudeste,52.26,87.27,61.32,80.0,35.01,23.66,100.0,100.0,100.0,100.0,100.0,100.0,1,1,20.0,-1.21,23.66,No ritmo da meta
3123908,Entre Rios de Minas,MG,Sudeste,83.15,91.72,80.0,80.0,8.57,10.44,100.0,100.0,100.0,100.0,100.0,100.0,1,1,20.0,-1.95,10.44,No ritmo da meta
3506508,Birigui,SP,Sudeste,71.09,78.13,73.86,80.0,7.04,5.08,82.45,86.12,89.24,91.89,94.14,96.06,1,1,16.06,0.31,5.08,No ritmo da meta
2512762,Riachão do Poço,PB,Nordeste,68.24,75.0,71.96,80.0,6.76,5.94,80.05,84.34,87.99,91.09,93.72,95.97,1,1,15.97,0.83,5.94,No ritmo da meta
4212601,Peritiba,SC,Sul,85.84,87.5,80.0,80.0,1.66,1.45,88.73,89.78,90.67,91.43,92.07,92.62,1,1,12.62,-1.25,1.45,No ritmo da meta
3518909,Guzolândia,SP,Sudeste,88.59,79.92,80.0,80.0,-8.67,-2.78,77.56,75.55,73.84,72.39,71.16,70.11,0,0,-9.89,0.01,-2.78,Em retrocesso
3130655,Indaiabira,MG,Sudeste,56.13,89.58,63.93,80.0,33.45,22.88,100.0,100.0,100.0,100.0,100.0,100.0,1,1,20.0,-1.6,22.88,No ritmo da meta
3530904,Mombuca,SP,Sudeste,55.83,74.25,63.72,80.0,18.42,10.77,83.4,91.19,97.8,100.0,100.0,100.0,1,1,20.0,0.96,10.77,No ritmo da meta
2205250,Jardim do Mulato,PI,Nordeste,58.33,77.0,65.39,80.0,18.67,12.45,87.58,96.58,100.0,100.0,100.0,100.0,1,1,20.0,0.5,12.45,No ritmo da meta
3546504,Santa Ernestina,SP,Sudeste,83.66,92.26,80.0,80.0,8.6,5.86,97.24,100.0,100.0,100.0,100.0,100.0,1,1,20.0,-2.04,5.86,No ritmo da meta
2311207,Potengi,CE,Nordeste,90.85,91.04,80.0,80.0,0.19,0.27,91.27,91.46,91.63,91.77,91.89,91.99,1,1,11.99,-1.84,0.27,No ritmo da meta
3503406,Arealva,SP,Sudeste,72.62,79.38,74.89,80.0,6.76,4.94,83.58,87.15,90.18,92.76,94.95,96.82,1,1,16.82,0.1,4.94,No ritmo da meta
2517001,Umbuzeiro,PB,Nordeste,38.29,79.38,51.38,80.0,41.09,23.11,99.02,100.0,100.0,100.0,100.0,100.0,1,1,20.0,0.1,23.11,No ritmo da meta
2205573,Lagoa de São Francisco,PI,Nordeste,41.38,76.74,53.68,80.0,35.36,20.8,94.42,100.0,100.0,100.0,100.0,100.0,1,1,20.0,0.54,20.8,No ritmo da meta
4200804,Anchieta,SC,Sul,77.52,91.81,78.25,80.0,14.29,7.76,98.41,100.0,100.0,100.0,100.0,100.0,1,1,20.0,-1.97,7.76,No ritmo da meta
3545159,Saltinho,SP,Sudeste,65.6,64.45,70.21,80.0,-1.15,0.98,65.28,65.99,66.59,67.1,67.54,67.91,0,0,-12.09,2.59,0.98,Em retrocesso
2702306,Coruripe,AL,Nordeste,94.13,92.03,80.0,80.0,-2.1,2.28,93.97,95.62,97.02,98.21,99.22,100.0,1,1,20.0,-2.01,2.28,Em retrocesso
5211404,Itauçu,GO,Centro-Oeste,96.95,94.51,80.0,80.0,-2.44,2.58,96.7,98.57,100.0,100.0,100.0,100.0,1,1,20.0,-2.42,2.58,Em retrocesso
1715507,Oliveira de Fátima,TO,Norte,50.0,31.58,59.77,80.0,-18.42,-5.11,27.24,23.54,20.41,17.74,15.47,13.54,0,0,-66.46,8.07,-5.11,Em retrocesso
3515400,Fartura,SP,Sudeste,62.71,82.78,68.3,80.0,20.07,11.59,92.63,100.0,100.0,100.0,100.0,100.0,1,1,20.0,-0.46,11.59,No ritmo da meta
2204006,Francinópolis,PI,Nordeste,77.97,84.21,78.56,80.0,6.24,6.24,89.51,94.02,97.85,100.0,100.0,100.0,1,1,20.0,-0.7,6.24,No ritmo da meta
5214804,Nova Aurora,GO,Centro-Oeste,14.29,84.21,29.25,80.0,69.92,38.76,100.0,100.0,100.0,100.0,100.0,100.0,1,1,20.0,-0.7,38.76,No ritmo da meta
3109808,Cachoeira Dourada,MG,Sudeste,80.57,94.74,80.0,80.0,14.17,13.24,100.0,100.0,100.0,100.0,100.0,100.0,1,1,20.0,-2.46,13.24,No ritmo da meta
3536570,Paulistânia,SP,Sudeste,38.25,73.68,51.35,80.0,35.43,19.27,90.06,100.0,100.0,100.0,100.0,100.0,1,1,20.0,1.05,19.27,No ritmo da meta
2302909,Capistrano,CE,Nordeste,77.64,87.35,78.33,80.0,9.71,5.03,91.63,95.26,98.35,100.0,100.0,100.0,1,1,20.0,-1.22,5.03,No ritmo da meta
3516606,Gália,SP,Sudeste,78.91,66.68,79.23,80.0,-12.23,-4.56,62.8,59.51,56.71,54.33,52.31,50.59,0,0,-29.41,2.22,-4.56,Em retrocesso
2112233,Trizidela do Vale,MA,Nordeste,59.01,90.87,65.84,80.0,31.86,16.98,100.0,100.0,100.0,100.0,100.0,100.0,1,1,20.0,-1.81,16.98,No ritmo da meta
2311702,Reriutaba,CE,Nordeste,99.52,98.5,80.0,80.0,-1.02,-0.34,98.21,97.97,97.76,97.58,97.43,97.3,1,1,17.3,-3.08,-0.34,Em retrocesso
3116803,Coluna,MG,Sudeste,64.06,91.21,69.19,80.0,27.15,19.73,100.0,100.0,100.0,100.0,100.0,100.0,1,1,20.0,-1.87,19.73,No ritmo da meta
5106802,Porto dos Gaúchos,MT,Centro-Oeste,75.58,74.29,76.91,80.0,-1.29,3.27,77.07,79.43,81.44,83.15,84.6,85.83,1,1,5.83,0.95,3.27,Em retrocesso
3511201,Catiguá,SP,Sudeste,54.28,84.7,62.68,80.0,30.42,16.77,98.95,100.0,100.0,100.0,100.0,100.0,1,1,20.0,-0.78,16.77,No ritmo da meta
5206602,Cumari,GO,Centro-Oeste,76.19,72.73,77.33,80.0,-3.46,2.07,74.49,75.99,77.26,78.34,79.26,80.04,0,1,0.04,1.21,2.07,Em retrocesso
2101939,Bernardo do Mearim,MA,Nordeste,12.84,87.88,27.45,80.0,75.04,38.57,100.0,100.0,100.0,100.0,100.0,100.0,1,1,20.0,-1.31,38.57,No ritmo da meta
5218706,Rianápolis,GO,Centro-Oeste,76.56,100.0,77.58,80.0,23.44,15.52,100.0,100.0,100.0,100.0,100.0,100.0,1,1,20.0,-3.33,15.52,No ritmo da meta
5107248,Santa Carmem,MT,Centro-Oeste,71.5,93.91,74.14,80.0,22.41,15.12,100.0,100.0,100.0,100.0,100.0,100.0,1,1,20.0,-2.32,15.12,No ritmo da meta
5204607,Campestre de Goiás,GO,Centro-Oeste,79.35,93.62,79.54,80.0,14.27,10.94,100.0,100.0,100.0,100.0,100.0,100.0,1,1,20.0,-2.27,10.94,No ritmo da meta
2313351,Tejuçuoca,CE,Nordeste,85.37,80.16,80.0,80.0,-5.21,-2.43,78.09,76.34,74.85,73.58,72.5,71.58,0,0,-8.42,-0.03,-2.43,Em retrocesso
2103125,Central do Maranhão,MA,Nordeste,100.0,84.42,80.0,80.0,-15.58,-6.74,78.69,73.82,69.68,66.16,63.17,60.63,0,0,-19.37,-0.74,-6.74,Em retrocesso
5103452,Denise,MT,Centro-Oeste,58.18,83.58,65.29,80.0,25.4,16.61,97.7,100.0,100.0,100.0,100.0,100.0,1,1,20.0,-0.6,16.61,No ritmo da meta
2205409,Joaquim Pires,PI,Nordeste,55.54,81.27,63.53,80.0,25.73,15.98,94.85,100.0,100.0,100.0,100.0,100.0,1,1,20.0,-0.21,15.98,No ritmo da meta
3556107,Valentim Gentil,SP,Sudeste,67.1,85.95,71.2,80.0,18.85,10.98,95.28,100.0,100.0,100.0,100.0,100.0,1,1,20.0,-0.99,10.98,No ritmo da meta
2501708,Barra de São Miguel,PB,Nordeste,60.51,78.61,66.84,80.0,18.1,11.61,88.48,96.87,100.0,100.0,100.0,100.0,1,1,20.0,0.23,11.61,No ritmo da meta
3556958,Vitória Brasil,SP,Sudeste,66.67,100.0,70.92,80.0,33.33,18.22,100.0,100.0,100.0,100.0,100.0,100.0,1,1,20.0,-3.33,18.22,No ritmo da meta
2308807,Moraújo,CE,Nordeste,98.91,92.86,80.0,80.0,-6.05,-2.85,90.44,88.38,86.63,85.14,83.88,82.8,1,1,2.8,-2.14,-2.85,Em retrocesso
2209609,São Félix do Piauí,PI,Nordeste,35.56,64.29,49.29,80.0,28.73,17.48,79.15,91.78,100.0,100.0,100.0,100.0,1,1,20.0,2.62,17.48,No ritmo da meta
3149507,Pequeri,MG,Sudeste,32.02,69.05,46.46,80.0,37.03,24.67,90.02,100.0,100.0,100.0,100.0,100.0,1,1,20.0,1.83,24.67,No ritmo da meta
3544400,Rubiácea,SP,Sudeste,53.41,82.14,62.1,80.0,28.73,15.92,95.67,100.0,100.0,100.0,100.0,100.0,1,1,20.0,-0.36,15.92,No ritmo da meta
3127354,Glaucilândia,MG,Sudeste,57.14,71.43,64.6,80.0,14.29,13.3,82.74,92.34,100.0,100.0,100.0,100.0,1,1,20.0,1.43,13.3,No ritmo da meta
3146602,Paiva,MG,Sudeste,80.0,92.86,80.0,80.0,12.86,12.59,100.0,100.0,100.0,100.0,100.0,100.0,1,1,20.0,-2.14,12.59,No ritmo da meta
5219712,Santo Antônio da Barra,GO,Centro-Oeste,82.48,91.64,80.0,80.0,9.16,8.38,98.76,100.0,100.0,100.0,100.0,100.0,1,1,20.0,-1.94,8.38,No ritmo da meta
2307106,Jardim,CE,Nordeste,77.88,70.8,78.5,80.0,-7.08,-3.37,67.94,65.5,63.43,61.67,60.18,58.91,0,0,-21.09,1.53,-3.37,Em retrocesso
3106408,Belo Vale,MG,Sudeste,93.05,97.32,80.0,80.0,4.27,8.29,100.0,100.0,100.0,100.0,100.0,100.0,1,1,20.0,-2.89,8.29,No ritmo da meta
5107875,Sapezal,MT,Centro-Oeste,69.76,84.38,72.97,80.0,14.62,11.22,93.92,100.0,100.0,100.0,100.0,100.0,1,1,20.0,-0.73,11.22,No ritmo da meta
2205151,Jacobina do Piauí,PI,Nordeste,88.51,84.31,80.0,80.0,-4.2,1.02,85.18,85.91,86.54,87.07,87.53,87.91,1,1,7.91,-0.72,1.02,Em retrocesso
2512747,Riachão,PB,Nordeste,52.41,70.37,61.42,80.0,17.96,11.54,80.18,88.52,95.6,100.0,100.0,100.0,1,1,20.0,1.6,11.54,No ritmo da meta
2306603,Itatira,CE,Nordeste,99.62,99.06,80.0,80.0,-0.56,-0.11,98.97,98.89,98.82,98.76,98.71,98.67,1,1,18.67,-3.18,-0.11,Em retrocesso
2304509,Frecheirinha,CE,Nordeste,99.67,98.18,80.0,80.0,-1.49,-0.57,97.7,97.28,96.93,96.64,96.38,96.17,1,1,16.17,-3.03,-0.57,Em retrocesso
4126405,Sertaneja,PR,Sul,92.04,90.98,80.0,80.0,-1.06,-1.39,89.8,88.79,87.94,87.22,86.6,86.07,1,1,6.07,-1.83,-1.39,Em retrocesso
3124708,Estrela do Indaiá,MG,Sudeste,100.0,100.0,80.0,80.0,0.0,6.16,100.0,100.0,100.0,100.0,100.0,100.0,1,1,20.0,-3.33,6.16,No ritmo da meta
4323101,Vicente Dutra,RS,Sul,72.28,70.1,74.66,80.0,-2.18,-11.07,60.69,52.69,45.89,40.12,35.2,31.03,0,0,-48.97,1.65,-11.07,Em retrocesso
2311264,Quiterianópolis,CE,Nordeste,98.54,99.49,80.0,80.0,0.95,0.65,100.0,100.0,100.0,100.0,100.0,100.0,1,1,20.0,-3.25,0.65,No ritmo da meta
2515708,Serra Grande,PB,Nordeste,40.0,70.82,52.66,80.0,30.82,17.97,86.09,99.08,100.0,100.0,100.0,100.0,1,1,20.0,1.53,17.97,No ritmo da meta
2203404,Dom Expedito Lopes,PI,Nordeste,77.13,76.45,77.98,80.0,-0.68,2.78,78.81,80.82,82.53,83.98,85.21,86.26,1,1,6.26,0.59,2.78,Em retrocesso
5100300,Alto Araguaia,MT,Centro-Oeste,73.84,75.59,75.72,80.0,1.75,4.79,79.66,83.12,86.06,88.56,90.69,92.5,1,1,12.5,0.73,4.79,No ritmo da meta
3506201,Bento de Abreu,SP,Sudeste,100.0,84.11,80.0,80.0,-15.89,-6.39,78.68,74.06,70.14,66.8,63.97,61.56,0,0,-18.44,-0.68,-6.39,Em retrocesso
3505005,Barão de Antonina,SP,Sudeste,65.56,64.23,70.18,80.0,-1.33,0.89,64.99,65.63,66.18,66.64,67.04,67.37,0,0,-12.63,2.63,0.89,Em retrocesso
2301307,Araripe,CE,Nordeste,75.5,77.22,76.85,80.0,1.72,1.03,78.1,78.84,79.47,80.01,80.47,80.86,1,1,0.86,0.46,1.03,No ritmo da meta
2203453,Dom Inocêncio,PI,Nordeste,97.37,87.27,80.0,80.0,-10.1,-1.93,85.63,84.24,83.05,82.04,81.19,80.46,1,1,0.46,-1.21,-1.93,Em retrocesso
5218805,Rio Verde,GO,Centro-Oeste,86.06,89.88,80.0,80.0,3.82,5.71,94.73,98.86,100.0,100.0,100.0,100.0,1,1,20.0,-1.65,5.71,No ritmo da meta
3526506,Lavínia,SP,Sudeste,62.02,59.08,67.84,80.0,-2.94,0.09,59.16,59.22,59.28,59.32,59.36,59.4,0,0,-20.6,3.49,0.09,Em retrocesso
3526001,Junqueirópolis,SP,Sudeste,76.94,80.44,77.85,80.0,3.5,3.31,83.25,85.64,87.68,89.41,90.87,92.12,1,1,12.12,-0.07,3.31,No ritmo da meta
2209500,Santo Inácio do Piauí,PI,Nordeste,73.42,85.37,75.43,80.0,11.95,9.09,93.1,99.66,100.0,100.0,100.0,100.0,1,1,20.0,-0.9,9.09,No ritmo da meta
5221700,Uruana,GO,Centro-Oeste,75.58,97.73,76.91,80.0,22.15,14.88,100.0,100.0,100.0,100.0,100.0,100.0,1,1,20.0,-2.96,14.88,No ritmo da meta
5213509,Monte Alegre de Goiás,GO,Centro-Oeste,73.88,81.87,75.75,80.0,7.99,7.8,88.5,94.14,98.93,100.0,100.0,100.0,1,1,20.0,-0.31,7.8,No ritmo da meta
5213004,Maurilândia,GO,Centro-Oeste,78.46,83.79,78.91,80.0,5.33,6.47,89.29,93.96,97.94,100.0,100.0,100.0,1,1,20.0,-0.63,6.47,No ritmo da meta
2208700,Redenção do Gurguéia,PI,Nordeste,99.0,80.52,80.0,80.0,-18.48,-6.12,75.32,70.9,67.14,63.94,61.23,58.92,0,0,-21.08,-0.09,-6.12,Em retrocesso
5219456,Santa Rita do Novo Destino,GO,Centro-Oeste,87.69,95.83,80.0,80.0,8.14,7.87,100.0,100.0,100.0,100.0,100.0,100.0,1,1,20.0,-2.64,7.87,No ritmo da meta
2310001,Palhano,CE,Nordeste,70.54,74.59,73.49,80.0,4.05,2.2,76.46,78.05,79.4,80.55,81.53,82.35,1,1,2.35,0.9,2.2,No ritmo da meta
2302206,Beberibe,CE,Nordeste,78.11,81.6,78.66,80.0,3.49,1.92,83.23,84.62,85.8,86.8,87.65,88.38,1,1,8.38,-0.27,1.92,No ritmo da meta
2304806,Granjeiro,CE,Nordeste,94.87,91.59,80.0,80.0,-3.28,-1.47,90.34,89.28,88.38,87.61,86.96,86.4,1,1,6.4,-1.93,-1.47,Em retrocesso
3522158,Itaoca,SP,Sudeste,60.87,51.85,67.08,80.0,-9.02,-2.95,49.34,47.21,45.4,43.86,42.55,41.44,0,0,-38.56,4.69,-2.95,Em retrocesso
2302107,Baturité,CE,Nordeste,77.86,86.78,78.49,80.0,8.92,4.63,90.72,94.06,96.9,99.32,100.0,100.0,1,1,20.0,-1.13,4.63,No ritmo da meta
2101350,Bacurituba,MA,Nordeste,88.89,100.0,80.0,80.0,11.11,6.6,100.0,100.0,100.0,100.0,100.0,100.0,1,1,20.0,-3.33,6.6,No ritmo da meta
3527256,Lourdes,SP,Sudeste,74.02,72.22,75.84,80.0,-1.8,0.66,72.78,73.26,73.66,74.01,74.3,74.55,0,0,-5.45,1.3,0.66,Em retrocesso
3103900,Araújos,MG,Sudeste,74.0,88.5,75.83,80.0,14.5,13.41,99.9,100.0,100.0,100.0,100.0,100.0,1,1,20.0,-1.42,13.41,No ritmo da meta
3542305,Redenção da Serra,SP,Sudeste,83.33,84.33,80.0,80.0,1.0,2.06,86.08,87.57,88.83,89.91,90.82,91.6,1,1,11.6,-0.72,2.06,No ritmo da meta
3532843,Nova Canaã Paulista,SP,Sudeste,78.95,72.22,79.25,80.0,-6.73,-1.81,70.68,69.37,68.26,67.32,66.51,65.83,0,0,-14.17,1.3,-1.81,Em retrocesso
3145703,Oliveira Fortes,MG,Sudeste,71.43,83.33,74.09,80.0,11.9,12.11,93.62,100.0,100.0,100.0,100.0,100.0,1,1,20.0,-0.55,12.11,No ritmo da meta
3500907,Altair,SP,Sudeste,55.84,62.85,63.73,80.0,7.01,5.06,67.15,70.81,73.91,76.56,78.8,80.71,1,1,0.71,2.86,5.06,No ritmo da meta
3504800,Bálsamo,SP,Sudeste,81.58,83.51,80.0,80.0,1.93,2.52,85.65,87.47,89.02,90.34,91.45,92.4,1,1,12.4,-0.59,2.52,No ritmo da meta
2305209,Hidrolândia,CE,Nordeste,99.02,96.11,80.0,80.0,-2.91,-1.28,95.02,94.1,93.31,92.64,92.08,91.59,1,1,11.59,-2.68,-1.28,Em retrocesso
2310902,Piquet Carneiro,CE,Nordeste,100.0,100.0,80.0,80.0,0.0,0.17,100.0,100.0,100.0,100.0,100.0,100.0,1,1,20.0,-3.33,0.17,No ritmo da meta
3536406,Paulicéia,SP,Sudeste,67.24,75.86,71.29,80.0,8.62,5.87,80.85,85.09,88.7,91.76,94.36,96.58,1,1,16.58,0.69,5.87,No ritmo da meta
3169208,Tombos,MG,Sudeste,56.82,80.55,64.39,80.0,23.73,18.02,95.87,100.0,100.0,100.0,100.0,100.0,1,1,20.0,-0.09,18.02,No ritmo da meta
5202353,Arenópolis,GO,Centro-Oeste,91.53,83.64,80.0,80.0,-7.89,-0.14,83.52,83.42,83.33,83.26,83.2,83.15,1,1,3.15,-0.61,-0.14,Em retrocesso
2202083,Cajueiro da Praia,PI,Nordeste,47.44,62.75,58.0,80.0,15.31,10.77,71.9,79.69,86.3,91.92,96.7,100.0,1,1,20.0,2.88,10.77,No ritmo da meta
5106190,Nova Santa Helena,MT,Centro-Oeste,79.22,75.07,79.45,80.0,-4.15,1.84,76.63,77.96,79.09,80.05,80.87,81.56,0,1,1.56,0.82,1.84,Em retrocesso
3535101,Palmares Paulista,SP,Sudeste,82.65,77.46,80.0,80.0,-5.19,-1.04,76.58,75.82,75.19,74.64,74.18,73.79,0,0,-6.21,0.42,-1.04,Em retrocesso
2209971,São João do Arraial,PI,Nordeste,33.59,87.8,47.73,80.0,54.21,30.22,100.0,100.0,100.0,100.0,100.0,100.0,1,1,20.0,-1.3,30.22,No ritmo da meta
2314102,Viçosa do Ceará,CE,Nordeste,88.59,90.22,80.0,80.0,1.63,0.99,91.06,91.78,92.38,92.9,93.34,93.71,1,1,13.71,-1.7,0.99,No ritmo da meta
3503703,Ariranha,SP,Sudeste,63.77,87.22,69.0,80.0,23.45,13.28,98.51,100.0,100.0,100.0,100.0,100.0,1,1,20.0,-1.2,13.28,No ritmo da meta
2500700,São João do Rio do Peixe,PB,Nordeste,42.09,72.85,54.19,80.0,30.76,17.94,88.1,100.0,100.0,100.0,100.0,100.0,1,1,20.0,1.19,17.94,No ritmo da meta
2304707,Granja,CE,Nordeste,93.26,97.78,80.0,80.0,4.52,2.43,99.85,100.0,100.0,100.0,100.0,100.0,1,1,20.0,-2.96,2.43,No ritmo da meta
2311009,Poranga,CE,Nordeste,96.02,100.0,80.0,80.0,3.98,2.16,100.0,100.0,100.0,100.0,100.0,100.0,1,1,20.0,-3.33,2.16,No ritmo da meta
2301703,Aurora,CE,Nordeste,72.85,73.84,75.05,80.0,0.99,0.67,74.41,74.89,75.31,75.65,75.95,76.2,0,0,-3.8,1.03,0.67,Ritmo insuficiente
4211876,Paial,SC,Sul,70.83,54.55,73.69,80.0,-16.28,-7.52,48.16,42.72,38.11,34.18,30.84,28.01,0,0,-51.99,4.24,-7.52,Em retrocesso
4213104,Piratuba,SC,Sul,81.43,83.99,80.0,80.0,2.56,1.9,85.6,86.98,88.14,89.14,89.98,90.7,1,1,10.7,-0.66,1.9,No ritmo da meta
3123304,Dores do Turvo,MG,Sudeste,76.7,95.99,77.68,80.0,19.29,15.8,100.0,100.0,100.0,100.0,100.0,100.0,1,1,20.0,-2.66,15.8,No ritmo da meta
3170479,Uruana de Minas,MG,Sudeste,54.25,80.0,62.66,80.0,25.75,19.03,96.18,100.0,100.0,100.0,100.0,100.0,1,1,20.0,0.0,19.03,No ritmo da meta
2202737,Coivaras,PI,Nordeste,78.14,94.47,78.68,80.0,16.33,11.28,100.0,100.0,100.0,100.0,100.0,100.0,1,1,20.0,-2.41,11.28,No ritmo da meta
2311405,Quixeramobim,CE,Nordeste,98.53,98.76,80.0,80.0,0.23,0.29,99.01,99.22,99.39,99.55,99.67,99.78,1,1,19.78,-3.13,0.29,No ritmo da meta
2709301,União dos Palmares,AL,Nordeste,89.35,94.75,80.0,80.0,5.4,6.03,99.88,100.0,100.0,100.0,100.0,100.0,1,1,20.0,-2.46,6.03,No ritmo da meta
2513208,Santa Cruz,PB,Nordeste,52.79,86.28,61.68,80.0,33.49,19.31,100.0,100.0,100.0,100.0,100.0,100.0,1,1,20.0,-1.05,19.31,No ritmo da meta
2312007,Santana do Acaraú,CE,Nordeste,99.18,98.26,80.0,80.0,-0.92,-0.29,98.01,97.8,97.63,97.47,97.35,97.24,1,1,17.24,-3.04,-0.29,Em retrocesso
3520442,Ilha Solteira,SP,Sudeste,66.53,80.76,70.82,80.0,14.23,8.67,88.13,94.39,99.72,100.0,100.0,100.0,1,1,20.0,-0.13,8.67,No ritmo da meta
2308906,Morrinhos,CE,Nordeste,98.9,97.77,80.0,80.0,-1.13,-0.39,97.44,97.16,96.92,96.71,96.54,96.39,1,1,16.39,-2.96,-0.39,Em retrocesso
4312385,Monte Belo do Sul,RS,Sul,80.97,76.9,80.0,80.0,-4.07,-12.01,66.69,58.01,50.64,44.37,39.04,34.51,0,0,-45.49,0.52,-12.01,Em retrocesso
4314498,Pinheirinho do Vale,RS,Sul,85.11,76.9,80.0,80.0,-8.21,-14.08,64.93,54.76,46.11,38.76,32.52,27.2,0,0,-52.8,0.52,-14.08,Em retrocesso
3521606,Irapuru,SP,Sudeste,97.18,96.0,80.0,80.0,-1.18,0.97,96.82,97.53,98.12,98.63,99.06,99.42,1,1,19.42,-2.67,0.97,Em retrocesso
2503605,Caiçara,PB,Nordeste,53.84,72.22,62.39,80.0,18.38,11.75,82.21,90.7,97.91,100.0,100.0,100.0,1,1,20.0,1.3,11.75,No ritmo da meta
3501103,Alto Alegre,SP,Sudeste,59.64,71.82,66.26,80.0,12.18,7.65,78.32,83.85,88.55,92.54,95.94,98.82,1,1,18.82,1.36,7.65,No ritmo da meta
2200301,Alto Longá,PI,Nordeste,90.92,82.41,80.0,80.0,-8.51,-1.14,81.44,80.62,79.92,79.32,78.82,78.39,1,0,-1.61,-0.4,-1.14,Em retrocesso
3129004,Guiricema,MG,Sudeste,44.72,82.89,56.09,80.0,38.17,25.24,100.0,100.0,100.0,100.0,100.0,100.0,1,1,20.0,-0.48,25.24,No ritmo da meta
2202703,Cocal,PI,Nordeste,73.16,83.93,75.26,80.0,10.77,8.5,91.16,97.3,100.0,100.0,100.0,100.0,1,1,20.0,-0.66,8.5,No ritmo da meta
5205406,Ceres,GO,Centro-Oeste,88.1,94.51,80.0,80.0,6.41,7.01,100.0,100.0,100.0,100.0,100.0,100.0,1,1,20.0,-2.42,7.01,No ritmo da meta
3532900,Nova Europa,SP,Sudeste,50.61,68.76,60.19,80.0,18.15,10.63,77.8,85.48,92.0,97.55,100.0,100.0,1,1,20.0,1.87,10.63,No ritmo da meta
2201945,Boqueirão do Piauí,PI,Nordeste,96.48,77.1,80.0,80.0,-19.38,-6.57,71.52,66.77,62.73,59.3,56.39,53.91,0,0,-26.09,0.48,-6.57,Em retrocesso
2517209,Vieirópolis,PB,Nordeste,28.19,64.36,43.25,80.0,36.17,20.65,81.91,96.83,100.0,100.0,100.0,100.0,1,1,20.0,2.61,20.65,No ritmo da meta
2303931,Choró,CE,Nordeste,97.81,95.42,80.0,80.0,-2.39,-1.02,94.55,93.82,93.19,92.66,92.2,91.82,1,1,11.82,-2.57,-1.02,Em retrocesso
2513653,Joca Claudino,PB,Nordeste,39.7,90.09,52.44,80.0,50.39,27.76,100.0,100.0,100.0,100.0,100.0,100.0,1,1,20.0,-1.68,27.76,No ritmo da meta
2309904,Pacujá,CE,Nordeste,97.88,100.0,80.0,80.0,2.12,1.23,100.0,100.0,100.0,100.0,100.0,100.0,1,1,20.0,-3.33,1.23,No ritmo da meta
2202604,Castelo do Piauí,PI,Nordeste,75.09,82.63,76.57,80.0,7.54,6.89,88.49,93.46,97.7,100.0,100.0,100.0,1,1,20.0,-0.44,6.89,No ritmo da meta
4323770,Westfália,RS,Sul,82.91,61.5,80.0,80.0,-21.41,-20.68,43.92,28.98,16.28,5.49,0.0,0.0,0,0,-80.0,3.08,-20.68,Em retrocesso
2202133,Campo Grande do Piauí,PI,Nordeste,85.6,95.8,80.0,80.0,10.2,8.22,100.0,100.0,100.0,100.0,100.0,100.0,1,1,20.0,-2.63,8.22,No ritmo da meta
3110400,Camacho,MG,Sudeste,91.3,86.64,80.0,80.0,-4.66,3.83,89.9,92.66,95.01,97.01,98.71,100.0,1,1,20.0,-1.11,3.83,Em retrocesso
3109501,Cabo Verde,MG,Sudeste,71.99,86.58,74.47,80.0,14.59,13.45,98.01,100.0,100.0,100.0,100.0,100.0,1,1,20.0,-1.1,13.45,No ritmo da meta
2309003,Mucambo,CE,Nordeste,97.92,98.82,80.0,80.0,0.9,0.62,99.35,99.79,100.0,100.0,100.0,100.0,1,1,20.0,-3.14,0.62,No ritmo da meta
2309805,Pacoti,CE,Nordeste,88.89,91.18,80.0,80.0,2.29,1.32,92.3,93.26,94.07,94.76,95.34,95.84,1,1,15.84,-1.86,1.32,No ritmo da meta
3114907,Casa Grande,MG,Sudeste,68.75,94.12,72.3,80.0,25.37,18.84,100.0,100.0,100.0,100.0,100.0,100.0,1,1,20.0,-2.35,18.84,No ritmo da meta
3544202,Riolândia,SP,Sudeste,85.73,84.72,80.0,80.0,-1.01,1.05,85.61,86.37,87.02,87.56,88.03,88.43,1,1,8.43,-0.79,1.05,Em retrocesso
2300150,Acarape,CE,Nordeste,78.14,81.21,78.68,80.0,3.07,1.71,82.66,83.9,84.95,85.84,86.6,87.25,1,1,7.25,-0.2,1.71,No ritmo da meta
2305357,Icapuí,CE,Nordeste,82.16,76.34,80.0,80.0,-5.82,-2.74,74.01,72.03,70.35,68.92,67.7,66.67,0,0,-13.33,0.61,-2.74,Em retrocesso
2204600,Hugo Napoleão,PI,Nordeste,82.43,81.47,80.0,80.0,-0.96,2.64,83.71,85.62,87.24,88.62,89.79,90.79,1,1,10.79,-0.24,2.64,Em retrocesso
2200277,Alegrete do Piauí,PI,Nordeste,53.89,55.26,62.42,80.0,1.37,3.8,58.49,61.24,63.57,65.55,67.24,68.67,0,0,-11.33,4.12,3.8,Ritmo insuficiente
2204808,Ipiranga do Piauí,PI,Nordeste,85.43,95.83,80.0,80.0,10.4,8.32,100.0,100.0,100.0,100.0,100.0,100.0,1,1,20.0,-2.64,8.32,No ritmo da meta
2310308,Parambu,CE,Nordeste,83.15,88.35,80.0,80.0,5.2,2.77,90.7,92.71,94.41,95.85,97.08,98.13,1,1,18.13,-1.39,2.77,No ritmo da meta
5219001,Sanclerlândia,GO,Centro-Oeste,78.09,91.82,78.65,80.0,13.73,10.67,100.0,100.0,100.0,100.0,100.0,100.0,1,1,20.0,-1.97,10.67,No ritmo da meta
3534005,Onda Verde,SP,Sudeste,47.09,74.45,57.76,80.0,27.36,15.24,87.4,98.41,100.0,100.0,100.0,100.0,1,1,20.0,0.92,15.24,No ritmo da meta
2204154,Francisco Macedo,PI,Nordeste,59.38,95.24,66.09,80.0,35.86,21.05,100.0,100.0,100.0,100.0,100.0,100.0,1,1,20.0,-2.54,21.05,No ritmo da meta
2206753,Nossa Senhora de Nazaré,PI,Nordeste,21.74,95.24,37.31,80.0,73.5,39.87,100.0,100.0,100.0,100.0,100.0,100.0,1,1,20.0,-2.54,39.87,No ritmo da meta
2510709,Passagem,PB,Nordeste,79.52,66.67,79.66,80.0,-12.85,-3.86,63.39,60.6,58.23,56.21,54.5,53.05,0,0,-26.95,2.22,-3.86,Em retrocesso
4107538,Entre Rios do Oeste,PR,Sul,88.83,96.25,80.0,80.0,7.42,2.85,98.67,100.0,100.0,100.0,100.0,100.0,1,1,20.0,-2.71,2.85,No ritmo da meta
1600709,Tartarugalzinho,AP,Norte,32.06,94.21,46.5,80.0,62.15,34.59,100.0,100.0,100.0,100.0,100.0,100.0,1,1,20.0,-2.37,34.59,No ritmo da meta
2305605,Independência,CE,Nordeste,98.8,98.62,80.0,80.0,-0.18,0.08,98.69,98.75,98.79,98.84,98.87,98.9,1,1,18.9,-3.1,0.08,Em retrocesso
2308104,Mauriti,CE,Nordeste,84.73,84.55,80.0,80.0,-0.18,0.08,84.62,84.68,84.72,84.77,84.8,84.83,1,1,4.83,-0.76,0.08,Em retrocesso
2708303,São José da Laje,AL,Nordeste,79.22,95.31,79.45,80.0,16.09,11.37,100.0,100.0,100.0,100.0,100.0,100.0,1,1,20.0,-2.55,11.37,No ritmo da meta
3524501,Jaci,SP,Sudeste,55.84,68.06,63.73,80.0,12.22,7.67,74.58,80.12,84.83,88.84,92.24,95.13,1,1,15.13,1.99,7.67,No ritmo da meta
2208908,Ribeiro Gonçalves,PI,Nordeste,88.78,85.26,80.0,80.0,-3.52,1.36,86.42,87.4,88.23,88.94,89.55,90.06,1,1,10.06,-0.88,1.36,Em retrocesso
2313955,Varjota,CE,Nordeste,99.57,98.06,80.0,80.0,-1.51,-0.58,97.57,97.15,96.79,96.49,96.23,96.01,1,1,16.01,-3.01,-0.58,Em retrocesso
4201505,Armazém,SC,Sul,70.51,79.08,73.47,80.0,8.57,4.9,83.24,86.79,89.79,92.35,94.53,96.37,1,1,16.37,0.15,4.9,No ritmo da meta
2306256,Itaitinga,CE,Nordeste,85.82,85.11,80.0,80.0,-0.71,-0.18,84.96,84.83,84.72,84.62,84.54,84.47,1,1,4.47,-0.85,-0.18,Em retrocesso
2307908,Martinópole,CE,Nordeste,98.47,99.24,80.0,80.0,0.77,0.56,99.72,100.0,100.0,100.0,100.0,100.0,1,1,20.0,-3.21,0.56,No ritmo da meta
3141207,Matutina,MG,Sudeste,91.3,91.94,80.0,80.0,0.64,6.48,97.45,100.0,100.0,100.0,100.0,100.0,1,1,20.0,-1.99,6.48,No ritmo da meta
5200159,Adelândia,GO,Centro-Oeste,80.95,81.99,80.0,80.0,1.04,4.32,85.66,88.78,91.44,93.69,95.61,97.24,1,1,17.24,-0.33,4.32,No ritmo da meta
4318424,São João da Urtiga,RS,Sul,76.53,70.3,77.56,80.0,-6.23,-13.09,59.17,49.72,41.68,34.84,29.04,24.1,0,0,-55.9,1.62,-13.09,Em retrocesso
2703759,Jequiá da Praia,AL,Nordeste,50.22,95.65,59.93,80.0,45.43,26.04,100.0,100.0,100.0,100.0,100.0,100.0,1,1,20.0,-2.61,26.04,No ritmo da meta
2210706,Simões,PI,Nordeste,68.51,86.03,72.14,80.0,17.52,11.88,96.13,100.0,100.0,100.0,100.0,100.0,1,1,20.0,-1.01,11.88,No ritmo da meta
2308609,Monsenhor Tabosa,CE,Nordeste,96.51,99.36,80.0,80.0,2.85,1.6,100.0,100.0,100.0,100.0,100.0,100.0,1,1,20.0,-3.23,1.6,No ritmo da meta
2106375,Maranhãozinho,MA,Nordeste,76.41,97.62,77.48,80.0,21.21,11.65,100.0,100.0,100.0,100.0,100.0,100.0,1,1,20.0,-2.94,11.65,No ritmo da meta
2304459,Fortim,CE,Nordeste,97.52,93.28,80.0,80.0,-4.24,-1.95,91.62,90.21,89.02,88.0,87.13,86.4,1,1,6.4,-2.21,-1.95,Em retrocesso
2300200,Acaraú,CE,Nordeste,95.81,97.71,80.0,80.0,1.9,1.12,98.66,99.47,100.0,100.0,100.0,100.0,1,1,20.0,-2.95,1.12,No ritmo da meta
2708105,Santana do Mundaú,AL,Nordeste,98.87,97.67,80.0,80.0,-1.2,2.73,99.99,100.0,100.0,100.0,100.0,100.0,1,1,20.0,-2.94,2.73,Em retrocesso
3513702,Descalvado,SP,Sudeste,59.36,80.62,66.08,80.0,21.26,12.19,90.98,99.79,100.0,100.0,100.0,100.0,1,1,20.0,-0.1,12.19,No ritmo da meta
2313559,Tururu,CE,Nordeste,89.24,95.29,80.0,80.0,6.05,3.2,98.01,100.0,100.0,100.0,100.0,100.0,1,1,20.0,-2.55,3.2,No ritmo da meta
2202729,Cocal dos Alves,PI,Nordeste,80.26,87.68,80.0,80.0,7.42,6.83,93.49,98.42,100.0,100.0,100.0,100.0,1,1,20.0,-1.28,6.83,No ritmo da meta
2516706,Teixeira,PB,Nordeste,72.85,81.85,75.05,80.0,9.0,7.06,87.85,92.95,97.29,100.0,100.0,100.0,1,1,20.0,-0.31,7.06,No ritmo da meta
4210902,Modelo,SC,Sul,81.55,94.86,80.0,80.0,13.31,7.27,100.0,100.0,100.0,100.0,100.0,100.0,1,1,20.0,-2.48,7.27,No ritmo da meta
3112000,Candeias,MG,Sudeste,88.88,90.37,80.0,80.0,1.49,6.9,96.24,100.0,100.0,100.0,100.0,100.0,1,1,20.0,-1.73,6.9,No ritmo da meta
5106455,Planalto da Serra,MT,Centro-Oeste,58.62,90.32,65.58,80.0,31.7,19.76,100.0,100.0,100.0,100.0,100.0,100.0,1,1,20.0,-1.72,19.76,No ritmo da meta
3100401,Acaiaca,MG,Sudeste,87.39,73.93,80.0,80.0,-13.46,-0.57,73.45,73.03,72.68,72.39,72.13,71.92,0,0,-8.08,1.01,-0.57,Em retrocesso
2508554,Logradouro,PB,Nordeste,80.75,94.6,80.0,80.0,13.85,9.49,100.0,100.0,100.0,100.0,100.0,100.0,1,1,20.0,-2.43,9.49,No ritmo da meta
2301851,Banabuiú,CE,Nordeste,80.28,76.25,80.0,80.0,-4.03,-1.84,74.69,73.36,72.23,71.27,70.45,69.76,0,0,-10.24,0.62,-1.84,Em retrocesso
2304954,Guaiúba,CE,Nordeste,72.74,79.83,74.97,80.0,7.09,3.72,82.99,85.68,87.96,89.91,91.56,92.96,1,1,12.96,0.03,3.72,No ritmo da meta
5214879,Nova Iguaçu de Goiás,GO,Centro-Oeste,92.68,95.12,80.0,80.0,2.44,5.02,99.39,100.0,100.0,100.0,100.0,100.0,1,1,20.0,-2.52,5.02,No ritmo da meta
2303402,Carnaubal,CE,Nordeste,87.03,83.8,80.0,80.0,-3.23,-1.44,82.58,81.54,80.65,79.9,79.26,78.72,1,0,-1.28,-0.63,-1.44,Em retrocesso
2313807,Uruburetama,CE,Nordeste,81.36,82.16,80.0,80.0,0.8,0.57,82.64,83.06,83.41,83.7,83.96,84.17,1,1,4.17,-0.36,0.57,No ritmo da meta
2302602,Camocim,CE,Nordeste,94.5,94.08,80.0,80.0,-0.42,-0.04,94.05,94.02,93.99,93.97,93.95,93.94,1,1,13.94,-2.35,-0.04,Em retrocesso
3500204,Adolfo,SP,Sudeste,63.55,85.8,68.85,80.0,22.25,12.68,96.58,100.0,100.0,100.0,100.0,100.0,1,1,20.0,-0.97,12.68,No ritmo da meta
3158706,Santana do Garambéu,MG,Sudeste,47.32,87.26,57.92,80.0,39.94,26.13,100.0,100.0,100.0,100.0,100.0,100.0,1,1,20.0,-1.21,26.13,No ritmo da meta
3135407,Jeceaba,MG,Sudeste,67.57,88.66,71.51,80.0,21.09,16.7,100.0,100.0,100.0,100.0,100.0,100.0,1,1,20.0,-1.44,16.7,No ritmo da meta
2303501,Cascavel,CE,Nordeste,87.56,82.6,80.0,80.0,-4.96,-2.31,80.64,78.97,77.55,76.34,75.32,74.45,1,0,-5.55,-0.43,-2.31,Em retrocesso
3512100,Colômbia,SP,Sudeste,90.59,72.63,80.0,80.0,-17.96,-7.42,66.32,60.96,56.41,52.53,49.24,46.44,0,0,-33.56,1.23,-7.42,Em retrocesso
2302701,Campos Sales,CE,Nordeste,84.18,82.79,80.0,80.0,-1.39,-0.52,82.35,81.97,81.65,81.38,81.15,80.95,1,1,0.95,-0.47,-0.52,Em retrocesso
2303600,Catarina,CE,Nordeste,79.24,81.25,79.46,80.0,2.01,1.18,82.25,83.11,83.83,84.45,84.97,85.41,1,1,5.41,-0.21,1.18,No ritmo da meta
3103702,Araponga,MG,Sudeste,47.06,91.67,57.74,80.0,44.61,28.46,100.0,100.0,100.0,100.0,100.0,100.0,1,1,20.0,-1.95,28.46,No ritmo da meta
5219704,Santa Terezinha de Goiás,GO,Centro-Oeste,84.75,96.08,80.0,80.0,11.33,9.47,100.0,100.0,100.0,100.0,100.0,100.0,1,1,20.0,-2.68,9.47,No ritmo da meta
3548203,Santo Antônio do Pinhal,SP,Sudeste,42.87,73.68,54.76,80.0,30.81,16.96,88.1,100.0,100.0,100.0,100.0,100.0,1,1,20.0,1.05,16.96,No ritmo da meta
2307700,Maranguape,CE,Nordeste,79.76,81.66,79.83,80.0,1.9,1.12,82.61,83.42,84.11,84.69,85.19,85.61,1,1,5.61,-0.28,1.12,No ritmo da meta
3541604,Promissão,SP,Sudeste,67.37,79.12,71.38,80.0,11.75,7.43,85.44,90.8,95.37,99.25,100.0,100.0,1,1,20.0,0.15,7.43,No ritmo da meta
2309409,Novo Oriente,CE,Nordeste,98.72,100.0,80.0,80.0,1.28,0.81,100.0,100.0,100.0,100.0,100.0,100.0,1,1,20.0,-3.33,0.81,No ritmo da meta
2310100,Palmácia,CE,Nordeste,98.68,94.31,80.0,80.0,-4.37,-2.01,92.6,91.15,89.91,88.87,87.97,87.22,1,1,7.22,-2.39,-2.01,Em retrocesso
5102793,Carlinda,MT,Centro-Oeste,42.52,98.95,54.51,80.0,56.43,32.13,100.0,100.0,100.0,100.0,100.0,100.0,1,1,20.0,-3.16,32.13,No ritmo da meta
2301109,Aracati,CE,Nordeste,89.12,91.16,80.0,80.0,2.04,1.19,92.17,93.03,93.76,94.38,94.91,95.36,1,1,15.36,-1.86,1.19,No ritmo da meta
2306306,Itapajé,CE,Nordeste,90.68,89.55,80.0,80.0,-1.13,-0.39,89.22,88.94,88.7,88.49,88.32,88.17,1,1,8.17,-1.59,-0.39,Em retrocesso
2610202,Panelas,PE,Nordeste,76.82,94.53,77.76,80.0,17.71,11.48,100.0,100.0,100.0,100.0,100.0,100.0,1,1,20.0,-2.42,11.48,No ritmo da meta
2300101,Abaiara,CE,Nordeste,88.3,91.49,80.0,80.0,3.19,1.77,92.99,94.27,95.36,96.28,97.07,97.74,1,1,17.74,-1.91,1.77,No ritmo da meta
3200102,Afonso Cláudio,ES,Sudeste,86.5,95.4,80.0,80.0,8.9,6.79,100.0,100.0,100.0,100.0,100.0,100.0,1,1,20.0,-2.57,6.79,No ritmo da meta
3553609,Tapiratiba,SP,Sudeste,53.51,79.51,62.16,80.0,26.0,14.56,91.89,100.0,100.0,100.0,100.0,100.0,1,1,20.0,0.08,14.56,No ritmo da meta
3505302,Barra Bonita,SP,Sudeste,57.61,80.01,64.91,80.0,22.4,12.76,90.86,100.0,100.0,100.0,100.0,100.0,1,1,20.0,-0.0,12.76,No ritmo da meta
5106109,Nossa Senhora do Livramento,MT,Centro-Oeste,68.54,82.05,72.16,80.0,13.51,10.67,91.12,98.83,100.0,100.0,100.0,100.0,1,1,20.0,-0.34,10.67,No ritmo da meta
3165008,São Tiago,MG,Sudeste,90.52,94.92,80.0,80.0,4.4,8.36,100.0,100.0,100.0,100.0,100.0,100.0,1,1,20.0,-2.49,8.36,No ritmo da meta
2511103,Pedra Lavrada,PB,Nordeste,75.61,83.68,76.93,80.0,8.07,6.6,89.29,94.06,98.11,100.0,100.0,100.0,1,1,20.0,-0.61,6.6,No ritmo da meta
2612109,Salgadinho,PE,Nordeste,93.42,92.16,80.0,80.0,-1.26,1.99,93.85,95.29,96.51,97.55,98.43,99.18,1,1,19.18,-2.03,1.99,Em retrocesso
2305308,Ibiapina,CE,Nordeste,94.97,97.38,80.0,80.0,2.41,1.38,98.55,99.55,100.0,100.0,100.0,100.0,1,1,20.0,-2.9,1.38,No ritmo da meta
3150505,Pimenta,MG,Sudeste,72.81,94.39,75.02,80.0,21.58,16.95,100.0,100.0,100.0,100.0,100.0,100.0,1,1,20.0,-2.4,16.95,No ritmo da meta
2307635,Madalena,CE,Nordeste,97.67,95.31,80.0,80.0,-2.36,-1.01,94.45,93.72,93.1,92.57,92.13,91.75,1,1,11.75,-2.55,-1.01,Em retrocesso
3136520,José Gonçalves de Minas,MG,Sudeste,34.09,77.29,,,43.2,27.76,100.0,100.0,100.0,100.0,100.0,100.0,0,0,,,27.76,Ritmo critico
2510303,Nova Palmeira,PB,Nordeste,59.43,76.75,66.12,80.0,17.32,11.22,86.29,94.39,100.0,100.0,100.0,100.0,1,1,20.0,0.54,11.22,No ritmo da meta
2312700,Senador Pompeu,CE,Nordeste,100.0,98.44,80.0,80.0,-1.56,-0.61,97.92,97.48,97.11,96.79,96.52,96.29,1,1,16.29,-3.07,-0.61,Em retrocesso
3535408,Panorama,SP,Sudeste,85.96,92.54,80.0,80.0,6.58,4.85,96.66,100.0,100.0,100.0,100.0,100.0,1,1,20.0,-2.09,4.85,No ritmo da meta
2509503,Montadas,PB,Nordeste,65.88,82.33,70.39,80.0,16.45,10.79,91.5,99.3,100.0,100.0,100.0,100.0,1,1,20.0,-0.39,10.79,No ritmo da meta
2208858,Riacho Frio,PI,Nordeste,98.41,92.42,80.0,80.0,-5.99,0.12,92.52,92.61,92.68,92.75,92.8,92.84,1,1,12.84,-2.07,0.12,Em retrocesso
2205953,Marcolândia,PI,Nordeste,98.87,89.66,80.0,80.0,-9.21,-1.49,88.39,87.32,86.4,85.62,84.96,84.4,1,1,4.4,-1.61,-1.49,Em retrocesso
2308500,Mombaça,CE,Nordeste,93.52,93.51,80.0,80.0,-0.01,0.17,93.65,93.78,93.88,93.97,94.05,94.11,1,1,14.11,-2.25,0.17,Em retrocesso
3517000,Getulina,SP,Sudeste,49.54,68.1,59.46,80.0,18.56,10.84,77.31,85.15,91.8,97.46,100.0,100.0,1,1,20.0,1.98,10.84,No ritmo da meta
3119906,Córrego do Bom Jesus,MG,Sudeste,73.8,100.0,75.69,80.0,26.2,19.26,100.0,100.0,100.0,100.0,100.0,100.0,1,1,20.0,-3.33,19.26,No ritmo da meta
3502705,Apiaí,SP,Sudeste,68.43,88.38,72.08,80.0,19.95,11.53,98.18,100.0,100.0,100.0,100.0,100.0,1,1,20.0,-1.4,11.53,No ritmo da meta
2304202,Crato,CE,Nordeste,93.55,95.37,80.0,80.0,1.82,1.08,96.29,97.07,97.73,98.3,98.77,99.18,1,1,19.18,-2.56,1.08,No ritmo da meta
2306702,Jaguaretama,CE,Nordeste,94.68,93.66,80.0,80.0,-1.02,-0.34,93.37,93.13,92.92,92.74,92.59,92.46,1,1,12.46,-2.28,-0.34,Em retrocesso
2307650,Maracanaú,CE,Nordeste,82.4,84.92,80.0,80.0,2.52,1.43,86.14,87.17,88.05,88.79,89.43,89.97,1,1,9.97,-0.82,1.43,No ritmo da meta
2300754,Amontada,CE,Nordeste,83.0,82.28,80.0,80.0,-0.72,-0.19,82.12,81.98,81.86,81.77,81.68,81.61,1,1,1.61,-0.38,-0.19,Em retrocesso
2313302,Tauá,CE,Nordeste,87.18,92.01,80.0,80.0,4.83,2.59,94.21,96.08,97.67,99.03,100.0,100.0,1,1,20.0,-2.0,2.59,No ritmo da meta
3135902,Jesuânia,MG,Sudeste,62.05,81.14,67.86,80.0,19.09,15.7,94.48,100.0,100.0,100.0,100.0,100.0,1,1,20.0,-0.19,15.7,No ritmo da meta
2310407,Paramoti,CE,Nordeste,98.85,94.2,80.0,80.0,-4.65,-2.15,92.37,90.82,89.5,88.38,87.42,86.61,1,1,6.61,-2.37,-2.15,Em retrocesso
2209955,São João da Varjota,PI,Nordeste,53.64,86.96,62.25,80.0,33.32,19.78,100.0,100.0,100.0,100.0,100.0,100.0,1,1,20.0,-1.16,19.78,No ritmo da meta
1706258,Crixás do Tocantins,TO,Norte,29.03,82.61,43.97,80.0,53.58,30.89,100.0,100.0,100.0,100.0,100.0,100.0,1,1,20.0,-0.43,30.89,No ritmo da meta
5221908,Varjão,GO,Centro-Oeste,97.74,84.78,80.0,80.0,-12.96,-2.68,82.5,80.57,78.92,77.52,76.33,75.32,1,0,-4.68,-0.8,-2.68,Em retrocesso
5209457,Guarinos,GO,Centro-Oeste,52.38,95.65,61.4,80.0,43.27,25.44,100.0,100.0,100.0,100.0,100.0,100.0,1,1,20.0,-2.61,25.44,No ritmo da meta
2305803,Ipu,CE,Nordeste,94.21,86.66,80.0,80.0,-7.55,-3.6,83.6,81.0,78.79,76.91,75.31,73.95,1,0,-6.05,-1.11,-3.6,Em retrocesso
2311108,Porteiras,CE,Nordeste,93.46,92.09,80.0,80.0,-1.37,-0.51,91.66,91.29,90.97,90.71,90.48,90.29,1,1,10.29,-2.02,-0.51,Em retrocesso
2201556,Bela Vista do Piauí,PI,Nordeste,61.05,89.26,67.2,80.0,28.21,17.22,100.0,100.0,100.0,100.0,100.0,100.0,1,1,20.0,-1.54,17.22,No ritmo da meta
2513307,Santa Helena,PB,Nordeste,52.83,96.58,61.7,80.0,43.75,24.44,100.0,100.0,100.0,100.0,100.0,100.0,1,1,20.0,-2.76,24.44,No ritmo da meta
3509809,Campos Novos Paulista,SP,Sudeste,32.08,86.59,46.51,80.0,54.51,28.81,100.0,100.0,100.0,100.0,100.0,100.0,1,1,20.0,-1.1,28.81,No ritmo da meta
3517109,Glicério,SP,Sudeste,70.64,86.84,73.56,80.0,16.2,9.66,95.05,100.0,100.0,100.0,100.0,100.0,1,1,20.0,-1.14,9.66,No ritmo da meta
2403905,Francisco Dantas,RN,Nordeste,45.0,78.95,56.29,80.0,33.95,19.58,95.59,100.0,100.0,100.0,100.0,100.0,1,1,20.0,0.17,19.58,No ritmo da meta
2313708,Umari,CE,Nordeste,87.59,88.49,80.0,80.0,0.9,0.62,89.02,89.46,89.85,90.17,90.44,90.68,1,1,10.68,-1.41,0.62,No ritmo da meta
2300804,Antonina do Norte,CE,Nordeste,97.31,94.51,80.0,80.0,-2.8,-1.23,93.46,92.58,91.82,91.18,90.63,90.17,1,1,10.17,-2.42,-1.23,Em retrocesso
2303204,Caririaçu,CE,Nordeste,90.05,82.61,80.0,80.0,-7.44,-3.55,79.59,77.03,74.85,72.99,71.42,70.08,0,0,-9.92,-0.43,-3.55,Em retrocesso
5104203,Guiratinga,MT,Centro-Oeste,86.43,84.49,80.0,80.0,-1.94,2.94,86.99,89.11,90.92,92.45,93.76,94.87,1,1,14.87,-0.75,2.94,Em retrocesso
2506251,Gado Bravo,PB,Nordeste,78.26,70.71,78.77,80.0,-7.55,-1.21,69.68,68.81,68.06,67.43,66.9,66.44,0,0,-13.56,1.55,-1.21,Em retrocesso
2305001,Guaraciaba do Norte,CE,Nordeste,98.55,95.65,80.0,80.0,-2.9,-1.28,94.56,93.64,92.85,92.18,91.62,91.13,1,1,11.13,-2.61,-1.28,Em retrocesso
5216304,Paranaiguara,GO,Centro-Oeste,85.71,97.01,80.0,80.0,11.3,9.45,100.0,100.0,100.0,100.0,100.0,100.0,1,1,20.0,-2.84,9.45,No ritmo da meta
2305233,Horizonte,CE,Nordeste,93.36,96.2,80.0,80.0,2.84,1.59,97.55,98.7,99.68,100.0,100.0,100.0,1,1,20.0,-2.7,1.59,No ritmo da meta
3148905,Pedra do Indaiá,MG,Sudeste,81.43,100.0,80.0,80.0,18.57,15.44,100.0,100.0,100.0,100.0,100.0,100.0,1,1,20.0,-3.33,15.44,No ritmo da meta
5103437,Curvelândia,MT,Centro-Oeste,33.24,92.97,47.45,80.0,59.73,33.78,100.0,100.0,100.0,100.0,100.0,100.0,1,1,20.0,-2.16,33.78,No ritmo da meta
5206909,Davinópolis,GO,Centro-Oeste,87.08,83.12,80.0,80.0,-3.96,1.82,84.67,85.98,87.1,88.05,88.86,89.54,1,1,9.54,-0.52,1.82,Em retrocesso
2309102,Mulungu,CE,Nordeste,85.81,88.89,80.0,80.0,3.08,1.71,90.34,91.58,92.63,93.52,94.28,94.93,1,1,14.93,-1.48,1.71,No ritmo da meta
2206902,Novo Oriente do Piauí,PI,Nordeste,69.0,89.56,72.46,80.0,20.56,13.4,100.0,100.0,100.0,100.0,100.0,100.0,1,1,20.0,-1.59,13.4,No ritmo da meta
2302305,Bela Cruz,CE,Nordeste,95.85,97.83,80.0,80.0,1.98,1.16,98.82,99.65,100.0,100.0,100.0,100.0,1,1,20.0,-2.97,1.16,No ritmo da meta
2301000,Aquiraz,CE,Nordeste,87.89,83.99,80.0,80.0,-3.9,-1.78,82.48,81.19,80.1,79.17,78.38,77.71,1,0,-2.29,-0.66,-1.78,Em retrocesso
2308401,Missão Velha,CE,Nordeste,74.75,82.37,76.34,80.0,7.62,3.98,85.75,88.63,91.07,93.15,94.92,96.42,1,1,16.42,-0.4,3.98,No ritmo da meta
2914208,Irajuba,BA,Nordeste,40.34,65.38,52.91,80.0,25.04,12.07,75.64,84.36,91.77,98.07,100.0,100.0,1,1,20.0,2.44,12.07,No ritmo da meta
3514957,Embaúba,SP,Sudeste,88.89,73.08,80.0,80.0,-15.81,-6.35,67.68,63.09,59.19,55.88,53.06,50.67,0,0,-29.33,1.15,-6.35,Em retrocesso
3533700,Ocauçu,SP,Sudeste,83.74,90.38,80.0,80.0,6.64,4.88,94.53,98.05,100.0,100.0,100.0,100.0,1,1,20.0,-1.73,4.88,No ritmo da meta
2304103,Crateús,CE,Nordeste,97.13,97.31,80.0,80.0,0.18,0.26,97.53,97.72,97.88,98.01,98.13,98.23,1,1,18.23,-2.88,0.26,No ritmo da meta
5219100,Santa Bárbara de Goiás,GO,Centro-Oeste,78.28,100.0,78.78,80.0,21.72,14.66,100.0,100.0,100.0,100.0,100.0,100.0,1,1,20.0,-3.33,14.66,No ritmo da meta
2202752,Colônia do Gurguéia,PI,Nordeste,54.43,89.29,62.78,80.0,34.86,20.55,100.0,100.0,100.0,100.0,100.0,100.0,1,1,20.0,-1.55,20.55,No ritmo da meta
2516151,Sossêgo,PB,Nordeste,18.45,66.62,33.95,80.0,48.17,26.65,89.27,100.0,100.0,100.0,100.0,100.0,1,1,20.0,2.23,26.65,No ritmo da meta
5206800,Damolândia,GO,Centro-Oeste,93.21,97.08,80.0,80.0,3.87,5.74,100.0,100.0,100.0,100.0,100.0,100.0,1,1,20.0,-2.85,5.74,No ritmo da meta
2304608,General Sampaio,CE,Nordeste,94.2,97.65,80.0,80.0,3.45,1.9,99.26,100.0,100.0,100.0,100.0,100.0,1,1,20.0,-2.94,1.9,No ritmo da meta
2310209,Paracuru,CE,Nordeste,94.86,95.08,80.0,80.0,0.22,0.28,95.32,95.52,95.69,95.84,95.96,96.07,1,1,16.07,-2.51,0.28,No ritmo da meta
3548401,Santópolis do Aguapeí,SP,Sudeste,73.87,77.36,75.74,80.0,3.49,3.3,80.16,82.55,84.58,86.3,87.76,89.01,1,1,9.01,0.44,3.3,No ritmo da meta
2313203,Tamboril,CE,Nordeste,97.16,98.31,80.0,80.0,1.15,0.75,98.95,99.49,99.95,100.0,100.0,100.0,1,1,20.0,-3.05,0.75,No ritmo da meta
3512704,Corumbataí,SP,Sudeste,43.63,84.16,55.31,80.0,40.53,21.82,100.0,100.0,100.0,100.0,100.0,100.0,1,1,20.0,-0.69,21.82,No ritmo da meta
2302057,Barroquinha,CE,Nordeste,96.36,95.7,80.0,80.0,-0.66,-0.16,95.56,95.45,95.35,95.27,95.2,95.14,1,1,15.14,-2.62,-0.16,Em retrocesso
2313401,Tianguá,CE,Nordeste,84.36,86.1,80.0,80.0,1.74,1.04,86.98,87.74,88.37,88.92,89.38,89.77,1,1,9.77,-1.02,1.04,No ritmo da meta
2312403,São Gonçalo do Amarante,CE,Nordeste,81.99,85.78,80.0,80.0,3.79,2.07,87.54,89.04,90.31,91.39,92.31,93.09,1,1,13.09,-0.96,2.07,No ritmo da meta
2306553,Itarema,CE,Nordeste,92.56,92.49,80.0,80.0,-0.07,0.14,92.61,92.71,92.8,92.87,92.93,92.98,1,1,12.98,-2.08,0.14,Em retrocesso
2306405,Itapipoca,CE,Nordeste,84.81,88.96,80.0,80.0,4.15,2.25,90.87,92.5,93.88,95.05,96.05,96.9,1,1,16.9,-1.49,2.25,No ritmo da meta
2309458,Ocara,CE,Nordeste,89.45,84.77,80.0,80.0,-4.68,-2.17,82.93,81.36,80.03,78.89,77.93,77.11,1,0,-2.89,-0.79,-2.17,Em retrocesso
2305332,Ibicuitinga,CE,Nordeste,96.13,96.67,80.0,80.0,0.54,0.44,97.04,97.36,97.63,97.86,98.06,98.22,1,1,18.22,-2.78,0.44,No ritmo da meta
2306900,Jaguaribe,CE,Nordeste,85.97,89.25,80.0,80.0,3.28,1.81,90.79,92.1,93.21,94.15,94.96,95.64,1,1,15.64,-1.54,1.81,No ritmo da meta
3536901,Pedranópolis,SP,Sudeste,39.13,72.73,52.01,80.0,33.6,18.36,88.34,100.0,100.0,100.0,100.0,100.0,1,1,20.0,1.21,18.36,No ritmo da meta
2501351,Assunção,PB,Nordeste,48.37,93.96,58.65,80.0,45.59,25.36,100.0,100.0,100.0,100.0,100.0,100.0,1,1,20.0,-2.33,25.36,No ritmo da meta
3147501,Passabém,MG,Sudeste,35.29,90.91,80.0,80.0,55.62,33.97,100.0,100.0,100.0,100.0,100.0,100.0,1,1,20.0,-1.82,33.97,No ritmo da meta
2203008,Cristalândia do Piauí,PI,Nordeste,79.93,79.55,79.95,80.0,-0.38,2.93,82.04,84.16,85.96,87.49,88.79,89.89,1,1,9.89,0.08,2.93,Em retrocesso
2313906,Uruoca,CE,Nordeste,95.51,99.01,80.0,80.0,3.5,1.92,100.0,100.0,100.0,100.0,100.0,100.0,1,1,20.0,-3.17,1.92,No ritmo da meta
2311355,Quixelô,CE,Nordeste,79.3,88.46,79.5,80.0,9.16,4.75,92.5,95.93,98.85,100.0,100.0,100.0,1,1,20.0,-1.41,4.75,No ritmo da meta
3514924,Elisiário,SP,Sudeste,72.37,85.34,74.72,80.0,12.97,8.04,92.17,97.98,100.0,100.0,100.0,100.0,1,1,20.0,-0.89,8.04,No ritmo da meta
2301950,Barreira,CE,Nordeste,88.76,91.15,80.0,80.0,2.39,1.37,92.31,93.3,94.15,94.86,95.47,95.99,1,1,15.99,-1.86,1.37,No ritmo da meta
2312205,Santa Quitéria,CE,Nordeste,98.21,95.08,80.0,80.0,-3.13,-1.39,93.9,92.89,92.04,91.32,90.7,90.17,1,1,10.17,-2.51,-1.39,Em retrocesso
2510600,Ouro Velho,PB,Nordeste,89.76,100.0,80.0,80.0,10.24,7.68,100.0,100.0,100.0,100.0,100.0,100.0,1,1,20.0,-3.33,7.68,No ritmo da meta
2313609,Ubajara,CE,Nordeste,96.98,95.13,80.0,80.0,-1.85,-0.75,94.49,93.95,93.49,93.1,92.77,92.48,1,1,12.48,-2.52,-0.75,Em retrocesso
2209906,São João da Serra,PI,Nordeste,49.25,93.97,59.26,80.0,44.72,25.48,100.0,100.0,100.0,100.0,100.0,100.0,1,1,20.0,-2.33,25.48,No ritmo da meta
2304905,Groaíras,CE,Nordeste,99.15,96.95,80.0,80.0,-2.2,-0.93,96.16,95.49,94.92,94.43,94.02,93.67,1,1,13.67,-2.83,-0.93,Em retrocesso
2209104,Santa Cruz do Piauí,PI,Nordeste,95.61,98.15,80.0,80.0,2.54,4.39,100.0,100.0,100.0,100.0,100.0,100.0,1,1,20.0,-3.03,4.39,No ritmo da meta
2301802,Baixio,CE,Nordeste,97.63,91.67,80.0,80.0,-5.96,-2.81,89.28,87.25,85.53,84.06,82.81,81.75,1,1,1.75,-1.95,-2.81,Em retrocesso
2305704,Ipaumirim,CE,Nordeste,87.85,88.89,80.0,80.0,1.04,0.69,89.48,89.98,90.4,90.76,91.07,91.33,1,1,11.33,-1.48,0.69,No ritmo da meta
3159100,Santana dos Montes,MG,Sudeste,61.36,94.44,67.4,80.0,33.08,22.7,100.0,100.0,100.0,100.0,100.0,100.0,1,1,20.0,-2.41,22.7,No ritmo da meta
2302800,Canindé,CE,Nordeste,96.87,95.0,80.0,80.0,-1.87,-0.76,94.35,93.8,93.34,92.94,92.6,92.32,1,1,12.32,-2.5,-0.76,Em retrocesso
2313252,Tarrafas,CE,Nordeste,95.11,91.6,80.0,80.0,-3.51,-1.58,90.26,89.12,88.15,87.32,86.62,86.02,1,1,6.02,-1.93,-1.58,Em retrocesso
2313500,Trairi,CE,Nordeste,89.87,91.78,80.0,80.0,1.91,1.13,92.74,93.56,94.25,94.84,95.34,95.77,1,1,15.77,-1.96,1.13,No ritmo da meta
4313037,Nova Esperança do Sul,RS,Sul,86.19,80.7,80.0,80.0,-5.49,-12.72,69.89,60.7,52.89,46.25,40.6,35.8,0,0,-44.2,-0.12,-12.72,Em retrocesso
2512309,Princesa Isabel,PB,Nordeste,97.47,86.29,80.0,80.0,-11.18,-3.03,83.71,81.53,79.66,78.08,76.74,75.6,1,0,-4.4,-1.05,-3.03,Em retrocesso
3539707,Platina,SP,Sudeste,71.43,84.61,74.09,80.0,13.18,8.15,91.54,97.43,100.0,100.0,100.0,100.0,1,1,20.0,-0.77,8.15,No ritmo da meta
2307403,Jucás,CE,Nordeste,86.69,90.28,80.0,80.0,3.59,1.97,91.95,93.38,94.59,95.62,96.49,97.23,1,1,17.23,-1.71,1.97,No ritmo da meta
2303907,Chaval,CE,Nordeste,75.3,91.5,76.71,80.0,16.2,8.27,98.53,100.0,100.0,100.0,100.0,100.0,1,1,20.0,-1.92,8.27,No ritmo da meta
2202109,Campinas do Piauí,PI,Nordeste,90.62,100.0,80.0,80.0,9.38,7.81,100.0,100.0,100.0,100.0,100.0,100.0,1,1,20.0,-3.33,7.81,No ritmo da meta
3124500,Estiva,MG,Sudeste,72.45,91.03,74.78,80.0,18.58,15.45,100.0,100.0,100.0,100.0,100.0,100.0,1,1,20.0,-1.84,15.45,No ritmo da meta
2308005,Massapê,CE,Nordeste,99.41,95.03,80.0,80.0,-4.38,-2.02,93.31,91.85,90.61,89.56,88.66,87.9,1,1,7.9,-2.51,-2.02,Em retrocesso
2310852,Pindoretama,CE,Nordeste,90.29,88.62,80.0,80.0,-1.67,-0.66,88.06,87.58,87.18,86.83,86.54,86.29,1,1,6.29,-1.44,-0.66,Em retrocesso
3129400,Ibertioga,MG,Sudeste,89.43,87.87,80.0,80.0,-1.56,5.38,92.44,96.33,99.63,100.0,100.0,100.0,1,1,20.0,-1.31,5.38,Em retrocesso
2205102,Itaueira,PI,Nordeste,25.15,85.9,40.54,80.0,60.75,33.49,100.0,100.0,100.0,100.0,100.0,100.0,1,1,20.0,-0.98,33.49,No ritmo da meta
2304251,Cruz,CE,Nordeste,99.53,98.93,80.0,80.0,-0.6,-0.13,98.82,98.73,98.65,98.58,98.52,98.47,1,1,18.47,-3.16,-0.13,Em retrocesso
2504405,Conceição,PB,Nordeste,77.83,96.17,78.47,80.0,18.34,11.73,100.0,100.0,100.0,100.0,100.0,100.0,1,1,20.0,-2.7,11.73,No ritmo da meta
2207108,Olho D'Água do Piauí,PI,Nordeste,62.5,85.71,68.16,80.0,23.21,14.72,98.22,100.0,100.0,100.0,100.0,100.0,1,1,20.0,-0.95,14.72,No ritmo da meta
5214705,Nova América,GO,Centro-Oeste,89.9,95.24,80.0,80.0,5.34,6.47,100.0,100.0,100.0,100.0,100.0,100.0,1,1,20.0,-2.54,6.47,No ritmo da meta
4315552,Rio dos Índios,RS,Sul,88.89,85.7,80.0,80.0,-3.19,-11.57,75.87,67.51,60.4,54.36,49.23,44.86,0,0,-35.14,-0.95,-11.57,Em retrocesso
3102209,Alvarenga,MG,Sudeste,39.52,87.5,52.3,80.0,47.98,30.15,100.0,100.0,100.0,100.0,100.0,100.0,1,1,20.0,-1.25,30.15,No ritmo da meta
2302404,Boa Viagem,CE,Nordeste,80.04,90.36,80.0,80.0,10.32,5.33,94.89,98.74,100.0,100.0,100.0,100.0,1,1,20.0,-1.73,5.33,No ritmo da meta
2312304,São Benedito,CE,Nordeste,96.93,95.11,80.0,80.0,-1.82,-0.74,94.48,93.95,93.49,93.11,92.78,92.5,1,1,12.5,-2.52,-0.74,Em retrocesso
3502606,Aparecida d'Oeste,SP,Sudeste,67.1,86.16,71.2,80.0,19.06,11.09,95.59,100.0,100.0,100.0,100.0,100.0,1,1,20.0,-1.03,11.09,No ritmo da meta
3115003,Cascalho Rico,MG,Sudeste,63.9,85.84,69.08,80.0,21.94,17.13,100.0,100.0,100.0,100.0,100.0,100.0,1,1,20.0,-0.97,17.13,No ritmo da meta
2203420,Domingos Mourão,PI,Nordeste,91.43,82.22,80.0,80.0,-9.21,-1.49,80.95,79.88,78.96,78.18,77.52,76.96,1,0,-3.04,-0.37,-1.49,Em retrocesso
2313757,Umirim,CE,Nordeste,67.93,82.27,71.75,80.0,14.34,7.34,88.51,93.81,98.32,100.0,100.0,100.0,1,1,20.0,-0.38,7.34,No ritmo da meta
2505709,Dona Inês,PB,Nordeste,48.88,96.29,59.0,80.0,47.41,26.27,100.0,100.0,100.0,100.0,100.0,100.0,1,1,20.0,-2.72,26.27,No ritmo da meta
3203601,Mucurici,ES,Sudeste,83.71,84.09,80.0,80.0,0.38,2.53,86.24,88.07,89.62,90.94,92.07,93.02,1,1,13.02,-0.68,2.53,No ritmo da meta
3112208,Capela Nova,MG,Sudeste,83.06,77.37,80.0,80.0,-5.69,3.31,80.18,82.57,84.61,86.34,87.8,89.05,1,1,9.05,0.44,3.31,Em retrocesso
2305902,Ipueiras,CE,Nordeste,97.9,99.54,80.0,80.0,1.64,0.99,100.0,100.0,100.0,100.0,100.0,100.0,1,1,20.0,-3.26,0.99,No ritmo da meta
2311231,Potiretama,CE,Nordeste,100.0,97.47,80.0,80.0,-2.53,-1.09,96.54,95.76,95.09,94.52,94.03,93.62,1,1,13.62,-2.91,-1.09,Em retrocesso
2308351,Milhã,CE,Nordeste,100.0,97.92,80.0,80.0,-2.08,-0.87,97.18,96.55,96.02,95.56,95.18,94.85,1,1,14.85,-2.99,-0.87,Em retrocesso
2309607,Pacajus,CE,Nordeste,85.7,87.91,80.0,80.0,2.21,1.28,89.0,89.92,90.71,91.38,91.94,92.43,1,1,12.43,-1.32,1.28,No ritmo da meta
2301901,Barbalha,CE,Nordeste,85.38,87.92,80.0,80.0,2.54,1.44,89.14,90.18,91.07,91.82,92.46,93.0,1,1,13.0,-1.32,1.44,No ritmo da meta
2201903,Bom Jesus,PI,Nordeste,99.08,98.95,80.0,80.0,-0.13,3.05,100.0,100.0,100.0,100.0,100.0,100.0,1,1,20.0,-3.16,3.05,Em retrocesso
2310258,Paraipaba,CE,Nordeste,98.24,93.78,80.0,80.0,-4.46,-2.06,92.03,90.54,89.28,88.2,87.29,86.51,1,1,6.51,-2.3,-2.06,Em retrocesso
2307254,Jijoca de Jericoacoara,CE,Nordeste,99.76,98.03,80.0,80.0,-1.73,-0.69,97.44,96.94,96.52,96.16,95.85,95.59,1,1,15.59,-3.01,-0.69,Em retrocesso
2311603,Redenção,CE,Nordeste,84.99,92.45,80.0,80.0,7.46,3.9,95.76,98.58,100.0,100.0,100.0,100.0,1,1,20.0,-2.08,3.9,No ritmo da meta
5107750,Salto do Céu,MT,Centro-Oeste,95.24,97.49,80.0,80.0,2.25,5.04,100.0,100.0,100.0,100.0,100.0,100.0,1,1,20.0,-2.91,5.04,No ritmo da meta
2314003,Várzea Alegre,CE,Nordeste,95.17,90.9,80.0,80.0,-4.27,-1.96,89.23,87.82,86.61,85.59,84.72,83.98,1,1,3.98,-1.82,-1.96,Em retrocesso
2310704,Pentecoste,CE,Nordeste,93.06,91.29,80.0,80.0,-1.77,-0.71,90.69,90.17,89.74,89.37,89.05,88.78,1,1,8.78,-1.88,-0.71,Em retrocesso
2306108,Irauçuba,CE,Nordeste,96.53,96.76,80.0,80.0,0.23,0.29,97.01,97.22,97.39,97.55,97.67,97.78,1,1,17.78,-2.79,0.29,No ritmo da meta
2210201,São José do Piauí,PI,Nordeste,93.83,97.06,80.0,80.0,3.23,4.73,100.0,100.0,100.0,100.0,100.0,100.0,1,1,20.0,-2.84,4.73,No ritmo da meta
4307054,Ernestina,RS,Sul,61.92,64.7,67.77,80.0,2.78,-8.59,57.4,51.19,45.92,41.43,37.62,34.38,0,0,-45.62,2.55,-8.59,Ritmo critico
4315131,Pouso Novo,RS,Sul,92.31,94.1,80.0,80.0,1.79,-9.08,86.38,79.82,74.25,69.51,65.48,62.05,1,0,-17.95,-2.35,-9.08,Ritmo critico
5212006,Jaupaci,GO,Centro-Oeste,97.43,100.0,80.0,80.0,2.57,5.09,100.0,100.0,100.0,100.0,100.0,100.0,1,1,20.0,-3.33,5.09,No ritmo da meta
2201150,Baixa Grande do Ribeiro,PI,Nordeste,48.61,81.06,58.82,80.0,32.45,19.34,97.5,100.0,100.0,100.0,100.0,100.0,1,1,20.0,-0.18,19.34,No ritmo da meta
1600238,Ferreira Gomes,AP,Norte,73.43,74.96,75.44,80.0,1.53,4.28,78.6,81.69,84.32,86.55,88.45,90.07,1,1,10.07,0.84,4.28,No ritmo da meta
2205532,Jurema,PI,Nordeste,96.41,98.36,80.0,80.0,1.95,4.09,100.0,100.0,100.0,100.0,100.0,100.0,1,1,20.0,-3.06,4.09,No ritmo da meta
3528858,Marapoama,SP,Sudeste,94.74,100.0,80.0,80.0,5.26,4.19,100.0,100.0,100.0,100.0,100.0,100.0,1,1,20.0,-3.33,4.19,No ritmo da meta
2512507,Queimadas,PB,Nordeste,85.04,92.65,80.0,80.0,7.61,6.37,98.06,100.0,100.0,100.0,100.0,100.0,1,1,20.0,-2.11,6.37,No ritmo da meta
3528106,Macaubal,SP,Sudeste,81.53,96.3,80.0,80.0,14.77,8.94,100.0,100.0,100.0,100.0,100.0,100.0,1,1,20.0,-2.72,8.94,No ritmo da meta
3163904,São Pedro da União,MG,Sudeste,76.97,97.05,77.87,80.0,20.08,16.2,100.0,100.0,100.0,100.0,100.0,100.0,1,1,20.0,-2.84,16.2,No ritmo da meta
5218607,Rialma,GO,Centro-Oeste,68.21,97.03,71.94,80.0,28.82,18.21,100.0,100.0,100.0,100.0,100.0,100.0,1,1,20.0,-2.84,18.21,No ritmo da meta
2700904,Belo Monte,AL,Nordeste,83.89,98.82,80.0,80.0,14.93,10.79,100.0,100.0,100.0,100.0,100.0,100.0,1,1,20.0,-3.14,10.79,No ritmo da meta
3539608,Planalto,SP,Sudeste,74.51,83.68,76.17,80.0,9.17,6.14,88.9,93.34,97.11,100.0,100.0,100.0,1,1,20.0,-0.61,6.14,No ritmo da meta
4217550,Serra Alta,SC,Sul,92.21,97.43,80.0,80.0,5.22,3.23,100.0,100.0,100.0,100.0,100.0,100.0,1,1,20.0,-2.91,3.23,No ritmo da meta
2301208,Aracoiaba,CE,Nordeste,87.25,90.87,80.0,80.0,3.62,1.98,92.55,93.98,95.2,96.23,97.11,97.86,1,1,17.86,-1.81,1.98,No ritmo da meta
2311306,Quixadá,CE,Nordeste,88.36,92.49,80.0,80.0,4.13,2.24,94.39,96.01,97.39,98.56,99.55,100.0,1,1,20.0,-2.08,2.24,No ritmo da meta
4323705,Vista Gaúcha,RS,Sul,74.26,100.0,76.0,80.0,25.74,2.89,100.0,100.0,100.0,100.0,100.0,100.0,1,1,20.0,-3.33,2.89,No ritmo da meta
3549201,São João das Duas Pontes,SP,Sudeste,86.43,80.0,80.0,80.0,-6.43,-1.66,78.59,77.39,76.37,75.5,74.77,74.14,0,0,-5.86,0.0,-1.66,Em retrocesso
2300705,Alto Santo,CE,Nordeste,99.61,94.16,80.0,80.0,-5.45,-2.55,91.99,90.15,88.58,87.25,86.12,85.16,1,1,5.16,-2.36,-2.55,Em retrocesso
2305100,Guaramiranga,CE,Nordeste,91.67,95.86,63.58,80.0,4.19,2.27,97.79,99.43,100.0,100.0,100.0,100.0,1,1,20.0,-2.64,2.27,No ritmo da meta
3537701,Piacatu,SP,Sudeste,83.2,76.68,80.0,80.0,-6.52,-1.7,75.24,74.01,72.96,72.08,71.32,70.68,0,0,-9.32,0.55,-1.7,Em retrocesso
2304285,Eusébio,CE,Nordeste,92.64,93.91,80.0,80.0,1.27,0.81,94.6,95.18,95.68,96.1,96.46,96.77,1,1,16.77,-2.32,0.81,No ritmo da meta
2513505,Santana de Mangueira,PB,Nordeste,81.58,100.0,80.0,80.0,18.42,11.77,100.0,100.0,100.0,100.0,100.0,100.0,1,1,20.0,-3.33,11.77,No ritmo da meta
5211602,Ivolândia,GO,Centro-Oeste,80.84,73.91,80.0,80.0,-6.93,0.34,74.2,74.44,74.65,74.83,74.98,75.11,0,0,-4.89,1.02,0.34,Em retrocesso
2200202,Água Branca,PI,Nordeste,90.64,91.98,80.0,80.0,1.34,3.79,95.2,97.94,100.0,100.0,100.0,100.0,1,1,20.0,-2.0,3.79,No ritmo da meta
3535705,Paraíso,SP,Sudeste,76.84,87.14,77.78,80.0,10.3,6.71,92.84,97.69,100.0,100.0,100.0,100.0,1,1,20.0,-1.19,6.71,No ritmo da meta
2309300,Nova Russas,CE,Nordeste,96.69,99.64,80.0,80.0,2.95,1.65,100.0,100.0,100.0,100.0,100.0,100.0,1,1,20.0,-3.27,1.65,No ritmo da meta
3537107,Pedreira,SP,Sudeste,94.37,94.25,80.0,80.0,-0.12,1.5,95.52,96.61,97.53,98.31,98.98,99.54,1,1,19.54,-2.38,1.5,Em retrocesso
2414753,Venha-Ver,RN,Nordeste,41.18,53.85,53.53,80.0,12.67,8.94,61.45,67.91,73.4,78.07,82.03,85.4,1,1,5.4,4.36,8.94,No ritmo da meta
2501104,Areia,PB,Nordeste,85.08,90.53,80.0,80.0,5.45,5.29,95.03,98.85,100.0,100.0,100.0,100.0,1,1,20.0,-1.76,5.29,No ritmo da meta
5207600,Fazenda Nova,GO,Centro-Oeste,96.67,100.0,80.0,80.0,3.33,5.47,100.0,100.0,100.0,100.0,100.0,100.0,1,1,20.0,-3.33,5.47,No ritmo da meta
3160959,São Domingos das Dores,MG,Sudeste,90.7,93.62,80.0,80.0,2.92,7.62,100.0,100.0,100.0,100.0,100.0,100.0,1,1,20.0,-2.27,7.62,No ritmo da meta
2210052,São José do Divino,PI,Nordeste,100.0,92.65,80.0,80.0,-7.35,-0.56,92.17,91.77,91.43,91.13,90.88,90.67,1,1,10.67,-2.11,-0.56,Em retrocesso
2307007,Jaguaruana,CE,Nordeste,84.18,88.24,80.0,80.0,4.06,2.2,90.11,91.7,93.05,94.2,95.18,96.0,1,1,16.0,-1.37,2.2,No ritmo da meta
2307601,Limoeiro do Norte,CE,Nordeste,87.84,89.65,80.0,80.0,1.81,1.08,90.57,91.35,92.01,92.58,93.05,93.46,1,1,13.46,-1.61,1.08,No ritmo da meta
2313104,Tabuleiro do Norte,CE,Nordeste,88.99,84.32,80.0,80.0,-4.67,-2.16,82.48,80.92,79.6,78.47,77.51,76.7,1,0,-3.3,-0.72,-2.16,Em retrocesso
2500403,Alagoa Nova,PB,Nordeste,38.94,89.39,51.87,80.0,50.45,27.79,100.0,100.0,100.0,100.0,100.0,100.0,1,1,20.0,-1.57,27.79,No ritmo da meta
4208955,Jardinópolis,SC,Sul,81.82,77.08,80.0,80.0,-4.74,-1.75,75.59,74.33,73.25,72.34,71.56,70.9,0,0,-9.1,0.49,-1.75,Em retrocesso
5106703,Ponte Branca,MT,Centro-Oeste,76.77,96.88,77.73,80.0,20.11,13.97,100.0,100.0,100.0,100.0,100.0,100.0,1,1,20.0,-2.81,13.97,No ritmo da meta
5202601,Aurilândia,GO,Centro-Oeste,75.98,93.75,77.18,80.0,17.77,12.69,100.0,100.0,100.0,100.0,100.0,100.0,1,1,20.0,-2.29,12.69,No ritmo da meta
2505006,Cubati,PB,Nordeste,71.83,97.47,74.36,80.0,25.64,15.38,100.0,100.0,100.0,100.0,100.0,100.0,1,1,20.0,-2.91,15.38,No ritmo da meta
2311801,Russas,CE,Nordeste,92.93,94.59,80.0,80.0,1.66,1.0,95.44,96.16,96.78,97.3,97.74,98.12,1,1,18.12,-2.43,1.0,No ritmo da meta
5201306,Anicuns,GO,Centro-Oeste,92.26,98.09,80.0,80.0,5.83,6.72,100.0,100.0,100.0,100.0,100.0,100.0,1,1,20.0,-3.02,6.72,No ritmo da meta
2201002,Arraial,PI,Nordeste,83.8,98.15,80.0,80.0,14.35,10.29,100.0,100.0,100.0,100.0,100.0,100.0,1,1,20.0,-3.03,10.29,No ritmo da meta
2307809,Marco,CE,Nordeste,94.18,96.66,80.0,80.0,2.48,1.41,97.86,98.88,99.74,100.0,100.0,100.0,1,1,20.0,-2.78,1.41,No ritmo da meta
2303303,Cariús,CE,Nordeste,97.11,95.26,80.0,80.0,-1.85,-0.75,94.62,94.08,93.62,93.23,92.9,92.61,1,1,12.61,-2.54,-0.75,Em retrocesso
5107883,Serra Nova Dourada,MT,Centro-Oeste,65.34,94.74,70.03,80.0,29.4,18.61,100.0,100.0,100.0,100.0,100.0,100.0,1,1,20.0,-2.46,18.61,No ritmo da meta
3544509,Rubinéia,SP,Sudeste,60.53,75.0,66.85,80.0,14.47,8.79,82.47,88.82,94.22,98.81,100.0,100.0,1,1,20.0,0.83,8.79,No ritmo da meta
4207577,Iomerê,SC,Sul,74.46,97.09,76.14,80.0,22.63,11.93,100.0,100.0,100.0,100.0,100.0,100.0,1,1,20.0,-2.85,11.93,No ritmo da meta
2308377,Miraíma,CE,Nordeste,86.66,85.6,80.0,80.0,-1.06,-0.36,85.29,85.03,84.81,84.62,84.47,84.33,1,1,4.33,-0.93,-0.36,Em retrocesso
3130309,Iguatama,MG,Sudeste,98.44,94.08,80.0,80.0,-4.36,3.98,97.46,100.0,100.0,100.0,100.0,100.0,1,1,20.0,-2.35,3.98,Em retrocesso
3503356,Arco-Íris,SP,Sudeste,28.57,77.27,43.57,80.0,48.7,25.91,99.29,100.0,100.0,100.0,100.0,100.0,1,1,20.0,0.46,25.91,No ritmo da meta
3519105,Iacanga,SP,Sudeste,100.0,97.67,80.0,80.0,-2.33,0.39,98.0,98.28,98.52,98.73,98.9,99.05,1,1,19.05,-2.94,0.39,Em retrocesso
2303956,Chorozinho,CE,Nordeste,98.33,97.15,80.0,80.0,-1.18,-0.42,96.79,96.49,96.23,96.01,95.83,95.67,1,1,15.67,-2.86,-0.42,Em retrocesso
5207501,Estrela do Norte,GO,Centro-Oeste,67.18,98.0,71.25,80.0,30.82,19.21,100.0,100.0,100.0,100.0,100.0,100.0,1,1,20.0,-3.0,19.21,No ritmo da meta
5108956,Nova Monte Verde,MT,Centro-Oeste,77.16,92.37,78.0,80.0,15.21,11.52,100.0,100.0,100.0,100.0,100.0,100.0,1,1,20.0,-2.06,11.52,No ritmo da meta
2301406,Aratuba,CE,Nordeste,86.27,80.42,80.0,80.0,-5.85,-2.75,78.08,76.1,74.41,72.97,71.75,70.71,0,0,-9.29,-0.07,-2.75,Em retrocesso
5213905,Mossâmedes,GO,Centro-Oeste,85.24,100.0,80.0,80.0,14.76,11.18,100.0,100.0,100.0,100.0,100.0,100.0,1,1,20.0,-3.33,11.18,No ritmo da meta
3555109,Tupi Paulista,SP,Sudeste,93.45,93.46,80.0,80.0,0.01,1.56,94.79,95.91,96.87,97.69,98.38,98.97,1,1,18.97,-2.24,1.56,No ritmo da meta
2516508,Taperoá,PB,Nordeste,78.33,90.59,78.82,80.0,12.26,8.69,97.98,100.0,100.0,100.0,100.0,100.0,1,1,20.0,-1.77,8.69,No ritmo da meta
2509156,Marizópolis,PB,Nordeste,100.0,98.16,80.0,80.0,-1.84,1.64,99.55,100.0,100.0,100.0,100.0,100.0,1,1,20.0,-3.03,1.64,Em retrocesso
2302503,Brejo Santo,CE,Nordeste,93.05,95.4,80.0,80.0,2.35,1.35,96.55,97.52,98.35,99.06,99.66,100.0,1,1,20.0,-2.57,1.35,No ritmo da meta
2207850,Pavussu,PI,Nordeste,66.32,90.0,70.68,80.0,23.68,14.96,100.0,100.0,100.0,100.0,100.0,100.0,1,1,20.0,-1.67,14.96,No ritmo da meta
3528205,Macedônia,SP,Sudeste,82.52,72.5,80.0,80.0,-10.02,-3.45,69.57,67.07,64.96,63.16,61.62,60.32,0,0,-19.68,1.25,-3.45,Em retrocesso
5201603,Araçu,GO,Centro-Oeste,77.27,93.21,78.08,80.0,15.94,11.77,100.0,100.0,100.0,100.0,100.0,100.0,1,1,20.0,-2.2,11.77,No ritmo da meta
2306801,Jaguaribara,CE,Nordeste,89.41,93.88,80.0,80.0,4.47,2.41,95.93,97.67,99.15,100.0,100.0,100.0,1,1,20.0,-2.31,2.41,No ritmo da meta
2310803,Pereiro,CE,Nordeste,95.85,93.44,80.0,80.0,-2.41,-1.03,92.56,91.82,91.19,90.65,90.19,89.8,1,1,9.8,-2.24,-1.03,Em retrocesso
2200608,Angical do Piauí,PI,Nordeste,61.5,95.88,67.49,80.0,34.38,20.31,100.0,100.0,100.0,100.0,100.0,100.0,1,1,20.0,-2.65,20.31,No ritmo da meta
3545506,Sandovalina,SP,Sudeste,79.1,89.83,79.36,80.0,10.73,6.92,95.71,100.0,100.0,100.0,100.0,100.0,1,1,20.0,-1.64,6.92,No ritmo da meta
2306504,Itapiúna,CE,Nordeste,96.14,92.57,80.0,80.0,-3.57,-1.61,91.2,90.04,89.05,88.21,87.49,86.89,1,1,6.89,-2.09,-1.61,Em retrocesso
3515905,Floreal,SP,Sudeste,100.0,96.19,80.0,80.0,-3.81,-0.35,95.89,95.64,95.42,95.24,95.09,94.95,1,1,14.95,-2.7,-0.35,Em retrocesso
2504850,Coxixola,PB,Nordeste,75.0,93.33,76.51,80.0,18.33,11.73,100.0,100.0,100.0,100.0,100.0,100.0,1,1,20.0,-2.22,11.73,No ritmo da meta
3533106,Nova Guataporanga,SP,Sudeste,66.67,83.33,70.92,80.0,16.66,9.89,91.74,98.88,100.0,100.0,100.0,100.0,1,1,20.0,-0.55,9.89,No ritmo da meta
3528304,Magda,SP,Sudeste,84.51,93.95,80.0,80.0,9.44,6.28,99.29,100.0,100.0,100.0,100.0,100.0,1,1,20.0,-2.33,6.28,No ritmo da meta
5219209,Santa Cruz de Goiás,GO,Centro-Oeste,72.59,85.78,74.87,80.0,13.19,10.4,94.62,100.0,100.0,100.0,100.0,100.0,1,1,20.0,-0.96,10.4,No ritmo da meta
2209856,São João da Canabrava,PI,Nordeste,82.0,96.34,80.0,80.0,14.34,10.29,100.0,100.0,100.0,100.0,100.0,100.0,1,1,20.0,-2.72,10.29,No ritmo da meta
5106281,Novo São Joaquim,MT,Centro-Oeste,58.82,94.16,65.72,80.0,35.34,21.58,100.0,100.0,100.0,100.0,100.0,100.0,1,1,20.0,-2.36,21.58,No ritmo da meta
3528809,Maracaí,SP,Sudeste,84.81,91.17,80.0,80.0,6.36,4.74,95.2,98.62,100.0,100.0,100.0,100.0,1,1,20.0,-1.86,4.74,No ritmo da meta
2202026,Buriti dos Montes,PI,Nordeste,84.87,98.33,80.0,80.0,13.46,9.85,100.0,100.0,100.0,100.0,100.0,100.0,1,1,20.0,-3.06,9.85,No ritmo da meta
2502052,Bernardino Batista,PB,Nordeste,61.38,93.94,67.42,80.0,32.56,18.84,100.0,100.0,100.0,100.0,100.0,100.0,1,1,20.0,-2.32,18.84,No ritmo da meta
3514700,Echaporã,SP,Sudeste,77.86,95.07,78.49,80.0,17.21,10.16,100.0,100.0,100.0,100.0,100.0,100.0,1,1,20.0,-2.51,10.16,No ritmo da meta
2312106,Santana do Cariri,CE,Nordeste,89.48,96.45,80.0,80.0,6.97,3.66,99.56,100.0,100.0,100.0,100.0,100.0,1,1,20.0,-2.74,3.66,No ritmo da meta
2304277,Ereré,CE,Nordeste,98.58,95.0,80.0,80.0,-3.58,-1.62,93.62,92.45,91.46,90.61,89.89,89.28,1,1,9.28,-2.5,-1.62,Em retrocesso
2304269,Deputado Irapuan Pinheiro,CE,Nordeste,98.65,98.82,80.0,80.0,0.17,0.26,99.04,99.23,99.39,99.52,99.64,99.74,1,1,19.74,-3.14,0.26,No ritmo da meta
2303659,Catunda,CE,Nordeste,100.0,100.0,80.0,80.0,0.0,0.17,100.0,100.0,100.0,100.0,100.0,100.0,1,1,20.0,-3.33,0.17,No ritmo da meta
2204303,Fronteiras,PI,Nordeste,98.26,96.63,80.0,80.0,-1.63,2.3,98.58,100.0,100.0,100.0,100.0,100.0,1,1,20.0,-2.77,2.3,Em retrocesso
2311504,Quixeré,CE,Nordeste,86.21,93.13,80.0,80.0,6.92,3.63,96.22,98.84,100.0,100.0,100.0,100.0,1,1,20.0,-2.19,3.63,No ritmo da meta
3510104,Cândido Rodrigues,SP,Sudeste,69.57,92.31,72.84,80.0,22.74,12.93,100.0,100.0,100.0,100.0,100.0,100.0,1,1,20.0,-2.05,12.93,No ritmo da meta
2306207,Itaiçaba,CE,Nordeste,91.32,96.74,80.0,80.0,5.42,2.88,99.19,100.0,100.0,100.0,100.0,100.0,1,1,20.0,-2.79,2.88,No ritmo da meta
3527108,Lins,SP,Sudeste,74.25,92.23,76.0,80.0,17.98,10.55,100.0,100.0,100.0,100.0,100.0,100.0,1,1,20.0,-2.04,10.55,No ritmo da meta
2205540,Lagoinha do Piauí,PI,Nordeste,81.92,87.79,80.0,80.0,5.87,6.05,92.93,97.3,100.0,100.0,100.0,100.0,1,1,20.0,-1.3,6.05,No ritmo da meta
3536257,Parisi,SP,Sudeste,76.74,90.72,77.71,80.0,13.98,8.55,97.99,100.0,100.0,100.0,100.0,100.0,1,1,20.0,-1.79,8.55,No ritmo da meta
3553955,Tarumã,SP,Sudeste,83.12,91.72,80.0,80.0,8.6,5.86,96.7,100.0,100.0,100.0,100.0,100.0,1,1,20.0,-1.95,5.86,No ritmo da meta
2303808,Cedro,CE,Nordeste,96.63,98.77,80.0,80.0,2.14,1.24,99.82,100.0,100.0,100.0,100.0,100.0,1,1,20.0,-3.13,1.24,No ritmo da meta
3548302,Santo Expedito,SP,Sudeste,91.44,100.0,80.0,80.0,8.56,5.84,100.0,100.0,100.0,100.0,100.0,100.0,1,1,20.0,-3.33,5.84,No ritmo da meta
3515301,Estrela do Norte,SP,Sudeste,72.99,89.26,75.14,80.0,16.27,9.69,97.5,100.0,100.0,100.0,100.0,100.0,1,1,20.0,-1.54,9.69,No ritmo da meta
2309508,Orós,CE,Nordeste,90.9,90.75,80.0,80.0,-0.15,0.1,90.84,90.91,90.97,91.02,91.07,91.1,1,1,11.1,-1.79,0.1,Em retrocesso
2207405,Palmeira do Piauí,PI,Nordeste,70.83,72.22,73.69,80.0,1.39,3.81,75.46,78.21,80.55,82.54,84.23,85.67,1,1,5.67,1.3,3.81,No ritmo da meta
3117603,Conceição do Pará,MG,Sudeste,73.98,100.0,,,26.02,19.17,100.0,100.0,100.0,100.0,100.0,100.0,0,0,,,19.17,Ritmo critico
3509106,Caiuá,SP,Sudeste,54.71,81.48,62.97,80.0,26.77,14.94,94.18,100.0,100.0,100.0,100.0,100.0,1,1,20.0,-0.25,14.94,No ritmo da meta
2503100,Cabaceiras,PB,Nordeste,60.85,89.73,67.06,80.0,28.88,17.0,100.0,100.0,100.0,100.0,100.0,100.0,1,1,20.0,-1.62,17.0,No ritmo da meta
5108204,Torixoréu,MT,Centro-Oeste,95.14,88.61,80.0,80.0,-6.53,0.65,89.16,89.63,90.03,90.37,90.66,90.9,1,1,10.9,-1.43,0.65,Em retrocesso
2504207,Catingueira,PB,Nordeste,32.79,96.08,47.09,80.0,63.29,34.21,100.0,100.0,100.0,100.0,100.0,100.0,1,1,20.0,-2.68,34.21,No ritmo da meta
2311959,Salitre,CE,Nordeste,96.62,98.39,80.0,80.0,1.77,1.06,99.29,100.0,100.0,100.0,100.0,100.0,1,1,20.0,-3.06,1.06,No ritmo da meta
3555901,Uru,SP,Sudeste,81.48,100.0,80.0,80.0,18.52,10.82,100.0,100.0,100.0,100.0,100.0,100.0,1,1,20.0,-3.33,10.82,No ritmo da meta
2205607,Landri Sales,PI,Nordeste,97.9,100.0,80.0,80.0,2.1,4.17,100.0,100.0,100.0,100.0,100.0,100.0,1,1,20.0,-3.33,4.17,No ritmo da meta
3507753,Brejo Alegre,SP,Sudeste,94.42,100.0,80.0,80.0,5.58,4.35,100.0,100.0,100.0,100.0,100.0,100.0,1,1,20.0,-3.33,4.35,No ritmo da meta
3555604,Uchoa,SP,Sudeste,44.79,87.56,56.14,80.0,42.77,22.94,100.0,100.0,100.0,100.0,100.0,100.0,1,1,20.0,-1.26,22.94,No ritmo da meta
3155009,Rio Doce,MG,Sudeste,87.87,90.43,80.0,80.0,2.56,7.44,96.75,100.0,100.0,100.0,100.0,100.0,1,1,20.0,-1.74,7.44,No ritmo da meta
2513984,São Francisco,PB,Nordeste,56.59,97.5,64.23,80.0,40.91,23.02,100.0,100.0,100.0,100.0,100.0,100.0,1,1,20.0,-2.92,23.02,No ritmo da meta
5202809,Avelinópolis,GO,Centro-Oeste,71.44,100.0,74.1,80.0,28.56,18.08,100.0,100.0,100.0,100.0,100.0,100.0,1,1,20.0,-3.33,18.08,No ritmo da meta
3530201,Mirante do Paranapanema,SP,Sudeste,98.04,87.52,80.0,80.0,-10.52,-3.7,84.38,81.7,79.43,77.5,75.86,74.46,1,0,-5.54,-1.25,-3.7,Em retrocesso
2515005,São Miguel de Taipu,PB,Nordeste,10.07,100.0,23.72,80.0,89.93,47.53,100.0,100.0,100.0,100.0,100.0,100.0,1,1,20.0,-3.33,47.53,No ritmo da meta
2201988,Brejo do Piauí,PI,Nordeste,50.33,95.35,60.0,80.0,45.02,25.63,100.0,100.0,100.0,100.0,100.0,100.0,1,1,20.0,-2.56,25.63,No ritmo da meta
3540853,Pracinha,SP,Sudeste,94.44,80.0,80.0,80.0,-14.44,-5.66,75.19,71.1,67.62,64.67,62.16,60.02,0,0,-19.98,0.0,-5.66,Em retrocesso
2205359,João Costa,PI,Nordeste,51.05,97.14,60.49,80.0,46.09,26.16,100.0,100.0,100.0,100.0,100.0,100.0,1,1,20.0,-2.86,26.16,No ritmo da meta
3540101,Pongaí,SP,Sudeste,87.14,91.45,80.0,80.0,4.31,3.71,94.6,97.28,99.56,100.0,100.0,100.0,1,1,20.0,-1.91,3.71,No ritmo da meta
3552601,Tabapuã,SP,Sudeste,90.29,98.83,80.0,80.0,8.54,5.83,100.0,100.0,100.0,100.0,100.0,100.0,1,1,20.0,-3.14,5.83,No ritmo da meta
3552551,Suzanápolis,SP,Sudeste,97.05,90.85,80.0,80.0,-6.2,-1.54,89.54,88.43,87.48,86.68,86.0,85.41,1,1,5.41,-1.81,-1.54,Em retrocesso
3546108,Santa Clara d'Oeste,SP,Sudeste,89.96,100.0,80.0,80.0,10.04,6.58,100.0,100.0,100.0,100.0,100.0,100.0,1,1,20.0,-3.33,6.58,No ritmo da meta
2205524,Júlio Borges,PI,Nordeste,43.29,100.0,55.06,80.0,56.71,31.47,100.0,100.0,100.0,100.0,100.0,100.0,1,1,20.0,-3.33,31.47,No ritmo da meta
3549300,São João do Pau d'Alho,SP,Sudeste,81.03,100.0,80.0,80.0,18.97,11.04,100.0,100.0,100.0,100.0,100.0,100.0,1,1,20.0,-3.33,11.04,No ritmo da meta
2210300,São Julião,PI,Nordeste,94.83,87.93,80.0,80.0,-6.9,-0.33,87.65,87.41,87.21,87.04,86.89,86.77,1,1,6.77,-1.32,-0.33,Em retrocesso
3557154,Zacarias,SP,Sudeste,38.33,80.0,51.41,80.0,41.67,22.39,99.03,100.0,100.0,100.0,100.0,100.0,1,1,20.0,0.0,22.39,No ritmo da meta
3532108,Murutinga do Sul,SP,Sudeste,57.61,100.0,64.91,80.0,42.39,22.75,100.0,100.0,100.0,100.0,100.0,100.0,1,1,20.0,-3.33,22.75,No ritmo da meta
2201572,Belém do Piauí,PI,Nordeste,100.0,100.0,80.0,80.0,0.0,3.12,100.0,100.0,100.0,100.0,100.0,100.0,1,1,20.0,-3.33,3.12,No ritmo da meta
2506509,Gurjão,PB,Nordeste,73.31,100.0,75.36,80.0,26.69,15.91,100.0,100.0,100.0,100.0,100.0,100.0,1,1,20.0,-3.33,15.91,No ritmo da meta
3520806,Inúbia Paulista,SP,Sudeste,89.16,94.72,80.0,80.0,5.56,4.34,98.41,100.0,100.0,100.0,100.0,100.0,1,1,20.0,-2.45,4.34,No ritmo da meta
3544707,Sagres,SP,Sudeste,70.28,91.33,73.32,80.0,21.05,12.08,100.0,100.0,100.0,100.0,100.0,100.0,1,1,20.0,-1.89,12.08,No ritmo da meta
4319364,São Pedro das Missões,RS,Sul,90.0,90.0,80.0,80.0,0.0,-9.98,81.52,74.31,68.18,62.97,58.54,54.78,1,0,-25.22,-1.67,-9.98,Ritmo critico
3529104,Marinópolis,SP,Sudeste,93.33,100.0,80.0,80.0,6.67,4.89,100.0,100.0,100.0,100.0,100.0,100.0,1,1,20.0,-3.33,4.89,No ritmo da meta
