posicao,id_municipio,nome_municipio,sigla_uf,regiao,taxa_alf_2023,taxa_alvo,meta_2025,populacao_2022,probabilidade_alfabetizar,risco,classificacao,faixa_de_risco,distancia_meta_2025
1,2406155,Jundiá,RN,Nordeste,54.55,33.33,41.43,3739.0,0.0,1.0,Risco educacional,Critico,-8.1
2,2406205,Lagoa d'Anta,RN,Nordeste,13.11,11.65,19.26,6654.0,0.0,1.0,Risco educacional,Critico,-7.61
3,1301100,Careiro,AM,Norte,20.71,17.29,,30792.0,0.0,1.0,Risco educacional,Critico,
4,4301750,Barão do Triunfo,RS,Sul,88.23,4.4,14.05,5889.0,0.0,1.0,Risco educacional,Critico,-9.65
5,2409704,Pedro Avelino,RN,Nordeste,19.48,21.89,35.03,6242.0,0.0,1.0,Risco educacional,Critico,-13.14
6,2902252,Arataca,BA,Nordeste,16.86,13.11,32.22,10191.0,0.0,1.0,Risco educacional,Critico,-19.11
7,2930303,Serra Dourada,BA,Nordeste,28.99,33.09,43.93,17066.0,0.0,1.0,Risco educacional,Critico,-10.84
8,2930402,Serra Preta,BA,Nordeste,31.84,36.67,46.32,17996.0,0.0,1.0,Risco educacional,Critico,-9.65
9,2807600,Umbaúba,SE,Nordeste,25.4,39.34,40.77,23917.0,0.0,1.0,Risco educacional,Critico,-1.43
10,2911659,Guajeru,BA,Nordeste,29.2,36.78,44.11,8050.0,0.0,1.0,Risco educacional,Critico,-7.33
11,2925253,Ponto Novo,BA,Nordeste,23.17,36.99,38.69,17938.0,0.0,1.0,Risco educacional,Critico,-1.7
12,2910057,Dias d'Ávila,BA,Nordeste,35.5,32.25,49.24,71485.0,0.0,1.0,Risco educacional,Critico,-16.99
13,2915601,Itamaraju,BA,Nordeste,44.07,37.41,55.62,59605.0,0.0,1.0,Risco educacional,Critico,-18.21
14,2802502,General Maynard,SE,Nordeste,20.0,21.91,35.57,3037.0,0.0,1.0,Risco educacional,Critico,-13.66
15,2928059,Santa Luzia,BA,Nordeste,33.46,28.42,47.63,13896.0,0.0,1.0,Risco educacional,Critico,-19.21
16,2404002,Frutuoso Gomes,RN,Nordeste,20.0,47.06,35.57,4122.0,0.0,1.0,Risco educacional,Critico,11.49
17,1301407,Eirunepé,AM,Norte,19.19,23.81,,33170.0,0.0,1.0,Risco educacional,Critico,
18,2802700,Ilha das Flores,SE,Nordeste,26.97,16.26,42.18,8321.0,0.0,1.0,Risco educacional,Critico,-25.92
19,2933158,Várzea Nova,BA,Nordeste,32.8,17.95,47.1,13377.0,0.0,1.0,Risco educacional,Critico,-29.15
20,2924207,Pedro Alexandre,BA,Nordeste,29.14,20.45,44.06,13954.0,0.0,1.0,Risco educacional,Critico,-23.61
21,2910701,Euclides da Cunha,BA,Nordeste,33.07,32.37,47.32,61456.0,0.0,1.0,Risco educacional,Critico,-14.95
22,2913705,Inhambupe,BA,Nordeste,29.49,30.13,44.36,33790.0,0.0,1.0,Risco educacional,Critico,-14.23
23,2925501,Prado,BA,Nordeste,34.88,28.97,48.75,35003.0,0.0,1.0,Risco educacional,Critico,-19.78
24,2905602,Camacan,BA,Nordeste,34.0,24.61,48.06,22579.0,0.0,1.0,Risco educacional,Critico,-23.45
25,1501402,Belém,PA,Norte,48.22,46.08,58.55,1303403.0,0.0,1.0,Risco educacional,Critico,-12.47
26,2919207,Lauro de Freitas,BA,Nordeste,29.63,28.75,44.48,203331.0,0.0,1.0,Risco educacional,Critico,-15.73
27,2908606,Conde,BA,Nordeste,40.59,28.14,53.1,23654.0,0.0,1.0,Risco educacional,Critico,-24.96
28,2400802,Angicos,RN,Nordeste,19.34,51.81,34.89,11632.0,0.0,1.0,Risco educacional,Critico,16.92
29,2925600,Presidente Dutra,BA,Nordeste,21.28,20.0,36.86,15130.0,0.0,1.0,Risco educacional,Critico,-16.86
30,2919926,Madre de Deus,BA,Nordeste,40.71,25.81,53.18,18504.0,0.0,1.0,Risco educacional,Critico,-27.37
31,2916302,Itapebi,BA,Nordeste,14.97,23.44,30.06,9174.0,0.0,1.0,Risco educacional,Critico,-6.62
32,2911402,Glória,BA,Nordeste,35.91,29.69,49.56,15524.0,0.0,1.0,Risco educacional,Critico,-19.87
33,2908903,Coração de Maria,BA,Nordeste,30.95,21.3,45.58,26692.0,0.0,1.0,Risco educacional,Critico,-24.28
34,2924678,Piraí do Norte,BA,Nordeste,47.67,42.86,,10974.0,0.0,1.0,Risco educacional,Critico,
35,2915353,Itaguaçu da Bahia,BA,Nordeste,20.89,32.8,36.47,12311.0,0.0,1.0,Risco educacional,Critico,-3.67
36,2908507,Conceição do Jacuípe,BA,Nordeste,34.3,37.5,48.3,35308.0,0.0,1.0,Risco educacional,Critico,-10.8
37,2919603,Macajuba,BA,Nordeste,18.56,30.14,34.07,10454.0,0.0,1.0,Risco educacional,Critico,-3.93
38,2902906,Barra do Choça,BA,Nordeste,36.09,30.6,49.7,36539.0,0.0,1.0,Risco educacional,Critico,-19.1
39,4304630,Capão da Canoa,RS,Sul,46.75,34.4,42.44,63594.0,0.0,1.0,Risco educacional,Critico,-8.04
40,1504406,Marapanim,PA,Norte,28.74,45.42,43.72,26573.0,0.0,1.0,Risco educacional,Critico,1.7
41,2904902,Cachoeira,BA,Nordeste,24.85,33.06,40.27,29250.0,0.0,1.0,Risco educacional,Critico,-7.21
42,2920908,Mascote,BA,Nordeste,22.32,26.73,37.88,13544.0,0.0,1.0,Risco educacional,Critico,-11.15
43,2903508,Belo Campo,BA,Nordeste,47.6,33.06,58.11,18412.0,0.0,1.0,Risco educacional,Critico,-25.05
44,2409803,Pedro Velho,RN,Nordeste,16.96,23.56,32.33,13824.0,0.0,1.0,Risco educacional,Critico,-8.77
45,2408607,Paraná,RN,Nordeste,48.35,27.59,36.07,3934.0,0.0,1.0,Risco educacional,Critico,-8.48
46,2918902,Lajedão,BA,Nordeste,58.38,48.28,65.43,3845.0,0.0,1.0,Risco educacional,Critico,-17.15
47,2918209,Jiquiriçá,BA,Nordeste,42.04,46.67,,13629.0,0.0,1.0,Risco educacional,Critico,
48,2932507,Una,BA,Nordeste,37.89,58.16,51.08,18131.0,0.0,1.0,Risco educacional,Critico,7.08
49,2914000,Ipirá,BA,Nordeste,29.98,34.46,44.77,56876.0,0.0,1.0,Risco educacional,Critico,-10.31
50,2912103,Ibicaraí,BA,Nordeste,34.21,37.95,45.54,21665.0,0.0,1.0,Risco educacional,Critico,-7.59
51,2933059,Várzea da Roça,BA,Nordeste,32.58,20.73,46.92,13800.0,0.0,1.0,Risco educacional,Critico,-26.19
52,2913903,Ipiaú,BA,Nordeste,33.64,25.15,47.77,40706.0,0.0,1.0,Risco educacional,Critico,-22.62
53,2908408,Conceição do Coité,BA,Nordeste,28.58,30.94,43.58,67825.0,0.0,1.0,Risco educacional,Critico,-12.64
54,2928000,Santaluz,BA,Nordeste,25.08,29.15,40.48,37834.0,0.0,1.0,Risco educacional,Critico,-11.33
55,2927200,Ruy Barbosa,BA,Nordeste,38.25,27.94,51.35,28282.0,0.0,1.0,Risco educacional,Critico,-23.41
56,2916906,Itiruçu,BA,Nordeste,32.86,30.0,47.15,10999.0,0.0,1.0,Risco educacional,Critico,-17.15
57,2907400,Catolândia,BA,Nordeste,10.48,25.71,24.3,3434.0,0.0,1.0,Risco educacional,Critico,1.41
58,2405207,Janduís,RN,Nordeste,23.48,37.93,38.99,4746.0,0.0,1.0,Risco educacional,Critico,-1.06
59,2928307,Santanópolis,BA,Nordeste,26.96,22.95,31.5,8716.0,0.0,1.0,Risco educacional,Critico,-8.55
60,2915908,Itanagra,BA,Nordeste,22.47,24.53,,5914.0,0.0,1.0,Risco educacional,Critico,
61,2918605,Jussiape,BA,Nordeste,32.1,33.33,46.53,7379.0,0.0,1.0,Risco educacional,Critico,-13.2
62,2907608,Central,BA,Nordeste,30.85,25.64,45.5,16348.0,0.0,1.0,Risco educacional,Critico,-19.86
63,2929354,São José da Vitória,BA,Nordeste,31.3,27.27,45.87,5315.0,0.0,1.0,Risco educacional,Critico,-18.6
64,2912608,Ibiquera,BA,Nordeste,20.08,15.62,35.65,3725.0,0.0,1.0,Risco educacional,Critico,-20.03
65,2924058,Pé de Serra,BA,Nordeste,37.89,39.22,,13243.0,0.0,1.0,Risco educacional,Critico,
66,2928604,Santo Amaro,BA,Nordeste,43.81,36.96,55.44,56012.0,0.0,1.0,Risco educacional,Critico,-18.48
67,2910800,Feira de Santana,BA,Nordeste,31.96,33.19,46.42,616272.0,0.0,1.0,Risco educacional,Critico,-13.23
68,2923209,Oliveira dos Brejinhos,BA,Nordeste,38.11,39.29,51.24,20715.0,0.0,1.0,Risco educacional,Critico,-11.95
69,2915304,Itagimirim,BA,Nordeste,32.81,25.0,47.11,6347.0,0.0,1.0,Risco educacional,Critico,-22.11
70,2917300,Ituberá,BA,Nordeste,44.09,29.17,55.64,21902.0,0.0,1.0,Risco educacional,Critico,-26.47
71,2921401,Mirangaba,BA,Nordeste,33.73,29.41,47.84,15734.0,0.0,1.0,Risco educacional,Critico,-18.43
72,2928950,São Domingos,BA,Nordeste,25.27,52.94,40.65,8426.0,0.0,1.0,Risco educacional,Critico,12.29
73,2910404,Encruzilhada,BA,Nordeste,41.87,37.25,54.03,19107.0,0.0,1.0,Risco educacional,Critico,-16.78
74,2930774,Sobradinho,BA,Nordeste,26.44,34.44,41.71,25475.0,0.0,1.0,Risco educacional,Critico,-7.27
75,2923407,Palmas de Monte Alto,BA,Nordeste,45.51,35.76,56.65,20078.0,0.0,1.0,Risco educacional,Critico,-20.89
76,2915106,Itagi,BA,Nordeste,37.75,23.53,50.97,13803.0,0.0,1.0,Risco educacional,Critico,-27.44
77,2910909,Firmino Alves,BA,Nordeste,36.52,23.26,,4873.0,0.0,1.0,Risco educacional,Critico,
78,1300839,Caapiranga,AM,Norte,30.2,21.72,30.23,13469.0,0.0,1.0,Risco educacional,Critico,-8.51
79,2923050,Novo Triunfo,BA,Nordeste,21.75,39.06,37.32,10660.0,0.0,1.0,Risco educacional,Critico,1.74
80,2900306,Acajutiba,BA,Nordeste,19.7,59.14,35.26,13795.0,0.0,1.0,Risco educacional,Critico,23.88
81,2902401,Aurelino Leal,BA,Nordeste,42.65,33.61,54.6,11179.0,0.0,1.0,Risco educacional,Critico,-20.99
82,2901809,Antônio Gonçalves,BA,Nordeste,32.58,25.32,46.92,10862.0,0.0,1.0,Risco educacional,Critico,-21.6
83,2804508,Nossa Senhora da Glória,SE,Nordeste,29.55,31.24,44.41,41212.0,0.0,1.0,Risco educacional,Critico,-13.17
84,2922003,Mucuri,BA,Nordeste,49.09,47.96,59.15,37977.0,0.0,1.0,Risco educacional,Critico,-11.19
85,2807303,Telha,SE,Nordeste,17.39,42.47,32.81,3274.0,0.0,1.0,Risco educacional,Critico,9.66
86,2927606,Santa Brígida,BA,Nordeste,25.65,28.39,41.0,14965.0,0.0,1.0,Risco educacional,Critico,-12.61
87,2907509,Catu,BA,Nordeste,43.47,39.39,55.19,48148.0,0.0,1.0,Risco educacional,Critico,-15.8
88,2929503,São Sebastião do Passé,BA,Nordeste,49.95,46.1,59.74,40958.0,0.0,1.0,Risco educacional,Critico,-13.64
89,2901205,Anagé,BA,Nordeste,36.54,32.17,50.04,25438.0,0.0,1.0,Risco educacional,Critico,-17.87
90,2929255,São Gabriel,BA,Nordeste,33.19,33.54,47.41,18600.0,0.0,1.0,Risco educacional,Critico,-13.87
91,2919553,Luís Eduardo Magalhães,BA,Nordeste,29.41,35.72,44.29,107909.0,0.0,1.0,Risco educacional,Critico,-8.57
92,2907103,Carinhanha,BA,Nordeste,28.55,31.96,43.56,28869.0,0.0,1.0,Risco educacional,Critico,-11.6
93,2933604,Xique-Xique,BA,Nordeste,31.02,32.25,45.64,44757.0,0.0,1.0,Risco educacional,Critico,-13.39
94,1507003,Santo Antônio do Tauá,PA,Norte,25.72,31.66,41.06,27461.0,0.0,1.0,Risco educacional,Critico,-9.4
95,2923357,Ourolândia,BA,Nordeste,22.65,34.04,38.2,19243.0,0.0,1.0,Risco educacional,Critico,-4.16
96,2401800,Brejinho,RN,Nordeste,21.47,40.29,,12202.0,0.0,1.0,Risco educacional,Critico,
97,2400505,Alexandria,RN,Nordeste,17.76,58.98,33.21,13640.0,0.0,1.0,Risco educacional,Critico,25.77
98,2406601,Lagoa Salgada,RN,Nordeste,22.82,64.22,38.36,8319.0,0.0,1.0,Risco educacional,Critico,25.86
99,2929107,São Felipe,BA,Nordeste,45.9,41.13,56.92,20283.0,0.0,1.0,Risco educacional,Critico,-15.79
100,2906402,Candeal,BA,Nordeste,30.92,30.77,45.56,7772.0,0.0,1.0,Risco educacional,Critico,-14.79
101,2903201,Barreiras,BA,Nordeste,37.98,36.09,51.14,159734.0,0.0,1.0,Risco educacional,Critico,-15.05
102,2931103,Tanquinho,BA,Nordeste,18.93,30.67,34.46,7717.0,0.0,1.0,Risco educacional,Critico,-3.79
103,2922854,Nova Redenção,BA,Nordeste,31.91,27.03,46.37,7538.0,0.0,1.0,Risco educacional,Critico,-19.34
104,2407104,Macaíba,RN,Nordeste,29.15,30.13,44.07,82249.0,0.0,1.0,Risco educacional,Critico,-13.94
105,2909307,Correntina,BA,Nordeste,36.71,26.64,50.18,32457.0,0.0,1.0,Risco educacional,Critico,-23.54
106,2912400,Ibipeba,BA,Nordeste,29.8,36.88,44.62,16603.0,0.0,1.0,Risco educacional,Critico,-7.74
107,2805208,Pinhão,SE,Nordeste,16.22,40.26,31.5,5677.0,0.0,1.0,Risco educacional,Critico,8.76
108,1507201,São Domingos do Capim,PA,Norte,30.82,32.97,45.48,30599.0,0.0,1.0,Risco educacional,Critico,-12.51
109,2800670,Boquim,SE,Nordeste,22.76,33.02,38.3,24636.0,0.0,1.0,Risco educacional,Critico,-5.28
110,2414605,Upanema,RN,Nordeste,24.81,44.01,,13577.0,0.0,1.0,Risco educacional,Critico,
111,2929750,Saubara,BA,Nordeste,43.18,52.63,54.98,11438.0,0.0,1.0,Risco educacional,Critico,-2.35
112,2802403,Gararu,SE,Nordeste,19.42,36.4,34.97,11096.0,0.0,1.0,Risco educacional,Critico,1.43
113,2915007,Itaeté,BA,Nordeste,41.31,45.45,53.62,13472.0,0.0,1.0,Risco educacional,Critico,-8.17
114,2925402,Potiraguá,BA,Nordeste,27.88,27.54,42.98,10274.0,0.0,1.0,Risco educacional,Critico,-15.44
115,2922052,Mulungu do Morro,BA,Nordeste,22.47,28.83,38.02,13152.0,0.0,1.0,Risco educacional,Critico,-9.19
116,2804003,Maruim,SE,Nordeste,21.39,31.19,36.97,15719.0,0.0,1.0,Risco educacional,Critico,-5.78
117,2911808,Guaratinga,BA,Nordeste,22.69,22.64,38.24,19049.0,0.0,1.0,Risco educacional,Critico,-15.6
118,2905701,Camaçari,BA,Nordeste,33.55,36.56,47.7,300372.0,0.0,1.0,Risco educacional,Critico,-11.14
119,2927408,Salvador,BA,Nordeste,39.16,36.75,52.03,2417678.0,0.0,1.0,Risco educacional,Critico,-15.28
120,2913457,Igrapiúna,BA,Nordeste,30.3,43.64,45.04,13151.0,0.0,1.0,Risco educacional,Critico,-1.4
121,2914901,Itacaré,BA,Nordeste,32.32,31.19,46.71,27704.0,0.0,1.0,Risco educacional,Critico,-15.52
122,1303908,São Paulo de Olivença,AM,Norte,33.12,32.06,47.36,32967.0,0.0,1.0,Risco educacional,Critico,-15.3
123,2913507,Iguaí,BA,Nordeste,49.55,31.48,59.47,21491.0,0.0,1.0,Risco educacional,Critico,-27.99
124,2928703,Santo Antônio de Jesus,BA,Nordeste,33.47,40.9,47.64,103055.0,0.0,1.0,Risco educacional,Critico,-6.74
125,1713809,Palmeiras do Tocantins,TO,Norte,18.11,49.53,33.59,4872.0,0.0,1.0,Risco educacional,Critico,15.94
126,2922300,Muritiba,BA,Nordeste,23.34,51.72,38.86,28707.0,0.0,1.0,Risco educacional,Critico,12.86
127,2408409,Olho d'Água do Borges,RN,Nordeste,24.17,30.77,39.64,3905.0,0.0,1.0,Risco educacional,Critico,-8.87
128,2911006,Floresta Azul,BA,Nordeste,15.12,41.03,30.23,11059.0,0.0,1.0,Risco educacional,Critico,10.8
129,2405405,Japi,RN,Nordeste,15.32,31.34,30.47,5117.0,0.0,1.0,Risco educacional,Critico,0.87
130,2925709,Presidente Jânio Quadros,BA,Nordeste,30.41,31.78,45.13,12621.0,0.0,1.0,Risco educacional,Critico,-13.35
131,2917805,Jaguaripe,BA,Nordeste,25.85,46.85,41.18,17659.0,0.0,1.0,Risco educacional,Critico,5.67
132,2918001,Jequié,BA,Nordeste,37.87,39.48,51.06,158813.0,0.0,1.0,Risco educacional,Critico,-11.58
133,2925105,Poções,BA,Nordeste,44.01,42.93,55.58,48293.0,0.0,1.0,Risco educacional,Critico,-12.65
134,1600501,Oiapoque,AP,Norte,26.09,21.03,41.39,27482.0,0.0,1.0,Risco educacional,Critico,-20.36
135,2918407,Juazeiro,BA,Nordeste,31.18,29.31,45.77,237821.0,0.0,1.0,Risco educacional,Critico,-16.46
136,2909208,Coronel João Sá,BA,Nordeste,28.7,36.04,43.69,17056.0,0.0,1.0,Risco educacional,Critico,-7.65
137,2924603,Pindobaçu,BA,Nordeste,34.17,39.19,48.19,19083.0,0.0,1.0,Risco educacional,Critico,-9.0
138,2906808,Cansanção,BA,Nordeste,29.69,23.19,44.53,37439.0,0.0,1.0,Risco educacional,Critico,-21.34
139,2930154,Serra do Ramalho,BA,Nordeste,36.17,26.65,49.76,34222.0,0.0,1.0,Risco educacional,Critico,-23.11
140,2400604,Almino Afonso,RN,Nordeste,11.11,21.43,25.17,4687.0,0.0,1.0,Risco educacional,Critico,-3.74
141,1718303,Praia Norte,TO,Norte,18.07,38.49,33.54,9044.0,0.0,1.0,Risco educacional,Critico,4.95
142,2924009,Paulo Afonso,BA,Nordeste,24.79,30.51,40.21,112870.0,0.0,1.0,Risco educacional,Critico,-9.7
143,2932309,Ubatã,BA,Nordeste,31.43,41.9,45.98,16094.0,0.0,1.0,Risco educacional,Critico,-4.08
144,2901106,Amélia Rodrigues,BA,Nordeste,37.49,47.14,50.77,24138.0,0.0,1.0,Risco educacional,Critico,-3.63
145,2800308,Aracaju,SE,Nordeste,29.69,47.18,44.53,602757.0,0.0,1.0,Risco educacional,Critico,2.65
146,2906873,Capim Grosso,BA,Nordeste,26.2,29.34,41.49,33235.0,0.0,1.0,Risco educacional,Critico,-12.15
147,2900603,Aiquara,BA,Nordeste,29.26,26.32,44.16,4447.0,0.0,1.0,Risco educacional,Critico,-17.84
148,2918555,Jussari,BA,Nordeste,35.85,31.58,49.51,5888.0,0.0,1.0,Risco educacional,Critico,-17.93
149,2905404,Cairu,BA,Nordeste,36.91,32.87,50.33,17761.0,0.0,1.0,Risco educacional,Critico,-17.46
150,2906907,Caravelas,BA,Nordeste,40.91,49.78,53.33,20580.0,0.0,1.0,Risco educacional,Critico,-3.55
151,2931350,Teixeira de Freitas,BA,Nordeste,51.85,35.04,61.04,145216.0,0.0,1.0,Risco educacional,Critico,-26.0
152,2922706,Nova Canaã,BA,Nordeste,29.48,50.0,44.35,13715.0,0.0,1.0,Risco educacional,Critico,5.65
153,1507466,São João da Ponta,PA,Norte,36.81,43.23,,4430.0,0.0,1.0,Risco educacional,Critico,
154,2918803,Laje,BA,Nordeste,46.61,45.45,57.42,21052.0,0.0,1.0,Risco educacional,Critico,-11.97
155,2903409,Belmonte,BA,Nordeste,35.8,33.93,49.47,20121.0,0.0,1.0,Risco educacional,Critico,-15.54
156,2914703,Itaberaba,BA,Nordeste,42.22,41.07,54.29,65073.0,0.0,1.0,Risco educacional,Critico,-13.22
157,2929404,São Miguel das Matas,BA,Nordeste,28.76,36.76,43.74,10334.0,0.0,1.0,Risco educacional,Critico,-6.98
158,2900702,Alagoinhas,BA,Nordeste,33.57,36.64,47.72,151055.0,0.0,1.0,Risco educacional,Critico,-11.08
159,2910305,Elísio Medrado,BA,Nordeste,29.96,35.29,44.76,7808.0,0.0,1.0,Risco educacional,Critico,-9.47
160,2933000,Valente,BA,Nordeste,32.24,37.25,46.64,24362.0,0.0,1.0,Risco educacional,Critico,-9.39
161,2929909,Seabra,BA,Nordeste,48.67,34.98,58.86,46160.0,0.0,1.0,Risco educacional,Critico,-23.88
162,2905800,Camamu,BA,Nordeste,25.96,28.39,41.28,30469.0,0.0,1.0,Risco educacional,Critico,-12.89
163,2926608,Ribeira do Pombal,BA,Nordeste,34.39,40.72,48.37,54010.0,0.0,1.0,Risco educacional,Critico,-7.65
164,1501808,Breves,PA,Norte,44.0,55.58,55.57,106968.0,0.0,1.0,Risco educacional,Critico,0.01
165,2922656,Nordestina,BA,Nordeste,31.25,26.14,45.83,18523.0,0.0,1.0,Risco educacional,Critico,-19.69
166,2913200,Ibotirama,BA,Nordeste,42.38,32.87,54.41,26309.0,0.0,1.0,Risco educacional,Critico,-21.54
167,2933208,Vera Cruz,BA,Nordeste,39.14,38.27,52.02,42529.0,0.0,1.0,Risco educacional,Critico,-13.75
168,1501782,Breu Branco,PA,Norte,31.24,50.55,45.82,45712.0,0.0,1.0,Risco educacional,Critico,4.73
169,2907004,Cardeal da Silva,BA,Nordeste,26.67,33.04,41.91,8365.0,0.0,1.0,Risco educacional,Critico,-8.87
170,2917706,Jaguarari,BA,Nordeste,30.56,40.77,45.26,32703.0,0.0,1.0,Risco educacional,Critico,-4.49
171,2928802,Santo Estêvão,BA,Nordeste,32.65,31.86,46.98,52276.0,0.0,1.0,Risco educacional,Critico,-15.12
172,2901700,Antônio Cardoso,BA,Nordeste,33.89,25.76,47.97,11146.0,0.0,1.0,Risco educacional,Critico,-22.21
173,2922904,Nova Soure,BA,Nordeste,22.14,31.41,37.7,24236.0,0.0,1.0,Risco educacional,Critico,-6.29
174,2919157,Lapão,BA,Nordeste,25.08,25.25,40.48,25736.0,0.0,1.0,Risco educacional,Critico,-15.23
175,2414209,Tibau do Sul,RN,Nordeste,17.6,24.98,33.04,16929.0,0.0,1.0,Risco educacional,Critico,-8.06
176,2414506,Umarizal,RN,Nordeste,21.75,50.0,,10078.0,0.0,1.0,Risco educacional,Critico,
177,2402303,Caraúbas,RN,Nordeste,25.23,39.56,40.62,19727.0,0.0,1.0,Risco educacional,Critico,-1.06
178,2924306,Piatã,BA,Nordeste,42.2,45.33,54.27,20086.0,0.0,1.0,Risco educacional,Critico,-8.94
179,2919009,Lajedinho,BA,Nordeste,50.0,21.21,59.77,3527.0,0.0,1.0,Risco educacional,Critico,-38.56
180,2801207,Canindé de São Francisco,SE,Nordeste,22.69,26.66,38.24,26834.0,0.0,1.0,Risco educacional,Critico,-11.58
181,2920452,Mansidão,BA,Nordeste,30.7,37.29,45.38,13919.0,0.0,1.0,Risco educacional,Critico,-8.09
182,4300604,Alvorada,RS,Sul,46.56,37.0,57.39,187315.0,0.0,1.0,Risco educacional,Critico,-20.39
183,2914307,Iramaia,BA,Nordeste,27.38,36.36,,10752.0,0.0,1.0,Risco educacional,Critico,
184,2902658,Banzaê,BA,Nordeste,40.8,36.73,53.25,11958.0,0.0,1.0,Risco educacional,Critico,-16.52
185,2918308,Jitaúna,BA,Nordeste,24.15,40.82,39.62,14355.0,0.0,1.0,Risco educacional,Critico,1.2
186,2916203,Itapé,BA,Nordeste,30.59,35.38,45.28,10341.0,0.0,1.0,Risco educacional,Critico,-9.9
187,2912905,Ibirataia,BA,Nordeste,32.79,37.44,47.09,18792.0,0.0,1.0,Risco educacional,Critico,-9.65
188,2906709,Cândido Sales,BA,Nordeste,38.1,30.86,51.24,25247.0,0.0,1.0,Risco educacional,Critico,-20.38
189,2907905,Cipó,BA,Nordeste,27.9,31.09,42.99,17230.0,0.0,1.0,Risco educacional,Critico,-11.9
190,2804300,Muribeca,SE,Nordeste,10.0,22.01,23.62,7822.0,0.0,1.0,Risco educacional,Critico,-1.61
191,2922607,Nilo Peçanha,BA,Nordeste,36.06,50.52,49.67,12063.0,0.0,1.0,Risco educacional,Critico,0.85
192,2903102,Barra do Rocha,BA,Nordeste,38.14,39.62,51.27,5775.0,0.0,1.0,Risco educacional,Critico,-11.65
193,2925931,Quixabeira,BA,Nordeste,38.72,75.47,51.7,9461.0,0.0,1.0,Risco educacional,Critico,23.77
194,2913804,Ipecaetá,BA,Nordeste,34.83,46.51,48.71,13709.0,0.0,1.0,Risco educacional,Critico,-2.2
195,2414704,Várzea,RN,Nordeste,17.25,45.68,32.65,5233.0,0.0,1.0,Risco educacional,Critico,13.03
196,2930501,Serrinha,BA,Nordeste,25.2,19.92,40.59,80435.0,0.0,1.0,Risco educacional,Critico,-20.67
197,2401602,Bento Fernandes,RN,Nordeste,14.89,29.29,29.96,4807.0,0.0,1.0,Risco educacional,Critico,-0.67
198,2931905,Tucano,BA,Nordeste,28.98,35.55,43.93,48736.0,0.0,1.0,Risco educacional,Critico,-8.38
199,2407500,Maxaranguape,RN,Nordeste,39.12,35.11,42.99,10255.0,0.0,1.0,Risco educacional,Critico,-7.88
200,2932705,Uruçuca,BA,Nordeste,30.01,26.42,44.8,21420.0,0.0,1.0,Risco educacional,Critico,-18.38
201,2905909,Campo Alegre de Lourdes,BA,Nordeste,36.68,28.04,50.15,30671.0,0.0,1.0,Risco educacional,Critico,-22.11
202,2900801,Alcobaça,BA,Nordeste,45.33,29.6,56.52,24530.0,0.0,1.0,Risco educacional,Critico,-26.92
203,2917508,Jacobina,BA,Nordeste,30.73,28.49,45.4,82590.0,0.0,1.0,Risco educacional,Critico,-16.91
204,2903607,Biritinga,BA,Nordeste,22.22,29.82,37.78,15146.0,0.0,1.0,Risco educacional,Critico,-7.96
205,2921302,Milagres,BA,Nordeste,33.87,46.05,47.96,11071.0,0.0,1.0,Risco educacional,Critico,-1.91
206,2405504,Jardim de Angicos,RN,Nordeste,16.62,31.58,31.95,2437.0,0.0,1.0,Risco educacional,Critico,-0.37
207,2920601,Maragogipe,BA,Nordeste,47.43,54.49,58.0,35859.0,0.0,1.0,Risco educacional,Critico,-3.51
208,2901957,Apuarema,BA,Nordeste,37.0,43.24,50.4,6913.0,0.0,1.0,Risco educacional,Critico,-7.16
209,2918357,João Dourado,BA,Nordeste,34.64,53.15,48.56,24854.0,0.0,1.0,Risco educacional,Critico,4.59
210,2916500,Itapicuru,BA,Nordeste,28.08,51.23,43.15,31679.0,0.0,1.0,Risco educacional,Critico,8.08
211,2923902,Pau Brasil,BA,Nordeste,44.65,34.68,56.04,9370.0,0.0,1.0,Risco educacional,Critico,-21.36
212,1503101,Gurupá,PA,Norte,25.73,38.25,,31786.0,0.0,1.0,Risco educacional,Critico,
213,2926103,Retirolândia,BA,Nordeste,18.48,23.58,33.98,13651.0,0.0,1.0,Risco educacional,Critico,-10.4
214,2920205,Malhada,BA,Nordeste,25.23,33.68,40.62,15398.0,0.0,1.0,Risco educacional,Critico,-6.94
215,2922102,Mundo Novo,BA,Nordeste,26.61,33.33,41.86,17305.0,0.0,1.0,Risco educacional,Critico,-8.53
216,4304663,Capão do Leão,RS,Sul,48.68,28.2,58.86,26487.0,0.0,1.0,Risco educacional,Critico,-30.66
217,2904407,Brejolândia,BA,Nordeste,41.09,40.43,53.46,9108.0,0.0,1.0,Risco educacional,Critico,-13.03
218,2805901,Riachuelo,SE,Nordeste,11.32,31.48,25.46,8748.0,0.0,1.0,Risco educacional,Critico,6.02
219,2909802,Cruz das Almas,BA,Nordeste,34.64,33.56,48.56,60348.0,0.0,1.0,Risco educacional,Critico,-15.0
220,2932002,Uauá,BA,Nordeste,44.93,40.28,56.24,24665.0,0.0,1.0,Risco educacional,Critico,-15.96
221,2410306,Serra Caiada,RN,Nordeste,29.52,40.45,,10125.0,0.0,1.0,Risco educacional,Critico,
222,1500206,Acará,PA,Norte,39.02,41.73,51.93,59023.0,0.0,1.0,Risco educacional,Critico,-10.2
223,2410108,Poço Branco,RN,Nordeste,10.4,25.34,,12390.0,0.0,1.0,Risco educacional,Critico,
224,2911204,Gandu,BA,Nordeste,33.26,47.2,47.47,32178.0,0.0,1.0,Risco educacional,Critico,-0.27
225,1500347,Água Azul do Norte,PA,Norte,27.76,51.4,42.87,18080.0,0.0,1.0,Risco educacional,Critico,8.53
226,2908002,Coaraci,BA,Nordeste,37.24,39.13,50.58,17333.0,0.0,1.0,Risco educacional,Critico,-11.45
227,2404200,Goianinha,RN,Nordeste,22.54,35.33,38.09,26741.0,0.0,1.0,Risco educacional,Critico,-2.76
228,2926301,Riachão do Jacuípe,BA,Nordeste,38.41,38.37,51.47,33386.0,0.0,1.0,Risco educacional,Critico,-13.1
229,2800605,Barra dos Coqueiros,SE,Nordeste,22.14,28.04,37.7,41511.0,0.0,1.0,Risco educacional,Critico,-9.66
230,2921500,Monte Santo,BA,Nordeste,30.9,27.49,45.54,47780.0,0.0,1.0,Risco educacional,Critico,-18.05
231,2402600,Ceará-Mirim,RN,Nordeste,19.95,32.38,40.56,79115.0,0.0,1.0,Risco educacional,Critico,-8.18
232,2905206,Caetité,BA,Nordeste,49.15,39.02,59.19,52012.0,0.0,1.0,Risco educacional,Critico,-20.17
233,2405801,João Câmara,RN,Nordeste,22.55,35.88,38.1,33290.0,0.0,1.0,Risco educacional,Critico,-2.22
234,2924108,Pedrão,BA,Nordeste,20.72,13.33,36.3,6235.0,0.0,1.0,Risco educacional,Critico,-22.97
235,2903953,Bom Jesus da Serra,BA,Nordeste,41.85,24.44,54.02,9730.0,0.0,1.0,Risco educacional,Critico,-29.58
236,2911857,Heliópolis,BA,Nordeste,31.4,36.36,45.96,12309.0,0.0,1.0,Risco educacional,Critico,-9.6
237,2906857,Capela do Alto Alegre,BA,Nordeste,35.87,45.45,49.53,10744.0,0.0,1.0,Risco educacional,Critico,-4.08
238,2412302,São José do Campestre,RN,Nordeste,18.05,49.42,33.52,11121.0,0.0,1.0,Risco educacional,Critico,15.9
239,2805406,Poço Redondo,SE,Nordeste,16.91,26.61,32.28,33439.0,0.0,1.0,Risco educacional,Critico,-5.67
240,2407609,Messias Targino,RN,Nordeste,17.11,26.32,32.5,4274.0,0.0,1.0,Risco educacional,Critico,-6.18
241,2927705,Santa Cruz Cabrália,BA,Nordeste,40.45,37.36,52.99,29185.0,0.0,1.0,Risco educacional,Critico,-15.63
242,1716307,Pau D'Arco,TO,Norte,6.51,37.96,18.14,4043.0,0.0,1.0,Risco educacional,Critico,19.82
243,2411205,Santa Cruz,RN,Nordeste,21.35,32.73,36.93,37313.0,0.0,1.0,Risco educacional,Critico,-4.2
244,2805109,Pedrinhas,SE,Nordeste,14.81,11.52,29.87,7396.0,0.0,1.0,Risco educacional,Critico,-18.35
245,4314902,Porto Alegre,RS,Sul,40.04,20.4,,1332845.0,0.0,1.0,Risco educacional,Critico,
246,2928406,Santa Rita de Cássia,BA,Nordeste,46.95,32.05,57.66,27390.0,0.0,1.0,Risco educacional,Critico,-25.61
247,2904852,Cabaceiras do Paraguaçu,BA,Nordeste,28.03,32.77,,16559.0,0.0,1.0,Risco educacional,Critico,
248,2804706,Nossa Senhora de Lourdes,SE,Nordeste,19.15,58.77,34.69,6268.0,0.0,1.0,Risco educacional,Critico,24.08
249,2906105,Canápolis,BA,Nordeste,37.3,29.55,50.63,10225.0,0.0,1.0,Risco educacional,Critico,-21.08
250,2907301,Castro Alves,BA,Nordeste,44.01,30.54,55.58,24712.0,0.0,1.0,Risco educacional,Critico,-25.04
251,2905305,Cafarnaum,BA,Nordeste,21.63,30.37,37.2,17466.0,0.0,1.0,Risco educacional,Critico,-6.83
252,2923100,Olindina,BA,Nordeste,34.5,21.29,48.45,22633.0,0.0,1.0,Risco educacional,Critico,-27.16
253,2703106,Igaci,AL,Nordeste,29.74,24.34,44.57,23995.0,0.0,1.0,Risco educacional,Critico,-20.23
254,2925907,Quijingue,BA,Nordeste,38.46,34.85,51.51,25272.0,0.0,1.0,Risco educacional,Critico,-16.66
255,2917003,Itiúba,BA,Nordeste,27.79,21.05,42.9,33872.0,0.0,1.0,Risco educacional,Critico,-21.85
256,2915809,Itambé,BA,Nordeste,22.21,26.98,37.77,24394.0,0.0,1.0,Risco educacional,Critico,-10.79
257,2928109,Santa Maria da Vitória,BA,Nordeste,32.33,26.29,46.72,38604.0,0.0,1.0,Risco educacional,Critico,-20.43
258,2902708,Barra,BA,Nordeste,26.84,28.48,42.06,51092.0,0.0,1.0,Risco educacional,Critico,-13.58
259,2901155,América Dourada,BA,Nordeste,32.19,43.23,46.6,15137.0,0.0,1.0,Risco educacional,Critico,-3.37
260,2803104,Itabi,SE,Nordeste,19.35,33.65,34.9,4745.0,0.0,1.0,Risco educacional,Critico,-1.25
261,2925303,Porto Seguro,BA,Nordeste,46.72,45.5,57.5,168326.0,0.0,1.0,Risco educacional,Critico,-12.0
262,2414407,Touros,RN,Nordeste,24.69,38.35,40.12,33035.0,0.0,1.0,Risco educacional,Critico,-1.77
263,2804409,Neópolis,SE,Nordeste,21.18,25.49,36.76,16426.0,0.0,1.0,Risco educacional,Critico,-11.27
264,1502905,Curuçá,PA,Norte,30.81,33.48,45.47,41262.0,0.0,1.0,Risco educacional,Critico,-11.99
265,2915502,Itajuípe,BA,Nordeste,34.37,34.09,48.35,18781.0,0.0,1.0,Risco educacional,Critico,-14.26
266,2928208,Santana,BA,Nordeste,29.91,38.7,44.72,24755.0,0.0,1.0,Risco educacional,Critico,-6.02
267,2910859,Filadélfia,BA,Nordeste,18.28,36.76,33.77,17897.0,0.0,1.0,Risco educacional,Critico,2.99
268,2926509,Ribeira do Amparo,BA,Nordeste,28.72,33.95,43.7,13841.0,0.0,1.0,Risco educacional,Critico,-9.75
269,2914653,Itabela,BA,Nordeste,31.1,24.92,45.71,28165.0,0.0,1.0,Risco educacional,Critico,-20.79
270,2408102,Natal,RN,Nordeste,34.5,33.36,,751300.0,0.0,1.0,Risco educacional,Critico,
271,2931301,Tapiramutá,BA,Nordeste,33.06,41.82,47.31,15818.0,0.0,1.0,Risco educacional,Critico,-5.49
272,2926004,Remanso,BA,Nordeste,25.1,35.26,40.5,40586.0,0.0,1.0,Risco educacional,Critico,-5.24
273,2921708,Morro do Chapéu,BA,Nordeste,36.21,28.31,49.79,33594.0,0.0,1.0,Risco educacional,Critico,-21.48
274,2707107,Piranhas,AL,Nordeste,24.74,25.08,40.17,22609.0,0.0,1.0,Risco educacional,Critico,-15.09
275,2909901,Curaçá,BA,Nordeste,29.66,22.94,44.5,34180.0,0.0,1.0,Risco educacional,Critico,-21.56
276,2911501,Gongogi,BA,Nordeste,27.74,50.0,42.85,5555.0,0.0,1.0,Risco educacional,Critico,7.15
277,2929305,São Gonçalo dos Campos,BA,Nordeste,36.4,24.63,49.94,39513.0,0.0,1.0,Risco educacional,Critico,-25.31
278,2804201,Monte Alegre de Sergipe,SE,Nordeste,24.77,35.07,40.19,14336.0,0.0,1.0,Risco educacional,Critico,-5.12
279,2919702,Macarani,BA,Nordeste,49.05,44.74,59.12,21599.0,0.0,1.0,Risco educacional,Critico,-14.38
280,2913309,Ichu,BA,Nordeste,28.43,32.14,,6190.0,0.0,1.0,Risco educacional,Critico,
281,2409100,Passa e Fica,RN,Nordeste,24.57,41.07,40.01,10896.0,0.0,1.0,Risco educacional,Critico,1.06
282,2916609,Itapitanga,BA,Nordeste,31.02,36.62,45.64,10279.0,0.0,1.0,Risco educacional,Critico,-9.02
283,2911600,Governador Mangabeira,BA,Nordeste,36.92,29.08,50.34,20605.0,0.0,1.0,Risco educacional,Critico,-21.26
284,2920809,Marcionílio Souza,BA,Nordeste,21.15,18.57,36.73,9267.0,0.0,1.0,Risco educacional,Critico,-18.16
285,2903805,Boa Vista do Tupim,BA,Nordeste,33.4,32.14,47.58,16873.0,0.0,1.0,Risco educacional,Critico,-15.44
286,2930204,Sento Sé,BA,Nordeste,26.41,24.24,41.68,38154.0,0.0,1.0,Risco educacional,Critico,-17.44
287,2910008,Dário Meira,BA,Nordeste,37.81,41.07,51.02,10820.0,0.0,1.0,Risco educacional,Critico,-9.95
288,2925808,Queimadas,BA,Nordeste,27.35,30.32,42.51,25988.0,0.0,1.0,Risco educacional,Critico,-12.19
289,2931509,Teofilândia,BA,Nordeste,28.06,29.57,43.13,21176.0,0.0,1.0,Risco educacional,Critico,-13.56
290,2910602,Esplanada,BA,Nordeste,19.87,23.96,35.44,32554.0,0.0,1.0,Risco educacional,Critico,-11.48
291,2929206,São Francisco do Conde,BA,Nordeste,30.02,25.66,44.81,38733.0,0.0,1.0,Risco educacional,Critico,-19.15
292,1500503,Almeirim,PA,Norte,30.68,38.92,45.36,34280.0,0.0,1.0,Risco educacional,Critico,-6.44
293,1505205,Oeiras do Pará,PA,Norte,18.54,31.03,34.05,33844.0,0.0,1.0,Risco educacional,Critico,-3.02
294,2932903,Valença,BA,Nordeste,31.04,31.89,45.66,85655.0,0.0,1.0,Risco educacional,Critico,-13.77
295,2905156,Caetanos,BA,Nordeste,24.86,46.43,40.28,11266.0,0.0,1.0,Risco educacional,Critico,6.15
296,2912202,Ibicoara,BA,Nordeste,27.86,32.53,42.96,20785.0,0.0,1.0,Risco educacional,Critico,-10.43
297,1502103,Cametá,PA,Norte,40.41,39.08,52.96,134184.0,0.0,1.0,Risco educacional,Critico,-13.88
298,2930766,Sítio do Quinto,BA,Nordeste,44.05,42.47,55.61,14773.0,0.0,1.0,Risco educacional,Critico,-13.14
299,2930600,Serrolândia,BA,Nordeste,32.84,25.69,47.13,13335.0,0.0,1.0,Risco educacional,Critico,-21.44
300,2931400,Teodoro Sampaio,BA,Nordeste,41.03,30.56,53.42,7110.0,0.0,1.0,Risco educacional,Critico,-22.86
301,2918506,Jussara,BA,Nordeste,23.19,43.44,38.71,16354.0,0.0,1.0,Risco educacional,Critico,4.73
302,2903235,Barro Alto,BA,Nordeste,24.29,29.75,39.75,13453.0,0.0,1.0,Risco educacional,Critico,-10.0
303,2919801,Macaúbas,BA,Nordeste,43.5,31.5,55.21,41859.0,0.0,1.0,Risco educacional,Critico,-23.71
304,2907806,Cícero Dantas,BA,Nordeste,30.93,36.31,45.57,30907.0,0.0,1.0,Risco educacional,Critico,-9.26
305,2932200,Ubaitaba,BA,Nordeste,29.79,31.13,44.61,17596.0,0.0,1.0,Risco educacional,Critico,-13.48
306,2905503,Caldeirão Grande,BA,Nordeste,21.3,28.19,36.88,13080.0,0.0,1.0,Risco educacional,Critico,-8.69
307,2927101,Rodelas,BA,Nordeste,23.27,26.35,38.79,10308.0,0.0,1.0,Risco educacional,Critico,-12.44
308,2908200,Conceição da Feira,BA,Nordeste,31.68,27.46,46.19,20800.0,0.0,1.0,Risco educacional,Critico,-18.73
309,2802908,Itabaiana,SE,Nordeste,26.63,41.79,41.88,103440.0,0.0,1.0,Risco educacional,Critico,-0.09
310,2907202,Casa Nova,BA,Nordeste,13.13,20.93,27.82,72086.0,0.0,1.0,Risco educacional,Critico,-6.89
311,1503754,Jacareacanga,PA,Norte,36.03,24.95,33.52,24042.0,0.0,1.0,Risco educacional,Critico,-8.57
312,2901601,Antas,BA,Nordeste,44.12,23.17,55.66,14206.0,0.0,1.0,Risco educacional,Critico,-32.49
313,2914604,Irecê,BA,Nordeste,42.02,46.83,54.14,74507.0,0.0,1.0,Risco educacional,Critico,-7.31
314,2928505,Santa Terezinha,BA,Nordeste,26.63,27.63,41.88,10441.0,0.0,1.0,Risco educacional,Critico,-14.25
315,2805703,Propriá,SE,Nordeste,19.64,29.59,35.2,26618.0,0.0,1.0,Risco educacional,Critico,-5.61
316,2408953,Rio do Fogo,RN,Nordeste,14.85,31.56,29.91,10351.0,0.0,1.0,Risco educacional,Critico,1.65
317,1302306,Jutaí,AM,Norte,36.64,30.91,50.12,25172.0,0.0,1.0,Risco educacional,Critico,-19.21
318,2932804,Utinga,BA,Nordeste,33.84,33.04,47.93,16277.0,0.0,1.0,Risco educacional,Critico,-14.89
319,2920106,Mairi,BA,Nordeste,40.81,23.42,53.26,17674.0,0.0,1.0,Risco educacional,Critico,-29.84
320,2919108,Lamarão,BA,Nordeste,22.24,19.57,37.8,9015.0,0.0,1.0,Risco educacional,Critico,-18.23
321,2900405,Água Fria,BA,Nordeste,21.0,30.43,36.58,14497.0,0.0,1.0,Risco educacional,Critico,-6.15
322,2927507,Santa Bárbara,BA,Nordeste,21.01,31.58,36.59,20952.0,0.0,1.0,Risco educacional,Critico,-5.01
323,2911907,Iaçu,BA,Nordeste,22.93,28.52,38.47,24607.0,0.0,1.0,Risco educacional,Critico,-9.95
324,2930808,Souto Soares,BA,Nordeste,25.49,31.82,40.85,17054.0,0.0,1.0,Risco educacional,Critico,-9.03
325,2924405,Pilão Arcado,BA,Nordeste,23.9,22.51,39.38,35357.0,0.0,1.0,Risco educacional,Critico,-16.87
326,1502806,Curralinho,PA,Norte,25.06,24.03,40.46,33903.0,0.0,1.0,Risco educacional,Critico,-16.43
327,2910503,Entre Rios,BA,Nordeste,19.58,32.55,40.71,38098.0,0.0,1.0,Risco educacional,Critico,-8.16
328,2904704,Buerarema,BA,Nordeste,24.27,29.37,39.73,14804.0,0.0,1.0,Risco educacional,Critico,-10.36
329,2917102,Itororó,BA,Nordeste,47.4,28.85,57.97,16617.0,0.0,1.0,Risco educacional,Critico,-29.12
330,2912707,Ibirapitanga,BA,Nordeste,31.23,22.06,45.82,25344.0,0.0,1.0,Risco educacional,Critico,-23.76
331,2919504,Livramento de Nossa Senhora,BA,Nordeste,38.43,38.06,51.48,43903.0,0.0,1.0,Risco educacional,Critico,-13.42
332,2407203,Macau,RN,Nordeste,27.27,32.32,42.44,27369.0,0.0,1.0,Risco educacional,Critico,-10.12
333,2804904,Pacatuba,SE,Nordeste,16.9,28.56,32.27,12502.0,0.0,1.0,Risco educacional,Critico,-3.71
334,2911105,Formosa do Rio Preto,BA,Nordeste,19.66,28.21,35.22,25899.0,0.0,1.0,Risco educacional,Critico,-7.01
335,2910750,Fátima,BA,Nordeste,42.51,49.57,54.5,17895.0,0.0,1.0,Risco educacional,Critico,-4.93
336,2901908,Aporá,BA,Nordeste,17.78,16.52,33.23,15922.0,0.0,1.0,Risco educacional,Critico,-16.71
337,2927804,Santa Cruz da Vitória,BA,Nordeste,45.13,37.04,56.38,4681.0,0.0,1.0,Risco educacional,Critico,-19.34
338,2906501,Candeias,BA,Nordeste,32.66,36.67,46.98,72382.0,0.0,1.0,Risco educacional,Critico,-10.31
339,1503200,Igarapé-Açu,PA,Norte,32.77,40.43,47.07,35797.0,0.0,1.0,Risco educacional,Critico,-6.64
340,2902203,Aramari,BA,Nordeste,21.73,17.95,37.3,9833.0,0.0,1.0,Risco educacional,Critico,-19.35
341,2906824,Canudos,BA,Nordeste,18.85,30.13,34.38,16105.0,0.0,1.0,Risco educacional,Critico,-4.25
342,2804805,Nossa Senhora do Socorro,SE,Nordeste,19.85,29.8,35.42,192330.0,0.0,1.0,Risco educacional,Critico,-5.62
343,2923704,Paratinga,BA,Nordeste,21.13,24.46,36.71,29252.0,0.0,1.0,Risco educacional,Critico,-12.25
344,2918100,Jeremoabo,BA,Nordeste,27.04,29.53,42.24,37626.0,0.0,1.0,Risco educacional,Critico,-12.71
345,1508209,Vigia,PA,Norte,29.77,37.71,44.6,50832.0,0.0,1.0,Risco educacional,Critico,-6.89
346,2931608,Teolândia,BA,Nordeste,47.32,44.76,57.92,15332.0,0.0,1.0,Risco educacional,Critico,-13.16
347,2412906,São Tomé,RN,Nordeste,20.09,37.72,35.66,9972.0,0.0,1.0,Risco educacional,Critico,2.06
348,2931707,Terra Nova,BA,Nordeste,23.25,28.42,38.77,10798.0,0.0,1.0,Risco educacional,Critico,-10.35
349,2805604,Porto da Folha,SE,Nordeste,23.53,16.87,39.04,26576.0,0.0,1.0,Risco educacional,Critico,-22.17
350,2901353,Andorinha,BA,Nordeste,32.96,28.44,47.23,15012.0,0.0,1.0,Risco educacional,Critico,-18.79
351,2803609,Laranjeiras,SE,Nordeste,16.28,27.35,31.57,23975.0,0.0,1.0,Risco educacional,Critico,-4.22
352,2916104,Itaparica,BA,Nordeste,38.25,28.57,51.35,19789.0,0.0,1.0,Risco educacional,Critico,-22.78
353,2914802,Itabuna,BA,Nordeste,31.6,29.75,46.12,186708.0,0.0,1.0,Risco educacional,Critico,-16.37
354,2933505,Wenceslau Guimarães,BA,Nordeste,38.38,31.17,51.45,24474.0,0.0,1.0,Risco educacional,Critico,-20.28
355,2916401,Itapetinga,BA,Nordeste,39.63,32.22,52.38,65897.0,0.0,1.0,Risco educacional,Critico,-20.16
356,1500701,Anajás,PA,Norte,26.81,33.83,42.04,28011.0,0.0,1.0,Risco educacional,Critico,-8.21
357,1715705,Palmeirante,TO,Norte,9.01,31.27,22.17,4798.0,0.0,1.0,Risco educacional,Critico,9.1
358,2800506,Areia Branca,SE,Nordeste,27.09,44.81,42.28,18081.0,0.0,1.0,Risco educacional,Critico,2.53
359,2929800,Saúde,BA,Nordeste,15.02,20.73,30.12,10478.0,0.0,1.0,Risco educacional,Critico,-9.39
360,1301605,Fonte Boa,AM,Norte,26.88,35.57,,25871.0,0.0,1.0,Risco educacional,Critico,
361,2800209,Aquidabã,SE,Nordeste,21.43,20.53,37.01,20131.0,0.0,1.0,Risco educacional,Critico,-16.48
362,4314407,Pelotas,RS,Sul,50.42,39.4,46.81,325685.0,0.0,1.0,Risco educacional,Critico,-7.41
363,2930709,Simões Filho,BA,Nordeste,42.62,42.14,54.58,114559.0,0.0,1.0,Risco educacional,Critico,-12.44
364,2913101,Ibititá,BA,Nordeste,26.1,28.0,41.4,16969.0,0.0,1.0,Risco educacional,Critico,-13.4
365,2904100,Boquira,BA,Nordeste,39.47,32.0,52.26,19322.0,0.0,1.0,Risco educacional,Critico,-20.26
366,2930105,Senhor do Bonfim,BA,Nordeste,19.93,24.02,35.5,74523.0,0.0,1.0,Risco educacional,Critico,-11.48
367,2920007,Maiquinique,BA,Nordeste,29.83,32.56,44.65,8731.0,0.0,1.0,Risco educacional,Critico,-12.09
368,2906204,Canarana,BA,Nordeste,29.21,33.73,44.12,24206.0,0.0,1.0,Risco educacional,Critico,-10.39
369,2802304,Frei Paulo,SE,Nordeste,19.23,37.21,34.77,14530.0,0.0,1.0,Risco educacional,Critico,2.44
370,2803203,Itaporanga d'Ajuda,SE,Nordeste,24.31,39.49,39.77,34411.0,0.0,1.0,Risco educacional,Critico,-0.28
371,1504505,Melgaço,PA,Norte,38.0,28.64,51.16,27881.0,0.0,1.0,Risco educacional,Critico,-22.52
372,2932408,Uibaí,BA,Nordeste,33.09,27.71,47.33,13432.0,0.0,1.0,Risco educacional,Critico,-19.62
373,2914505,Irará,BA,Nordeste,33.6,32.53,,28043.0,0.0,1.0,Risco educacional,Critico,
374,2902005,Aracatu,BA,Nordeste,41.95,28.92,54.09,13936.0,0.0,1.0,Risco educacional,Critico,-25.17
375,2929008,São Félix,BA,Nordeste,32.07,31.33,46.51,11026.0,0.0,1.0,Risco educacional,Critico,-15.18
376,2902104,Araci,BA,Nordeste,20.27,24.47,35.84,48294.0,0.0,1.0,Risco educacional,Critico,-11.37
377,2931806,Tremedal,BA,Nordeste,49.49,42.86,59.42,16296.0,0.0,1.0,Risco educacional,Critico,-16.56
378,2910727,Eunápolis,BA,Nordeste,34.62,38.37,48.55,113710.0,0.0,1.0,Risco educacional,Critico,-10.18
379,2404705,Ipanguaçu,RN,Nordeste,13.69,43.03,28.51,14131.0,0.0,1.0,Risco educacional,Critico,14.52
380,2927002,Rio Real,BA,Nordeste,40.97,33.21,53.38,35362.0,0.0,1.0,Risco educacional,Critico,-20.17
381,1503309,Igarapé-Miri,PA,Norte,36.72,41.34,50.18,64831.0,0.0,1.0,Risco educacional,Critico,-8.84
382,2902609,Baixa Grande,BA,Nordeste,36.29,36.78,49.85,18220.0,0.0,1.0,Risco educacional,Critico,-13.07
383,1501204,Baião,PA,Norte,27.52,38.16,42.66,51641.0,0.0,1.0,Risco educacional,Critico,-4.5
384,2926400,Riacho de Santana,BA,Nordeste,42.15,52.53,54.24,30711.0,0.0,1.0,Risco educacional,Critico,-1.71
385,1500305,Afuá,PA,Norte,30.81,38.18,45.47,37765.0,0.0,1.0,Risco educacional,Critico,-7.29
386,1502400,Castanhal,PA,Norte,38.09,32.97,41.06,192256.0,0.0,1.0,Risco educacional,Critico,-8.09
387,2921203,Miguel Calmon,BA,Nordeste,47.8,36.96,58.25,24661.0,0.0,1.0,Risco educacional,Critico,-21.29
388,2906303,Canavieiras,BA,Nordeste,28.98,28.68,43.93,32683.0,0.0,1.0,Risco educacional,Critico,-15.25
389,2915403,Itaju do Colônia,BA,Nordeste,20.17,15.25,35.74,6037.0,0.0,1.0,Risco educacional,Critico,-20.49
390,2408706,Paraú,RN,Nordeste,13.33,14.29,22.17,3579.0,0.0,1.0,Risco educacional,Critico,-7.88
391,2919900,Macururé,BA,Nordeste,4.65,12.5,14.66,7256.0,0.0,1.0,Risco educacional,Critico,-2.16
392,2906006,Campo Formoso,BA,Nordeste,36.78,39.03,50.23,71377.0,0.0,1.0,Risco educacional,Critico,-11.2
393,2929701,Sátiro Dias,BA,Nordeste,15.36,30.68,30.51,16008.0,0.0,1.0,Risco educacional,Critico,0.17
394,1504950,Nova Esperança do Piriá,PA,Norte,35.64,50.02,49.35,20478.0,0.0,1.0,Risco educacional,Critico,0.67
395,2903904,Bom Jesus da Lapa,BA,Nordeste,33.88,34.55,47.96,65550.0,0.0,1.0,Risco educacional,Critico,-13.41
396,2913606,Ilhéus,BA,Nordeste,32.25,26.35,46.65,178649.0,0.0,1.0,Risco educacional,Critico,-20.3
397,2925006,Planalto,BA,Nordeste,40.09,24.31,52.73,23334.0,0.0,1.0,Risco educacional,Critico,-28.42
398,2932457,Umburanas,BA,Nordeste,21.31,22.95,36.89,13642.0,0.0,1.0,Risco educacional,Critico,-13.94
399,2900900,Almadina,BA,Nordeste,31.19,23.91,45.78,5218.0,0.0,1.0,Risco educacional,Critico,-21.87
400,2929370,São José do Jacuípe,BA,Nordeste,23.18,28.41,38.7,10187.0,0.0,1.0,Risco educacional,Critico,-10.29
401,2406908,Lucrécia,RN,Nordeste,4.35,42.86,14.05,3490.0,0.0,1.0,Risco educacional,Critico,28.81
402,2401701,Bom Jesus,RN,Nordeste,36.61,53.3,,9952.0,0.0,1.0,Risco educacional,Critico,
403,2900207,Abaré,BA,Nordeste,28.28,18.24,43.32,17639.0,0.0,1.0,Risco educacional,Critico,-25.08
404,2802601,Graccho Cardoso,SE,Nordeste,20.0,16.67,35.57,5834.0,0.0,1.0,Risco educacional,Critico,-18.9
405,2926657,Ribeirão do Largo,BA,Nordeste,47.25,52.63,57.87,9740.0,0.0006,0.9994,Risco educacional,Critico,-5.24
406,1505486,Pacajá,PA,Norte,37.32,45.49,50.64,41097.0,0.001,0.999,Risco educacional,Critico,-5.15
407,2411403,Santana do Matos,RN,Nordeste,21.7,51.92,37.27,12456.0,0.0012,0.9988,Risco educacional,Critico,14.65
408,2408300,Nova Cruz,RN,Nordeste,30.54,28.42,45.24,34269.0,0.0013,0.9987,Risco educacional,Critico,-16.82
409,2909406,Cotegipe,BA,Nordeste,40.77,41.9,53.23,13063.0,0.002,0.998,Risco educacional,Critico,-11.33
410,1503457,Ipixuna do Pará,PA,Norte,39.7,42.95,52.44,30329.0,0.0036,0.9964,Risco educacional,Critico,-9.49
411,1703008,Babaçulândia,TO,Norte,20.49,19.17,36.07,7880.0,0.0044,0.9956,Risco educacional,Critico,-16.9
412,1304260,Uarini,AM,Norte,13.39,11.25,28.14,14431.0,0.0044,0.9956,Risco educacional,Critico,-16.89
413,1700400,Almas,TO,Norte,15.92,48.18,31.16,6499.0,0.0044,0.9956,Risco educacional,Critico,17.02
414,2921054,Matina,BA,Nordeste,41.7,42.52,53.91,10330.0,0.0044,0.9956,Risco educacional,Critico,-11.39
415,2906899,Caraíbas,BA,Nordeste,46.59,35.56,57.41,9940.0,0.0044,0.9956,Risco educacional,Critico,-21.85
416,2801702,Cristinápolis,SE,Nordeste,24.74,34.73,40.17,17100.0,0.0044,0.9956,Risco educacional,Critico,-5.44
417,2409308,Patu,RN,Nordeste,32.16,32.76,46.58,11007.0,0.0044,0.9956,Risco educacional,Critico,-13.82
418,4303103,Cachoeirinha,RS,Sul,58.04,40.6,65.2,136258.0,0.0044,0.9956,Risco educacional,Critico,-24.6
419,2401206,Arez,RN,Nordeste,24.75,31.22,40.17,13251.0,0.0044,0.9956,Risco educacional,Critico,-8.95
420,2403400,Equador,RN,Nordeste,20.52,59.19,36.1,5360.0,0.0044,0.9956,Risco educacional,Critico,23.09
421,2406700,Lajes,RN,Nordeste,29.12,36.01,44.05,9866.0,0.0044,0.9956,Risco educacional,Critico,-8.04
422,2413300,Serra de São Bento,RN,Nordeste,26.92,42.09,42.13,5703.0,0.0044,0.9956,Risco educacional,Critico,-0.04
423,2909604,Crisópolis,BA,Nordeste,50.31,43.05,59.99,19729.0,0.0044,0.9956,Risco educacional,Critico,-16.94
424,1303536,Presidente Figueiredo,AM,Norte,34.17,35.31,48.19,30668.0,0.0044,0.9956,Risco educacional,Critico,-12.88
425,2931202,Taperoá,BA,Nordeste,38.83,47.52,51.79,18044.0,0.0044,0.9956,Risco educacional,Critico,-4.27
426,2923308,Ouriçangas,BA,Nordeste,35.94,50.59,49.58,7716.0,0.0044,0.9956,Risco educacional,Critico,1.01
427,4302600,Braga,RS,Sul,40.0,20.0,52.66,3268.0,0.0044,0.9956,Risco educacional,Critico,-32.66
428,2917334,Iuiu,BA,Nordeste,49.03,25.53,59.11,11118.0,0.0044,0.9956,Risco educacional,Critico,-33.58
429,2407302,Marcelino Vieira,RN,Nordeste,26.9,22.73,42.12,7896.0,0.0044,0.9956,Risco educacional,Critico,-19.39
430,1502509,Chaves,PA,Norte,44.8,74.09,56.14,20757.0,0.0044,0.9956,Risco educacional,Critico,17.95
431,2402907,Coronel João Pessoa,RN,Nordeste,23.86,47.83,39.35,4237.0,0.0044,0.9956,Risco educacional,Critico,8.48
432,2903706,Boa Nova,BA,Nordeste,44.22,46.51,55.73,13690.0,0.0044,0.9956,Risco educacional,Critico,-9.22
433,2901502,Anguera,BA,Nordeste,38.74,55.95,51.72,11031.0,0.0044,0.9956,Risco educacional,Critico,4.23
434,2403806,Florânia,RN,Nordeste,36.26,43.75,49.83,10196.0,0.0044,0.9956,Risco educacional,Critico,-6.08
435,2920403,Manoel Vitorino,BA,Nordeste,39.54,41.67,52.32,13860.0,0.0044,0.9956,Risco educacional,Critico,-10.65
436,2902054,Araçás,BA,Nordeste,36.67,38.26,50.14,11557.0,0.0044,0.9956,Risco educacional,Critico,-11.88
437,2919306,Lençóis,BA,Nordeste,36.17,37.66,49.76,10774.0,0.0044,0.9956,Risco educacional,Critico,-12.1
438,2801603,Cedro de São João,SE,Nordeste,22.22,45.3,37.78,5391.0,0.0044,0.9956,Risco educacional,Critico,7.52
439,2807105,Simão Dias,SE,Nordeste,33.19,30.35,47.41,42578.0,0.0044,0.9956,Risco educacional,Critico,-17.06
440,2805307,Pirambu,SE,Nordeste,25.81,37.68,41.14,7913.0,0.0044,0.9956,Risco educacional,Critico,-3.46
441,2901403,Angical,BA,Nordeste,38.05,28.44,51.2,13732.0,0.0044,0.9956,Risco educacional,Critico,-22.76
442,1703073,Barra do Ouro,TO,Norte,11.92,18.26,26.26,4476.0,0.0044,0.9956,Risco educacional,Critico,-8.0
443,2904050,Bonito,BA,Nordeste,40.18,34.0,52.79,15844.0,0.0044,0.9956,Risco educacional,Critico,-18.79
444,5004809,Japorã,MS,Centro-Oeste,12.68,41.76,27.25,8148.0,0.0044,0.9956,Risco educacional,Critico,14.51
445,2907707,Chorrochó,BA,Nordeste,34.56,36.19,48.5,10579.0,0.0044,0.9956,Risco educacional,Critico,-12.31
446,2401008,Apodi,RN,Nordeste,36.86,48.86,50.29,36093.0,0.0044,0.9956,Risco educacional,Critico,-1.43
447,1507805,Senador José Porfírio,PA,Norte,33.22,35.9,47.44,22576.0,0.0044,0.9956,Risco educacional,Critico,-11.54
448,2410900,Riachuelo,RN,Nordeste,41.04,27.78,53.43,7389.0,0.0044,0.9956,Risco educacional,Critico,-25.65
449,2412203,São José de Mipibu,RN,Nordeste,34.64,34.77,48.56,47286.0,0.0044,0.9956,Risco educacional,Critico,-13.79
450,2921609,Morpará,BA,Nordeste,31.78,28.89,46.27,7996.0,0.0044,0.9956,Risco educacional,Critico,-17.38
451,2902807,Barra da Estiva,BA,Nordeste,47.58,47.17,58.1,26026.0,0.0044,0.9956,Risco educacional,Critico,-10.93
452,2905107,Caém,BA,Nordeste,35.37,36.71,49.14,10384.0,0.0044,0.9956,Risco educacional,Critico,-12.43
453,2902500,Baianópolis,BA,Nordeste,39.85,35.92,52.55,13614.0,0.0044,0.9956,Risco educacional,Critico,-16.63
454,2406106,Jucurutu,RN,Nordeste,27.56,43.69,42.7,17793.0,0.0044,0.9956,Risco educacional,Critico,0.99
455,2933109,Várzea do Poço,BA,Nordeste,44.82,43.64,56.16,8101.0,0.0044,0.9956,Risco educacional,Critico,-12.52
456,2922730,Nova Fátima,BA,Nordeste,46.81,31.91,57.56,7967.0,0.0044,0.9956,Risco educacional,Critico,-25.65
457,2923605,Paramirim,BA,Nordeste,46.89,48.94,57.62,20351.0,0.0044,0.9956,Risco educacional,Critico,-8.68
458,1302009,Itapiranga,AM,Norte,26.96,36.03,,10162.0,0.0044,0.9956,Risco educacional,Critico,
459,1303601,Santa Isabel do Rio Negro,AM,Norte,26.71,36.02,41.95,14164.0,0.0044,0.9956,Risco educacional,Critico,-5.93
460,2922250,Muquém do São Francisco,BA,Nordeste,30.98,22.03,45.61,10443.0,0.0044,0.9956,Risco educacional,Critico,-23.58
461,2911303,Gentio do Ouro,BA,Nordeste,45.07,54.32,56.33,10884.0,0.0044,0.9956,Risco educacional,Critico,-2.01
462,2901304,Andaraí,BA,Nordeste,44.8,47.79,56.14,13080.0,0.0044,0.9956,Risco educacional,Critico,-8.35
463,4321303,Taquari,RS,Sul,49.6,13.2,59.5,25198.0,0.0044,0.9956,Risco educacional,Critico,-46.3
464,2921450,Mirante,BA,Nordeste,52.17,46.15,61.26,10187.0,0.0044,0.9956,Risco educacional,Critico,-15.11
465,2507002,Itaporanga,PB,Nordeste,17.96,48.7,33.43,23940.0,0.0044,0.9956,Risco educacional,Critico,15.27
466,2933174,Varzedo,BA,Nordeste,44.14,40.0,55.67,9913.0,0.0044,0.9956,Risco educacional,Critico,-15.67
467,2405603,Jardim de Piranhas,RN,Nordeste,30.4,63.05,45.13,13977.0,0.0044,0.9956,Risco educacional,Critico,17.92
468,2408201,Nísia Floresta,RN,Nordeste,32.17,49.76,46.59,31942.0,0.0044,0.9956,Risco educacional,Critico,3.17
469,2902302,Aratuípe,BA,Nordeste,47.9,60.0,58.32,8677.0,0.0044,0.9956,Risco educacional,Critico,1.68
470,2806909,São Francisco,SE,Nordeste,34.78,81.25,48.68,3243.0,0.0044,0.9956,Risco educacional,Critico,32.57
471,2912509,Ibipitanga,BA,Nordeste,44.17,46.81,55.69,13863.0,0.0044,0.9956,Risco educacional,Critico,-8.88
472,2401453,Baraúna,RN,Nordeste,32.01,44.48,46.46,26913.0,0.0044,0.9956,Risco educacional,Critico,-1.98
473,2922805,Nova Itarana,BA,Nordeste,32.97,34.65,47.23,7780.0,0.0044,0.9956,Risco educacional,Critico,-12.58
474,1300508,Barreirinha,AM,Norte,29.7,24.4,44.54,31051.0,0.0044,0.9956,Risco educacional,Critico,-20.14
475,2924801,Piritiba,BA,Nordeste,43.07,40.58,54.9,17566.0,0.0044,0.9956,Risco educacional,Critico,-14.32
476,2805505,Poço Verde,SE,Nordeste,30.77,40.54,45.43,21794.0,0.0044,0.9956,Risco educacional,Critico,-4.89
477,1302801,Maraã,AM,Norte,20.95,48.41,36.53,15529.0,0.0044,0.9956,Risco educacional,Critico,11.88
478,1718865,Santa Fé do Araguaia,TO,Norte,16.67,31.33,32.01,7216.0,0.0044,0.9956,Risco educacional,Critico,-0.68
479,2906600,Candiba,BA,Nordeste,46.72,41.67,57.5,13016.0,0.0044,0.9956,Risco educacional,Critico,-15.83
480,2915700,Itamari,BA,Nordeste,59.67,36.76,66.28,7051.0,0.0044,0.9956,Risco educacional,Critico,-29.52
481,2914406,Iraquara,BA,Nordeste,38.87,44.24,51.82,23879.0,0.0044,0.9956,Risco educacional,Critico,-7.58
482,2931004,Tanhaçu,BA,Nordeste,58.73,47.42,65.66,21006.0,0.0044,0.9956,Risco educacional,Critico,-18.24
483,2900108,Abaíra,BA,Nordeste,34.57,42.42,48.51,7301.0,0.0044,0.9956,Risco educacional,Critico,-6.09
484,2701308,Cajueiro,AL,Nordeste,26.75,33.4,41.98,16024.0,0.0044,0.9956,Risco educacional,Critico,-8.58
485,2905008,Caculé,BA,Nordeste,51.82,47.96,61.02,22462.0,0.0044,0.9956,Risco educacional,Critico,-13.06
486,2911709,Guanambi,BA,Nordeste,48.58,46.39,58.8,87817.0,0.0044,0.9956,Risco educacional,Critico,-12.41
487,1303569,Rio Preto da Eva,AM,Norte,35.31,46.76,49.09,24936.0,0.0044,0.9956,Risco educacional,Critico,-2.33
488,2926905,Rio do Pires,BA,Nordeste,36.5,15.62,50.01,10497.0,0.0044,0.9956,Risco educacional,Critico,-34.39
489,2908804,Contendas do Sincorá,BA,Nordeste,24.0,40.62,39.48,4333.0,0.0044,0.9956,Risco educacional,Critico,1.14
490,2704302,Maceió,AL,Nordeste,39.23,40.95,52.09,957916.0,0.0044,0.9956,Risco educacional,Critico,-11.14
491,2916807,Itarantim,BA,Nordeste,38.17,41.07,51.29,17052.0,0.0044,0.9956,Risco educacional,Critico,-10.22
492,1500404,Alenquer,PA,Norte,36.41,34.75,49.94,69377.0,0.0044,0.9956,Risco educacional,Critico,-15.19
493,1508308,Viseu,PA,Norte,34.28,38.21,48.28,58692.0,0.0044,0.9956,Risco educacional,Critico,-10.07
494,4311007,Jaguarão,RS,Sul,48.21,33.6,58.54,26603.0,0.0044,0.9956,Risco educacional,Critico,-24.94
495,2900355,Adustina,BA,Nordeste,44.68,42.45,56.06,14201.0,0.0044,0.9956,Risco educacional,Critico,-13.61
496,2922409,Mutuípe,BA,Nordeste,58.37,48.92,65.42,20037.0,0.0044,0.9956,Risco educacional,Critico,-16.5
497,2402501,Carnaubais,RN,Nordeste,27.39,42.31,42.55,9714.0,0.0044,0.9956,Risco educacional,Critico,-0.24
498,2413706,Sítio Novo,RN,Nordeste,28.73,48.74,43.71,4654.0,0.0044,0.9956,Risco educacional,Critico,5.03
499,2909703,Cristópolis,BA,Nordeste,44.52,43.75,55.94,13993.0,0.0044,0.9956,Risco educacional,Critico,-12.19
500,2806305,Santa Luzia do Itanhy,SE,Nordeste,25.9,22.15,41.22,13616.0,0.0044,0.9956,Risco educacional,Critico,-19.07
501,2803500,Lagarto,SE,Nordeste,35.6,31.27,49.32,101579.0,0.0044,0.9956,Risco educacional,Critico,-18.05
502,2930907,Tabocas do Brejo Velho,BA,Nordeste,35.84,43.31,49.5,11979.0,0.0044,0.9956,Risco educacional,Critico,-6.19
503,1507474,São João de Pirabas,PA,Norte,29.84,40.76,44.66,20689.0,0.0044,0.9956,Risco educacional,Critico,-3.9
504,2801405,Carira,SE,Nordeste,33.52,34.24,47.68,19939.0,0.0044,0.9956,Risco educacional,Critico,-13.44
505,2917607,Jaguaquara,BA,Nordeste,46.31,53.7,57.21,45964.0,0.0044,0.9956,Risco educacional,Critico,-3.51
506,1503077,Garrafão do Norte,PA,Norte,37.96,32.89,51.13,24703.0,0.0044,0.9956,Risco educacional,Critico,-18.24
507,2921104,Medeiros Neto,BA,Nordeste,51.46,46.9,60.77,22194.0,0.0044,0.9956,Risco educacional,Critico,-13.87
508,2804607,Nossa Senhora das Dores,SE,Nordeste,32.7,28.39,47.02,24996.0,0.0044,0.9956,Risco educacional,Critico,-18.63
509,4316402,Rosário do Sul,RS,Sul,35.19,34.1,49.0,36630.0,0.0044,0.9956,Risco educacional,Critico,-14.9
510,2803401,Japoatã,SE,Nordeste,26.06,39.3,41.37,13407.0,0.0044,0.9956,Risco educacional,Critico,-2.07
511,1504703,Moju,PA,Norte,32.11,34.29,46.54,84094.0,0.0044,0.9956,Risco educacional,Critico,-12.25
512,2400307,Afonso Bezerra,RN,Nordeste,39.47,59.25,,10839.0,0.0044,0.9956,Risco educacional,Critico,
513,2923001,Nova Viçosa,BA,Nordeste,56.37,37.21,64.09,39509.0,0.0044,0.9956,Risco educacional,Critico,-26.88
514,2806206,Salgado,SE,Nordeste,33.77,44.89,47.88,20279.0,0.0044,0.9956,Risco educacional,Critico,-2.99
515,2925956,Rafael Jambeiro,BA,Nordeste,48.41,33.53,58.68,19662.0,0.0044,0.9956,Risco educacional,Critico,-25.15
516,2801306,Capela,SE,Nordeste,33.52,35.78,47.68,31645.0,0.0044,0.9956,Risco educacional,Critico,-11.9
517,1505809,Portel,PA,Norte,43.69,40.72,55.35,62503.0,0.0044,0.9956,Risco educacional,Critico,-14.63
518,2410702,Riacho da Cruz,RN,Nordeste,25.0,37.5,40.4,2701.0,0.0044,0.9956,Risco educacional,Critico,-2.9
519,2402105,Campo Redondo,RN,Nordeste,24.04,39.72,39.52,10215.0,0.0044,0.9956,Risco educacional,Critico,0.2
520,2907558,Caturama,BA,Nordeste,46.92,50.85,57.64,8841.0,0.0044,0.9956,Risco educacional,Critico,-6.79
521,1707702,Filadélfia,TO,Norte,11.95,12.63,26.3,7712.0,0.0044,0.9956,Risco educacional,Critico,-13.67
522,2903276,Barrocas,BA,Nordeste,42.08,46.15,54.19,15203.0,0.0044,0.9956,Risco educacional,Critico,-8.04
523,1709005,Goiatins,TO,Norte,12.54,38.49,27.07,12433.0,0.0044,0.9956,Risco educacional,Critico,11.42
524,1715259,Novo Jardim,TO,Norte,22.32,61.24,37.88,2230.0,0.0044,0.9956,Risco educacional,Critico,23.36
525,4317103,Sant'Ana do Livramento,RS,Sul,49.75,44.5,59.6,84421.0,0.009,0.991,Risco educacional,Critico,-15.1
526,1501709,Bragança,PA,Norte,42.72,37.0,54.65,123082.0,0.0099,0.9901,Risco educacional,Critico,-17.65
527,2505238,Cuité de Mamanguape,PB,Nordeste,10.33,22.16,24.09,6251.0,0.0116,0.9884,Risco educacional,Critico,-1.93
528,4306767,Eldorado do Sul,RS,Sul,47.65,27.9,,39559.0,0.0121,0.9879,Risco educacional,Critico,
529,1507300,São Félix do Xingu,PA,Norte,39.67,30.95,39.2,65418.0,0.0121,0.9879,Risco educacional,Critico,-8.25
530,4311130,Jari,RS,Sul,61.2,36.4,44.16,3349.0,0.0121,0.9879,Risco educacional,Critico,-7.76
531,1502707,Conceição do Araguaia,PA,Norte,38.67,50.69,51.67,44617.0,0.0166,0.9834,Risco educacional,Critico,-0.98
532,2413359,Serra do Mel,RN,Nordeste,32.67,27.68,46.99,13091.0,0.0166,0.9834,Risco educacional,Critico,-19.31
533,4315305,Quaraí,RS,Sul,54.77,36.3,63.01,23500.0,0.0166,0.9834,Risco educacional,Critico,-26.71
534,4304606,Canoas,RS,Sul,53.16,41.4,61.93,347657.0,0.0166,0.9834,Risco educacional,Critico,-20.53
535,1503408,Inhangapi,PA,Norte,21.83,45.41,37.4,10325.0,0.0166,0.9834,Risco educacional,Critico,8.01
536,4304101,Campos Borges,RS,Sul,26.46,33.9,41.73,3613.0,0.0166,0.9834,Risco educacional,Critico,-7.83
537,4317301,Santa Vitória do Palmar,RS,Sul,56.01,45.4,63.84,30983.0,0.0166,0.9834,Risco educacional,Critico,-18.44
538,2933307,Vitória da Conquista,BA,Nordeste,47.86,42.75,58.3,370879.0,0.0166,0.9834,Risco educacional,Critico,-15.55
539,2904605,Brumado,BA,Nordeste,53.28,42.15,62.01,70510.0,0.0166,0.9834,Risco educacional,Critico,-19.86
540,2411007,Rodolfo Fernandes,RN,Nordeste,31.19,41.06,45.78,4242.0,0.0166,0.9834,Risco educacional,Critico,-4.72
541,2401305,Campo Grande,RN,Nordeste,36.13,43.77,49.73,9730.0,0.0166,0.9834,Risco educacional,Critico,-5.96
542,2916708,Itaquara,BA,Nordeste,34.36,34.25,48.34,8153.0,0.0166,0.9834,Risco educacional,Critico,-14.09
543,2909505,Cravolândia,BA,Nordeste,57.33,34.55,64.73,4415.0,0.0166,0.9834,Risco educacional,Critico,-30.18
544,2806503,Santa Rosa de Lima,SE,Nordeste,25.0,26.74,40.4,3937.0,0.0166,0.9834,Risco educacional,Critico,-13.66
545,1703909,Caseara,TO,Norte,17.04,31.53,32.42,4847.0,0.0166,0.9834,Risco educacional,Critico,-0.89
546,4301107,Arroio dos Ratos,RS,Sul,40.49,43.2,53.02,14601.0,0.0166,0.9834,Risco educacional,Critico,-9.82
547,2923506,Palmeiras,BA,Nordeste,43.73,40.45,55.38,10339.0,0.0166,0.9834,Risco educacional,Critico,-14.93
548,1718006,Porto Alegre do Tocantins,TO,Norte,7.57,37.89,19.92,2866.0,0.0166,0.9834,Risco educacional,Critico,17.97
549,2926806,Rio do Antônio,BA,Nordeste,62.54,43.82,68.18,13146.0,0.0166,0.9834,Risco educacional,Critico,-24.36
550,2903003,Barra do Mendes,BA,Nordeste,39.25,32.43,52.1,13836.0,0.0166,0.9834,Risco educacional,Critico,-19.67
551,2706109,Ouro Branco,AL,Nordeste,20.41,52.43,35.99,11446.0,0.0166,0.9834,Risco educacional,Critico,16.44
552,2415008,Vila Flor,RN,Nordeste,19.38,39.06,34.93,3174.0,0.0166,0.9834,Risco educacional,Critico,4.13
553,2921005,Mata de São João,BA,Nordeste,54.01,56.92,62.5,42566.0,0.0166,0.9834,Risco educacional,Critico,-5.58
554,4320008,Sapucaia do Sul,RS,Sul,59.14,48.0,65.93,132107.0,0.0166,0.9834,Risco educacional,Critico,-17.93
555,2901007,Amargosa,BA,Nordeste,51.07,51.0,60.51,36521.0,0.0166,0.9834,Risco educacional,Critico,-9.51
556,2904308,Brejões,BA,Nordeste,53.47,47.62,62.14,12943.0,0.0166,0.9834,Risco educacional,Critico,-14.52
557,2904001,Boninal,BA,Nordeste,45.05,48.96,56.32,13622.0,0.0166,0.9834,Risco educacional,Critico,-7.36
558,2927309,Salinas da Margarida,BA,Nordeste,47.81,45.77,58.26,14987.0,0.0166,0.9834,Risco educacional,Critico,-12.49
559,4322400,Uruguaiana,RS,Sul,61.3,47.3,67.36,117210.0,0.0166,0.9834,Risco educacional,Critico,-20.06
560,1500107,Abaetetuba,PA,Norte,39.73,35.85,52.46,158188.0,0.0166,0.9834,Risco educacional,Critico,-16.61
561,4311205,Júlio de Castilhos,RS,Sul,61.21,42.2,49.24,18226.0,0.0166,0.9834,Risco educacional,Critico,-7.04
562,4315602,Rio Grande,RS,Sul,54.17,43.2,62.61,191900.0,0.0166,0.9834,Risco educacional,Critico,-19.41
563,4301602,Bagé,RS,Sul,62.01,46.6,67.83,117938.0,0.0166,0.9834,Risco educacional,Critico,-21.23
564,4318705,São Leopoldo,RS,Sul,57.01,37.2,64.51,217409.0,0.0166,0.9834,Risco educacional,Critico,-27.31
565,2929057,São Félix do Coribe,BA,Nordeste,54.89,36.59,63.09,15194.0,0.0166,0.9834,Risco educacional,Critico,-26.5
566,2412807,São Rafael,RN,Nordeste,19.8,25.47,35.36,7711.0,0.0166,0.9834,Risco educacional,Critico,-9.89
567,4305157,Cerro Grande,RS,Sul,50.0,100.0,,2379.0,0.0166,0.9834,Risco educacional,Critico,
568,2932101,Ubaíra,BA,Nordeste,47.39,38.93,57.97,18626.0,0.0166,0.9834,Risco educacional,Critico,-19.04
569,2915205,Itagibá,BA,Nordeste,36.92,44.21,50.34,15310.0,0.0166,0.9834,Risco educacional,Critico,-6.13
570,1301506,Envira,AM,Norte,56.52,19.3,27.7,17186.0,0.0166,0.9834,Risco educacional,Critico,-8.4
571,2903300,Barro Preto,BA,Nordeste,39.29,24.72,52.13,5833.0,0.0166,0.9834,Risco educacional,Critico,-27.41
572,1718501,Recursolândia,TO,Norte,4.56,50.29,14.48,3421.0,0.0166,0.9834,Risco educacional,Critico,35.81
573,4305454,Cidreira,RS,Sul,42.82,28.2,,17071.0,0.0166,0.9834,Risco educacional,Critico,
574,2910107,Dom Basílio,BA,Nordeste,48.34,42.74,58.63,11884.0,0.0166,0.9834,Risco educacional,Critico,-15.89
575,4323002,Viamão,RS,Sul,58.86,38.9,65.74,224112.0,0.0166,0.9834,Risco educacional,Critico,-26.84
576,2923803,Paripiranga,BA,Nordeste,51.85,39.8,61.04,26604.0,0.0166,0.9834,Risco educacional,Critico,-21.24
577,1717800,Ponte Alta do Bom Jesus,TO,Norte,9.52,44.56,22.93,4220.0,0.0166,0.9834,Risco educacional,Critico,21.63
578,2405306,Januário Cicco,RN,Nordeste,45.53,20.55,,9051.0,0.0166,0.9834,Risco educacional,Critico,
579,1504604,Mocajuba,PA,Norte,31.97,37.29,46.42,27198.0,0.0171,0.9829,Risco educacional,Critico,-9.13
580,2917904,Jandaíra,BA,Nordeste,50.51,36.08,60.12,9285.0,0.0221,0.9779,Risco educacional,Critico,-24.04
581,2917201,Ituaçu,BA,Nordeste,57.52,43.98,64.85,17914.0,0.0242,0.9758,Risco educacional,Critico,-20.87
582,2500304,Alagoa Grande,PB,Nordeste,31.28,28.48,45.86,26062.0,0.0244,0.9756,Risco educacional,Critico,-17.38
583,2506905,Itabaiana,PB,Nordeste,25.33,54.38,40.71,23182.0,0.0244,0.9756,Risco educacional,Critico,13.67
584,2400901,Antônio Martins,RN,Nordeste,25.23,37.67,40.62,6577.0,0.0244,0.9756,Risco educacional,Critico,-2.95
585,1507102,São Caetano de Odivelas,PA,Norte,33.37,69.85,47.56,16666.0,0.0248,0.9752,Risco educacional,Critico,22.29
586,2801504,Carmópolis,SE,Nordeste,24.85,16.16,40.27,13853.0,0.0252,0.9748,Risco educacional,Critico,-24.11
587,2412559,São Miguel do Gostoso,RN,Nordeste,33.46,30.54,38.85,10221.0,0.0282,0.9718,Risco educacional,Critico,-8.31
588,1300607,Benjamin Constant,AM,Norte,38.02,34.3,42.28,37648.0,0.0321,0.9679,Risco educacional,Critico,-7.98
589,4302006,Barros Cassal,RS,Sul,51.05,46.9,60.49,9296.0,0.0321,0.9679,Risco educacional,Critico,-13.59
590,2919959,Maetinga,BA,Nordeste,60.98,47.37,67.15,6973.0,0.0339,0.9661,Risco educacional,Critico,-19.78
591,4301636,Balneário Pinhal,RS,Sul,58.38,43.6,65.43,14955.0,0.0345,0.9655,Risco educacional,Critico,-21.83
592,5005608,Miranda,MS,Centro-Oeste,26.61,38.78,41.86,25536.0,0.0355,0.9645,Risco educacional,Critico,-3.08
593,3534401,Osasco,SP,Sudeste,45.95,49.13,56.96,728615.0,0.036,0.964,Risco educacional,Critico,-7.83
594,2802106,Estância,SE,Nordeste,33.96,29.77,48.03,65078.0,0.0366,0.9634,Risco educacional,Critico,-18.26
595,2806602,Santo Amaro das Brotas,SE,Nordeste,34.57,26.79,48.51,11092.0,0.0366,0.9634,Risco educacional,Critico,-21.72
596,1300300,Autazes,AM,Norte,44.6,35.04,,41564.0,0.0366,0.9634,Risco educacional,Critico,
597,2400208,Assú,RN,Nordeste,42.17,40.86,54.25,56496.0,0.0366,0.9634,Risco educacional,Critico,-13.39
598,4309308,Guaíba,RS,Sul,49.72,31.5,59.58,92924.0,0.0366,0.9634,Risco educacional,Critico,-28.08
599,2411056,Tibau,RN,Nordeste,23.53,22.22,,5382.0,0.0366,0.9634,Risco educacional,Critico,
600,2922201,Muniz Ferreira,BA,Nordeste,45.91,41.27,56.93,7190.0,0.0366,0.9634,Risco educacional,Critico,-15.66
601,4300406,Alegrete,RS,Sul,53.93,41.0,,72409.0,0.0366,0.9634,Risco educacional,Critico,
602,2805802,Riachão do Dantas,SE,Nordeste,37.96,34.65,51.13,18313.0,0.0366,0.9634,Risco educacional,Critico,-16.48
603,2407906,Monte das Gameleiras,RN,Nordeste,33.36,32.92,47.55,2276.0,0.0366,0.9634,Risco educacional,Critico,-14.63
604,4301305,Arroio Grande,RS,Sul,60.01,38.1,,17558.0,0.0392,0.9608,Risco educacional,Critico,
605,1701309,Aragominas,TO,Norte,24.61,52.57,40.05,5290.0,0.0395,0.9605,Risco educacional,Critico,12.52
606,2908101,Cocos,BA,Nordeste,48.62,51.69,58.82,19151.0,0.0402,0.9598,Risco educacional,Critico,-7.13
607,2910206,Dom Macedo Costa,BA,Nordeste,85.87,52.38,80.0,4407.0,0.0423,0.9577,Risco educacional,Critico,-27.62
608,1505304,Oriximiná,PA,Norte,34.52,30.61,48.47,68294.0,0.0436,0.9564,Risco educacional,Critico,-17.86
609,5000708,Anastácio,MS,Centro-Oeste,27.37,40.97,42.53,24114.0,0.0451,0.9549,Risco educacional,Critico,-1.56
610,2806404,Santana do São Francisco,SE,Nordeste,28.89,22.21,43.85,7346.0,0.0454,0.9546,Risco educacional,Critico,-21.64
611,1500958,Aurora do Pará,PA,Norte,33.96,55.54,48.03,23774.0,0.0464,0.9536,Risco educacional,Critico,7.51
612,1504901,Muaná,PA,Norte,36.17,33.63,49.76,45368.0,0.0481,0.9519,Risco educacional,Critico,-16.13
613,2501153,Areia de Baraúnas,PB,Nordeste,25.0,36.36,40.4,2005.0,0.0481,0.9519,Risco educacional,Critico,-4.04
614,1303809,São Gabriel da Cachoeira,AM,Norte,36.49,31.59,50.01,51795.0,0.0481,0.9519,Risco educacional,Critico,-18.42
615,1500602,Altamira,PA,Norte,46.67,45.32,57.46,126279.0,0.0481,0.9519,Risco educacional,Critico,-12.14
616,2709202,Traipu,AL,Nordeste,31.62,47.49,46.14,23565.0,0.0481,0.9519,Risco educacional,Critico,1.35
617,1503705,Itupiranga,PA,Norte,42.67,44.08,54.62,49754.0,0.0481,0.9519,Risco educacional,Critico,-10.54
618,2920502,Maracás,BA,Nordeste,52.47,43.58,61.46,27620.0,0.0481,0.9519,Risco educacional,Critico,-17.88
619,1717503,Pium,TO,Norte,21.88,43.07,37.45,7128.0,0.0481,0.9519,Risco educacional,Critico,5.62
620,1703842,Campos Lindos,TO,Norte,16.16,38.52,31.43,8653.0,0.0481,0.9519,Risco educacional,Critico,7.09
621,1714880,Nova Olinda,TO,Norte,25.45,40.7,40.82,10367.0,0.0481,0.9519,Risco educacional,Critico,-0.12
622,1501303,Barcarena,PA,Norte,46.55,39.5,57.38,126650.0,0.0481,0.9519,Risco educacional,Critico,-17.88
623,1703883,Carmolândia,TO,Norte,25.12,27.47,40.51,2201.0,0.0481,0.9519,Risco educacional,Critico,-13.04
624,1507953,Tailândia,PA,Norte,37.67,37.9,50.91,72493.0,0.0481,0.9519,Risco educacional,Critico,-13.01
625,1705607,Conceição do Tocantins,TO,Norte,27.6,35.8,42.73,3887.0,0.0481,0.9519,Risco educacional,Critico,-6.93
626,1503507,Irituia,PA,Norte,45.28,49.64,56.48,30955.0,0.0481,0.9519,Risco educacional,Critico,-6.84
627,2928901,São Desidério,BA,Nordeste,44.69,54.07,56.06,32828.0,0.0481,0.9519,Risco educacional,Critico,-1.99
628,1303502,Pauini,AM,Norte,38.95,48.43,51.88,19373.0,0.0481,0.9519,Risco educacional,Critico,-3.45
629,2515005,São Miguel de Taipu,PB,Nordeste,10.07,100.0,23.72,7066.0,0.0481,0.9519,Risco educacional,Critico,76.28
630,1711951,Lagoa do Tocantins,TO,Norte,20.75,15.09,36.33,3516.0,0.0481,0.9519,Risco educacional,Critico,-21.24
631,3305109,São João de Meriti,RJ,Sudeste,37.6,35.97,50.86,440962.0,0.0481,0.9519,Risco educacional,Critico,-14.89
632,1504059,Mãe do Rio,PA,Norte,45.48,46.97,56.63,34353.0,0.0481,0.9519,Risco educacional,Critico,-9.66
633,1718550,Riachinho,TO,Norte,21.31,54.32,36.89,3960.0,0.0481,0.9519,Risco educacional,Critico,17.43
634,2800704,Brejo Grande,SE,Nordeste,27.27,34.6,42.44,7841.0,0.0481,0.9519,Risco educacional,Critico,-7.84
635,4321600,Tramandaí,RS,Sul,54.39,36.7,62.76,54387.0,0.0487,0.9513,Risco educacional,Critico,-26.06
636,1703867,Cariri do Tocantins,TO,Norte,15.77,52.01,30.99,4007.0,0.0509,0.9491,Risco educacional,Critico,21.02
637,5002704,Campo Grande,MS,Centro-Oeste,41.61,51.76,53.84,898100.0,0.0521,0.9479,Risco educacional,Critico,-2.08
638,2803906,Malhador,SE,Nordeste,34.29,36.75,48.29,11533.0,0.0521,0.9479,Risco educacional,Critico,-11.54
639,2802205,Feira Nova,SE,Nordeste,29.58,26.0,44.44,5975.0,0.0551,0.9449,Risco educacional,Critico,-18.44
640,2403103,Currais Novos,RN,Nordeste,41.2,46.77,53.54,41313.0,0.0566,0.9434,Risco educacional,Critico,-6.77
641,2407005,Luís Gomes,RN,Nordeste,26.23,26.6,41.52,9070.0,0.0566,0.9434,Risco educacional,Critico,-14.92
642,1503093,Goianésia do Pará,PA,Norte,46.05,42.29,57.03,26362.0,0.0566,0.9434,Risco educacional,Critico,-14.74
643,2409407,Pau dos Ferros,RN,Nordeste,38.86,38.9,51.81,30479.0,0.0566,0.9434,Risco educacional,Critico,-12.91
644,1505700,Ponta de Pedras,PA,Norte,38.7,57.13,51.69,24984.0,0.0566,0.9434,Risco educacional,Critico,5.44
645,2413904,Taipu,RN,Nordeste,36.54,17.68,50.04,11422.0,0.0587,0.9413,Risco educacional,Critico,-32.36
646,2410405,Pureza,RN,Nordeste,35.91,36.22,49.56,9362.0,0.059,0.941,Risco educacional,Critico,-13.34
647,2703809,Joaquim Gomes,AL,Nordeste,33.47,27.93,47.64,17150.0,0.0608,0.9392,Risco educacional,Critico,-19.71
648,1301159,Careiro da Várzea,AM,Norte,38.04,27.35,51.19,19637.0,0.0624,0.9376,Risco educacional,Critico,-23.84
649,2800407,Arauá,SE,Nordeste,31.03,28.6,45.65,10318.0,0.0636,0.9364,Risco educacional,Critico,-17.05
650,2413201,Senador Georgino Avelino,RN,Nordeste,23.89,27.46,39.38,4065.0,0.0638,0.9362,Risco educacional,Critico,-11.92
651,2408003,Mossoró,RN,Nordeste,38.06,45.41,51.21,264577.0,0.064,0.936,Risco educacional,Critico,-5.8
652,4310603,Itaqui,RS,Sul,61.18,44.1,,35768.0,0.0641,0.9359,Risco educacional,Critico,
653,2501807,Bayeux,PB,Nordeste,33.89,36.71,47.97,82742.0,0.0675,0.9325,Risco educacional,Critico,-11.26
654,1506609,Santa Maria do Pará,PA,Norte,39.55,39.79,47.15,24624.0,0.0681,0.9319,Risco educacional,Critico,-7.36
655,1720309,São Sebastião do Tocantins,TO,Norte,26.56,58.96,41.81,4100.0,0.0681,0.9319,Risco educacional,Critico,17.15
656,1304203,Tefé,AM,Norte,41.26,36.78,44.5,73669.0,0.0681,0.9319,Risco educacional,Critico,-7.72
657,1301852,Iranduba,AM,Norte,45.23,34.35,56.45,61163.0,0.0681,0.9319,Risco educacional,Critico,-22.1
658,1713957,Muricilândia,TO,Norte,17.89,49.28,33.35,3367.0,0.0681,0.9319,Risco educacional,Critico,15.93
659,1501600,Bonito,PA,Norte,37.01,32.2,50.41,12622.0,0.0681,0.9319,Risco educacional,Critico,-18.21
660,2705606,Novo Lino,AL,Nordeste,27.37,39.85,42.53,10020.0,0.0681,0.9319,Risco educacional,Critico,-2.68
661,1507607,São Miguel do Guamá,PA,Norte,38.69,49.59,51.68,52894.0,0.0681,0.9319,Risco educacional,Critico,-2.09
662,3303500,Nova Iguaçu,RJ,Sudeste,33.23,33.42,47.44,785867.0,0.0681,0.9319,Risco educacional,Critico,-14.02
663,1500909,Augusto Corrêa,PA,Norte,38.56,43.99,51.58,44573.0,0.0681,0.9319,Risco educacional,Critico,-7.59
664,1506500,Santa Izabel do Pará,PA,Norte,40.8,34.18,53.25,73019.0,0.0681,0.9319,Risco educacional,Critico,-19.07
665,2402204,Canguaretama,RN,Nordeste,37.7,32.26,50.93,29668.0,0.0681,0.9319,Risco educacional,Critico,-18.67
666,1507508,São João do Araguaia,PA,Norte,33.62,35.42,47.76,13664.0,0.0681,0.9319,Risco educacional,Critico,-12.34
667,2403251,Parnamirim,RN,Nordeste,44.3,35.27,55.79,252716.0,0.0681,0.9319,Risco educacional,Critico,-20.52
668,1300805,Borba,AM,Norte,28.35,22.82,43.38,33080.0,0.0681,0.9319,Risco educacional,Critico,-20.56
669,2512036,Poço Dantas,PB,Nordeste,23.24,81.67,38.76,3830.0,0.0681,0.9319,Risco educacional,Critico,42.91
670,2703601,Japaratinga,AL,Nordeste,23.07,27.69,38.6,9219.0,0.0703,0.9297,Risco educacional,Critico,-10.91
671,2701209,Cacimbinhas,AL,Nordeste,30.55,54.19,45.25,10482.0,0.0703,0.9297,Risco educacional,Critico,8.94
672,2705309,Minador do Negrão,AL,Nordeste,30.02,27.99,44.81,4845.0,0.0703,0.9297,Risco educacional,Critico,-16.82
673,3304904,São Gonçalo,RJ,Sudeste,45.67,43.71,56.76,896744.0,0.0703,0.9297,Risco educacional,Critico,-13.05
674,2707404,Porto de Pedras,AL,Nordeste,30.12,27.47,44.89,9295.0,0.0703,0.9297,Risco educacional,Critico,-17.42
675,2914208,Irajuba,BA,Nordeste,40.34,65.38,52.91,6101.0,0.0736,0.9264,Risco educacional,Critico,12.47
676,4318622,São José dos Ausentes,RS,Sul,61.59,37.1,,4172.0,0.0743,0.9257,Risco educacional,Critico,
677,2704500,Maragogi,AL,Nordeste,32.4,45.6,46.77,32174.0,0.0756,0.9244,Risco educacional,Critico,-1.17
678,1720200,São Miguel do Tocantins,TO,Norte,26.98,36.9,42.19,13241.0,0.0764,0.9236,Risco educacional,Critico,-5.29
679,2403608,Extremoz,RN,Nordeste,48.0,34.55,58.39,61635.0,0.0767,0.9233,Risco educacional,Critico,-23.84
680,1304062,Tabatinga,AM,Norte,41.53,37.75,53.79,66764.0,0.0767,0.9233,Risco educacional,Critico,-16.04
681,2913002,Ibitiara,BA,Nordeste,62.17,37.36,67.94,14637.0,0.0794,0.9206,Risco educacional,Critico,-30.58
682,2904803,Caatiba,BA,Nordeste,48.46,50.0,58.71,6205.0,0.0823,0.9177,Risco educacional,Critico,-8.71
683,4302501,Bossoroca,RS,Sul,50.0,38.4,59.77,5890.0,0.0825,0.9175,Risco educacional,Critico,-21.37
684,2801009,Campo do Brito,SE,Nordeste,39.18,41.74,52.05,18149.0,0.0836,0.9164,Risco educacional,Critico,-10.31
685,2807402,Tobias Barreto,SE,Nordeste,41.9,46.26,54.06,50905.0,0.0836,0.9164,Risco educacional,Critico,-7.8
686,3552809,Taboão da Serra,SP,Sudeste,45.59,49.01,56.7,273542.0,0.0836,0.9164,Risco educacional,Critico,-7.69
687,1722107,Xambioá,TO,Norte,22.0,42.82,37.57,10517.0,0.0836,0.9164,Risco educacional,Critico,5.25
688,1600402,Mazagão,AP,Norte,29.38,44.22,44.27,21924.0,0.0836,0.9164,Risco educacional,Critico,-0.05
689,3510609,Carapicuíba,SP,Sudeste,45.21,44.8,56.43,386984.0,0.0836,0.9164,Risco educacional,Critico,-11.63
690,2806008,Ribeirópolis,SE,Nordeste,33.67,38.48,47.8,17033.0,0.0836,0.9164,Risco educacional,Critico,-9.32
691,2803708,Macambira,SE,Nordeste,38.3,29.17,51.39,6838.0,0.0836,0.9164,Risco educacional,Critico,-22.22
692,2806800,São Domingos,SE,Nordeste,29.59,29.79,44.44,10327.0,0.0836,0.9164,Risco educacional,Critico,-14.65
693,2403756,Fernando Pedroza,RN,Nordeste,32.84,58.82,47.13,2938.0,0.0844,0.9156,Risco educacional,Critico,11.69
694,2700508,Barra de Santo Antônio,AL,Nordeste,30.57,32.98,45.27,16365.0,0.0852,0.9148,Risco educacional,Critico,-12.29
695,2804458,Nossa Senhora Aparecida,SE,Nordeste,38.1,59.01,51.24,9232.0,0.0854,0.9146,Risco educacional,Critico,7.77
696,1300680,Boa Vista do Ramos,AM,Norte,26.16,31.41,41.46,23785.0,0.0868,0.9132,Risco educacional,Critico,-10.05
697,2404606,Ielmo Marinho,RN,Nordeste,41.28,30.13,53.6,11615.0,0.0875,0.9125,Risco educacional,Critico,-23.47
698,4300646,Ametista do Sul,RS,Sul,48.98,70.8,59.07,7650.0,0.0881,0.9119,Risco educacional,Critico,11.73
699,2917409,Jacaraci,BA,Nordeste,63.77,56.86,69.0,14436.0,0.0881,0.9119,Risco educacional,Critico,-12.14
700,2706307,Palmeira dos Índios,AL,Nordeste,32.18,38.67,46.59,71574.0,0.0881,0.9119,Risco educacional,Critico,-7.92
701,2513703,Santa Rita,PB,Nordeste,40.83,35.79,53.27,149910.0,0.0881,0.9119,Risco educacional,Critico,-17.48
702,2921906,Mucugê,BA,Nordeste,41.65,38.82,53.87,12137.0,0.0881,0.9119,Risco educacional,Critico,-15.05
703,2908309,Conceição do Almeida,BA,Nordeste,53.85,41.18,62.39,15794.0,0.0881,0.9119,Risco educacional,Critico,-21.21
704,2500908,Arara,PB,Nordeste,35.35,52.9,49.12,12212.0,0.0881,0.9119,Risco educacional,Critico,3.78
705,4306320,Derrubadas,RS,Sul,49.71,80.0,59.58,2751.0,0.0881,0.9119,Risco educacional,Critico,20.42
706,2917359,Jaborandi,BA,Nordeste,40.89,43.16,53.32,9275.0,0.0881,0.9119,Risco educacional,Critico,-10.16
707,4321501,Torres,RS,Sul,62.86,44.0,68.39,41751.0,0.0881,0.9119,Risco educacional,Critico,-24.39
708,4301909,Barra do Ribeiro,RS,Sul,68.6,43.6,72.2,12225.0,0.0881,0.9119,Risco educacional,Critico,-28.6
709,2918704,Lafaiete Coutinho,BA,Nordeste,67.65,56.52,71.57,4075.0,0.0881,0.9119,Risco educacional,Critico,-15.05
710,1503804,Jacundá,PA,Norte,40.47,37.87,53.01,37707.0,0.0881,0.9119,Risco educacional,Critico,-15.14
711,1508100,Tucuruí,PA,Norte,37.28,44.7,50.61,91306.0,0.0881,0.9119,Risco educacional,Critico,-5.91
712,2401404,Baía Formosa,RN,Nordeste,26.01,35.36,41.32,8825.0,0.0881,0.9119,Risco educacional,Critico,-5.96
713,2515807,Serra Redonda,PB,Nordeste,14.55,85.71,29.56,6828.0,0.0881,0.9119,Risco educacional,Critico,56.15
714,2806107,Rosário do Catete,SE,Nordeste,39.18,39.01,52.05,9295.0,0.0889,0.9111,Risco educacional,Critico,-13.04
715,1300409,Barcelos,AM,Norte,48.61,38.21,58.82,18834.0,0.0889,0.9111,Risco educacional,Critico,-20.61
716,1301209,Coari,AM,Norte,38.77,32.72,51.74,70616.0,0.0889,0.9111,Risco educacional,Critico,-19.02
717,3525003,Jandira,SP,Sudeste,44.87,51.39,56.19,118045.0,0.0889,0.9111,Risco educacional,Critico,-4.8
718,2802809,Indiaroba,SE,Nordeste,38.33,34.31,51.41,16549.0,0.0889,0.9111,Risco educacional,Critico,-17.1
719,2803807,Malhada dos Bois,SE,Nordeste,40.0,37.63,52.66,3579.0,0.0889,0.9111,Risco educacional,Critico,-15.03
720,4312500,Mostardas,RS,Sul,51.38,40.8,60.72,12090.0,0.0892,0.9108,Risco educacional,Critico,-19.92
721,1505437,Ourilândia do Norte,PA,Norte,48.68,53.11,58.86,32467.0,0.0893,0.9107,Risco educacional,Critico,-5.75
722,1502756,Concórdia do Pará,PA,Norte,40.62,54.24,53.12,26881.0,0.0903,0.9097,Risco educacional,Critico,1.12
723,1504000,Limoeiro do Ajuru,PA,Norte,47.64,47.82,58.14,29569.0,0.0903,0.9097,Risco educacional,Critico,-10.32
724,1506351,Santa Bárbara do Pará,PA,Norte,37.63,46.35,50.88,21087.0,0.0903,0.9097,Risco educacional,Critico,-4.53
725,1508035,Tracuateua,PA,Norte,48.47,37.16,58.72,28595.0,0.0903,0.9097,Risco educacional,Critico,-21.56
726,2511806,Pirpirituba,PB,Nordeste,34.62,41.49,48.55,9340.0,0.0903,0.9097,Risco educacional,Critico,-7.06
727,4306601,Dom Pedrito,RS,Sul,57.45,43.7,64.81,36981.0,0.0915,0.9085,Risco educacional,Critico,-21.11
728,2914109,Ipupiara,BA,Nordeste,66.75,59.15,70.97,9935.0,0.0924,0.9076,Risco educacional,Critico,-11.82
729,4310330,Imbé,RS,Sul,66.08,36.9,,26824.0,0.0929,0.9071,Risco educacional,Critico,
730,2702405,Delmiro Gouveia,AL,Nordeste,31.11,28.13,45.72,51318.0,0.0934,0.9066,Risco educacional,Critico,-17.59
731,4311981,Mariana Pimentel,RS,Sul,61.86,21.9,,3916.0,0.0936,0.9064,Risco educacional,Critico,
732,1507409,São Francisco do Pará,PA,Norte,37.02,37.44,50.41,14894.0,0.0949,0.9051,Risco educacional,Critico,-12.97
733,2708006,Santana do Ipanema,AL,Nordeste,34.79,44.16,48.68,46220.0,0.0956,0.9044,Risco educacional,Critico,-4.52
734,2402006,Caicó,RN,Nordeste,35.59,44.58,49.31,61146.0,0.0964,0.9036,Risco educacional,Critico,-4.73
735,1300086,Anamã,AM,Norte,33.26,53.48,47.47,9962.0,0.0989,0.9011,Risco educacional,Critico,6.01
736,2405702,Jardim do Seridó,RN,Nordeste,26.75,56.51,41.98,11655.0,0.099,0.901,Risco educacional,Critico,14.53
737,2904506,Brotas de Macaúbas,BA,Nordeste,43.67,60.98,64.62,11765.0,0.1,0.9,Risco educacional,Critico,-3.64
738,2406007,José da Penha,RN,Nordeste,28.68,49.94,55.7,5803.0,0.1,0.9,Risco educacional,Critico,-5.76
739,2403509,Espírito Santo,RN,Nordeste,18.07,47.13,53.38,10620.0,0.1,0.9,Risco educacional,Critico,-6.25
740,2933455,Wanderley,BA,Nordeste,54.03,55.37,62.52,12968.0,0.1015,0.8985,Risco educacional,Critico,-7.15
741,4307708,Esteio,RS,Sul,63.38,47.0,68.74,76137.0,0.1016,0.8984,Risco educacional,Critico,-21.74
742,3513801,Diadema,SP,Sudeste,40.88,48.02,53.31,393237.0,0.1016,0.8984,Risco educacional,Critico,-5.29
743,1301902,Itacoatiara,AM,Norte,46.31,42.66,57.21,103598.0,0.1019,0.8981,Risco educacional,Critico,-14.55
744,2405108,Jandaíra,RN,Nordeste,30.43,29.91,45.15,6562.0,0.1027,0.8973,Risco educacional,Critico,-15.24
745,4315313,Quatro Irmãos,RS,Sul,52.94,40.0,61.78,1552.0,0.1036,0.8964,Risco educacional,Critico,-21.78
746,4313656,Palmares do Sul,RS,Sul,53.49,45.2,62.15,12844.0,0.1036,0.8964,Risco educacional,Critico,-16.95
747,2930006,Sebastião Laranjeiras,BA,Nordeste,59.03,42.37,65.86,9360.0,0.1036,0.8964,Risco educacional,Critico,-23.49
748,4321709,Três Coroas,RS,Sul,55.48,42.2,63.49,24425.0,0.1036,0.8964,Risco educacional,Critico,-21.29
749,4308300,Fontoura Xavier,RS,Sul,62.05,60.0,67.86,9550.0,0.1036,0.8964,Risco educacional,Critico,-7.86
750,2513158,Santa Cecília,PB,Nordeste,13.38,48.11,28.13,7670.0,0.1036,0.8964,Risco educacional,Critico,19.98
751,2909000,Cordeiros,BA,Nordeste,69.32,52.46,72.68,7546.0,0.1036,0.8964,Risco educacional,Critico,-20.22
752,4314803,Portão,RS,Sul,56.04,39.7,63.86,34071.0,0.1036,0.8964,Risco educacional,Critico,-24.16
753,2909109,Coribe,BA,Nordeste,47.33,30.71,57.93,13990.0,0.1036,0.8964,Risco educacional,Critico,-27.22
754,2515302,Sapé,PB,Nordeste,33.89,39.0,47.97,51306.0,0.1036,0.8964,Risco educacional,Critico,-8.97
755,4302808,Caçapava do Sul,RS,Sul,54.77,43.8,63.01,32515.0,0.1036,0.8964,Risco educacional,Critico,-19.21
756,2933406,Wagner,BA,Nordeste,53.42,45.0,62.1,9503.0,0.1036,0.8964,Risco educacional,Critico,-17.1
757,4305173,Cerro Grande do Sul,RS,Sul,57.48,41.7,64.83,9178.0,0.1036,0.8964,Risco educacional,Critico,-23.13
758,1707405,Esperantina,TO,Norte,40.82,47.82,53.27,7530.0,0.1036,0.8964,Risco educacional,Critico,-5.45
759,5005202,Ladário,MS,Centro-Oeste,25.17,33.36,40.56,21522.0,0.1036,0.8964,Risco educacional,Critico,-7.2
760,2924652,Pintadas,BA,Nordeste,44.93,55.7,56.24,10325.0,0.1036,0.8964,Risco educacional,Critico,-0.54
761,2926707,Rio de Contas,BA,Nordeste,50.44,55.74,60.08,13184.0,0.1036,0.8964,Risco educacional,Critico,-4.34
762,4313706,Palmeira das Missões,RS,Sul,48.72,49.5,58.89,33216.0,0.1036,0.8964,Risco educacional,Critico,-9.39
763,2922755,Nova Ibiá,BA,Nordeste,50.34,48.98,60.01,6501.0,0.1036,0.8964,Risco educacional,Critico,-11.03
764,2913408,Igaporã,BA,Nordeste,57.17,42.57,64.62,15527.0,0.1036,0.8964,Risco educacional,Critico,-22.05
765,2910776,Feira da Mata,BA,Nordeste,55.73,45.45,63.66,5631.0,0.1036,0.8964,Risco educacional,Critico,-18.21
766,2900504,Érico Cardoso,BA,Nordeste,68.05,37.21,71.83,10604.0,0.1036,0.8964,Risco educacional,Critico,-34.62
767,4315503,Restinga Sêca,RS,Sul,45.49,33.0,56.63,14939.0,0.1036,0.8964,Risco educacional,Critico,-23.63
768,1501105,Bagre,PA,Norte,46.7,53.31,57.48,31892.0,0.1039,0.8961,Risco educacional,Critico,-4.17
769,2805000,Pedra Mole,SE,Nordeste,47.62,47.76,58.13,2778.0,0.1046,0.8954,Risco educacional,Critico,-10.37
770,2705200,Messias,AL,Nordeste,30.81,41.87,45.47,15405.0,0.1052,0.8948,Risco educacional,Critico,-3.6
771,2707305,Porto Calvo,AL,Nordeste,36.55,45.99,50.05,24071.0,0.1052,0.8948,Risco educacional,Critico,-4.06
772,2706208,Palestina,AL,Nordeste,33.73,51.18,47.84,4325.0,0.1052,0.8948,Risco educacional,Critico,3.34
773,2700409,Atalaia,AL,Nordeste,32.36,44.27,46.74,37512.0,0.1052,0.8948,Risco educacional,Critico,-2.47
774,4305439,Chuí,RS,Sul,50.0,21.1,59.77,6262.0,0.1057,0.8943,Risco educacional,Critico,-38.67
775,2904209,Botuporã,BA,Nordeste,62.08,47.37,67.88,11024.0,0.1059,0.8941,Risco educacional,Critico,-20.51
776,2927903,Santa Inês,BA,Nordeste,47.34,47.31,57.93,10300.0,0.1059,0.8941,Risco educacional,Critico,-10.62
777,2931053,Tanque Novo,BA,Nordeste,63.45,61.8,68.78,17158.0,0.1059,0.8941,Risco educacional,Critico,-6.98
778,2406304,Lagoa de Pedras,RN,Nordeste,47.72,28.89,58.2,7338.0,0.1059,0.8941,Risco educacional,Critico,-29.31
779,2933257,Vereda,BA,Nordeste,67.84,35.85,71.69,6003.0,0.1059,0.8941,Risco educacional,Critico,-35.84
780,2108702,Pio XII,MA,Nordeste,24.85,63.6,40.27,21886.0,0.1059,0.8941,Risco educacional,Critico,23.33
781,1600808,Vitória do Jari,AP,Norte,28.7,35.39,43.69,11291.0,0.1059,0.8941,Risco educacional,Critico,-8.3
782,2514602,São José do Bonfim,PB,Nordeste,11.97,29.62,26.33,3242.0,0.1064,0.8936,Risco educacional,Critico,3.29
783,3303203,Nilópolis,RJ,Sudeste,44.36,47.32,55.83,146774.0,0.1067,0.8933,Risco educacional,Critico,-8.51
784,4314100,Passo Fundo,RS,Sul,58.54,38.5,65.53,206215.0,0.1089,0.8911,Risco educacional,Critico,-27.03
785,4300851,Arambaré,RS,Sul,57.54,55.0,64.87,4112.0,0.1089,0.8911,Risco educacional,Critico,-9.87
786,4318507,São José do Norte,RS,Sul,53.9,38.2,62.43,25443.0,0.1089,0.8911,Risco educacional,Critico,-24.23
787,1718709,Rio dos Bois,TO,Norte,17.52,46.58,32.95,2738.0,0.1089,0.8911,Risco educacional,Critico,13.63
788,1301001,Carauari,AM,Norte,47.38,49.19,57.96,28742.0,0.1089,0.8911,Risco educacional,Critico,-8.77
789,1711902,Lagoa da Confusão,TO,Norte,26.02,35.66,41.33,15288.0,0.1089,0.8911,Risco educacional,Critico,-5.67
790,2414308,Timbaúba dos Batistas,RN,Nordeste,20.83,40.0,36.41,2348.0,0.1089,0.8911,Risco educacional,Critico,3.59
791,2412005,São Gonçalo do Amarante,RN,Nordeste,52.34,32.48,61.37,115838.0,0.1089,0.8911,Risco educacional,Critico,-28.89
792,2205581,Lagoa do Piauí,PI,Nordeste,7.17,44.87,19.26,4810.0,0.1089,0.8911,Risco educacional,Critico,25.61
793,4310538,Itaara,RS,Sul,58.94,38.5,65.8,5572.0,0.1089,0.8911,Risco educacional,Critico,-27.3
794,4314050,Parobé,RS,Sul,57.83,37.8,65.06,52058.0,0.1089,0.8911,Risco educacional,Critico,-27.26
795,4309209,Gravataí,RS,Sul,63.64,41.0,68.91,265074.0,0.1089,0.8911,Risco educacional,Critico,-27.91
796,4316907,Santa Maria,RS,Sul,65.32,39.7,70.02,271735.0,0.1089,0.8911,Risco educacional,Critico,-30.32
797,4302709,Butiá,RS,Sul,51.25,44.8,60.63,19084.0,0.1093,0.8907,Risco educacional,Critico,-15.83
798,2912301,Ibicuí,BA,Nordeste,58.94,50.0,65.8,13934.0,0.1103,0.8897,Risco educacional,Critico,-15.8
799,2413409,Serra Negra do Norte,RN,Nordeste,25.83,31.59,41.16,7597.0,0.1107,0.8893,Risco educacional,Critico,-9.57
800,3300456,Belford Roxo,RJ,Sudeste,34.73,38.9,48.64,483087.0,0.1107,0.8893,Risco educacional,Critico,-9.74
801,1304005,Silves,AM,Norte,35.75,38.73,46.24,11559.0,0.111,0.889,Risco educacional,Critico,-7.51
802,4313375,Nova Santa Rita,RS,Sul,57.28,64.9,64.69,29024.0,0.1111,0.8889,Risco educacional,Critico,0.21
803,2506608,Ibiara,PB,Nordeste,13.07,58.62,27.74,5631.0,0.1111,0.8889,Risco educacional,Critico,30.88
804,2407252,Major Sales,RN,Nordeste,31.42,60.04,45.97,3924.0,0.1111,0.8889,Risco educacional,Critico,14.07
805,1704105,Centenário,TO,Norte,23.33,66.67,38.85,2131.0,0.1111,0.8889,Risco educacional,Critico,27.82
806,5007901,Sidrolândia,MS,Centro-Oeste,36.19,39.84,49.77,47118.0,0.1111,0.8889,Risco educacional,Critico,-9.93
807,4313490,Novo Barreiro,RS,Sul,62.07,37.0,67.87,4272.0,0.1111,0.8889,Risco educacional,Critico,-30.87
808,1714203,Natividade,TO,Norte,28.21,43.89,43.26,8754.0,0.1111,0.8889,Risco educacional,Critico,0.63
809,4321105,Tapes,RS,Sul,58.59,59.3,65.57,14695.0,0.1111,0.8889,Risco educacional,Critico,-6.27
810,2505808,Duas Estradas,PB,Nordeste,11.05,60.0,25.09,3327.0,0.1111,0.8889,Risco educacional,Critico,34.91
811,4316972,Santa Margarida do Sul,RS,Sul,42.41,25.7,54.43,2596.0,0.1111,0.8889,Risco educacional,Critico,-28.73
812,2412500,São Miguel,RN,Nordeste,39.84,44.85,52.54,23537.0,0.1111,0.8889,Risco educacional,Critico,-7.69
813,1719004,Santa Tereza do Tocantins,TO,Norte,48.09,24.65,58.46,2781.0,0.1111,0.8889,Risco educacional,Critico,-33.81
814,4312609,Muçum,RS,Sul,50.88,53.6,60.38,4601.0,0.1111,0.8889,Risco educacional,Critico,-6.78
815,4313409,Novo Hamburgo,RS,Sul,62.37,36.0,68.07,227646.0,0.1111,0.8889,Risco educacional,Critico,-32.07
816,2925204,Pojuca,BA,Nordeste,60.54,51.55,66.86,32136.0,0.1111,0.8889,Risco educacional,Critico,-15.31
817,3302858,Mesquita,RJ,Sudeste,37.82,35.09,51.02,167127.0,0.1111,0.8889,Risco educacional,Critico,-15.93
818,1709302,Guaraí,TO,Norte,36.07,48.16,49.68,24775.0,0.1111,0.8889,Risco educacional,Critico,-1.52
819,2929602,Sapeaçu,BA,Nordeste,56.84,64.52,64.4,17963.0,0.1111,0.8889,Risco educacional,Critico,0.12
820,1504422,Marituba,PA,Norte,57.34,48.97,64.73,111785.0,0.1111,0.8889,Risco educacional,Critico,-15.76
821,4302907,Cacequi,RS,Sul,50.76,49.0,60.3,11157.0,0.1111,0.8889,Risco educacional,Critico,-11.3
822,1718758,Rio Sono,TO,Norte,27.83,26.8,42.93,4841.0,0.1111,0.8889,Risco educacional,Critico,-16.13
823,4323804,Xangri-lá,RS,Sul,56.84,37.9,64.4,16463.0,0.1111,0.8889,Risco educacional,Critico,-26.5
824,1721307,Tupiratins,TO,Norte,25.0,53.85,40.4,1874.0,0.1111,0.8889,Risco educacional,Critico,13.45
825,1718659,Rio da Conceição,TO,Norte,17.56,19.61,32.99,1768.0,0.1111,0.8889,Risco educacional,Critico,-13.38
826,2411809,São Fernando,RN,Nordeste,47.14,64.89,,3492.0,0.1113,0.8887,Risco educacional,Critico,
827,2405900,João Dias,RN,Nordeste,46.15,38.89,57.1,2076.0,0.1115,0.8885,Risco educacional,Critico,-18.21
828,2807501,Tomar do Geru,SE,Nordeste,42.86,40.43,54.75,12012.0,0.1122,0.8878,Risco educacional,Critico,-14.32
829,1722081,Wanderlândia,TO,Norte,35.16,41.89,48.97,10522.0,0.1124,0.8876,Risco educacional,Critico,-7.08
830,2406809,Lajes Pintadas,RN,Nordeste,27.97,47.42,53.62,4787.0,0.1138,0.8862,Risco educacional,Critico,-6.2
831,2507309,Jacaraú,PB,Nordeste,34.78,51.18,48.68,14477.0,0.1155,0.8845,Risco educacional,Critico,2.5
832,4305124,Cerrito,RS,Sul,75.07,39.8,76.56,5808.0,0.1155,0.8845,Risco educacional,Critico,-36.76
833,1507151,São Domingos do Araguaia,PA,Norte,46.05,40.37,57.03,21092.0,0.1155,0.8845,Risco educacional,Critico,-16.66
834,2932606,Urandi,BA,Nordeste,59.24,40.54,66.0,15355.0,0.1162,0.8838,Risco educacional,Critico,-25.46
835,4323457,Vila Nova do Sul,RS,Sul,49.03,44.0,59.11,3863.0,0.1165,0.8835,Risco educacional,Critico,-15.11
836,2414001,Tangará,RN,Nordeste,42.92,36.85,54.8,13281.0,0.1166,0.8834,Risco educacional,Critico,-17.95
837,1302504,Manacapuru,AM,Norte,43.99,37.28,55.57,101883.0,0.1175,0.8825,Risco educacional,Critico,-18.29
838,4303509,Camaquã,RS,Sul,58.61,56.4,65.58,62200.0,0.1176,0.8824,Risco educacional,Critico,-9.18
839,1717206,Piraquê,TO,Norte,26.08,54.55,41.39,2282.0,0.1177,0.8823,Risco educacional,Critico,13.16
840,2509107,Mari,PB,Nordeste,37.99,70.06,51.15,21512.0,0.1181,0.8819,Risco educacional,Critico,18.91
841,4303004,Cachoeira do Sul,RS,Sul,57.47,40.2,64.82,80070.0,0.1183,0.8817,Risco educacional,Critico,-24.62
842,4311734,Mampituba,RS,Sul,66.23,55.2,70.62,3131.0,0.1195,0.8805,Risco educacional,Critico,-15.42
843,1508407,Xinguara,PA,Norte,49.86,49.27,59.68,52893.0,0.1197,0.8803,Risco educacional,Critico,-10.41
844,1508001,Tomé-Açu,PA,Norte,48.0,49.49,58.39,67585.0,0.1197,0.8803,Risco educacional,Critico,-8.9
845,2709400,Viçosa,AL,Nordeste,40.03,49.91,52.68,24092.0,0.1208,0.8792,Risco educacional,Critico,-2.77
846,2706802,Piaçabuçu,AL,Nordeste,31.74,42.39,46.24,15908.0,0.1208,0.8792,Risco educacional,Critico,-3.85
847,2708808,São Sebastião,AL,Nordeste,36.66,42.43,50.14,31786.0,0.1208,0.8792,Risco educacional,Critico,-7.71
848,3551405,Serra Azul,SP,Sudeste,23.94,44.65,39.42,12746.0,0.1208,0.8792,Risco educacional,Critico,5.23
849,4313508,Osório,RS,Sul,67.79,44.5,71.66,47396.0,0.1208,0.8792,Risco educacional,Critico,-27.16
850,2505600,Diamante,PB,Nordeste,25.0,72.15,40.4,6299.0,0.1208,0.8792,Risco educacional,Critico,31.75
851,1702406,Arraias,TO,Norte,34.29,61.2,48.29,10287.0,0.1208,0.8792,Risco educacional,Critico,12.91
852,2702603,Feira Grande,AL,Nordeste,35.2,44.46,49.0,22712.0,0.1208,0.8792,Risco educacional,Critico,-4.54
853,3301702,Duque de Caxias,RJ,Sudeste,47.15,45.37,57.8,808161.0,0.1208,0.8792,Risco educacional,Critico,-12.43
854,3550308,São Paulo,SP,Sudeste,37.87,48.25,51.06,11451999.0,0.1208,0.8792,Risco educacional,Critico,-2.81
855,2401859,Caiçara do Norte,RN,Nordeste,31.2,26.47,45.79,6293.0,0.1208,0.8792,Risco educacional,Critico,-19.32
856,2409506,Pedra Grande,RN,Nordeste,45.48,44.5,56.63,3618.0,0.1208,0.8792,Risco educacional,Critico,-12.13
857,4311106,Jaguari,RS,Sul,64.9,53.4,69.74,10579.0,0.1208,0.8792,Risco educacional,Critico,-16.34
858,2702207,Coqueiro Seco,AL,Nordeste,34.53,54.67,48.48,5581.0,0.1208,0.8792,Risco educacional,Critico,6.19
859,2707206,Poço das Trincheiras,AL,Nordeste,33.38,48.87,47.56,12518.0,0.1208,0.8792,Risco educacional,Critico,1.31
860,1504976,Nova Ipixuna,PA,Norte,44.35,52.55,55.82,13955.0,0.1208,0.8792,Risco educacional,Critico,-3.27
861,1702901,Axixá do Tocantins,TO,Norte,30.34,40.2,45.08,10262.0,0.1208,0.8792,Risco educacional,Critico,-4.88
862,1302603,Manaus,AM,Norte,52.2,50.13,61.28,2063689.0,0.1208,0.8792,Risco educacional,Critico,-11.15
863,2702553,Estrela de Alagoas,AL,Nordeste,34.55,36.15,48.49,15429.0,0.1208,0.8792,Risco educacional,Critico,-12.34
864,2702900,Girau do Ponciano,AL,Nordeste,35.73,39.96,49.42,36102.0,0.1208,0.8792,Risco educacional,Critico,-9.46
865,1504455,Medicilândia,PA,Norte,48.99,48.44,59.08,27094.0,0.1208,0.8792,Risco educacional,Critico,-10.64
866,1505494,Palestina do Pará,PA,Norte,33.8,44.75,47.9,6885.0,0.1208,0.8792,Risco educacional,Critico,-3.15
867,2700706,Batalha,AL,Nordeste,33.15,45.96,47.38,16448.0,0.1208,0.8792,Risco educacional,Critico,-1.42
868,4301057,Arroio do Sal,RS,Sul,67.46,46.5,71.44,11057.0,0.1208,0.8792,Risco educacional,Critico,-24.94
869,1507961,Terra Alta,PA,Norte,41.96,49.88,54.1,10400.0,0.1208,0.8792,Risco educacional,Critico,-4.22
870,1703305,Bom Jesus do Tocantins,TO,Norte,26.13,28.56,41.43,4038.0,0.1208,0.8792,Risco educacional,Critico,-12.87
871,2924702,Piripá,BA,Nordeste,64.26,56.47,69.32,9152.0,0.1208,0.8792,Risco educacional,Critico,-12.85
872,1702208,Araguatins,TO,Norte,35.15,50.5,48.97,31918.0,0.1208,0.8792,Risco educacional,Critico,1.53
873,1702109,Araguaína,TO,Norte,35.44,50.51,49.19,171301.0,0.1208,0.8792,Risco educacional,Critico,1.32
874,1501956,Cachoeira do Piriá,PA,Norte,47.73,52.04,58.2,19630.0,0.1208,0.8792,Risco educacional,Critico,-6.16
875,1502954,Eldorado do Carajás,PA,Norte,52.88,50.59,61.74,28192.0,0.1208,0.8792,Risco educacional,Critico,-11.15
876,4314506,Pinheiro Machado,RS,Sul,67.1,50.2,71.2,11214.0,0.1208,0.8792,Risco educacional,Critico,-21.0
877,1506203,Salinópolis,PA,Norte,43.26,50.44,55.04,44772.0,0.1208,0.8792,Risco educacional,Critico,-4.6
878,2920304,Malhada de Pedras,BA,Nordeste,70.36,70.27,73.37,8670.0,0.1241,0.8759,Risco educacional,Critico,-3.1
879,4303608,Cambará do Sul,RS,Sul,60.0,63.6,66.5,6361.0,0.1242,0.8758,Risco educacional,Critico,-2.9
880,2800100,Amparo do São Francisco,SE,Nordeste,41.18,50.0,53.53,2170.0,0.1245,0.8755,Risco educacional,Critico,-3.53
881,4301404,Arvorezinha,RS,Sul,78.93,63.2,66.42,10322.0,0.1255,0.8745,Risco educacional,Critico,-3.22
882,1504208,Marabá,PA,Norte,51.46,50.68,60.77,266533.0,0.1255,0.8745,Risco educacional,Critico,-10.09
883,2924900,Planaltino,BA,Nordeste,53.78,42.86,62.35,8022.0,0.1257,0.8743,Risco educacional,Critico,-19.49
884,3304755,São Francisco de Itabapoana,RJ,Sudeste,43.51,47.47,55.22,45059.0,0.1294,0.8706,Risco educacional,Critico,-7.75
885,2410801,Riacho de Santana,RN,Nordeste,47.5,53.36,58.04,4127.0,0.1294,0.8706,Risco educacional,Critico,-4.68
886,5005004,Jardim,MS,Centro-Oeste,35.28,53.84,49.07,23981.0,0.1294,0.8706,Risco educacional,Critico,4.77
887,1506161,Rio Maria,PA,Norte,41.79,56.31,53.98,18384.0,0.1294,0.8706,Risco educacional,Critico,2.33
888,4310652,Itati,RS,Sul,47.37,71.4,57.95,2638.0,0.1294,0.8706,Risco educacional,Critico,13.45
889,2407401,Martins,RN,Nordeste,41.62,53.91,53.85,8179.0,0.1294,0.8706,Risco educacional,Critico,0.06
890,1304237,Tonantins,AM,Norte,45.93,30.02,56.94,19247.0,0.1294,0.8706,Risco educacional,Critico,-26.92
891,2912004,Ibiassucê,BA,Nordeste,65.01,61.19,69.82,10429.0,0.1294,0.8706,Risco educacional,Critico,-8.63
892,2507507,João Pessoa,PB,Nordeste,46.71,55.87,57.49,833932.0,0.1294,0.8706,Risco educacional,Critico,-1.62
893,1502301,Capitão Poço,PA,Norte,50.98,48.98,60.45,56506.0,0.1294,0.8706,Risco educacional,Critico,-11.47
894,1506559,Santa Luzia do Pará,PA,Norte,56.45,39.77,64.14,20370.0,0.1294,0.8706,Risco educacional,Critico,-24.37
895,2400109,Acari,RN,Nordeste,44.07,38.21,55.62,10597.0,0.1294,0.8706,Risco educacional,Critico,-17.41
896,2502508,Boqueirão,PB,Nordeste,38.0,37.65,51.16,17598.0,0.1294,0.8706,Risco educacional,Critico,-13.51
897,2409902,Pendências,RN,Nordeste,40.87,33.3,53.3,12278.0,0.1294,0.8706,Risco educacional,Critico,-20.0
898,2508109,Lagoa,PB,Nordeste,25.0,59.38,40.4,4415.0,0.1294,0.8706,Risco educacional,Critico,18.98
899,2916856,Itatim,BA,Nordeste,51.6,54.22,60.87,15737.0,0.1294,0.8706,Risco educacional,Critico,-6.65
900,2401909,Caiçara do Rio do Vento,RN,Nordeste,38.04,32.54,51.19,3268.0,0.1294,0.8706,Risco educacional,Critico,-18.65
901,2923035,Novo Horizonte,BA,Nordeste,60.58,73.17,66.89,11162.0,0.1294,0.8706,Risco educacional,Critico,6.28
902,2921807,Mortugaba,BA,Nordeste,68.97,60.0,72.44,11143.0,0.1294,0.8706,Risco educacional,Critico,-12.44
903,3543402,Ribeirão Preto,SP,Sudeste,39.11,45.01,52.0,698642.0,0.1294,0.8706,Risco educacional,Critico,-6.99
904,4312708,Nonoai,RS,Sul,42.12,52.4,54.22,13719.0,0.1294,0.8706,Risco educacional,Critico,-1.82
905,1703800,Buriti do Tocantins,TO,Norte,41.24,50.39,56.06,10307.0,0.1294,0.8706,Risco educacional,Critico,-5.67
906,4306502,Dom Feliciano,RS,Sul,59.64,35.0,66.26,13051.0,0.1294,0.8706,Risco educacional,Critico,-31.26
907,2706703,Penedo,AL,Nordeste,40.85,42.23,53.29,58650.0,0.1294,0.8706,Risco educacional,Critico,-11.06
908,3515004,Embu das Artes,SP,Sudeste,32.6,40.5,46.94,250691.0,0.1294,0.8706,Risco educacional,Critico,-6.44
909,3518800,Guarulhos,SP,Sudeste,39.42,44.19,52.23,1291771.0,0.1294,0.8706,Risco educacional,Critico,-8.04
910,1507458,São Geraldo do Araguaia,PA,Norte,46.49,52.06,57.34,24255.0,0.1294,0.8706,Risco educacional,Critico,-5.28
911,2206100,Matias Olímpio,PI,Nordeste,24.43,52.06,39.88,10641.0,0.1294,0.8706,Risco educacional,Critico,12.18
912,2911253,Gavião,BA,Nordeste,60.47,47.37,66.81,4360.0,0.1294,0.8706,Risco educacional,Critico,-19.44
913,1500859,Anapu,PA,Norte,48.76,48.45,58.92,31850.0,0.1294,0.8706,Risco educacional,Critico,-10.47
914,1505403,Ourém,PA,Norte,48.52,56.24,58.75,17855.0,0.1294,0.8706,Risco educacional,Critico,-2.51
915,2503001,Caaporã,PB,Nordeste,37.78,29.81,50.99,21193.0,0.1294,0.8706,Risco educacional,Critico,-21.18
916,2110278,Santo Amaro do Maranhão,MA,Nordeste,33.31,39.84,47.51,13949.0,0.1294,0.8706,Risco educacional,Critico,-7.67
917,2514651,São José do Brejo do Cruz,PB,Nordeste,40.0,30.0,52.66,1699.0,0.1318,0.8682,Risco educacional,Critico,-22.66
918,1302553,Manaquiri,AM,Norte,47.0,20.56,57.7,17107.0,0.1318,0.8682,Risco educacional,Critico,-37.14
919,3506904,Bofete,SP,Sudeste,45.78,69.75,56.84,10460.0,0.1318,0.8682,Risco educacional,Critico,12.91
920,2409209,Passagem,RN,Nordeste,47.42,50.69,57.99,3115.0,0.1318,0.8682,Risco educacional,Critico,-7.3
921,4320859,Tabaí,RS,Sul,59.69,24.7,66.3,4461.0,0.132,0.868,Risco educacional,Critico,-41.6
922,1505106,Óbidos,PA,Norte,48.83,53.98,58.97,52229.0,0.1341,0.8659,Risco educacional,Critico,-4.99
923,2707701,Rio Largo,AL,Nordeste,36.89,38.78,50.31,93927.0,0.1351,0.8649,Risco educacional,Critico,-11.53
924,2708501,São Luís do Quitunde,AL,Nordeste,39.59,53.64,52.35,30873.0,0.1351,0.8649,Risco educacional,Critico,1.29
925,1505536,Parauapebas,PA,Norte,54.32,49.49,62.71,267836.0,0.1351,0.8649,Risco educacional,Critico,-13.22
926,2707909,Santa Luzia do Norte,AL,Nordeste,31.87,38.52,46.34,6919.0,0.1351,0.8649,Risco educacional,Critico,-7.82
927,2700607,Barra de São Miguel,AL,Nordeste,31.79,39.04,46.28,7944.0,0.1351,0.8649,Risco educacional,Critico,-7.24
928,2705804,Olho d'Água do Casado,AL,Nordeste,34.23,36.22,48.24,8349.0,0.1351,0.8649,Risco educacional,Critico,-12.02
929,2700300,Arapiraca,AL,Nordeste,39.44,43.75,52.24,234696.0,0.1351,0.8649,Risco educacional,Critico,-8.49
930,4314209,Pedro Osório,RS,Sul,67.71,22.3,71.61,7484.0,0.1351,0.8649,Risco educacional,Critico,-49.31
931,2705101,Matriz de Camaragibe,AL,Nordeste,35.25,48.77,49.04,23857.0,0.1351,0.8649,Risco educacional,Critico,-0.27
932,2205599,Lagoa do Sítio,PI,Nordeste,12.7,62.96,27.27,4520.0,0.1351,0.8649,Risco educacional,Critico,35.69
933,1718907,Santa Rosa do Tocantins,TO,Norte,20.86,36.92,36.44,4653.0,0.1351,0.8649,Risco educacional,Critico,0.48
934,2707008,Pindoba,AL,Nordeste,29.05,48.15,43.99,2731.0,0.1351,0.8649,Risco educacional,Critico,4.16
935,2703908,Jundiá,AL,Nordeste,34.6,44.34,48.53,4092.0,0.1351,0.8649,Risco educacional,Critico,-4.19
936,4304358,Candiota,RS,Sul,48.87,41.0,,10710.0,0.1351,0.8649,Risco educacional,Critico,
937,4318309,São Gabriel,RS,Sul,61.13,35.6,67.25,58487.0,0.1354,0.8646,Risco educacional,Critico,-31.65
938,1503606,Itaituba,PA,Norte,61.0,59.22,67.16,123314.0,0.1359,0.8641,Risco educacional,Critico,-7.94
939,4205407,Florianópolis,SC,Sul,50.63,52.75,,537211.0,0.142,0.858,Risco educacional,Critico,
940,3551009,São Vicente,SP,Sudeste,43.11,47.93,54.93,329911.0,0.142,0.858,Risco educacional,Critico,-7.0
941,2414100,Tenente Ananias,RN,Nordeste,42.88,52.25,54.77,10262.0,0.142,0.858,Risco educacional,Critico,-2.52
942,3509502,Campinas,SP,Sudeste,41.69,41.49,53.9,1139047.0,0.142,0.858,Risco educacional,Critico,-12.41
943,4319505,São Sebastião do Caí,RS,Sul,57.7,37.1,64.97,24428.0,0.142,0.858,Risco educacional,Critico,-27.87
944,2919058,Lajedo do Tabocal,BA,Nordeste,55.06,43.1,63.21,7494.0,0.142,0.858,Risco educacional,Critico,-20.11
945,1600709,Tartarugalzinho,AP,Norte,32.06,94.21,46.5,12945.0,0.142,0.858,Risco educacional,Critico,47.71
946,2502607,Igaracy,PB,Nordeste,28.96,79.06,43.91,5648.0,0.142,0.858,Risco educacional,Critico,35.15
947,2912806,Ibirapuã,BA,Nordeste,60.48,37.84,66.82,8896.0,0.142,0.858,Risco educacional,Critico,-28.98
948,2206654,Morro Cabeça no Tempo,PI,Nordeste,23.7,19.39,39.2,4377.0,0.1437,0.8563,Risco educacional,Critico,-19.81
949,4318101,São Francisco de Assis,RS,Sul,58.21,45.6,65.31,17618.0,0.1437,0.8563,Risco educacional,Critico,-19.71
950,1701101,Aparecida do Rio Negro,TO,Norte,30.07,35.78,44.85,4856.0,0.1437,0.8563,Risco educacional,Critico,-9.07
951,1718451,Pugmil,TO,Norte,20.72,40.91,36.3,2193.0,0.1437,0.8563,Risco educacional,Critico,4.61
952,2516151,Sossêgo,PB,Nordeste,18.45,66.62,33.95,3345.0,0.1437,0.8563,Risco educacional,Critico,32.67
953,1712504,Marianópolis do Tocantins,TO,Norte,24.15,36.72,39.62,4615.0,0.1437,0.8563,Risco educacional,Critico,-2.9
954,5006309,Paranaíba,MS,Centro-Oeste,30.65,55.2,45.33,40957.0,0.1437,0.8563,Risco educacional,Critico,9.87
955,2404507,Guamaré,RN,Nordeste,52.35,43.15,50.03,15295.0,0.1437,0.8563,Risco educacional,Critico,-6.88
956,2705002,Mata Grande,AL,Nordeste,40.11,42.45,52.74,21844.0,0.1437,0.8563,Risco educacional,Critico,-10.29
957,1703826,Cachoeirinha,TO,Norte,27.54,64.0,42.68,1961.0,0.1437,0.8563,Risco educacional,Critico,21.32
958,1700301,Aguiarnópolis,TO,Norte,25.2,40.89,40.59,4497.0,0.1437,0.8563,Risco educacional,Critico,0.3
959,1712801,Maurilândia do Tocantins,TO,Norte,19.32,20.67,34.87,3095.0,0.1437,0.8563,Risco educacional,Critico,-14.2
960,2207702,Parnaíba,PI,Nordeste,31.0,38.42,45.63,162159.0,0.1437,0.8563,Risco educacional,Critico,-7.21
961,2501401,Baía da Traição,PB,Nordeste,21.73,44.76,37.3,9224.0,0.1437,0.8563,Risco educacional,Critico,7.46
962,1702000,Araguaçu,TO,Norte,44.49,40.54,55.92,8133.0,0.1437,0.8563,Risco educacional,Critico,-15.38
963,1506807,Santarém,PA,Norte,54.92,51.29,63.11,331942.0,0.1437,0.8563,Risco educacional,Critico,-11.82
964,4301875,Barra do Quaraí,RS,Sul,61.01,25.5,67.17,4241.0,0.1437,0.8563,Risco educacional,Critico,-41.67
965,4315057,Porto Mauá,RS,Sul,41.07,95.2,53.45,2142.0,0.1437,0.8563,Risco educacional,Critico,41.75
966,2706901,Pilar,AL,Nordeste,37.59,45.81,50.85,35370.0,0.1437,0.8563,Risco educacional,Critico,-5.04
967,2705705,Olho d'Água das Flores,AL,Nordeste,40.12,45.46,52.75,20695.0,0.1437,0.8563,Risco educacional,Critico,-7.29
968,4312377,Monte Alegre dos Campos,RS,Sul,63.26,36.2,68.66,3180.0,0.1437,0.8563,Risco educacional,Critico,-32.46
969,2412609,São Paulo do Potengi,RN,Nordeste,54.24,36.91,,16786.0,0.1437,0.8563,Risco educacional,Critico,
970,3304144,Queimados,RJ,Sudeste,38.08,37.63,51.22,140523.0,0.1437,0.8563,Risco educacional,Critico,-13.59
971,1720978,Talismã,TO,Norte,43.88,75.11,,2456.0,0.1437,0.8563,Risco educacional,Critico,
972,1712454,Luzinópolis,TO,Norte,25.0,48.91,40.4,2717.0,0.1437,0.8563,Risco educacional,Critico,8.51
973,2406502,Lagoa Nova,RN,Nordeste,34.74,35.61,48.64,15573.0,0.1437,0.8563,Risco educacional,Critico,-13.03
974,4311718,Maçambará,RS,Sul,66.97,42.4,71.11,4425.0,0.1437,0.8563,Risco educacional,Critico,-28.71
975,2409332,Santa Maria,RN,Nordeste,47.93,43.4,,4847.0,0.1437,0.8563,Risco educacional,Critico,
976,1703602,Brasilândia do Tocantins,TO,Norte,29.73,68.9,44.56,1974.0,0.1437,0.8563,Risco educacional,Critico,24.34
977,1501253,Bannach,PA,Norte,61.11,47.37,53.57,4031.0,0.1437,0.8563,Risco educacional,Critico,-6.2
978,2206357,Milton Brandão,PI,Nordeste,37.5,33.33,50.78,6542.0,0.1442,0.8558,Risco educacional,Critico,-17.45
979,2504207,Catingueira,PB,Nordeste,32.79,96.08,47.09,4491.0,0.1444,0.8556,Risco educacional,Critico,48.99
980,2503803,Caldas Brandão,PB,Nordeste,54.92,32.4,63.11,5753.0,0.1445,0.8555,Risco educacional,Critico,-30.71
981,2500536,Alcantil,PB,Nordeste,42.62,45.86,54.58,5578.0,0.1445,0.8555,Risco educacional,Critico,-8.72
982,5107578,Rondolândia,MT,Centro-Oeste,29.04,71.43,43.98,3505.0,0.1445,0.8555,Risco educacional,Critico,27.45
983,2924504,Pindaí,BA,Nordeste,71.04,38.33,73.83,14731.0,0.1445,0.8555,Risco educacional,Critico,-35.5
984,3552205,Sorocaba,SP,Sudeste,47.9,52.43,58.32,723682.0,0.1445,0.8555,Risco educacional,Critico,-5.89
985,1300029,Alvarães,AM,Norte,39.91,58.47,52.59,15866.0,0.1445,0.8555,Risco educacional,Critico,5.88
986,2110401,São Benedito do Rio Preto,MA,Nordeste,46.81,38.29,57.56,18364.0,0.1462,0.8538,Risco educacional,Critico,-19.27
987,1507706,São Sebastião da Boa Vista,PA,Norte,48.08,47.41,58.45,25643.0,0.1462,0.8538,Risco educacional,Critico,-11.04
988,2101509,Barão de Grajaú,MA,Nordeste,41.6,51.56,53.84,18984.0,0.1462,0.8538,Risco educacional,Critico,-2.28
989,2103000,Caxias,MA,Nordeste,43.75,55.15,55.39,156973.0,0.1462,0.8538,Risco educacional,Critico,-0.24
990,2111300,São Luís,MA,Nordeste,47.49,56.69,58.04,1037775.0,0.1462,0.8538,Risco educacional,Critico,-1.35
991,5003702,Dourados,MS,Centro-Oeste,40.43,53.43,52.98,243367.0,0.1462,0.8538,Risco educacional,Critico,0.45
992,2112100,Timbiras,MA,Nordeste,41.93,44.63,54.08,26484.0,0.1462,0.8538,Risco educacional,Critico,-9.45
993,2517209,Vieirópolis,PB,Nordeste,28.19,64.36,43.25,4864.0,0.1462,0.8538,Risco educacional,Critico,21.11
994,2404804,Ipueira,RN,Nordeste,50.0,22.22,,2035.0,0.1462,0.8538,Risco educacional,Critico,
995,2411700,São Bento do Trairí,RN,Nordeste,33.35,33.62,47.54,3792.0,0.1462,0.8538,Risco educacional,Critico,-13.92
996,1304401,Urucurituba,AM,Norte,48.58,46.46,52.79,23945.0,0.1462,0.8538,Risco educacional,Critico,-6.33
997,2103307,Codó,MA,Nordeste,46.94,50.85,57.65,114275.0,0.1462,0.8538,Risco educacional,Critico,-6.8
998,1300904,Canutama,AM,Norte,49.75,70.75,,16869.0,0.1462,0.8538,Risco educacional,Critico,
999,4300109,Agudo,RS,Sul,56.12,56.9,63.92,16041.0,0.1462,0.8538,Risco educacional,Critico,-7.02
1000,2111003,São João Batista,MA,Nordeste,29.54,58.4,44.4,18544.0,0.1462,0.8538,Risco educacional,Critico,14.0
1001,1304104,Tapauá,AM,Norte,49.27,51.81,59.27,19599.0,0.1467,0.8533,Risco educacional,Critico,-7.46
1002,1300201,Atalaia do Norte,AM,Norte,54.2,84.07,62.63,15314.0,0.1467,0.8533,Risco educacional,Critico,21.44
1003,2807006,São Miguel do Aleixo,SE,Nordeste,38.64,46.34,51.64,3434.0,0.1469,0.8531,Risco educacional,Critico,-5.3
1004,2807204,Siriri,SE,Nordeste,47.06,52.4,57.74,7834.0,0.1469,0.8531,Risco educacional,Critico,-5.34
1005,2801900,Cumbe,SE,Nordeste,44.12,54.53,55.66,3824.0,0.1492,0.8508,Risco educacional,Critico,-1.13
1006,1302702,Manicoré,AM,Norte,51.77,57.02,60.98,53914.0,0.1492,0.8508,Risco educacional,Critico,-3.96
1007,1302900,Maués,AM,Norte,53.17,45.97,61.93,61204.0,0.1492,0.8508,Risco educacional,Critico,-15.96
1008,2803302,Japaratuba,SE,Nordeste,42.14,58.28,54.23,16209.0,0.1525,0.8475,Risco educacional,Critico,4.05
1009,2500403,Alagoa Nova,PB,Nordeste,38.94,89.39,51.87,21013.0,0.1531,0.8469,Risco educacional,Critico,37.52
1010,1712702,Mateiros,TO,Norte,27.59,9.09,42.72,2748.0,0.1564,0.8436,Risco educacional,Critico,-33.63
1011,4310405,Independência,RS,Sul,66.59,57.7,70.86,6427.0,0.1564,0.8436,Risco educacional,Critico,-13.16
1012,4316808,Santa Cruz do Sul,RS,Sul,64.84,43.8,69.7,133230.0,0.1564,0.8436,Risco educacional,Critico,-25.9
1013,4305108,Caxias do Sul,RS,Sul,69.15,43.2,72.56,463501.0,0.1564,0.8436,Risco educacional,Critico,-29.36
1014,2202307,Canto do Buriti,PI,Nordeste,13.66,36.45,28.48,19365.0,0.1564,0.8436,Risco educacional,Critico,7.97
1015,4306106,Cruz Alta,RS,Sul,57.42,50.9,64.79,58913.0,0.1564,0.8436,Risco educacional,Critico,-13.89
1016,2704203,Limoeiro de Anadia,AL,Nordeste,43.45,44.61,55.18,24740.0,0.1564,0.8436,Risco educacional,Critico,-10.57
1017,4318200,São Francisco de Paula,RS,Sul,56.8,37.7,64.37,21893.0,0.1564,0.8436,Risco educacional,Critico,-26.67
1018,4307005,Erechim,RS,Sul,61.21,45.9,67.3,105705.0,0.1564,0.8436,Risco educacional,Critico,-21.4
1019,4318002,São Borja,RS,Sul,65.4,46.4,70.07,59676.0,0.1564,0.8436,Risco educacional,Critico,-23.67
1020,2702801,Flexeiras,AL,Nordeste,34.71,49.34,48.62,9618.0,0.1564,0.8436,Risco educacional,Critico,0.72
1021,4315073,Porto Vera Cruz,RS,Sul,63.16,88.2,68.59,1560.0,0.1564,0.8436,Risco educacional,Critico,19.61
1022,2706422,Pariconha,AL,Nordeste,41.46,68.76,53.73,10573.0,0.1564,0.8436,Risco educacional,Critico,15.03
1023,2205557,Lagoa Alegre,PI,Nordeste,21.65,58.86,37.22,8256.0,0.1564,0.8436,Risco educacional,Critico,21.64
1024,1718881,Santa Maria do Tocantins,TO,Norte,24.56,39.73,40.0,2680.0,0.1564,0.8436,Risco educacional,Critico,-0.27
1025,1721208,Tocantinópolis,TO,Norte,34.41,35.44,48.38,22615.0,0.1564,0.8436,Risco educacional,Critico,-12.94
1026,3557204,Chavantes,SP,Sudeste,38.04,51.58,51.19,12211.0,0.1564,0.8436,Risco educacional,Critico,0.39
1027,2207900,Pedro II,PI,Nordeste,25.09,41.98,40.49,37894.0,0.1564,0.8436,Risco educacional,Critico,1.49
1028,5005152,Juti,MS,Centro-Oeste,22.63,47.67,38.18,6729.0,0.1564,0.8436,Risco educacional,Critico,9.49
1029,2706604,Paulo Jacinto,AL,Nordeste,37.1,38.46,50.47,6576.0,0.1564,0.8436,Risco educacional,Critico,-12.01
1030,4312476,Morro Reuter,RS,Sul,51.54,76.9,60.83,6029.0,0.1564,0.8436,Risco educacional,Critico,16.07
1031,4306908,Encruzilhada do Sul,RS,Sul,63.87,39.4,69.06,23819.0,0.1564,0.8436,Risco educacional,Critico,-29.66
1032,1504802,Monte Alegre,PA,Norte,53.95,46.69,62.46,60012.0,0.1564,0.8436,Risco educacional,Critico,-15.77
1033,4311304,Lagoa Vermelha,RS,Sul,61.02,54.6,67.18,27659.0,0.1564,0.8436,Risco educacional,Critico,-12.58
1034,4311502,Lavras do Sul,RS,Sul,57.89,45.7,65.1,7157.0,0.1564,0.8436,Risco educacional,Critico,-19.4
1035,4302378,Bom Progresso,RS,Sul,56.25,71.4,64.01,2096.0,0.1569,0.8431,Risco educacional,Critico,7.39
1036,3304805,São Fidélis,RJ,Sudeste,39.79,48.7,52.5,38961.0,0.1572,0.8428,Risco educacional,Critico,-3.8
1037,4313953,Pantano Grande,RS,Sul,72.52,25.7,74.82,10212.0,0.1588,0.8412,Risco educacional,Critico,-49.12
1038,2100477,Alto Alegre do Pindaré,MA,Nordeste,36.04,56.29,49.66,25710.0,0.1588,0.8412,Risco educacional,Critico,6.63
1039,1706506,Darcinópolis,TO,Norte,31.21,45.61,45.8,5827.0,0.1588,0.8412,Risco educacional,Critico,-0.19
1040,1503044,Floresta do Araguaia,PA,Norte,47.77,67.37,58.23,17898.0,0.1588,0.8412,Risco educacional,Critico,9.14
1041,4323705,Vista Gaúcha,RS,Sul,74.26,100.0,76.0,2783.0,0.1588,0.8412,Risco educacional,Critico,24.0
1042,1710706,Itaguatins,TO,Norte,32.53,18.09,46.88,5172.0,0.1588,0.8412,Risco educacional,Critico,-28.79
1043,2507903,Juripiranga,PB,Nordeste,50.41,46.57,60.06,10012.0,0.1588,0.8412,Risco educacional,Critico,-13.49
1044,1502855,Curuá,PA,Norte,37.54,42.47,50.81,14117.0,0.1588,0.8412,Risco educacional,Critico,-8.34
1045,1711803,Juarina,TO,Norte,35.36,49.1,49.13,2243.0,0.1588,0.8412,Risco educacional,Critico,-0.03
1046,2103604,Coroatá,MA,Nordeste,41.49,55.72,53.76,59566.0,0.1588,0.8412,Risco educacional,Critico,1.96
1047,4321436,Terra de Areia,RS,Sul,66.9,60.3,71.07,10334.0,0.1588,0.8412,Risco educacional,Critico,-10.77
1048,3555406,Ubatuba,SP,Sudeste,41.31,36.64,53.62,92981.0,0.1588,0.8412,Risco educacional,Critico,-16.98
1049,2505204,Cuitegi,PB,Nordeste,29.25,24.78,44.16,6730.0,0.1588,0.8412,Risco educacional,Critico,-19.38
1050,4320677,Sinimbu,RS,Sul,69.64,36.3,72.89,8578.0,0.1588,0.8412,Risco educacional,Critico,-36.59
1051,1717909,Ponte Alta do Tocantins,TO,Norte,47.6,30.99,58.11,7586.0,0.1588,0.8412,Risco educacional,Critico,-27.12
1052,2413102,Senador Elói de Souza,RN,Nordeste,59.85,26.26,,5965.0,0.1588,0.8412,Risco educacional,Critico,
1053,4302659,Brochier,RS,Sul,64.81,57.5,69.68,4966.0,0.1588,0.8412,Risco educacional,Critico,-12.18
1054,1703057,Bandeirantes do Tocantins,TO,Norte,35.63,36.96,49.34,3407.0,0.1588,0.8412,Risco educacional,Critico,-12.38
1055,2106706,Mirador,MA,Nordeste,35.01,55.82,48.86,21030.0,0.1588,0.8412,Risco educacional,Critico,6.96
1056,2516102,Soledade,PB,Nordeste,33.51,47.26,47.67,13968.0,0.1588,0.8412,Risco educacional,Critico,-0.41
1057,1303106,Nova Olinda do Norte,AM,Norte,51.39,32.8,60.73,27062.0,0.1588,0.8412,Risco educacional,Critico,-27.93
1058,1506187,Rondon do Pará,PA,Norte,60.17,68.8,66.61,53143.0,0.1588,0.8412,Risco educacional,Critico,2.19
1059,2111078,São João do Soter,MA,Nordeste,24.38,53.45,39.83,16889.0,0.1588,0.8412,Risco educacional,Critico,13.62
1060,2510808,Patos,PB,Nordeste,43.61,67.47,55.29,103165.0,0.1588,0.8412,Risco educacional,Critico,12.18
1061,4306379,Dilermando de Aguiar,RS,Sul,67.29,53.6,71.33,2806.0,0.1588,0.8412,Risco educacional,Critico,-17.73
1062,5004403,Inocência,MS,Centro-Oeste,33.64,51.7,47.77,8404.0,0.1588,0.8412,Risco educacional,Critico,3.93
1063,3513108,Cravinhos,SP,Sudeste,41.9,59.0,54.06,33281.0,0.1588,0.8412,Risco educacional,Critico,4.94
1064,1505551,Pau D'Arco,PA,Norte,50.65,48.91,60.22,6931.0,0.1588,0.8412,Risco educacional,Critico,-11.31
1065,2207934,Pedro Laurentino,PI,Nordeste,37.77,47.35,50.99,2458.0,0.1588,0.8412,Risco educacional,Critico,-3.64
1066,2404853,Itajá,RN,Nordeste,56.95,40.01,64.47,7292.0,0.1588,0.8412,Risco educacional,Critico,-24.46
1067,1720903,Taguatinga,TO,Norte,38.31,42.45,51.39,14011.0,0.1588,0.8412,Risco educacional,Critico,-8.94
1068,5002100,Bela Vista,MS,Centro-Oeste,43.77,48.18,55.41,21613.0,0.1588,0.8412,Risco educacional,Critico,-7.23
1069,4317509,Santo Ângelo,RS,Sul,64.36,41.5,69.39,76917.0,0.1588,0.8412,Risco educacional,Critico,-27.89
1070,4300877,Araricá,RS,Sul,75.69,43.5,76.98,8525.0,0.1588,0.8412,Risco educacional,Critico,-33.48
1071,2202174,Campo Largo do Piauí,PI,Nordeste,17.66,64.31,33.1,7419.0,0.1588,0.8412,Risco educacional,Critico,31.21
1072,1600055,Serra do Navio,AP,Norte,32.92,73.61,47.19,4673.0,0.1588,0.8412,Risco educacional,Critico,26.42
1073,1600105,Amapá,AP,Norte,31.2,19.03,45.79,7943.0,0.1588,0.8412,Risco educacional,Critico,-26.76
1074,2503605,Caiçara,PB,Nordeste,53.84,72.22,62.39,6602.0,0.1588,0.8412,Risco educacional,Critico,9.83
1075,1502764,Cumaru do Norte,PA,Norte,50.13,45.2,59.86,14036.0,0.1588,0.8412,Risco educacional,Critico,-14.66
1076,2105500,João Lisboa,MA,Nordeste,35.04,55.83,48.88,24709.0,0.1588,0.8412,Risco educacional,Critico,6.95
1077,2502409,Bonito de Santa Fé,PB,Nordeste,40.87,60.93,53.3,10252.0,0.1588,0.8412,Risco educacional,Critico,7.63
1078,1707306,Dueré,TO,Norte,34.95,68.54,48.81,4248.0,0.1588,0.8412,Risco educacional,Critico,19.73
1079,5007802,Selvíria,MS,Centro-Oeste,26.67,59.83,41.91,8142.0,0.1588,0.8412,Risco educacional,Critico,17.92
1080,3541000,Praia Grande,SP,Sudeste,50.73,51.25,60.28,349935.0,0.1588,0.8412,Risco educacional,Critico,-9.03
1081,1720655,Silvanópolis,TO,Norte,34.74,37.39,48.64,5108.0,0.1588,0.8412,Risco educacional,Critico,-11.25
1082,1718808,Sampaio,TO,Norte,43.61,43.25,55.29,4215.0,0.1588,0.8412,Risco educacional,Critico,-12.04
1083,1701051,Angico,TO,Norte,40.16,59.12,52.78,2876.0,0.1588,0.8412,Risco educacional,Critico,6.34
1084,2502102,Boa Ventura,PB,Nordeste,28.58,47.71,43.58,5207.0,0.1588,0.8412,Risco educacional,Critico,4.13
1085,4319125,São Martinho da Serra,RS,Sul,76.47,46.2,77.52,2860.0,0.1588,0.8412,Risco educacional,Critico,-31.32
1086,3506607,Biritiba Mirim,SP,Sudeste,42.57,52.19,54.54,29683.0,0.1588,0.8412,Risco educacional,Critico,-2.35
1087,3523107,Itaquaquecetuba,SP,Sudeste,42.98,57.19,54.84,369275.0,0.1588,0.8412,Risco educacional,Critico,2.35
1088,1600600,Santana,AP,Norte,41.76,55.32,53.95,107618.0,0.1588,0.8412,Risco educacional,Critico,1.37
1089,1716208,Paranã,TO,Norte,42.28,68.45,54.33,10542.0,0.1588,0.8412,Risco educacional,Critico,14.12
1090,1716604,Peixe,TO,Norte,46.47,42.93,57.32,9317.0,0.1588,0.8412,Risco educacional,Critico,-14.39
1091,4322707,Vera Cruz,RS,Sul,66.46,41.9,70.78,26710.0,0.1588,0.8412,Risco educacional,Critico,-28.88
1092,3504008,Assis,SP,Sudeste,43.37,54.85,55.12,101409.0,0.1588,0.8412,Risco educacional,Critico,-0.27
1093,2507200,Itatuba,PB,Nordeste,23.32,36.64,38.84,10499.0,0.1588,0.8412,Risco educacional,Critico,-2.2
1094,1703891,Carrasco Bonito,TO,Norte,34.09,23.86,48.13,3318.0,0.1588,0.8412,Risco educacional,Critico,-24.27
1095,2208601,Prata do Piauí,PI,Nordeste,14.28,47.93,29.23,3042.0,0.1588,0.8412,Risco educacional,Critico,18.7
1096,2408805,Parazinho,RN,Nordeste,47.0,28.27,57.7,4801.0,0.1588,0.8412,Risco educacional,Critico,-29.43
1097,5003306,Coxim,MS,Centro-Oeste,39.69,39.19,52.43,32151.0,0.1588,0.8412,Risco educacional,Critico,-13.24
1098,2516300,Sumé,PB,Nordeste,33.2,64.53,47.42,17166.0,0.1588,0.8412,Risco educacional,Critico,17.11
1099,1300706,Boca do Acre,AM,Norte,59.09,44.78,65.9,35447.0,0.1588,0.8412,Risco educacional,Critico,-21.12
1100,4320800,Soledade,RS,Sul,66.25,61.9,70.64,29991.0,0.1588,0.8412,Risco educacional,Critico,-8.74
1101,1500800,Ananindeua,PA,Norte,59.04,52.74,65.86,478778.0,0.1588,0.8412,Risco educacional,Critico,-13.12
1102,2501575,Barra de Santana,PB,Nordeste,28.04,49.18,43.12,8059.0,0.1588,0.8412,Risco educacional,Critico,6.06
1103,2512721,Pedro Régis,PB,Nordeste,47.41,23.99,57.98,5766.0,0.1588,0.8412,Risco educacional,Critico,-33.99
1104,2408508,Ouro Branco,RN,Nordeste,40.66,73.61,53.15,4913.0,0.1588,0.8412,Risco educacional,Critico,20.46
1105,2514909,São Mamede,PB,Nordeste,37.65,49.02,50.89,7470.0,0.1588,0.8412,Risco educacional,Critico,-1.87
1106,1716703,Colméia,TO,Norte,48.45,60.62,58.71,8941.0,0.1588,0.8412,Risco educacional,Critico,1.91
1107,5002902,Cassilândia,MS,Centro-Oeste,37.72,54.38,50.95,20988.0,0.1588,0.8412,Risco educacional,Critico,3.43
1108,2107605,Palmeirândia,MA,Nordeste,42.07,70.09,54.18,21059.0,0.1588,0.8412,Risco educacional,Critico,15.91
1109,1720101,São Bento do Tocantins,TO,Norte,43.97,52.93,55.55,5654.0,0.1588,0.8412,Risco educacional,Critico,-2.62
1110,2108504,Pindaré-Mirim,MA,Nordeste,40.94,51.09,53.35,31429.0,0.1588,0.8412,Risco educacional,Critico,-2.26
1111,1503903,Juruti,PA,Norte,49.15,51.0,59.19,50881.0,0.1588,0.8412,Risco educacional,Critico,-8.19
1112,3557006,Votorantim,SP,Sudeste,48.87,54.69,59.0,127923.0,0.1588,0.8412,Risco educacional,Critico,-4.31
1113,1713205,Miracema do Tocantins,TO,Norte,41.54,46.42,53.79,18566.0,0.1588,0.8412,Risco educacional,Critico,-7.37
1114,4305355,Charqueadas,RS,Sul,63.76,51.3,68.99,35012.0,0.1588,0.8412,Risco educacional,Critico,-17.69
1115,3537206,Pedro de Toledo,SP,Sudeste,35.12,45.97,48.94,11281.0,0.1588,0.8412,Risco educacional,Critico,-2.97
1116,2400406,Água Nova,RN,Nordeste,33.29,39.66,47.49,2946.0,0.1588,0.8412,Risco educacional,Critico,-7.83
1117,1720804,Sítio Novo do Tocantins,TO,Norte,39.53,50.64,52.31,10830.0,0.1588,0.8412,Risco educacional,Critico,-1.67
1118,3519253,Iaras,SP,Sudeste,42.55,42.77,54.53,8010.0,0.1588,0.8412,Risco educacional,Critico,-11.76
1119,3531100,Mongaguá,SP,Sudeste,48.6,41.39,58.81,61951.0,0.1588,0.8412,Risco educacional,Critico,-17.42
1120,1701002,Ananás,TO,Norte,39.94,46.69,52.61,10325.0,0.1588,0.8412,Risco educacional,Critico,-5.92
1121,1713700,Monte Santo do Tocantins,TO,Norte,29.33,44.77,44.22,2396.0,0.1588,0.8412,Risco educacional,Critico,0.55
1122,3518701,Guarujá,SP,Sudeste,48.23,44.13,58.55,287634.0,0.1588,0.8412,Risco educacional,Critico,-14.42
1123,2506202,Frei Martinho,PB,Nordeste,38.7,71.43,51.69,2846.0,0.1588,0.8412,Risco educacional,Critico,19.74
1124,1714302,Nazaré,TO,Norte,45.94,34.23,56.95,4521.0,0.1588,0.8412,Risco educacional,Critico,-22.72
1125,2511202,Pedras de Fogo,PB,Nordeste,37.3,48.58,50.63,29662.0,0.1588,0.8412,Risco educacional,Critico,-2.05
1126,2411601,São Bento do Norte,RN,Nordeste,57.76,32.17,65.01,3304.0,0.1588,0.8412,Risco educacional,Critico,-32.84
1127,5003504,Douradina,MS,Centro-Oeste,28.79,68.7,43.76,5578.0,0.1588,0.8412,Risco educacional,Critico,24.94
1128,2508406,Lastro,PB,Nordeste,20.77,82.76,36.35,3162.0,0.1588,0.8412,Risco educacional,Critico,46.41
1129,3502507,Aparecida,SP,Sudeste,43.48,53.75,55.2,32569.0,0.1588,0.8412,Risco educacional,Critico,-1.45
1130,4305504,Ciríaco,RS,Sul,86.67,85.7,80.0,4149.0,0.1588,0.8412,Risco educacional,Critico,5.7
1131,2504009,Campina Grande,PB,Nordeste,42.4,47.92,54.42,419379.0,0.1588,0.8412,Risco educacional,Critico,-6.5
1132,3556503,Várzea Paulista,SP,Sudeste,48.73,53.24,58.9,115771.0,0.1588,0.8412,Risco educacional,Critico,-5.66
1133,4322509,Vacaria,RS,Sul,65.96,38.1,70.45,64197.0,0.1588,0.8412,Risco educacional,Critico,-32.35
1134,3554102,Taubaté,SP,Sudeste,44.37,53.88,55.84,310739.0,0.1588,0.8412,Risco educacional,Critico,-1.96
1135,1505064,Novo Repartimento,PA,Norte,55.6,47.88,63.57,60732.0,0.1588,0.8412,Risco educacional,Critico,-15.69
1136,2102309,Buriti Bravo,MA,Nordeste,31.4,57.18,45.96,22455.0,0.1588,0.8412,Risco educacional,Critico,11.22
1137,4310413,Inhacorá,RS,Sul,62.65,35.3,68.26,2014.0,0.1588,0.8412,Risco educacional,Critico,-32.96
1138,1506302,Salvaterra,PA,Norte,51.95,49.47,61.11,24129.0,0.1588,0.8412,Risco educacional,Critico,-11.64
1139,2410603,Rafael Godeiro,RN,Nordeste,29.93,67.22,44.73,2934.0,0.1588,0.8412,Risco educacional,Critico,22.49
1140,4305132,Cerro Branco,RS,Sul,71.87,66.7,74.39,3802.0,0.1588,0.8412,Risco educacional,Critico,-7.69
1141,5007505,Rochedo,MS,Centro-Oeste,38.71,48.97,51.7,5199.0,0.1588,0.8412,Risco educacional,Critico,-2.73
1142,1720259,São Salvador do Tocantins,TO,Norte,47.62,59.09,58.13,2385.0,0.1588,0.8412,Risco educacional,Critico,0.96
1143,2703205,Igreja Nova,AL,Nordeste,47.93,50.74,58.34,21372.0,0.1588,0.8412,Risco educacional,Critico,-7.6
1144,2409605,Pedra Preta,RN,Nordeste,42.11,37.5,54.21,2441.0,0.1588,0.8412,Risco educacional,Critico,-16.71
1145,2407807,Monte Alegre,RN,Nordeste,59.18,50.97,65.96,23031.0,0.1588,0.8412,Risco educacional,Critico,-14.99
1146,1709500,Gurupi,TO,Norte,44.44,54.37,55.89,85125.0,0.1588,0.8412,Risco educacional,Critico,-1.52
1147,4321352,Tavares,RS,Sul,65.7,37.0,70.27,5212.0,0.1588,0.8412,Risco educacional,Critico,-33.27
1148,2515609,Serra da Raiz,PB,Nordeste,17.39,48.92,32.81,3094.0,0.1588,0.8412,Risco educacional,Critico,16.11
1149,2511301,Piancó,PB,Nordeste,48.84,38.92,58.98,16441.0,0.1588,0.8412,Risco educacional,Critico,-20.06
1150,2406403,Lagoa de Velhos,RN,Nordeste,41.67,29.67,53.89,2567.0,0.1588,0.8412,Risco educacional,Critico,-24.22
1151,2605707,Floresta,PE,Nordeste,33.42,51.67,47.6,30137.0,0.1588,0.8412,Risco educacional,Critico,4.07
1152,2414159,Tenente Laurentino Cruz,RN,Nordeste,44.64,37.18,56.03,5891.0,0.1588,0.8412,Risco educacional,Critico,-18.85
1153,4320651,Silveira Martins,RS,Sul,66.67,35.7,70.92,2028.0,0.1588,0.8412,Risco educacional,Critico,-35.22
1154,1715002,Nova Rosalândia,TO,Norte,32.17,55.38,46.59,3362.0,0.1588,0.8412,Risco educacional,Critico,8.79
1155,1702307,Arapoema,TO,Norte,37.31,68.32,50.64,5550.0,0.1588,0.8412,Risco educacional,Critico,17.68
1156,4304689,Capela de Santana,RS,Sul,67.66,54.3,71.57,11159.0,0.1588,0.8412,Risco educacional,Critico,-17.27
1157,2401107,Areia Branca,RN,Nordeste,52.23,39.95,61.3,24093.0,0.1588,0.8412,Risco educacional,Critico,-21.35
1158,5006408,Pedro Gomes,MS,Centro-Oeste,33.66,55.86,47.79,6941.0,0.1588,0.8412,Risco educacional,Critico,8.07
1159,2408904,Parelhas,RN,Nordeste,43.33,50.73,55.09,21499.0,0.1588,0.8412,Risco educacional,Critico,-4.36
1160,3515806,Flora Rica,SP,Sudeste,30.0,27.27,44.79,1487.0,0.1588,0.8412,Risco educacional,Critico,-17.52
1161,2404101,Galinhos,RN,Nordeste,38.33,55.2,51.41,2104.0,0.1588,0.8412,Risco educacional,Critico,3.79
1162,3521002,Iperó,SP,Sudeste,40.9,44.75,53.32,36459.0,0.1588,0.8412,Risco educacional,Critico,-8.57
1163,5007109,Ribas do Rio Pardo,MS,Centro-Oeste,34.35,42.87,48.34,23150.0,0.1588,0.8412,Risco educacional,Critico,-5.47
1164,2513901,São Bento,PB,Nordeste,42.46,46.87,54.46,32235.0,0.1588,0.8412,Risco educacional,Critico,-7.59
1165,2112407,Turiaçu,MA,Nordeste,40.48,64.42,53.01,37491.0,0.1588,0.8412,Risco educacional,Critico,11.41
1166,4304705,Carazinho,RS,Sul,63.87,42.0,69.06,61804.0,0.1588,0.8412,Risco educacional,Critico,-27.06
1167,2506400,Gurinhém,PB,Nordeste,35.1,27.02,48.93,13766.0,0.1588,0.8412,Risco educacional,Critico,-21.91
1168,1501907,Bujaru,PA,Norte,51.4,51.61,60.73,24383.0,0.1588,0.8412,Risco educacional,Critico,-9.12
1169,2506301,Guarabira,PB,Nordeste,36.12,59.62,49.72,57484.0,0.1588,0.8412,Risco educacional,Critico,9.9
1170,2514503,São José de Piranhas,PB,Nordeste,34.1,55.77,48.14,19067.0,0.1588,0.8412,Risco educacional,Critico,7.63
1171,2402808,Coronel Ezequiel,RN,Nordeste,40.66,32.68,53.15,5117.0,0.1588,0.8412,Risco educacional,Critico,-20.47
1172,2200509,Amarante,PI,Nordeste,22.26,32.94,37.82,17234.0,0.1588,0.8412,Risco educacional,Critico,-4.88
1173,2509370,Mato Grosso,PB,Nordeste,40.0,18.18,52.66,2543.0,0.1588,0.8412,Risco educacional,Critico,-34.48
1174,2501005,Araruna,PB,Nordeste,35.18,40.53,48.99,17189.0,0.1588,0.8412,Risco educacional,Critico,-8.46
1175,2103802,Dom Pedro,MA,Nordeste,40.39,43.95,52.95,23053.0,0.1588,0.8412,Risco educacional,Critico,-9.0
1176,1706258,Crixás do Tocantins,TO,Norte,29.03,82.61,43.97,1470.0,0.1588,0.8412,Risco educacional,Critico,38.64
1177,2414753,Venha-Ver,RN,Nordeste,41.18,53.85,53.53,3014.0,0.1588,0.8412,Risco educacional,Critico,0.32
1178,2507606,Juarez Távora,PB,Nordeste,28.86,35.79,43.82,7796.0,0.1588,0.8412,Risco educacional,Critico,-8.03
1179,5006002,Nova Alvorada do Sul,MS,Centro-Oeste,37.23,56.52,50.57,21822.0,0.1588,0.8412,Risco educacional,Critico,5.95
1180,2101202,Bacabal,MA,Nordeste,45.66,51.38,56.75,103711.0,0.1588,0.8412,Risco educacional,Critico,-5.37
1181,1702158,Araguanã,TO,Norte,37.72,37.81,50.95,4310.0,0.1588,0.8412,Risco educacional,Critico,-13.14
1182,4307609,Estância Velha,RS,Sul,67.25,44.4,71.3,47924.0,0.1588,0.8412,Risco educacional,Critico,-26.9
1183,3540754,Potim,SP,Sudeste,40.85,46.58,53.29,20392.0,0.1588,0.8412,Risco educacional,Critico,-6.71
1184,2503555,Cacimbas,PB,Nordeste,32.54,47.9,46.89,7223.0,0.1588,0.8412,Risco educacional,Critico,1.01
1185,1703701,Brejinho de Nazaré,TO,Norte,38.1,49.45,51.24,4725.0,0.1588,0.8412,Risco educacional,Critico,-1.79
1186,1301308,Codajás,AM,Norte,43.66,40.59,55.33,23549.0,0.1588,0.8412,Risco educacional,Critico,-14.74
1187,5106505,Poconé,MT,Centro-Oeste,31.43,38.36,45.98,31217.0,0.1588,0.8412,Risco educacional,Critico,-7.62
1188,3524402,Jacareí,SP,Sudeste,45.56,51.48,56.68,240275.0,0.1588,0.8412,Risco educacional,Critico,-5.2
1189,4317004,Santana da Boa Vista,RS,Sul,48.82,13.1,58.96,7024.0,0.1588,0.8412,Risco educacional,Critico,-45.86
1190,2708402,São José da Tapera,AL,Nordeste,49.03,50.43,59.11,30604.0,0.1588,0.8412,Risco educacional,Critico,-8.68
1191,2604205,Catende,PE,Nordeste,44.6,21.83,56.0,32156.0,0.1588,0.8412,Risco educacional,Critico,-34.17
1192,1504752,Mojuí dos Campos,PA,Norte,55.19,43.72,63.3,23501.0,0.1588,0.8412,Risco educacional,Critico,-19.58
1193,2205102,Itaueira,PI,Nordeste,25.15,85.9,40.54,10323.0,0.1588,0.8412,Risco educacional,Critico,45.36
1194,5102603,Campinápolis,MT,Centro-Oeste,38.79,44.13,51.76,15347.0,0.159,0.841,Risco educacional,Critico,-7.63
1195,2803005,Itabaianinha,SE,Nordeste,59.05,58.61,65.87,40678.0,0.1601,0.8399,Risco educacional,Critico,-7.26
1196,2806701,São Cristóvão,SE,Nordeste,55.87,68.53,63.75,95612.0,0.1601,0.8399,Risco educacional,Critico,4.78
1197,2413805,Taboleiro Grande,RN,Nordeste,45.45,73.08,56.6,2338.0,0.1639,0.8361,Risco educacional,Critico,16.48
1198,3301009,Campos dos Goytacazes,RJ,Sudeste,38.69,38.33,51.68,483540.0,0.1647,0.8353,Risco educacional,Critico,-13.35
1199,1716653,Pequizeiro,TO,Norte,35.23,61.79,49.03,4921.0,0.1671,0.8329,Risco educacional,Critico,12.76
1200,2708907,Satuba,AL,Nordeste,42.93,55.11,54.8,24278.0,0.1671,0.8329,Risco educacional,Critico,0.31
1201,4311809,Marau,RS,Sul,66.61,43.6,70.88,45124.0,0.1671,0.8329,Risco educacional,Critico,-27.28
1202,2708709,São Miguel dos Milagres,AL,Nordeste,34.51,50.67,48.46,8482.0,0.1673,0.8327,Risco educacional,Critico,2.21
1203,2709103,Taquarana,AL,Nordeste,44.02,38.96,55.59,19032.0,0.1673,0.8327,Risco educacional,Critico,-16.63
1204,2705408,Monteirópolis,AL,Nordeste,35.28,31.11,49.07,7184.0,0.1673,0.8327,Risco educacional,Critico,-17.96
1205,2504157,Casserengue,PB,Nordeste,47.97,58.51,58.37,6889.0,0.168,0.832,Risco educacional,Critico,0.14
1206,3302270,Japeri,RJ,Sudeste,39.09,36.88,51.98,96289.0,0.1698,0.8302,Risco educacional,Critico,-15.1
1207,3557303,Estiva Gerbi,SP,Sudeste,45.14,51.48,56.38,11295.0,0.1698,0.8302,Risco educacional,Critico,-4.9
1208,2505303,Curral Velho,PB,Nordeste,38.1,62.5,51.24,2292.0,0.1698,0.8302,Risco educacional,Critico,11.26
1209,2510006,Nazarezinho,PB,Nordeste,36.48,63.86,50.0,7203.0,0.1698,0.8302,Risco educacional,Critico,13.86
1210,2106300,Magalhães de Almeida,MA,Nordeste,51.59,82.04,60.86,13807.0,0.1698,0.8302,Risco educacional,Critico,21.18
1211,3521804,Itaí,SP,Sudeste,47.41,46.71,57.98,25180.0,0.1698,0.8302,Risco educacional,Critico,-11.27
1212,5101852,Bom Jesus do Araguaia,MT,Centro-Oeste,31.32,82.63,45.89,7280.0,0.1698,0.8302,Risco educacional,Critico,36.74
1213,2500775,Aparecida,PB,Nordeste,42.5,62.41,54.49,7960.0,0.1698,0.8302,Risco educacional,Critico,7.92
1214,3552502,Suzano,SP,Sudeste,42.07,46.82,54.18,307429.0,0.1698,0.8302,Risco educacional,Critico,-7.36
1215,3546009,Santa Branca,SP,Sudeste,40.78,49.71,53.24,13975.0,0.1698,0.8302,Risco educacional,Critico,-3.53
1216,2203354,Dirceu Arcoverde,PI,Nordeste,33.24,11.96,47.45,7054.0,0.1698,0.8302,Risco educacional,Critico,-35.49
1217,2701704,Capela,AL,Nordeste,41.23,42.53,53.57,15032.0,0.1698,0.8302,Risco educacional,Critico,-11.04
1218,2109759,Santa Filomena do Maranhão,MA,Nordeste,36.45,40.91,49.98,6697.0,0.1698,0.8302,Risco educacional,Critico,-9.07
1219,2100832,Apicum-Açu,MA,Nordeste,31.51,39.08,46.05,17519.0,0.1698,0.8302,Risco educacional,Critico,-6.97
1220,2504074,Caraúbas,PB,Nordeste,48.41,87.82,58.68,3944.0,0.1698,0.8302,Risco educacional,Critico,29.14
1221,3506805,Bocaina,SP,Sudeste,32.75,49.59,47.06,11259.0,0.1698,0.8302,Risco educacional,Critico,2.53
1222,1504307,Maracanã,PA,Norte,68.07,47.51,71.85,25971.0,0.1698,0.8302,Risco educacional,Critico,-24.34
1223,2503308,Cachoeira dos Índios,PB,Nordeste,42.05,52.23,54.17,9151.0,0.1698,0.8302,Risco educacional,Critico,-1.94
1224,3502309,Anhembi,SP,Sudeste,38.57,45.69,51.59,5674.0,0.1698,0.8302,Risco educacional,Critico,-5.9
1225,1506112,Quatipuru,PA,Norte,48.89,47.3,59.01,11524.0,0.1698,0.8302,Risco educacional,Critico,-11.71
1226,3302502,Magé,RJ,Sudeste,46.26,46.66,57.18,228127.0,0.1698,0.8302,Risco educacional,Critico,-10.52
1227,2211100,União,PI,Nordeste,26.82,35.21,42.05,46119.0,0.1698,0.8302,Risco educacional,Critico,-6.84
1228,2201507,Batalha,PI,Nordeste,43.66,46.97,55.33,26300.0,0.1698,0.8302,Risco educacional,Critico,-8.36
1229,2112274,Tufilândia,MA,Nordeste,34.79,36.17,48.68,5507.0,0.1698,0.8302,Risco educacional,Critico,-12.51
1230,2210409,São Miguel do Tapuio,PI,Nordeste,29.86,45.19,44.67,17554.0,0.1698,0.8302,Risco educacional,Critico,0.52
1231,2100550,Amapá do Maranhão,MA,Nordeste,22.97,43.0,38.5,7170.0,0.17,0.83,Risco educacional,Critico,4.5
1232,4320354,Sentinela do Sul,RS,Sul,73.81,23.5,75.7,5306.0,0.172,0.828,Risco educacional,Critico,-52.2
1233,1302207,Juruá,AM,Norte,40.6,44.2,53.1,10742.0,0.172,0.828,Risco educacional,Critico,-8.9
1234,3548708,São Bernardo do Campo,SP,Sudeste,55.57,54.16,63.55,810729.0,0.172,0.828,Risco educacional,Critico,-9.39
1235,3529401,Mauá,SP,Sudeste,45.74,46.04,56.81,418261.0,0.172,0.828,Risco educacional,Critico,-10.77
1236,2504900,Cruz do Espírito Santo,PB,Nordeste,56.43,47.63,64.13,17095.0,0.172,0.828,Risco educacional,Critico,-16.5
1237,4300638,Amaral Ferrador,RS,Sul,70.56,57.2,73.51,5310.0,0.172,0.828,Risco educacional,Critico,-16.31
1238,4315800,Roca Sales,RS,Sul,75.61,45.0,76.93,10418.0,0.172,0.828,Risco educacional,Critico,-31.93
1239,1706100,Cristalândia,TO,Norte,46.85,61.42,57.59,6371.0,0.172,0.828,Risco educacional,Critico,3.83
1240,4304408,Canela,RS,Sul,78.68,42.2,79.06,48946.0,0.172,0.828,Risco educacional,Critico,-36.86
1241,2804102,Moita Bonita,SE,Nordeste,43.16,58.01,54.97,11050.0,0.172,0.828,Risco educacional,Critico,3.04
1242,2414803,Vera Cruz,RN,Nordeste,58.73,43.56,65.66,10735.0,0.172,0.828,Risco educacional,Critico,-22.1
1243,4307104,Herval,RS,Sul,52.82,64.4,61.7,6191.0,0.172,0.828,Risco educacional,Critico,2.7
1244,4319737,São Valério do Sul,RS,Sul,71.43,46.2,74.09,2543.0,0.172,0.828,Risco educacional,Critico,-27.89
1245,3547809,Santo André,SP,Sudeste,52.84,56.5,61.71,748919.0,0.172,0.828,Risco educacional,Critico,-5.21
1246,4319208,São Nicolau,RS,Sul,57.89,7.1,65.1,5118.0,0.172,0.828,Risco educacional,Critico,-58.0
1247,2407708,Montanhas,RN,Nordeste,58.69,44.2,65.63,11444.0,0.172,0.828,Risco educacional,Critico,-21.43
1248,2402709,Cerro Corá,RN,Nordeste,60.42,40.95,66.78,11000.0,0.172,0.828,Risco educacional,Critico,-25.83
1249,4312450,Morro Redondo,RS,Sul,72.96,47.4,75.12,6046.0,0.172,0.828,Risco educacional,Critico,-27.72
1250,5002605,Camapuã,MS,Centro-Oeste,32.2,60.41,46.61,13583.0,0.172,0.828,Risco educacional,Critico,13.8
1251,4319901,Sapiranga,RS,Sul,72.77,41.1,74.99,75648.0,0.172,0.828,Risco educacional,Critico,-33.89
1252,1600204,Calçoene,AP,Norte,35.05,39.25,48.89,10612.0,0.172,0.828,Risco educacional,Critico,-9.64
1253,2802007,Divina Pastora,SE,Nordeste,39.34,19.53,52.17,4340.0,0.1742,0.8258,Risco educacional,Critico,-32.64
1254,5003207,Corumbá,MS,Centro-Oeste,41.52,38.3,53.78,96268.0,0.1746,0.8254,Risco educacional,Critico,-15.48
1255,2112308,Tuntum,MA,Nordeste,38.93,66.43,51.86,36251.0,0.1781,0.8219,Risco educacional,Critico,14.57
1256,1505650,Placas,PA,Norte,42.57,55.72,60.41,18668.0,0.1784,0.8216,Risco educacional,Critico,-4.69
1257,2410504,Rafael Fernandes,RN,Nordeste,55.6,41.81,63.57,5432.0,0.1801,0.8199,Risco educacional,Critico,-21.76
1258,1705508,Colinas do Tocantins,TO,Norte,51.01,55.82,60.47,34233.0,0.1803,0.8197,Risco educacional,Critico,-4.65
1259,2702355,Craíbas,AL,Nordeste,45.7,67.43,56.78,25397.0,0.1803,0.8197,Risco educacional,Critico,10.65
1260,2505352,Damião,PB,Nordeste,37.73,50.86,50.96,4982.0,0.1803,0.8197,Risco educacional,Critico,-0.1
1261,2405009,Jaçanã,RN,Nordeste,47.01,39.09,57.7,7834.0,0.1809,0.8191,Risco educacional,Critico,-18.61
1262,4210704,Matos Costa,SC,Sul,70.5,37.3,45.04,2761.0,0.181,0.819,Risco educacional,Critico,-7.74
1263,4305975,Coxilha,RS,Sul,63.41,52.3,68.76,2667.0,0.1816,0.8184,Risco educacional,Critico,-16.46
1264,4308433,Forquetinha,RS,Sul,60.8,55.2,67.03,2393.0,0.1816,0.8184,Risco educacional,Critico,-11.83
1265,2704708,Marechal Deodoro,AL,Nordeste,40.6,46.23,53.1,60370.0,0.1816,0.8184,Risco educacional,Critico,-6.87
1266,4300034,Aceguá,RS,Sul,69.95,52.5,73.1,4170.0,0.1816,0.8184,Risco educacional,Critico,-20.6
1267,4312104,Mata,RS,Sul,65.56,45.5,70.18,4698.0,0.1816,0.8184,Risco educacional,Critico,-24.68
1268,4300059,Água Santa,RS,Sul,64.61,55.1,69.55,3912.0,0.1816,0.8184,Risco educacional,Critico,-14.45
1269,4322103,Tucunduva,RS,Sul,64.29,16.7,,5542.0,0.1816,0.8184,Risco educacional,Critico,
1270,4312401,Montenegro,RS,Sul,65.93,39.8,70.43,64322.0,0.1816,0.8184,Risco educacional,Critico,-30.63
1271,1508159,Uruará,PA,Norte,65.52,60.84,70.15,43558.0,0.1816,0.8184,Risco educacional,Critico,-9.31
1272,1506708,Santana do Araguaia,PA,Norte,54.53,58.51,62.85,32413.0,0.1816,0.8184,Risco educacional,Critico,-4.34
1273,3528403,Mairinque,SP,Sudeste,56.21,49.33,55.2,50027.0,0.1816,0.8184,Risco educacional,Critico,-5.87
1274,2107506,Paço do Lumiar,MA,Nordeste,50.71,55.55,60.26,145643.0,0.1816,0.8184,Risco educacional,Critico,-4.71
1275,2100055,Açailândia,MA,Nordeste,39.59,62.76,52.35,106550.0,0.1816,0.8184,Risco educacional,Critico,10.41
1276,2203271,Curral Novo do Piauí,PI,Nordeste,16.11,48.34,31.38,5073.0,0.1821,0.8179,Risco educacional,Critico,16.96
1277,3302007,Itaguaí,RJ,Sudeste,42.05,41.61,54.17,116841.0,0.1829,0.8171,Risco educacional,Critico,-12.56
1278,1505007,Nova Timboteua,PA,Norte,50.32,51.68,59.99,12806.0,0.183,0.817,Risco educacional,Critico,-8.31
1279,1502608,Colares,PA,Norte,54.39,37.22,62.76,12868.0,0.183,0.817,Risco educacional,Critico,-25.54
1280,4313607,Paim Filho,RS,Sul,78.96,53.1,79.26,3629.0,0.183,0.817,Risco educacional,Critico,-26.16
1281,4309654,Hulha Negra,RS,Sul,70.19,42.8,73.26,5976.0,0.183,0.817,Risco educacional,Critico,-30.46
1282,2204352,Geminiano,PI,Nordeste,19.5,53.59,35.05,5445.0,0.183,0.817,Risco educacional,Critico,18.54
1283,2404408,Grossos,RN,Nordeste,40.43,65.35,52.98,9924.0,0.183,0.817,Risco educacional,Critico,12.37
1284,5106422,Peixoto de Azevedo,MT,Centro-Oeste,36.06,41.77,49.67,32714.0,0.183,0.817,Risco educacional,Critico,-7.9
1285,2613107,São Caitano,PE,Nordeste,45.1,53.17,56.36,37126.0,0.183,0.817,Risco educacional,Critico,-3.19
1286,2510204,Nova Olinda,PB,Nordeste,45.95,38.04,56.96,5787.0,0.183,0.817,Risco educacional,Critico,-18.92
1287,1505502,Paragominas,PA,Norte,62.45,56.72,68.12,105550.0,0.1842,0.8158,Risco educacional,Critico,-11.4
1288,4304002,Campo Novo,RS,Sul,62.91,46.8,68.43,4975.0,0.1842,0.8158,Risco educacional,Critico,-21.63
1289,3536802,Pedra Bela,SP,Sudeste,71.65,47.19,53.43,6557.0,0.1842,0.8158,Risco educacional,Critico,-6.24
1290,4304671,Capivari do Sul,RS,Sul,41.25,43.9,53.58,3991.0,0.1842,0.8158,Risco educacional,Critico,-9.68
1291,3539806,Poá,SP,Sudeste,54.46,51.72,62.8,103765.0,0.1851,0.8149,Risco educacional,Critico,-11.08
1292,2701902,Chã Preta,AL,Nordeste,43.85,51.71,55.46,5910.0,0.1868,0.8132,Risco educacional,Critico,-3.75
1293,4300455,Alegria,RS,Sul,100.0,55.6,80.0,3651.0,0.19,0.81,Risco educacional,Critico,-24.4
1294,2703700,Jaramataia,AL,Nordeste,36.05,40.27,49.67,4985.0,0.1907,0.8093,Risco educacional,Critico,-9.4
1295,4306932,Entre-Ijuís,RS,Sul,28.49,51.0,56.56,9158.0,0.1911,0.8089,Risco educacional,Critico,-5.56
1296,3303708,Paraíba do Sul,RJ,Sudeste,49.95,51.96,59.74,42063.0,0.1911,0.8089,Risco educacional,Critico,-7.78
1297,2801108,Canhoba,SE,Nordeste,45.45,64.29,56.6,3791.0,0.1911,0.8089,Risco educacional,Critico,7.69
1298,3304102,Porciúncula,RJ,Sudeste,35.38,52.38,49.15,17288.0,0.1911,0.8089,Risco educacional,Critico,3.23
1299,2704401,Major Isidoro,AL,Nordeste,40.07,37.84,52.71,17700.0,0.1918,0.8082,Risco educacional,Critico,-14.87
1300,3536703,Pederneiras,SP,Sudeste,36.42,46.77,49.95,44827.0,0.1926,0.8074,Risco educacional,Critico,-3.18
1301,1505031,Novo Progresso,PA,Norte,61.43,56.8,67.45,33638.0,0.193,0.807,Risco educacional,Critico,-10.65
1302,1707108,Divinópolis do Tocantins,TO,Norte,39.09,60.78,51.98,7024.0,0.1942,0.8058,Risco educacional,Critico,8.8
1303,3522109,Itanhaém,SP,Sudeste,54.33,48.05,62.72,112476.0,0.1948,0.8052,Risco educacional,Critico,-14.67
1304,1721000,Palmas,TO,Norte,58.66,56.97,65.61,302692.0,0.1948,0.8052,Risco educacional,Critico,-8.64
1305,4307807,Estrela,RS,Sul,67.6,49.4,71.53,32183.0,0.1948,0.8052,Risco educacional,Critico,-22.13
1306,1301704,Humaitá,AM,Norte,50.25,57.23,59.95,57473.0,0.1948,0.8052,Risco educacional,Critico,-2.72
1307,1721109,Tocantínia,TO,Norte,42.96,51.16,54.82,7459.0,0.1948,0.8052,Risco educacional,Critico,-3.66
1308,2702702,Feliz Deserto,AL,Nordeste,37.55,45.9,50.82,3963.0,0.1952,0.8048,Risco educacional,Critico,-4.92
1309,4314779,Pontão,RS,Sul,77.53,46.9,,3296.0,0.1952,0.8048,Risco educacional,Critico,
1310,2412401,São José do Seridó,RN,Nordeste,36.3,56.41,49.86,4558.0,0.1952,0.8048,Risco educacional,Critico,6.55
1311,2706406,Pão de Açúcar,AL,Nordeste,47.65,55.26,58.15,23823.0,0.1952,0.8048,Risco educacional,Critico,-2.89
1312,3506003,Bauru,SP,Sudeste,43.75,50.56,55.39,379146.0,0.1953,0.8047,Risco educacional,Critico,-4.83
1313,2513604,Santana dos Garrotes,PB,Nordeste,32.69,52.77,47.01,6569.0,0.1973,0.8027,Risco educacional,Critico,5.76
1314,1600279,Laranjal do Jari,AP,Norte,39.29,39.8,52.13,35114.0,0.1974,0.8026,Risco educacional,Critico,-12.33
1315,4321204,Taquara,RS,Sul,63.93,44.6,69.1,53242.0,0.1974,0.8026,Risco educacional,Critico,-24.5
1316,5006903,Porto Murtinho,MS,Centro-Oeste,30.48,67.46,45.19,12859.0,0.1974,0.8026,Risco educacional,Critico,22.27
1317,4311122,Jaquirana,RS,Sul,68.5,25.6,72.13,3690.0,0.1974,0.8026,Risco educacional,Critico,-46.53
1318,4309050,Glorinha,RS,Sul,65.09,34.3,69.87,7658.0,0.1974,0.8026,Risco educacional,Critico,-35.57
1319,1506005,Prainha,PA,Norte,57.34,43.28,64.73,35577.0,0.1974,0.8026,Risco educacional,Critico,-21.45
1320,1701903,Araguacema,TO,Norte,38.62,49.27,51.63,5927.0,0.1974,0.8026,Risco educacional,Critico,-2.36
1321,1710904,Itapiratins,TO,Norte,35.09,53.53,48.92,3577.0,0.1974,0.8026,Risco educacional,Critico,4.61
1322,4314456,Pinhal,RS,Sul,56.45,33.2,64.14,2959.0,0.1974,0.8026,Risco educacional,Critico,-30.94
1323,4308508,Frederico Westphalen,RS,Sul,63.23,53.8,68.64,32627.0,0.1997,0.8003,Risco educacional,Critico,-14.84
1324,1508084,Tucumã,PA,Norte,58.8,48.54,65.7,39550.0,0.1998,0.8002,Risco educacional,Critico,-17.16
1325,3537602,Peruíbe,SP,Sudeste,39.63,46.81,52.38,68352.0,0.2052,0.7948,Risco educacional,Critico,-5.57
1326,2112506,Tutóia,MA,Nordeste,37.64,57.61,50.89,53356.0,0.2052,0.7948,Risco educacional,Critico,6.72
1327,2613701,São Lourenço da Mata,PE,Nordeste,44.07,53.32,55.62,111249.0,0.2052,0.7948,Risco educacional,Critico,-2.3
1328,3554805,Tremembé,SP,Sudeste,42.84,54.73,54.74,51173.0,0.2052,0.7948,Risco educacional,Critico,-0.01
1329,2206209,Miguel Alves,PI,Nordeste,39.04,60.79,51.94,32150.0,0.2054,0.7946,Risco educacional,Critico,8.85
1330,2410256,Porto do Mangue,RN,Nordeste,58.35,42.47,65.41,5228.0,0.2058,0.7942,Risco educacional,Critico,-22.94
1331,5002159,Bodoquena,MS,Centro-Oeste,44.62,46.43,56.02,8567.0,0.2058,0.7942,Risco educacional,Critico,-9.59
1332,1506195,Rurópolis,PA,Norte,57.97,54.76,65.15,35769.0,0.2058,0.7942,Risco educacional,Critico,-10.39
1333,2403202,Doutor Severiano,RN,Nordeste,53.88,53.06,62.41,7044.0,0.2058,0.7942,Risco educacional,Critico,-9.35
1334,2202653,Caxingó,PI,Nordeste,20.36,46.21,35.94,5496.0,0.2058,0.7942,Risco educacional,Critico,10.27
1335,1706001,Couto Magalhães,TO,Norte,48.18,49.04,58.52,5331.0,0.2058,0.7942,Risco educacional,Critico,-9.48
1336,1712009,Lajeado,TO,Norte,40.45,38.15,52.99,3357.0,0.2084,0.7916,Risco educacional,Critico,-14.84
1337,4318804,São Lourenço do Sul,RS,Sul,79.09,58.7,79.35,41989.0,0.2084,0.7916,Risco educacional,Critico,-20.65
1338,5001508,Bandeirantes,MS,Centro-Oeste,25.95,52.42,41.27,7940.0,0.2084,0.7916,Risco educacional,Critico,11.15
1339,1708254,Tabocão,TO,Norte,48.93,51.71,59.04,3455.0,0.2084,0.7916,Risco educacional,Critico,-7.33
1340,4311627,Lindolfo Collor,RS,Sul,67.55,36.1,71.5,6248.0,0.2084,0.7916,Risco educacional,Critico,-35.4
1341,2111250,São José dos Basílios,MA,Nordeste,12.94,56.16,27.58,6957.0,0.2084,0.7916,Risco educacional,Critico,28.58
1342,4306056,Cristal,RS,Sul,66.3,78.4,70.67,7299.0,0.2084,0.7916,Risco educacional,Critico,7.73
1343,2202059,Cabeceiras do Piauí,PI,Nordeste,19.85,52.34,35.42,10212.0,0.2084,0.7916,Risco educacional,Critico,16.92
1344,1718840,Sandolândia,TO,Norte,45.7,53.5,56.78,3723.0,0.2084,0.7916,Risco educacional,Critico,-3.28
1345,4314472,Pinhal Grande,RS,Sul,63.64,47.5,68.91,3805.0,0.2084,0.7916,Risco educacional,Critico,-21.41
1346,1707207,Dois Irmãos do Tocantins,TO,Norte,48.67,52.81,58.86,6327.0,0.2084,0.7916,Risco educacional,Critico,-6.05
1347,4201950,Balneário Arroio do Silva,SC,Sul,43.72,51.13,,15820.0,0.2084,0.7916,Risco educacional,Critico,
1348,4306205,Cruzeiro do Sul,RS,Sul,68.21,35.2,71.94,11600.0,0.2084,0.7916,Risco educacional,Critico,-36.74
1349,4314605,Piratini,RS,Sul,60.04,42.8,66.53,17504.0,0.2084,0.7916,Risco educacional,Critico,-23.73
1350,2704005,Junqueiro,AL,Nordeste,53.3,56.66,62.02,23907.0,0.2091,0.7909,Risco educacional,Critico,-5.36
1351,4311759,Manoel Viana,RS,Sul,28.57,50.0,43.57,6801.0,0.2097,0.7903,Risco educacional,Critico,6.43
1352,2403905,Francisco Dantas,RN,Nordeste,45.0,78.95,56.29,2700.0,0.2135,0.7865,Risco educacional,Critico,22.66
1353,2701357,Campestre,AL,Nordeste,41.23,62.12,53.57,6665.0,0.2139,0.7861,Risco educacional,Critico,8.55
1354,1715754,Palmeirópolis,TO,Norte,47.77,77.41,58.23,6975.0,0.2142,0.7858,Risco educacional,Critico,19.18
1355,1700707,Alvorada,TO,Norte,47.86,72.02,58.3,8802.0,0.2146,0.7854,Risco educacional,Critico,13.72
1356,2102200,Buriti,MA,Nordeste,44.96,28.95,56.26,29685.0,0.2162,0.7838,Risco educacional,Critico,-27.31
1357,2110708,São Domingos do Maranhão,MA,Nordeste,41.82,50.11,54.0,34034.0,0.2162,0.7838,Risco educacional,Critico,-3.89
1358,3511409,Cerqueira César,SP,Sudeste,44.01,39.99,55.58,21469.0,0.2162,0.7838,Risco educacional,Critico,-15.59
1359,2500577,Algodão de Jandaíra,PB,Nordeste,44.32,50.16,55.8,2953.0,0.2162,0.7838,Risco educacional,Critico,-5.64
1360,4307500,Espumoso,RS,Sul,81.25,39.1,80.0,15173.0,0.2165,0.7835,Risco educacional,Critico,-40.9
1361,2701803,Carneiros,AL,Nordeste,43.52,38.85,55.23,8999.0,0.2165,0.7835,Risco educacional,Critico,-16.38
1362,2206670,Morro do Chapéu do Piauí,PI,Nordeste,28.84,40.04,43.81,6425.0,0.2181,0.7819,Risco educacional,Critico,-3.77
1363,4202305,Biguaçu,SC,Sul,38.76,35.03,,76773.0,0.2184,0.7816,Risco educacional,Critico,
1364,4209300,Lages,SC,Sul,48.56,55.85,58.78,164981.0,0.2184,0.7816,Risco educacional,Critico,-2.93
1365,1708304,Goianorte,TO,Norte,53.56,40.0,62.2,4738.0,0.2197,0.7803,Risco educacional,Critico,-22.2
1366,1301803,Ipixuna,AM,Norte,40.83,63.28,66.47,24311.0,0.2248,0.7752,Risco educacional,Critico,-3.19
1367,3301157,Cardoso Moreira,RJ,Sudeste,31.94,34.97,46.4,12958.0,0.2271,0.7729,Risco educacional,Critico,-11.43
1368,1501576,Bom Jesus do Tocantins,PA,Norte,58.11,51.82,65.25,18005.0,0.2271,0.7729,Risco educacional,Critico,-13.43
1369,2205458,Joca Marques,PI,Nordeste,38.3,43.83,51.39,5394.0,0.2271,0.7729,Risco educacional,Critico,-7.56
1370,2607653,Itambé,PE,Nordeste,48.56,43.31,58.78,34935.0,0.2294,0.7706,Risco educacional,Critico,-15.47
1371,3510302,Capela do Alto,SP,Sudeste,47.52,47.64,58.06,22866.0,0.2294,0.7706,Risco educacional,Critico,-10.42
1372,2604601,Condado,PE,Nordeste,45.57,43.24,56.69,24587.0,0.2294,0.7706,Risco educacional,Critico,-13.45
1373,4202099,Barra Bonita,SC,Sul,50.0,66.67,59.77,1668.0,0.2294,0.7706,Risco educacional,Critico,6.9
1374,2606408,Gravatá,PE,Nordeste,42.26,43.1,54.32,86516.0,0.2294,0.7706,Risco educacional,Critico,-11.22
1375,2602001,Bodocó,PE,Nordeste,45.23,47.32,56.45,34478.0,0.2294,0.7706,Risco educacional,Critico,-9.13
1376,2919405,Licínio de Almeida,BA,Nordeste,75.0,65.48,76.51,11834.0,0.2294,0.7706,Risco educacional,Critico,-11.03
1377,5102702,Canarana,MT,Centro-Oeste,32.45,42.06,46.81,25858.0,0.2294,0.7706,Risco educacional,Critico,-4.75
1378,4206652,Guatambú,SC,Sul,44.44,38.7,55.89,8425.0,0.2295,0.7705,Risco educacional,Critico,-17.19
1379,2204907,Isaías Coelho,PI,Nordeste,27.85,34.44,42.95,7774.0,0.2297,0.7703,Risco educacional,Critico,-8.51
1380,2701605,Canapi,AL,Nordeste,45.5,62.21,56.64,15559.0,0.2297,0.7703,Risco educacional,Critico,5.57
1381,2201960,Brasileira,PI,Nordeste,33.17,42.58,47.4,8436.0,0.2297,0.7703,Risco educacional,Critico,-4.82
1382,2704104,Lagoa da Canoa,AL,Nordeste,45.57,44.19,56.69,18457.0,0.2297,0.7703,Risco educacional,Critico,-12.5
1383,2703403,Jacaré dos Homens,AL,Nordeste,38.18,54.66,51.3,5083.0,0.2297,0.7703,Risco educacional,Critico,3.36
1384,4208807,Jaguaruna,SC,Sul,42.4,56.28,54.42,20375.0,0.2297,0.7703,Risco educacional,Critico,1.86
1385,2102325,Buriticupu,MA,Nordeste,39.23,42.03,52.09,55499.0,0.2306,0.7694,Risco educacional,Critico,-10.06
1386,2508901,Mamanguape,PB,Nordeste,46.17,68.65,57.11,44599.0,0.2308,0.7692,Risco educacional,Critico,11.54
1387,1302405,Lábrea,AM,Norte,64.34,66.7,69.37,45448.0,0.2326,0.7674,Risco educacional,Critico,-2.67
1388,1300144,Apuí,AM,Norte,56.79,49.25,64.37,20647.0,0.2326,0.7674,Risco educacional,Critico,-15.12
1389,2512077,Poço de José de Moura,PB,Nordeste,87.93,57.57,61.89,4006.0,0.2335,0.7665,Risco educacional,Critico,-4.32
1390,2204204,Francisco Santos,PI,Nordeste,43.94,48.78,55.53,8237.0,0.2382,0.7618,Risco educacional,Critico,-6.75
1391,2210938,Sussuapara,PI,Nordeste,27.08,55.84,42.28,6220.0,0.2383,0.7617,Risco educacional,Critico,13.56
1392,2610004,Palmares,PE,Nordeste,43.01,64.85,54.86,54584.0,0.2386,0.7614,Risco educacional,Critico,9.99
1393,2100600,Amarante do Maranhão,MA,Nordeste,45.63,41.33,56.73,37085.0,0.239,0.761,Risco educacional,Critico,-15.4
1394,2111763,Senador La Rocque,MA,Nordeste,32.24,64.13,46.64,14700.0,0.239,0.761,Risco educacional,Critico,17.49
1395,1502004,Cachoeira do Arari,PA,Norte,52.11,33.12,61.22,23981.0,0.239,0.761,Risco educacional,Critico,-28.1
1396,2513802,Santa Teresinha,PB,Nordeste,40.43,42.77,52.98,4402.0,0.239,0.761,Risco educacional,Critico,-10.21
1397,1500131,Abel Figueiredo,PA,Norte,59.81,54.88,66.38,6136.0,0.241,0.759,Risco educacional,Critico,-11.5
1398,3516309,Francisco Morato,SP,Sudeste,50.64,50.49,60.21,165139.0,0.2412,0.7588,Risco educacional,Critico,-9.72
1399,1600303,Macapá,AP,Norte,43.33,49.14,55.09,442933.0,0.2412,0.7588,Risco educacional,Critico,-5.95
1400,2411502,Santo Antônio,RN,Nordeste,66.5,23.56,70.8,22177.0,0.2412,0.7588,Risco educacional,Critico,-47.24
1401,4218004,Tijucas,SC,Sul,44.26,15.28,,51592.0,0.2412,0.7588,Risco educacional,Critico,
1402,2514008,São João do Cariri,PB,Nordeste,29.59,60.71,44.44,4226.0,0.2416,0.7584,Risco educacional,Critico,16.27
1403,2503209,Cabedelo,PB,Nordeste,48.92,57.26,59.03,66519.0,0.2416,0.7584,Risco educacional,Critico,-1.77
1404,4304853,Carlos Gomes,RS,Sul,54.55,50.0,62.87,1368.0,0.2438,0.7562,Risco educacional,Critico,-12.87
1405,4314787,Ponte Preta,RS,Sul,60.0,57.9,66.5,1575.0,0.2438,0.7562,Risco educacional,Critico,-8.6
1406,2700102,Água Branca,AL,Nordeste,47.14,48.8,57.79,19008.0,0.2439,0.7561,Risco educacional,Critico,-8.99
1407,2706505,Passo de Camaragibe,AL,Nordeste,42.03,32.59,54.15,13804.0,0.2439,0.7561,Risco educacional,Critico,-21.56
1408,2702504,Dois Riachos,AL,Nordeste,46.47,64.23,57.32,9805.0,0.2439,0.7561,Risco educacional,Critico,6.91
1409,4207205,Imaruí,SC,Sul,63.38,44.91,51.51,11881.0,0.2449,0.7551,Risco educacional,Critico,-6.6
1410,4310009,Ibirubá,RS,Sul,59.96,55.7,66.47,21583.0,0.2461,0.7539,Risco educacional,Critico,-10.77
1411,2708600,São Miguel dos Campos,AL,Nordeste,50.08,57.17,59.83,51990.0,0.2464,0.7536,Risco educacional,Critico,-2.66
1412,2612901,São Benedito do Sul,PE,Nordeste,34.56,71.07,48.5,13113.0,0.2507,0.7493,Risco educacional,Alto,22.57
1413,5105507,Vila Bela da Santíssima Trindade,MT,Centro-Oeste,46.76,52.38,57.53,16774.0,0.2507,0.7493,Risco educacional,Alto,-5.15
1414,5103437,Curvelândia,MT,Centro-Oeste,33.24,92.97,47.45,4903.0,0.2507,0.7493,Risco educacional,Alto,45.52
1415,2101400,Balsas,MA,Nordeste,39.83,39.54,52.53,101767.0,0.251,0.749,Risco educacional,Alto,-12.99
1416,2501500,Bananeiras,PB,Nordeste,51.04,54.93,60.49,23134.0,0.2522,0.7478,Risco educacional,Alto,-5.56
1417,3546306,Santa Cruz das Palmeiras,SP,Sudeste,49.45,59.69,59.4,28864.0,0.2522,0.7478,Risco educacional,Alto,0.29
1418,3551504,Serrana,SP,Sudeste,45.95,43.97,56.96,43909.0,0.2522,0.7478,Risco educacional,Alto,-12.99
1419,2609907,Ouricuri,PE,Nordeste,36.16,30.78,49.75,65245.0,0.2522,0.7478,Risco educacional,Alto,-18.97
1420,2516201,Sousa,PB,Nordeste,44.13,66.52,55.67,67259.0,0.2522,0.7478,Risco educacional,Alto,10.85
1421,1712157,Lavandeira,TO,Norte,69.23,58.81,72.62,1626.0,0.2522,0.7478,Risco educacional,Alto,-13.81
1422,4304952,Caseiros,RS,Sul,86.13,40.0,80.0,3000.0,0.2522,0.7478,Risco educacional,Alto,-40.0
1423,2412104,São João do Sabugi,RN,Nordeste,49.46,71.7,59.4,5956.0,0.2522,0.7478,Risco educacional,Alto,12.3
1424,4308052,Faxinalzinho,RS,Sul,78.18,51.9,78.71,2520.0,0.2522,0.7478,Risco educacional,Alto,-26.81
1425,5101209,Araguainha,MT,Centro-Oeste,22.22,100.0,37.78,1010.0,0.2522,0.7478,Risco educacional,Alto,62.22
1426,2504306,Catolé do Rocha,PB,Nordeste,55.21,45.82,63.31,30661.0,0.2522,0.7478,Risco educacional,Alto,-17.49
1427,2500700,São João do Rio do Peixe,PB,Nordeste,42.09,72.85,54.19,17964.0,0.2522,0.7478,Risco educacional,Alto,18.66
1428,2508604,Lucena,PB,Nordeste,47.19,44.96,57.83,12560.0,0.2522,0.7478,Risco educacional,Alto,-12.87
1429,1506138,Redenção,PA,Norte,55.06,58.25,63.21,85597.0,0.2525,0.7475,Risco educacional,Alto,-4.96
1430,2109908,Santa Inês,MA,Nordeste,47.14,48.48,57.79,85014.0,0.2537,0.7463,Risco educacional,Alto,-9.31
1431,3530607,Mogi das Cruzes,SP,Sudeste,46.57,47.88,57.39,451505.0,0.2548,0.7452,Risco educacional,Alto,-9.51
1432,3527207,Lorena,SP,Sudeste,42.48,47.82,54.48,84855.0,0.2548,0.7452,Risco educacional,Alto,-6.66
1433,4301800,Barracão,RS,Sul,73.34,56.4,75.38,4831.0,0.2548,0.7452,Risco educacional,Alto,-18.98
1434,4301073,Arroio do Padre,RS,Sul,94.58,18.2,80.0,2599.0,0.2548,0.7452,Risco educacional,Alto,-61.8
1435,5001904,Bataguassu,MS,Centro-Oeste,37.66,52.31,50.9,23031.0,0.2548,0.7452,Risco educacional,Alto,1.41
1436,1715507,Oliveira de Fátima,TO,Norte,50.0,31.58,59.77,1164.0,0.2548,0.7452,Risco educacional,Alto,-28.19
1437,1600550,Pracuúba,AP,Norte,36.41,30.66,49.94,3803.0,0.2548,0.7452,Risco educacional,Alto,-19.28
1438,4311270,Lagoa dos Três Cantos,RS,Sul,61.9,36.0,67.76,1738.0,0.2548,0.7452,Risco educacional,Alto,-31.76
1439,4308078,Fazenda Vilanova,RS,Sul,80.0,65.0,80.0,4291.0,0.2548,0.7452,Risco educacional,Alto,-15.0
1440,4318457,São José das Missões,RS,Sul,78.44,60.4,78.89,2362.0,0.2548,0.7452,Risco educacional,Alto,-18.49
1441,5003488,Dois Irmãos do Buriti,MS,Centro-Oeste,38.16,39.87,51.28,11100.0,0.2548,0.7452,Risco educacional,Alto,-11.41
1442,4322376,Unistalda,RS,Sul,58.82,38.1,65.72,1995.0,0.2548,0.7452,Risco educacional,Alto,-27.62
1443,4208450,Itapoá,SC,Sul,47.67,53.37,,30750.0,0.2548,0.7452,Risco educacional,Alto,
1444,2400703,Alto do Rodrigues,RN,Nordeste,48.41,52.52,58.68,12484.0,0.2548,0.7452,Risco educacional,Alto,-6.16
1445,5005400,Maracaju,MS,Centro-Oeste,40.62,46.55,53.12,45047.0,0.2548,0.7452,Risco educacional,Alto,-6.57
1446,4211900,Palhoça,SC,Sul,52.74,46.53,,222598.0,0.2548,0.7452,Risco educacional,Alto,
1447,1709807,Ipueiras,TO,Norte,27.27,21.43,42.44,1590.0,0.2548,0.7452,Risco educacional,Alto,-21.01
1448,5007208,Rio Brilhante,MS,Centro-Oeste,40.18,52.67,52.79,37601.0,0.2548,0.7452,Risco educacional,Alto,-0.12
1449,2616407,Vitória de Santo Antão,PE,Nordeste,46.09,50.66,57.06,134084.0,0.2548,0.7452,Risco educacional,Alto,-6.4
1450,4313060,Nova Hartz,RS,Sul,72.08,45.3,74.53,20088.0,0.2548,0.7452,Risco educacional,Alto,-29.23
1451,3554656,Torre de Pedra,SP,Sudeste,33.33,30.77,47.52,2046.0,0.2548,0.7452,Risco educacional,Alto,-16.75
1452,3551702,Sertãozinho,SP,Sudeste,53.71,54.16,62.3,126887.0,0.2548,0.7452,Risco educacional,Alto,-8.14
1453,3529658,Mesópolis,SP,Sudeste,34.78,56.25,48.68,1952.0,0.2548,0.7452,Risco educacional,Alto,7.57
1454,2403301,Encanto,RN,Nordeste,47.53,67.02,58.07,6016.0,0.2548,0.7452,Risco educacional,Alto,8.95
1455,1704600,Chapada de Areia,TO,Norte,50.0,6.25,59.77,1501.0,0.2548,0.7452,Risco educacional,Alto,-53.52
1456,2401503,Barcelona,RN,Nordeste,55.27,74.35,63.35,3986.0,0.2548,0.7452,Risco educacional,Alto,11.0
1457,3524006,Itupeva,SP,Sudeste,44.88,48.94,56.2,70616.0,0.2551,0.7449,Risco educacional,Alto,-7.26
1458,3519709,Ibiúna,SP,Sudeste,44.73,53.06,56.09,75605.0,0.2551,0.7449,Risco educacional,Alto,-3.03
1459,4202107,Barra Velha,SC,Sul,47.47,46.69,,45369.0,0.2551,0.7449,Risco educacional,Alto,
1460,3513405,Cruzeiro,SP,Sudeste,39.34,55.99,52.17,74961.0,0.2551,0.7449,Risco educacional,Alto,3.82
1461,3509601,Campo Limpo Paulista,SP,Sudeste,49.85,48.77,59.67,77632.0,0.2551,0.7449,Risco educacional,Alto,-10.9
1462,2104800,Grajaú,MA,Nordeste,42.36,45.8,54.39,73872.0,0.2551,0.7449,Risco educacional,Alto,-8.59
1463,3531803,Monte Mor,SP,Sudeste,49.58,46.98,59.49,64662.0,0.2551,0.7449,Risco educacional,Alto,-12.51
1464,3549508,São José da Bela Vista,SP,Sudeste,47.63,50.38,58.14,7626.0,0.2563,0.7437,Risco educacional,Alto,-7.76
1465,4322152,Tunas,RS,Sul,68.21,41.1,71.94,3681.0,0.2569,0.7431,Risco educacional,Alto,-30.84
1466,2600609,Alagoinha,PE,Nordeste,42.86,53.87,54.75,13542.0,0.2571,0.7429,Risco educacional,Alto,-0.88
1467,5003256,Costa Rica,MS,Centro-Oeste,38.85,54.88,51.8,26037.0,0.2576,0.7424,Risco educacional,Alto,3.08
1468,4314175,Pedras Altas,RS,Sul,64.71,55.9,69.62,2061.0,0.2576,0.7424,Risco educacional,Alto,-13.72
1469,1715101,Novo Acordo,TO,Norte,39.24,36.09,52.09,3969.0,0.2576,0.7424,Risco educacional,Alto,-16.0
1470,4320909,Tapejara,RS,Sul,69.7,46.2,72.93,24557.0,0.2576,0.7424,Risco educacional,Alto,-26.73
1471,5000609,Amambai,MS,Centro-Oeste,42.01,69.72,54.14,39325.0,0.2576,0.7424,Risco educacional,Alto,15.58
1472,4314068,Passa Sete,RS,Sul,85.26,75.0,80.0,3983.0,0.2594,0.7406,Risco educacional,Alto,-5.0
1473,2504801,Coremas,PB,Nordeste,67.07,48.71,71.18,14683.0,0.2605,0.7395,Risco educacional,Alto,-22.47
1474,5103254,Colniza,MT,Centro-Oeste,41.71,69.19,53.92,25766.0,0.2635,0.7365,Risco educacional,Alto,15.27
1475,2205805,Luzilândia,PI,Nordeste,51.73,54.9,60.96,25375.0,0.2635,0.7365,Risco educacional,Alto,-6.06
1476,3300308,Barra do Piraí,RJ,Sudeste,45.28,48.01,56.48,92883.0,0.2646,0.7354,Risco educacional,Alto,-8.47
1477,1503002,Faro,PA,Norte,51.05,51.79,60.49,8728.0,0.2648,0.7352,Risco educacional,Alto,-8.7
1478,3304557,Rio de Janeiro,RJ,Sudeste,56.19,63.75,63.97,6211223.0,0.2648,0.7352,Risco educacional,Alto,-0.22
1479,3303302,Niterói,RJ,Sudeste,51.92,51.2,61.09,481749.0,0.2648,0.7352,Risco educacional,Alto,-9.89
1480,2709004,Tanque d'Arca,AL,Nordeste,42.05,53.45,54.17,5796.0,0.2653,0.7347,Risco educacional,Alto,-0.72
1481,1502939,Dom Eliseu,PA,Norte,59.32,69.24,66.05,58484.0,0.2661,0.7339,Risco educacional,Alto,3.19
1482,4209409,Laguna,SC,Sul,33.26,34.29,47.47,42785.0,0.2671,0.7329,Risco educacional,Alto,-13.18
1483,2709152,Teotônio Vilela,AL,Nordeste,52.48,57.59,61.47,38053.0,0.2677,0.7323,Risco educacional,Alto,-3.88
1484,2505709,Dona Inês,PB,Nordeste,48.88,96.29,59.0,10380.0,0.2702,0.7298,Risco educacional,Alto,37.29
1485,2611309,Pombos,PE,Nordeste,46.95,40.45,57.66,27552.0,0.2703,0.7297,Risco educacional,Alto,-17.21
1486,2109502,Riachão,MA,Nordeste,41.08,51.85,57.28,22145.0,0.2716,0.7284,Risco educacional,Alto,-5.43
1487,3509452,Campina do Monte Alegre,SP,Sudeste,45.77,43.46,56.83,5954.0,0.2735,0.7265,Risco educacional,Alto,-13.37
1488,2603702,Canhotinho,PE,Nordeste,48.26,65.49,58.57,24329.0,0.2735,0.7265,Risco educacional,Alto,6.92
1489,2211001,Teresina,PI,Nordeste,48.21,57.25,58.54,866300.0,0.2735,0.7265,Risco educacional,Alto,-1.29
1490,2514305,São José de Caiana,PB,Nordeste,48.19,52.39,58.52,5034.0,0.2735,0.7265,Risco educacional,Alto,-6.13
1491,5103353,Confresa,MT,Centro-Oeste,35.6,54.24,49.32,35075.0,0.2735,0.7265,Risco educacional,Alto,4.92
1492,5103403,Cuiabá,MT,Centro-Oeste,53.94,46.56,62.45,650877.0,0.2736,0.7264,Risco educacional,Alto,-15.89
1493,3532306,Natividade da Serra,SP,Sudeste,40.32,57.89,52.9,6999.0,0.275,0.725,Risco educacional,Alto,4.99
1494,4311601,Liberato Salzano,RS,Sul,73.29,73.9,75.34,4781.0,0.2761,0.7239,Risco educacional,Alto,-1.44
1495,2102150,Brejo de Areia,MA,Nordeste,33.25,49.3,47.46,9218.0,0.2761,0.7239,Risco educacional,Alto,1.84
1496,4320453,Sério,RS,Sul,85.41,11.1,80.0,1941.0,0.2761,0.7239,Risco educacional,Alto,-68.9
1497,4309100,Gramado,RS,Sul,79.08,55.3,79.35,40134.0,0.2761,0.7239,Risco educacional,Alto,-24.05
1498,3535507,Paraguaçu Paulista,SP,Sudeste,48.18,56.93,58.52,41120.0,0.2761,0.7239,Risco educacional,Alto,-1.59
1499,2514107,São João do Tigre,PB,Nordeste,36.73,48.38,50.19,4263.0,0.2761,0.7239,Risco educacional,Alto,-1.81
1500,5107859,São Félix do Araguaia,MT,Centro-Oeste,34.84,33.38,48.72,13621.0,0.2761,0.7239,Risco educacional,Alto,-15.34
1501,3536570,Paulistânia,SP,Sudeste,38.25,73.68,51.35,2090.0,0.2761,0.7239,Risco educacional,Alto,22.33
1502,3522901,Itapuí,SP,Sudeste,35.02,53.04,48.86,13659.0,0.2761,0.7239,Risco educacional,Alto,4.18
1503,2104404,Gonçalves Dias,MA,Nordeste,45.23,66.96,56.45,17206.0,0.2761,0.7239,Risco educacional,Alto,10.51
1504,2516409,Tacima,PB,Nordeste,55.93,77.72,63.79,8010.0,0.2761,0.7239,Risco educacional,Alto,13.93
1505,2517001,Umbuzeiro,PB,Nordeste,38.29,79.38,51.38,9124.0,0.2761,0.7239,Risco educacional,Alto,28.0
1506,3512308,Conchas,SP,Sudeste,47.34,69.48,57.93,15232.0,0.2761,0.7239,Risco educacional,Alto,11.55
1507,3502903,Araçoiaba da Serra,SP,Sudeste,49.39,56.16,59.35,32443.0,0.2761,0.7239,Risco educacional,Alto,-3.19
1508,3539103,Pirapora do Bom Jesus,SP,Sudeste,43.48,40.79,55.2,18370.0,0.2761,0.7239,Risco educacional,Alto,-14.41
1509,1506104,Primavera,PA,Norte,48.96,49.94,59.06,10851.0,0.2761,0.7239,Risco educacional,Alto,-9.12
1510,4318408,São Jerônimo,RS,Sul,81.83,71.9,80.0,21028.0,0.2761,0.7239,Risco educacional,Alto,-8.1
1511,4315701,Rio Pardo,RS,Sul,73.36,63.4,75.39,34654.0,0.2761,0.7239,Risco educacional,Alto,-11.99
1512,4312807,Nova Araçá,RS,Sul,82.28,60.6,80.0,4954.0,0.2761,0.7239,Risco educacional,Alto,-19.4
1513,3535903,Paranapuã,SP,Sudeste,32.42,82.89,46.79,4031.0,0.2761,0.7239,Risco educacional,Alto,36.1
1514,3524105,Ituverava,SP,Sudeste,48.38,49.94,58.66,37571.0,0.2761,0.7239,Risco educacional,Alto,-8.72
1515,4319604,São Sepé,RS,Sul,82.29,49.7,80.0,21219.0,0.2761,0.7239,Risco educacional,Alto,-30.3
1516,4317400,Santiago,RS,Sul,72.84,61.2,75.04,48938.0,0.2761,0.7239,Risco educacional,Alto,-13.84
1517,2503902,Camalaú,PB,Nordeste,36.34,68.64,49.89,6085.0,0.2761,0.7239,Risco educacional,Alto,18.75
1518,2112902,Vitória do Mearim,MA,Nordeste,48.98,60.19,59.07,30805.0,0.2761,0.7239,Risco educacional,Alto,1.12
1519,3552007,Silveiras,SP,Sudeste,45.87,47.27,56.9,6186.0,0.2761,0.7239,Risco educacional,Alto,-9.63
1520,2111532,São Pedro da Água Branca,MA,Nordeste,32.95,55.64,47.22,14338.0,0.2761,0.7239,Risco educacional,Alto,8.42
1521,2513356,Santa Inês,PB,Nordeste,52.66,39.01,61.59,3227.0,0.2761,0.7239,Risco educacional,Alto,-22.58
1522,4305447,Chuvisca,RS,Sul,71.05,69.0,73.83,4597.0,0.2761,0.7239,Risco educacional,Alto,-4.83
1523,3300209,Araruama,RJ,Sudeste,50.86,55.89,60.36,129671.0,0.2761,0.7239,Risco educacional,Alto,-4.47
1524,2101905,Bequimão,MA,Nordeste,33.01,59.75,47.27,19584.0,0.2761,0.7239,Risco educacional,Alto,12.48
1525,3529906,Miracatu,SP,Sudeste,43.55,65.52,55.25,18553.0,0.2763,0.7237,Risco educacional,Alto,10.27
1526,2613404,São José da Coroa Grande,PE,Nordeste,41.77,39.24,53.96,18825.0,0.2763,0.7237,Risco educacional,Alto,-14.72
1527,2505501,Vista Serrana,PB,Nordeste,44.1,58.31,55.64,3641.0,0.2763,0.7237,Risco educacional,Alto,2.67
1528,2113009,Vitorino Freire,MA,Nordeste,51.04,73.1,60.49,30845.0,0.2763,0.7237,Risco educacional,Alto,12.61
1529,2111052,São João do Paraíso,MA,Nordeste,33.48,43.97,47.64,9904.0,0.2763,0.7237,Risco educacional,Alto,-3.67
1530,4202073,Balneário Gaivota,SC,Sul,51.47,49.21,55.1,15669.0,0.2764,0.7236,Risco educacional,Alto,-5.89
1531,2109205,Presidente Juscelino,MA,Nordeste,36.89,57.94,50.31,11356.0,0.2764,0.7236,Risco educacional,Alto,7.63
1532,3522653,Itapirapuã Paulista,SP,Sudeste,45.73,29.85,56.8,4306.0,0.2764,0.7236,Risco educacional,Alto,-26.95
1533,2103174,Centro Novo do Maranhão,MA,Nordeste,40.03,36.86,52.68,16267.0,0.2764,0.7236,Risco educacional,Alto,-15.82
1534,2513653,Joca Claudino,PB,Nordeste,39.7,90.09,52.44,2539.0,0.2764,0.7236,Risco educacional,Alto,37.65
1535,2102374,Cachoeira Grande,MA,Nordeste,41.14,56.05,53.5,9732.0,0.2764,0.7236,Risco educacional,Alto,2.55
1536,2502201,Bom Jesus,PB,Nordeste,25.56,68.42,40.92,2286.0,0.2764,0.7236,Risco educacional,Alto,27.5
1537,2105476,Jenipapo dos Vieiras,MA,Nordeste,47.09,69.39,57.76,17076.0,0.2764,0.7236,Risco educacional,Alto,11.63
1538,2509206,Massaranduba,PB,Nordeste,44.27,40.69,55.77,14139.0,0.2772,0.7228,Risco educacional,Alto,-15.08
1539,2108603,Pinheiro,MA,Nordeste,53.04,46.82,61.85,84621.0,0.2782,0.7218,Risco educacional,Alto,-15.03
1540,2610707,Paulista,PE,Nordeste,51.23,55.54,60.62,342167.0,0.2782,0.7218,Risco educacional,Alto,-5.08
1541,1303700,Santo Antônio do Içá,AM,Norte,59.68,37.94,66.29,28211.0,0.2785,0.7215,Risco educacional,Alto,-28.35
1542,4304804,Carlos Barbosa,RS,Sul,67.4,64.9,71.4,30420.0,0.2789,0.7211,Risco educacional,Alto,-6.5
1543,5003108,Corguinho,MS,Centro-Oeste,45.65,58.66,56.75,4783.0,0.2789,0.7211,Risco educacional,Alto,1.91
1544,2101939,Bernardo do Mearim,MA,Nordeste,12.84,87.88,27.45,5840.0,0.2789,0.7211,Risco educacional,Alto,60.43
1545,4312658,Não-Me-Toque,RS,Sul,66.12,58.2,70.55,17898.0,0.2789,0.7211,Risco educacional,Alto,-12.35
1546,2105302,Imperatriz,MA,Nordeste,45.19,54.73,56.42,273110.0,0.2793,0.7207,Risco educacional,Alto,-1.69
1547,3509809,Campos Novos Paulista,SP,Sudeste,32.08,86.59,46.51,4888.0,0.2793,0.7207,Risco educacional,Alto,40.08
1548,3554607,Timburi,SP,Sudeste,39.16,58.99,52.03,2464.0,0.2793,0.7207,Risco educacional,Alto,6.96
1549,2110658,São Domingos do Azeitão,MA,Nordeste,22.32,36.83,37.88,7992.0,0.2831,0.7169,Risco educacional,Alto,-1.05
1550,3300803,Cachoeiras de Macacu,RJ,Sudeste,50.58,49.28,60.17,56943.0,0.2874,0.7126,Risco educacional,Alto,-10.89
1551,1504109,Magalhães Barata,PA,Norte,54.01,60.05,62.5,8115.0,0.2874,0.7126,Risco educacional,Alto,-2.45
1552,3513207,Cristais Paulista,SP,Sudeste,49.97,49.46,59.75,9272.0,0.2874,0.7126,Risco educacional,Alto,-10.29
1553,2200251,Alagoinha do Piauí,PI,Nordeste,44.44,74.63,55.89,6819.0,0.2874,0.7126,Risco educacional,Alto,18.74
1554,2512002,Pocinhos,PB,Nordeste,42.15,54.09,54.24,17469.0,0.2876,0.7124,Risco educacional,Alto,-0.15
1555,3538105,Pindorama,SP,Sudeste,46.53,63.37,57.37,14542.0,0.2878,0.7122,Risco educacional,Alto,6.0
1556,3535804,Paranapanema,SP,Sudeste,49.33,42.59,59.31,19395.0,0.2878,0.7122,Risco educacional,Alto,-16.72
1557,3305554,Seropédica,RJ,Sudeste,46.5,50.53,57.34,80596.0,0.2878,0.7122,Risco educacional,Alto,-6.81
1558,3506706,Boa Esperança do Sul,SP,Sudeste,42.1,55.34,54.2,12978.0,0.2878,0.7122,Risco educacional,Alto,1.14
1559,3539400,Piratininga,SP,Sudeste,48.91,44.37,59.02,15108.0,0.2878,0.7122,Risco educacional,Alto,-14.65
1560,2102804,Carolina,MA,Nordeste,44.54,50.96,55.96,24062.0,0.2878,0.7122,Risco educacional,Alto,-5.0
1561,2112456,Turilândia,MA,Nordeste,56.43,49.69,64.13,31638.0,0.2878,0.7122,Risco educacional,Alto,-14.44
1562,2100907,Araioses,MA,Nordeste,56.23,42.52,63.99,39052.0,0.2878,0.7122,Risco educacional,Alto,-21.47
1563,2613503,São José do Belmonte,PE,Nordeste,46.7,60.42,57.48,34843.0,0.2878,0.7122,Risco educacional,Alto,2.94
1564,3539301,Pirassununga,SP,Sudeste,45.9,56.4,56.92,73545.0,0.2882,0.7118,Risco educacional,Alto,-0.52
1565,3522307,Itapetininga,SP,Sudeste,42.15,50.81,54.24,157790.0,0.2882,0.7118,Risco educacional,Alto,-3.43
1566,4318903,São Luiz Gonzaga,RS,Sul,80.28,42.3,80.0,34752.0,0.2902,0.7098,Risco educacional,Alto,-37.7
1567,2209351,Santana do Piauí,PI,Nordeste,33.11,68.1,47.35,4125.0,0.2903,0.7097,Risco educacional,Alto,20.75
1568,4316436,Saldanha Marinho,RS,Sul,42.86,69.6,54.75,2575.0,0.291,0.709,Risco educacional,Alto,14.85
1569,4304713,Caraá,RS,Sul,90.82,62.4,80.0,7394.0,0.2925,0.7075,Risco educacional,Alto,-17.6
1570,5007950,Tacuru,MS,Centro-Oeste,51.61,56.62,60.88,10808.0,0.2925,0.7075,Risco educacional,Alto,-4.26
1571,4211108,Monte Castelo,SC,Sul,58.78,43.19,50.04,7736.0,0.2925,0.7075,Risco educacional,Alto,-6.85
1572,3515707,Ferraz de Vasconcelos,SP,Sudeste,52.72,65.07,61.63,179198.0,0.2928,0.7072,Risco educacional,Alto,3.44
1573,4302105,Bento Gonçalves,RS,Sul,77.38,50.8,78.15,123151.0,0.295,0.705,Risco educacional,Alto,-27.35
1574,3530706,Mogi Guaçu,SP,Sudeste,51.4,63.47,60.73,153658.0,0.2953,0.7047,Risco educacional,Alto,2.74
1575,4307302,Erval Seco,RS,Sul,67.41,50.4,71.41,6787.0,0.2953,0.7047,Risco educacional,Alto,-21.01
1576,2600054,Abreu e Lima,PE,Nordeste,47.44,46.4,58.0,98462.0,0.2995,0.7005,Risco educacional,Alto,-11.6
1577,3517000,Getulina,SP,Sudeste,49.54,68.1,59.46,10232.0,0.2995,0.7005,Risco educacional,Alto,8.64
1578,2111672,São Roberto,MA,Nordeste,48.24,35.69,58.56,4544.0,0.2995,0.7005,Risco educacional,Alto,-22.87
1579,3540705,Porto Ferreira,SP,Sudeste,48.9,50.08,59.02,52649.0,0.2995,0.7005,Risco educacional,Alto,-8.94
1580,2607901,Jaboatão dos Guararapes,PE,Nordeste,57.25,54.98,64.67,644037.0,0.3038,0.6962,Risco educacional,Alto,-9.69
1581,4216206,São Francisco do Sul,SC,Sul,44.54,49.5,,52674.0,0.3056,0.6944,Risco educacional,Alto,
1582,4322806,Veranópolis,RS,Sul,77.14,57.0,77.99,24021.0,0.3109,0.6891,Risco educacional,Alto,-20.99
1583,1505635,Piçarra,PA,Norte,58.29,57.18,65.37,12832.0,0.3112,0.6888,Risco educacional,Alto,-8.19
1584,2210656,Sigefredo Pacheco,PI,Nordeste,45.16,75.67,56.4,9460.0,0.3112,0.6888,Risco educacional,Alto,19.27
1585,1506401,Santa Cruz do Arari,PA,Norte,49.87,52.31,59.69,7445.0,0.3112,0.6888,Risco educacional,Alto,-7.38
1586,2204659,Ilha Grande,PI,Nordeste,39.89,34.84,52.58,9274.0,0.3112,0.6888,Risco educacional,Alto,-17.74
1587,2208502,Porto,PI,Nordeste,40.12,36.04,52.75,12052.0,0.3112,0.6888,Risco educacional,Alto,-16.71
1588,3547403,Santa Rita d'Oeste,SP,Sudeste,60.37,52.94,66.75,2733.0,0.3116,0.6884,Risco educacional,Alto,-13.81
1589,3544103,Rio Grande da Serra,SP,Sudeste,31.67,57.14,46.18,44170.0,0.3138,0.6862,Risco educacional,Alto,10.96
1590,4302303,Bom Jesus,RS,Sul,72.59,40.2,74.87,11202.0,0.3138,0.6862,Risco educacional,Alto,-34.67
1591,4312252,Minas do Leão,RS,Sul,73.26,69.6,75.32,7505.0,0.3138,0.6862,Risco educacional,Alto,-5.72
1592,2210623,Sebastião Barros,PI,Nordeste,26.0,50.0,41.31,3202.0,0.3141,0.6859,Risco educacional,Alto,8.69
1593,2205300,Jerumenha,PI,Nordeste,26.32,75.31,41.6,4497.0,0.3141,0.6859,Risco educacional,Alto,33.71
1594,4312054,Marques de Souza,RS,Sul,75.87,47.8,77.11,3969.0,0.3141,0.6859,Risco educacional,Alto,-29.31
1595,4323101,Vicente Dutra,RS,Sul,72.28,70.1,74.66,4665.0,0.3141,0.6859,Risco educacional,Alto,-4.56
1596,4305959,Cotiporã,RS,Sul,73.99,44.2,75.82,3846.0,0.3141,0.6859,Risco educacional,Alto,-31.62
1597,4309753,Ibarama,RS,Sul,71.02,41.4,73.81,3732.0,0.3141,0.6859,Risco educacional,Alto,-32.41
1598,3520400,Ilhabela,SP,Sudeste,44.16,43.27,55.69,34934.0,0.3144,0.6856,Risco educacional,Alto,-12.42
1599,2211704,Wall Ferraz,PI,Nordeste,37.6,54.29,50.86,4059.0,0.3144,0.6856,Risco educacional,Alto,3.43
1600,4309951,Ibirapuitã,RS,Sul,49.55,70.6,72.34,3723.0,0.3145,0.6855,Risco educacional,Alto,-1.74
1601,3301405,Conceição de Macabu,RJ,Sudeste,49.73,56.17,59.59,21104.0,0.3153,0.6847,Risco educacional,Alto,-3.42
1602,3549607,São José do Barreiro,SP,Sudeste,37.89,52.78,51.08,3853.0,0.3165,0.6835,Risco educacional,Alto,1.7
1603,4321402,Tenente Portela,RS,Sul,67.61,65.0,71.54,14497.0,0.3166,0.6834,Risco educacional,Alto,-6.54
1604,4314159,Paverama,RS,Sul,63.58,40.7,68.87,7978.0,0.3166,0.6834,Risco educacional,Alto,-28.17
1605,2410207,Portalegre,RN,Nordeste,50.87,65.36,60.37,7601.0,0.3166,0.6834,Risco educacional,Alto,4.99
1606,4320503,Sertão,RS,Sul,59.81,47.2,66.38,5541.0,0.3166,0.6834,Risco educacional,Alto,-19.18
1607,4321006,Tapera,RS,Sul,61.35,68.4,67.4,10592.0,0.3166,0.6834,Risco educacional,Alto,1.0
1608,4304200,Candelária,RS,Sul,75.36,53.2,76.76,28906.0,0.3166,0.6834,Risco educacional,Alto,-23.56
1609,4304622,Capão Bonito do Sul,RS,Sul,53.85,60.0,62.39,1733.0,0.3166,0.6834,Risco educacional,Alto,-2.39
1610,4300802,Antônio Prado,RS,Sul,65.93,46.6,70.43,13045.0,0.3166,0.6834,Risco educacional,Alto,-23.83
1611,4323507,Vista Alegre,RS,Sul,90.0,33.3,80.0,2660.0,0.3167,0.6833,Risco educacional,Alto,-46.7
1612,2413003,São Vicente,RN,Nordeste,62.96,47.83,68.46,6310.0,0.317,0.683,Risco educacional,Alto,-20.63
1613,2404903,Itaú,RN,Nordeste,52.94,51.63,61.78,5320.0,0.317,0.683,Risco educacional,Alto,-10.15
1614,3522802,Itaporanga,SP,Sudeste,36.36,70.1,49.91,14085.0,0.317,0.683,Risco educacional,Alto,20.19
1615,4209706,Lebon Régis,SC,Sul,40.87,56.41,53.3,11472.0,0.3183,0.6817,Risco educacional,Alto,3.11
1616,1303403,Parintins,AM,Norte,51.88,51.36,61.06,96372.0,0.3188,0.6812,Risco educacional,Alto,-9.7
1617,1502202,Capanema,PA,Norte,62.0,59.49,67.83,70394.0,0.3195,0.6805,Risco educacional,Alto,-8.34
1618,2202000,Buriti dos Lopes,PI,Nordeste,41.5,61.68,53.76,19654.0,0.3211,0.6789,Risco educacional,Alto,7.92
1619,4213302,Ponte Alta,SC,Sul,40.98,60.53,53.38,4437.0,0.3233,0.6767,Risco educacional,Alto,7.15
1620,4216503,São Joaquim,SC,Sul,34.45,43.26,48.42,25939.0,0.3233,0.6767,Risco educacional,Alto,-5.16
1621,3509007,Caieiras,SP,Sudeste,43.89,52.21,55.49,95032.0,0.3233,0.6767,Risco educacional,Alto,-3.28
1622,2612604,Santa Maria da Boa Vista,PE,Nordeste,45.6,64.37,56.71,40578.0,0.3233,0.6767,Risco educacional,Alto,7.66
1623,3303807,Paraty,RJ,Sudeste,50.72,48.89,60.27,45243.0,0.324,0.676,Risco educacional,Alto,-11.38
1624,1712405,Lizarda,TO,Norte,42.61,19.44,54.57,2999.0,0.3246,0.6754,Risco educacional,Alto,-35.13
1625,1505601,Peixe-Boi,PA,Norte,53.76,84.31,62.33,8285.0,0.3251,0.6749,Risco educacional,Alto,21.98
1626,2209872,São João da Fronteira,PI,Nordeste,26.94,43.37,42.15,5522.0,0.3251,0.6749,Risco educacional,Alto,1.22
1627,2500502,Alagoinha,PB,Nordeste,57.29,53.1,64.7,13725.0,0.3251,0.6749,Risco educacional,Alto,-11.6
1628,4300505,Alpestre,RS,Sul,74.94,66.5,76.47,7117.0,0.3252,0.6748,Risco educacional,Alto,-9.97
1629,3505609,Barrinha,SP,Sudeste,55.45,51.43,63.47,32092.0,0.3253,0.6747,Risco educacional,Alto,-12.04
1630,4306007,Crissiumal,RS,Sul,73.17,57.4,75.26,12886.0,0.3255,0.6745,Risco educacional,Alto,-17.86
1631,5105150,Juína,MT,Centro-Oeste,45.51,56.58,56.65,45869.0,0.3255,0.6745,Risco educacional,Alto,-0.07
1632,5106307,Paranatinga,MT,Centro-Oeste,45.39,60.98,56.56,26423.0,0.3255,0.6745,Risco educacional,Alto,4.42
1633,3515103,Embu-Guaçu,SP,Sudeste,46.49,45.34,57.34,66970.0,0.3259,0.6741,Risco educacional,Alto,-12.0
1634,5107776,Santa Terezinha,MT,Centro-Oeste,39.81,40.74,52.52,7596.0,0.3259,0.6741,Risco educacional,Alto,-11.78
1635,3520103,Igarapava,SP,Sudeste,47.11,55.6,57.77,26212.0,0.3262,0.6738,Risco educacional,Alto,-2.17
1636,2108306,Penalva,MA,Nordeste,55.46,63.88,63.48,32511.0,0.3262,0.6738,Risco educacional,Alto,0.4
1637,3534302,Orlândia,SP,Sudeste,44.94,57.15,56.24,38319.0,0.3262,0.6738,Risco educacional,Alto,0.91
1638,2103208,Chapadinha,MA,Nordeste,47.1,41.58,57.77,81386.0,0.3262,0.6738,Risco educacional,Alto,-16.19
1639,3551900,Severínia,SP,Sudeste,42.14,61.65,54.23,14576.0,0.327,0.673,Risco educacional,Alto,7.42
1640,1720937,Taipas do Tocantins,TO,Norte,55.85,55.56,63.74,2021.0,0.3278,0.6722,Risco educacional,Alto,-8.18
1641,3516408,Franco da Rocha,SP,Sudeste,50.89,46.57,60.38,144849.0,0.3282,0.6718,Risco educacional,Alto,-13.81
1642,3507605,Bragança Paulista,SP,Sudeste,52.01,53.36,61.15,176811.0,0.3283,0.6717,Risco educacional,Alto,-7.79
1643,3556206,Valinhos,SP,Sudeste,50.73,48.21,60.28,126373.0,0.3283,0.6717,Risco educacional,Alto,-12.07
1644,5001003,Aparecida do Taboado,MS,Centro-Oeste,51.45,57.5,60.77,27674.0,0.3283,0.6717,Risco educacional,Alto,-3.27
1645,2606002,Garanhuns,PE,Nordeste,52.28,69.75,61.33,142506.0,0.3283,0.6717,Risco educacional,Alto,8.42
1646,4320107,Sarandi,RS,Sul,71.47,47.7,74.12,22851.0,0.3283,0.6717,Risco educacional,Alto,-26.42
1647,4311403,Lajeado,RS,Sul,74.67,47.5,76.28,93646.0,0.3283,0.6717,Risco educacional,Alto,-28.78
1648,4322202,Tupanciretã,RS,Sul,71.92,44.4,74.42,20005.0,0.3283,0.6717,Risco educacional,Alto,-30.02
1649,3554003,Tatuí,SP,Sudeste,51.1,53.92,60.53,123942.0,0.3283,0.6717,Risco educacional,Alto,-6.61
1650,3510500,Caraguatatuba,SP,Sudeste,54.34,58.19,62.72,134873.0,0.3283,0.6717,Risco educacional,Alto,-4.53
1651,4201406,Araranguá,SC,Sul,50.65,61.61,,71922.0,0.3287,0.6713,Risco educacional,Alto,
1652,4203956,Capivari de Baixo,SC,Sul,51.47,58.8,,23975.0,0.3287,0.6713,Risco educacional,Alto,
1653,2403004,Cruzeta,RN,Nordeste,51.8,60.81,61.01,8005.0,0.3287,0.6713,Risco educacional,Alto,-0.2
1654,1703206,Bernardo Sayão,TO,Norte,52.8,59.26,61.68,4229.0,0.3305,0.6695,Risco educacional,Alto,-2.42
1655,1703107,Barrolândia,TO,Norte,59.45,49.74,66.14,4846.0,0.3305,0.6695,Risco educacional,Alto,-16.4
1656,3522505,Itapevi,SP,Sudeste,50.26,55.46,59.95,232297.0,0.3306,0.6694,Risco educacional,Alto,-4.49
1657,3548807,São Caetano do Sul,SP,Sudeste,60.95,66.12,67.13,165655.0,0.3357,0.6643,Risco educacional,Alto,-1.01
1658,2413607,Severiano Melo,RN,Nordeste,71.63,47.88,74.22,5487.0,0.3366,0.6634,Risco educacional,Alto,-26.34
1659,4220000,Balneário Rincão,SC,Sul,50.34,54.65,60.01,15981.0,0.3372,0.6628,Risco educacional,Alto,-5.36
1660,5107008,Poxoréu,MT,Centro-Oeste,47.11,46.03,57.77,23283.0,0.3372,0.6628,Risco educacional,Alto,-11.74
1661,1718204,Porto Nacional,TO,Norte,56.8,44.11,64.37,64418.0,0.3375,0.6625,Risco educacional,Alto,-20.26
1662,5102793,Carlinda,MT,Centro-Oeste,42.52,98.95,54.51,10332.0,0.3386,0.6614,Risco educacional,Alto,44.44
1663,4314464,Pinhal da Serra,RS,Sul,74.14,35.3,75.92,2248.0,0.3387,0.6613,Risco educacional,Alto,-40.62
1664,4314704,Planalto,RS,Sul,72.47,54.1,74.79,10406.0,0.3401,0.6599,Risco educacional,Alto,-20.69
1665,3519600,Ibitinga,SP,Sudeste,49.72,49.2,59.58,60033.0,0.3401,0.6599,Risco educacional,Alto,-10.38
1666,3550704,São Sebastião,SP,Sudeste,39.21,44.38,52.07,81595.0,0.3401,0.6599,Risco educacional,Alto,-7.69
1667,3529807,Mineiros do Tietê,SP,Sudeste,45.76,68.18,56.82,11230.0,0.3401,0.6599,Risco educacional,Alto,11.36
1668,2206001,Marcos Parente,PI,Nordeste,22.19,80.95,37.75,4724.0,0.3406,0.6594,Risco educacional,Alto,43.2
1669,4301552,Áurea,RS,Sul,86.67,37.5,80.0,3396.0,0.3406,0.6594,Risco educacional,Alto,-42.5
1670,4202602,Bom Retiro,SC,Sul,32.45,47.34,46.81,8418.0,0.3426,0.6574,Risco educacional,Alto,0.53
1671,4307054,Ernestina,RS,Sul,61.92,64.7,67.77,3034.0,0.3431,0.6569,Risco educacional,Alto,-3.07
1672,4310504,Iraí,RS,Sul,67.21,59.4,71.27,7482.0,0.3432,0.6568,Risco educacional,Alto,-11.87
1673,5004304,Iguatemi,MS,Centro-Oeste,38.28,60.02,51.37,13808.0,0.3435,0.6565,Risco educacional,Alto,8.65
1674,4318606,São José do Ouro,RS,Sul,62.54,37.2,68.18,6834.0,0.3435,0.6565,Risco educacional,Alto,-30.98
1675,4311700,Machadinho,RS,Sul,67.76,64.3,71.64,5735.0,0.3435,0.6565,Risco educacional,Alto,-7.34
1676,2404309,Governador Dix-Sept Rosado,RN,Nordeste,57.85,48.2,65.07,11938.0,0.3435,0.6565,Risco educacional,Alto,-16.87
1677,4317954,Santo Expedito do Sul,RS,Sul,100.0,66.7,80.0,2349.0,0.3435,0.6565,Risco educacional,Alto,-13.3
1678,2512200,Prata,PB,Nordeste,47.46,63.28,58.02,3915.0,0.3456,0.6544,Risco educacional,Alto,5.26
1679,3302601,Mangaratiba,RJ,Sudeste,47.54,40.95,58.07,41220.0,0.3487,0.6513,Risco educacional,Alto,-17.12
1680,1506906,Santarém Novo,PA,Norte,52.16,78.25,61.25,6116.0,0.3489,0.6511,Risco educacional,Alto,17.0
1681,2509800,Mulungu,PB,Nordeste,56.27,54.12,64.02,8791.0,0.3489,0.6511,Risco educacional,Alto,-9.9
1682,3500550,Águas de Santa Bárbara,SP,Sudeste,50.04,48.99,59.8,7177.0,0.3493,0.6507,Risco educacional,Alto,-10.81
1683,3538907,Pirajuí,SP,Sudeste,53.49,46.03,62.15,22431.0,0.3493,0.6507,Risco educacional,Alto,-16.12
1684,3507803,Brodowski,SP,Sudeste,53.67,54.27,62.27,25201.0,0.3493,0.6507,Risco educacional,Alto,-8.0
1685,2614709,Tacaimbó,PE,Nordeste,45.92,43.99,56.94,13738.0,0.35,0.65,Risco educacional,Alto,-12.95
1686,2211357,Várzea Branca,PI,Nordeste,25.97,31.25,41.29,5055.0,0.3518,0.6482,Risco educacional,Alto,-10.04
1687,1702554,Augustinópolis,TO,Norte,50.01,59.95,59.78,17484.0,0.3518,0.6482,Risco educacional,Alto,0.17
1688,3301900,Itaboraí,RJ,Sudeste,51.3,50.45,60.66,224267.0,0.3518,0.6482,Risco educacional,Alto,-10.21
1689,3305208,São Pedro da Aldeia,RJ,Sudeste,56.22,55.74,63.99,104029.0,0.352,0.648,Risco educacional,Alto,-8.25
1690,2208205,Pio IX,PI,Nordeste,35.27,58.16,49.06,17613.0,0.352,0.648,Risco educacional,Alto,9.1
1691,2208403,Piripiri,PI,Nordeste,33.16,54.59,47.39,65538.0,0.3521,0.6479,Risco educacional,Alto,7.2
1692,3522208,Itapecerica da Serra,SP,Sudeste,53.35,54.9,62.06,158522.0,0.3521,0.6479,Risco educacional,Alto,-7.16
1693,2511400,Picuí,PB,Nordeste,52.51,42.85,61.49,18333.0,0.3521,0.6479,Risco educacional,Alto,-18.64
1694,3516705,Garça,SP,Sudeste,51.91,57.27,61.08,42110.0,0.3521,0.6479,Risco educacional,Alto,-3.81
1695,4307401,Esmeralda,RS,Sul,84.43,48.4,80.0,3195.0,0.3521,0.6479,Risco educacional,Alto,-31.6
1696,2501609,Barra de Santa Rosa,PB,Nordeste,56.39,45.83,64.1,12904.0,0.3521,0.6479,Risco educacional,Alto,-18.27
1697,4306957,Entre Rios do Sul,RS,Sul,79.48,60.0,79.63,2685.0,0.3521,0.6479,Risco educacional,Alto,-19.63
1698,2508505,Livramento,PB,Nordeste,43.81,55.32,55.44,6877.0,0.3521,0.6479,Risco educacional,Alto,-0.12
1699,3525409,Jeriquara,SP,Sudeste,45.2,49.55,56.43,3863.0,0.3527,0.6473,Risco educacional,Alto,-6.88
1700,3512605,Coronel Macedo,SP,Sudeste,46.28,38.69,57.19,4280.0,0.3527,0.6473,Risco educacional,Alto,-18.5
1701,2102754,Capinzal do Norte,MA,Nordeste,35.67,91.14,49.37,11374.0,0.3528,0.6472,Risco educacional,Alto,41.77
1702,2104081,Fernando Falcão,MA,Nordeste,29.89,77.76,44.7,10873.0,0.3528,0.6472,Risco educacional,Alto,33.06
1703,4313037,Nova Esperança do Sul,RS,Sul,86.19,80.7,80.0,4865.0,0.3537,0.6463,Risco educacional,Alto,0.7
1704,4301958,Barra Funda,RS,Sul,68.75,53.9,72.3,2498.0,0.3548,0.6452,Risco educacional,Alto,-18.4
1705,4307815,Estrela Velha,RS,Sul,96.83,60.0,80.0,3070.0,0.3548,0.6452,Risco educacional,Alto,-20.0
1706,4316709,Santa Bárbara do Sul,RS,Sul,66.04,37.9,70.5,8122.0,0.3548,0.6452,Risco educacional,Alto,-32.6
1707,4200705,Alfredo Wagner,SC,Sul,42.9,37.44,,10481.0,0.3552,0.6448,Risco educacional,Alto,
1708,2508208,Lagoa de Dentro,PB,Nordeste,67.61,42.8,71.54,7819.0,0.3559,0.6441,Risco educacional,Alto,-28.74
1709,5108402,Várzea Grande,MT,Centro-Oeste,47.94,61.76,58.35,300078.0,0.3566,0.6434,Risco educacional,Alto,3.41
1710,4310553,Itacurubi,RS,Sul,88.06,42.9,,2995.0,0.3567,0.6433,Risco educacional,Alto,
1711,1713601,Monte do Carmo,TO,Norte,69.96,19.71,73.1,5694.0,0.3584,0.6416,Risco educacional,Alto,-53.39
1712,1506583,Santa Maria das Barreiras,PA,Norte,53.64,42.45,62.25,16548.0,0.3584,0.6416,Risco educacional,Alto,-19.8
1713,2207801,Paulistana,PI,Nordeste,45.07,50.47,56.33,21055.0,0.3588,0.6412,Risco educacional,Alto,-5.86
1714,2206704,Nazaré do Piauí,PI,Nordeste,46.93,39.0,57.65,6665.0,0.3588,0.6412,Risco educacional,Alto,-18.65
1715,2111201,São José de Ribamar,MA,Nordeste,62.27,56.58,68.0,244579.0,0.3593,0.6407,Risco educacional,Alto,-11.42
1716,4211306,Navegantes,SC,Sul,54.66,53.39,,86401.0,0.3606,0.6394,Risco educacional,Alto,
1717,2614501,Surubim,PE,Nordeste,55.41,58.71,63.44,64120.0,0.361,0.639,Risco educacional,Alto,-4.73
1718,2106326,Maracaçumé,MA,Nordeste,57.95,41.67,65.14,21149.0,0.361,0.639,Risco educacional,Alto,-23.47
1719,4204806,Curitibanos,SC,Sul,48.56,53.48,58.78,40045.0,0.361,0.639,Risco educacional,Alto,-5.3
1720,5107958,Tangará da Serra,MT,Centro-Oeste,48.7,58.95,58.88,106434.0,0.361,0.639,Risco educacional,Alto,0.07
1721,2602605,Brejo da Madre de Deus,PE,Nordeste,52.96,48.73,61.79,48648.0,0.361,0.639,Risco educacional,Alto,-13.06
1722,2601706,Belo Jardim,PE,Nordeste,49.69,43.93,59.56,79507.0,0.361,0.639,Risco educacional,Alto,-15.63
1723,2603207,Caetés,PE,Nordeste,45.78,57.25,56.84,28827.0,0.361,0.639,Risco educacional,Alto,0.41
1724,2602803,Buíque,PE,Nordeste,52.54,55.5,61.51,52097.0,0.361,0.639,Risco educacional,Alto,-6.01
1725,4301008,Arroio do Meio,RS,Sul,82.6,63.6,80.0,21958.0,0.3636,0.6364,Risco educacional,Alto,-16.4
1726,3534708,Ourinhos,SP,Sudeste,50.37,53.67,60.03,103970.0,0.3639,0.6361,Risco educacional,Alto,-6.36
1727,3550407,São Pedro,SP,Sudeste,51.93,58.16,61.09,38256.0,0.3639,0.6361,Risco educacional,Alto,-2.93
1728,4316956,Santa Maria do Herval,RS,Sul,78.3,59.3,78.8,6340.0,0.3639,0.6361,Risco educacional,Alto,-19.5
1729,2511608,Pilões,PB,Nordeste,41.76,61.18,53.95,6815.0,0.3639,0.6361,Risco educacional,Alto,7.23
1730,4312138,Mato Castelhano,RS,Sul,76.48,38.7,77.53,2553.0,0.3639,0.6361,Risco educacional,Alto,-38.83
1731,3513603,Cunha,SP,Sudeste,49.94,58.09,59.73,22110.0,0.3639,0.6361,Risco educacional,Alto,-1.64
1732,3513504,Cubatão,SP,Sudeste,48.49,45.43,58.73,112476.0,0.3639,0.6361,Risco educacional,Alto,-13.3
1733,3525201,Jarinu,SP,Sudeste,48.78,44.07,58.93,37535.0,0.3639,0.6361,Risco educacional,Alto,-14.86
1734,3517208,Guaiçara,SP,Sudeste,50.64,60.0,60.21,11239.0,0.3639,0.6361,Risco educacional,Alto,-0.21
1735,3553302,Tambaú,SP,Sudeste,47.74,59.74,58.21,21435.0,0.3639,0.6361,Risco educacional,Alto,1.53
1736,4318440,São Jorge,RS,Sul,76.67,66.7,77.66,2912.0,0.3639,0.6361,Risco educacional,Alto,-10.96
1737,3508009,Buri,SP,Sudeste,48.89,63.24,59.01,20250.0,0.3639,0.6361,Risco educacional,Alto,4.23
1738,3550605,São Roque,SP,Sudeste,52.32,51.51,61.36,79484.0,0.3639,0.6361,Risco educacional,Alto,-9.85
1739,4310801,Ivoti,RS,Sul,77.4,56.9,78.17,22983.0,0.3639,0.6361,Risco educacional,Alto,-21.27
1740,3533106,Nova Guataporanga,SP,Sudeste,66.67,83.33,70.92,2156.0,0.3639,0.6361,Risco educacional,Alto,12.41
1741,2515708,Serra Grande,PB,Nordeste,40.0,70.82,52.66,2942.0,0.3654,0.6346,Risco educacional,Alto,18.16
1742,1100346,Alvorada D'Oeste,RO,Norte,29.2,65.35,44.11,13117.0,0.3666,0.6334,Risco educacional,Alto,21.24
1743,2411908,São Francisco do Oeste,RN,Nordeste,56.85,68.97,64.41,4161.0,0.3666,0.6334,Risco educacional,Alto,4.56
1744,4314134,Paulo Bento,RS,Sul,62.5,50.0,68.16,2144.0,0.3666,0.6334,Risco educacional,Alto,-18.16
1745,4317202,Santa Rosa,RS,Sul,72.42,58.8,74.76,76963.0,0.3666,0.6334,Risco educacional,Alto,-15.96
1746,4207304,Imbituba,SC,Sul,57.62,61.53,,52579.0,0.3666,0.6334,Risco educacional,Alto,
1747,2414902,Viçosa,RN,Nordeste,58.93,61.9,65.79,1822.0,0.3666,0.6334,Risco educacional,Alto,-3.89
1748,2411106,Ruy Barbosa,RN,Nordeste,58.23,35.0,65.33,3206.0,0.3666,0.6334,Risco educacional,Alto,-30.33
1749,4314498,Pinheirinho do Vale,RS,Sul,85.11,76.9,80.0,4540.0,0.3676,0.6324,Risco educacional,Alto,-3.1
1750,2108405,Peri Mirim,MA,Nordeste,35.34,61.02,49.11,11108.0,0.3679,0.6321,Risco educacional,Alto,11.91
1751,2504355,Caturité,PB,Nordeste,53.0,76.68,61.82,5254.0,0.3706,0.6294,Risco educacional,Alto,14.86
1752,2514453,São José dos Ramos,PB,Nordeste,58.86,27.36,65.74,5891.0,0.3706,0.6294,Risco educacional,Alto,-38.38
1753,4305306,Chapada,RS,Sul,75.31,47.5,76.72,9540.0,0.3706,0.6294,Risco educacional,Alto,-29.22
1754,2615409,Toritama,PE,Nordeste,50.21,63.95,59.92,41137.0,0.3706,0.6294,Risco educacional,Alto,4.03
1755,1700350,Aliança do Tocantins,TO,Norte,95.52,76.09,80.0,5147.0,0.3706,0.6294,Risco educacional,Alto,-3.91
1756,2601904,Bezerros,PE,Nordeste,51.47,56.84,60.78,61694.0,0.3706,0.6294,Risco educacional,Alto,-3.94
1757,5102504,Cáceres,MT,Centro-Oeste,47.53,51.27,58.07,89681.0,0.3706,0.6294,Risco educacional,Alto,-6.8
1758,2505105,Cuité,PB,Nordeste,50.66,62.2,60.23,19719.0,0.3706,0.6294,Risco educacional,Alto,1.97
1759,2608800,Lajedo,PE,Nordeste,47.71,57.42,58.19,39582.0,0.3706,0.6294,Risco educacional,Alto,-0.77
1760,3510807,Casa Branca,SP,Sudeste,44.98,61.98,56.27,28083.0,0.3706,0.6294,Risco educacional,Alto,5.71
1761,2210003,São João do Piauí,PI,Nordeste,44.35,65.25,55.82,21421.0,0.3706,0.6294,Risco educacional,Alto,9.43
1762,2501906,Belém,PB,Nordeste,56.8,34.72,64.37,16401.0,0.3706,0.6294,Risco educacional,Alto,-29.65
1763,2208809,Regeneração,PI,Nordeste,40.89,31.32,53.32,17133.0,0.3716,0.6284,Risco educacional,Alto,-22.0
1764,2505279,Curral de Cima,PB,Nordeste,57.14,55.56,64.6,5254.0,0.3716,0.6284,Risco educacional,Alto,-9.04
1765,2202539,Caraúbas do Piauí,PI,Nordeste,38.51,68.17,51.55,5630.0,0.3716,0.6284,Risco educacional,Alto,16.62
1766,2205573,Lagoa de São Francisco,PI,Nordeste,41.38,76.74,53.68,6331.0,0.3716,0.6284,Risco educacional,Alto,23.06
1767,2610806,Pedra,PE,Nordeste,47.04,54.87,57.72,22795.0,0.3738,0.6262,Risco educacional,Alto,-2.85
1768,4305009,Catuípe,RS,Sul,83.62,77.1,80.0,8674.0,0.3755,0.6245,Risco educacional,Alto,-2.9
1769,3301850,Guapimirim,RJ,Sudeste,50.19,47.75,59.91,51696.0,0.3767,0.6233,Risco educacional,Alto,-12.16
1770,3511706,Charqueada,SP,Sudeste,44.6,62.5,56.0,15535.0,0.3767,0.6233,Risco educacional,Alto,6.5
1771,4322004,Triunfo,RS,Sul,66.82,68.5,71.02,27498.0,0.3786,0.6214,Risco educacional,Alto,-2.52
1772,1717008,Pindorama do Tocantins,TO,Norte,47.41,33.88,57.98,4478.0,0.3786,0.6214,Risco educacional,Alto,-24.1
1773,3541406,Presidente Prudente,SP,Sudeste,54.07,61.12,62.54,225668.0,0.3786,0.6214,Risco educacional,Alto,-1.42
1774,4308102,Feliz,RS,Sul,72.78,51.1,75.0,13764.0,0.3793,0.6207,Risco educacional,Alto,-23.9
1775,4315404,Redentora,RS,Sul,81.44,60.0,80.0,9738.0,0.3796,0.6204,Risco educacional,Alto,-20.0
1776,2614857,Tamandaré,PE,Nordeste,44.9,57.18,56.21,23561.0,0.3805,0.6195,Risco educacional,Alto,0.97
1777,2203909,Floriano,PI,Nordeste,49.16,53.36,59.2,62036.0,0.381,0.619,Risco educacional,Alto,-5.84
1778,4218301,Três Barras,SC,Sul,49.8,47.98,59.64,19746.0,0.3815,0.6185,Risco educacional,Alto,-11.66
1779,3127073,Fruta de Leite,MG,Sudeste,43.91,66.89,,4647.0,0.3831,0.6169,Risco educacional,Alto,
1780,2500106,Água Branca,PB,Nordeste,47.63,52.67,58.14,9335.0,0.3833,0.6167,Risco educacional,Alto,-5.47
1781,2506103,Fagundes,PB,Nordeste,60.71,41.67,66.97,11049.0,0.3833,0.6167,Risco educacional,Alto,-25.3
1782,1502772,Curionópolis,PA,Norte,50.76,72.88,60.3,19950.0,0.3849,0.6151,Risco educacional,Alto,12.58
1783,4314001,Paraí,RS,Sul,92.98,60.0,80.0,7194.0,0.3849,0.6151,Risco educacional,Alto,-20.0
1784,1707009,Dianópolis,TO,Norte,51.81,61.27,61.01,17739.0,0.3849,0.6151,Risco educacional,Alto,0.26
1785,1713304,Miranorte,TO,Norte,52.55,63.01,61.51,12701.0,0.3853,0.6147,Risco educacional,Alto,1.5
1786,1710508,Itacajá,TO,Norte,60.46,41.1,66.81,6819.0,0.3853,0.6147,Risco educacional,Alto,-25.71
1787,4313201,Nova Petrópolis,RS,Sul,91.67,52.3,80.0,23300.0,0.3853,0.6147,Risco educacional,Alto,-27.7
1788,2705507,Murici,AL,Nordeste,53.15,84.41,61.92,25187.0,0.3866,0.6134,Risco educacional,Alto,22.49
1789,4203402,Campo Belo do Sul,SC,Sul,41.77,53.29,53.96,7257.0,0.3879,0.6121,Risco educacional,Alto,-0.67
1790,3135209,Januária,MG,Sudeste,20.14,47.12,35.71,65150.0,0.3879,0.6121,Risco educacional,Alto,11.41
1791,3551108,Sarapuí,SP,Sudeste,41.43,53.32,53.71,10369.0,0.3882,0.6118,Risco educacional,Alto,-0.39
1792,4322905,Viadutos,RS,Sul,86.68,86.9,80.0,4769.0,0.3888,0.6112,Risco educacional,Alto,6.9
1793,3545308,Salto de Pirapora,SP,Sudeste,44.13,45.12,55.67,43748.0,0.3889,0.6111,Risco educacional,Alto,-10.55
1794,5100102,Acorizal,MT,Centro-Oeste,38.04,40.41,51.19,5014.0,0.3889,0.6111,Risco educacional,Alto,-10.78
1795,3549805,São José do Rio Preto,SP,Sudeste,52.06,56.85,61.18,480393.0,0.3904,0.6096,Risco educacional,Alto,-4.33
1796,3536505,Paulínia,SP,Sudeste,48.49,61.39,58.73,110537.0,0.3904,0.6096,Risco educacional,Alto,2.66
1797,4323606,Vista Alegre do Prata,RS,Sul,95.03,85.7,80.0,1590.0,0.3904,0.6096,Risco educacional,Alto,5.7
1798,4315750,Riozinho,RS,Sul,76.01,42.1,77.2,4473.0,0.3904,0.6096,Risco educacional,Alto,-35.1
1799,4302253,Boa Vista do Sul,RS,Sul,73.33,75.0,75.37,2779.0,0.3904,0.6096,Risco educacional,Alto,-0.37
1800,3521200,Iporanga,SP,Sudeste,52.31,65.63,61.35,4046.0,0.3904,0.6096,Risco educacional,Alto,4.28
1801,4307450,Esperança do Sul,RS,Sul,97.22,80.1,80.0,3226.0,0.3904,0.6096,Risco educacional,Alto,0.1
1802,4315552,Rio dos Índios,RS,Sul,88.89,85.7,80.0,2835.0,0.3904,0.6096,Risco educacional,Alto,5.7
1803,4315107,Porto Xavier,RS,Sul,71.76,52.9,74.31,9938.0,0.3904,0.6096,Risco educacional,Alto,-21.41
1804,4309704,Humaitá,RS,Sul,90.66,60.8,80.0,4681.0,0.3904,0.6096,Risco educacional,Alto,-19.2
1805,4319364,São Pedro das Missões,RS,Sul,90.0,90.0,80.0,1757.0,0.3904,0.6096,Risco educacional,Alto,10.0
1806,4315206,Putinga,RS,Sul,87.73,82.8,80.0,3747.0,0.3904,0.6096,Risco educacional,Alto,2.8
1807,2606705,Ibirajuba,PE,Nordeste,39.34,62.42,52.17,7140.0,0.3917,0.6083,Risco educacional,Alto,10.25
1808,2612406,Sanharó,PE,Nordeste,41.8,65.85,53.98,18624.0,0.3917,0.6083,Risco educacional,Alto,11.87
1809,5105309,Luciara,MT,Centro-Oeste,37.65,46.43,50.89,2509.0,0.3917,0.6083,Risco educacional,Alto,-4.46
1810,2601052,Araçoiaba,PE,Nordeste,45.71,53.49,56.79,19243.0,0.3917,0.6083,Risco educacional,Alto,-3.3
1811,2104206,Fortuna,MA,Nordeste,40.4,72.06,52.96,16976.0,0.3917,0.6083,Risco educacional,Alto,19.1
1812,5106778,Porto Alegre do Norte,MT,Centro-Oeste,31.09,53.25,45.7,12127.0,0.3917,0.6083,Risco educacional,Alto,7.55
1813,2413557,Serrinha dos Pintos,RN,Nordeste,57.44,62.68,64.8,4659.0,0.3944,0.6056,Risco educacional,Alto,-2.12
1814,2410009,Pilões,RN,Nordeste,64.71,63.16,69.62,2965.0,0.3944,0.6056,Risco educacional,Alto,-6.46
1815,3503802,Artur Nogueira,SP,Sudeste,50.11,54.41,59.85,51456.0,0.397,0.603,Risco educacional,Alto,-5.44
1816,5105101,Juara,MT,Centro-Oeste,53.34,64.06,62.05,34906.0,0.397,0.603,Risco educacional,Alto,2.01
1817,2110005,Santa Luzia,MA,Nordeste,54.43,58.7,62.78,57635.0,0.397,0.603,Risco educacional,Alto,-4.08
1818,5002951,Chapadão do Sul,MS,Centro-Oeste,43.31,63.42,55.08,30993.0,0.397,0.603,Risco educacional,Alto,8.34
1819,3511102,Catanduva,SP,Sudeste,54.37,70.27,62.74,115791.0,0.397,0.603,Risco educacional,Alto,7.53
1820,2101707,Barreirinhas,MA,Nordeste,50.35,78.52,60.01,65589.0,0.397,0.603,Risco educacional,Alto,18.51
1821,3506102,Bebedouro,SP,Sudeste,48.69,55.75,58.87,76373.0,0.397,0.603,Risco educacional,Alto,-3.12
1822,2102903,Carutapera,MA,Nordeste,55.58,61.21,63.56,24238.0,0.397,0.603,Risco educacional,Alto,-2.35
1823,3522406,Itapeva,SP,Sudeste,53.35,56.2,62.06,89728.0,0.397,0.603,Risco educacional,Alto,-5.86
1824,2612505,Santa Cruz do Capibaribe,PE,Nordeste,52.81,55.94,61.69,98254.0,0.397,0.603,Risco educacional,Alto,-5.75
1825,4319711,São Valentim do Sul,RS,Sul,94.12,73.3,80.0,2207.0,0.397,0.603,Risco educacional,Alto,-6.7
1826,3538006,Pindamonhangaba,SP,Sudeste,54.51,63.8,62.84,165428.0,0.397,0.603,Risco educacional,Alto,0.96
1827,1101757,Vale do Anari,RO,Norte,36.95,55.65,50.36,7788.0,0.397,0.603,Risco educacional,Alto,5.29
1828,4306452,Dois Lajeados,RS,Sul,91.2,53.0,80.0,3097.0,0.397,0.603,Risco educacional,Alto,-27.0
1829,1716109,Paraíso do Tocantins,TO,Norte,60.56,63.45,66.87,52360.0,0.397,0.603,Risco educacional,Alto,-3.42
1830,2103505,Colinas,MA,Nordeste,59.5,49.9,66.17,40316.0,0.397,0.603,Risco educacional,Alto,-16.27
1831,3519071,Hortolândia,SP,Sudeste,58.0,55.05,65.17,236641.0,0.397,0.603,Risco educacional,Alto,-10.12
1832,4300661,André da Rocha,RS,Sul,68.75,33.3,72.3,1135.0,0.397,0.603,Risco educacional,Alto,-39.0
1833,5106828,Porto Esperidião,MT,Centro-Oeste,43.95,49.8,55.54,10204.0,0.3984,0.6016,Risco educacional,Alto,-5.74
1834,2608255,Jucati,PE,Nordeste,44.05,68.81,55.61,11517.0,0.3984,0.6016,Risco educacional,Alto,13.2
1835,2515930,Sertãozinho,PB,Nordeste,52.0,75.35,61.14,5054.0,0.3984,0.6016,Risco educacional,Alto,14.21
1836,3549706,São José do Rio Pardo,SP,Sudeste,47.71,63.96,58.19,52205.0,0.3984,0.6016,Risco educacional,Alto,5.77
1837,5103007,Chapada dos Guimarães,MT,Centro-Oeste,47.7,69.0,58.18,18990.0,0.3984,0.6016,Risco educacional,Alto,10.82
1838,5104500,Indiavaí,MT,Centro-Oeste,44.71,67.61,56.08,2213.0,0.3984,0.6016,Risco educacional,Alto,11.53
1839,2611507,Quipapá,PE,Nordeste,48.12,58.1,58.48,17928.0,0.3984,0.6016,Risco educacional,Alto,-0.38
1840,5103858,Gaúcha do Norte,MT,Centro-Oeste,45.03,59.6,56.31,8642.0,0.3984,0.6016,Risco educacional,Alto,3.29
1841,3500303,Aguaí,SP,Sudeste,47.01,58.41,57.7,32072.0,0.3984,0.6016,Risco educacional,Alto,0.71
1842,2206050,Massapê do Piauí,PI,Nordeste,45.94,60.66,56.95,5218.0,0.3984,0.6016,Risco educacional,Alto,3.71
1843,4110052,Iguatu,PR,Sul,74.1,43.48,50.31,2144.0,0.3986,0.6014,Risco educacional,Alto,-6.83
1844,2112803,Viana,MA,Nordeste,58.28,53.36,65.36,51442.0,0.3987,0.6013,Risco educacional,Alto,-12.0
1845,1501006,Aveiro,PA,Norte,57.23,64.37,64.66,18290.0,0.3997,0.6003,Risco educacional,Alto,-0.29
1846,3536307,Patrocínio Paulista,SP,Sudeste,44.66,67.0,56.04,14512.0,0.4006,0.5994,Risco educacional,Alto,10.96
1847,2609303,Mirandiba,PE,Nordeste,35.45,57.83,49.2,14166.0,0.401,0.599,Risco educacional,Alto,8.63
1848,4303905,Campo Bom,RS,Sul,77.34,45.4,78.12,62886.0,0.4024,0.5976,Risco educacional,Alto,-32.72
1849,1702703,Aurora do Tocantins,TO,Norte,52.92,41.94,61.77,3342.0,0.4024,0.5976,Risco educacional,Alto,-19.83
1850,4214409,Rio das Antas,SC,Sul,51.1,44.51,,6253.0,0.4031,0.5969,Risco educacional,Alto,
1851,4311791,Maratá,RS,Sul,67.82,59.8,71.68,2470.0,0.4031,0.5969,Risco educacional,Alto,-11.88
1852,4311908,Marcelino Ramos,RS,Sul,73.23,77.7,75.3,4320.0,0.4031,0.5969,Risco educacional,Alto,2.4
1853,4304697,Capitão,RS,Sul,87.05,58.6,80.0,2921.0,0.4031,0.5969,Risco educacional,Alto,-21.4
1854,4306973,Erebango,RS,Sul,73.33,38.5,75.37,3054.0,0.4031,0.5969,Risco educacional,Alto,-36.87
1855,3557154,Zacarias,SP,Sudeste,38.33,80.0,51.41,2692.0,0.4031,0.5969,Risco educacional,Alto,28.59
1856,4312617,Muitos Capões,RS,Sul,68.75,29.4,72.3,2879.0,0.4031,0.5969,Risco educacional,Alto,-42.9
1857,4201307,Araquari,SC,Sul,51.84,49.55,,45283.0,0.4031,0.5969,Risco educacional,Alto,
1858,2502052,Bernardino Batista,PB,Nordeste,61.38,93.94,67.42,3504.0,0.4039,0.5961,Risco educacional,Alto,26.52
1859,2413508,Serrinha,RN,Nordeste,56.19,48.08,63.97,6436.0,0.4085,0.5915,Risco educacional,Alto,-15.89
1860,3503901,Arujá,SP,Sudeste,50.85,60.67,60.36,86678.0,0.4094,0.5906,Risco educacional,Alto,0.31
1861,1100809,Candeias do Jamari,RO,Norte,48.96,51.63,59.06,22310.0,0.4094,0.5906,Risco educacional,Alto,-7.43
1862,3548005,Santo Antônio de Posse,SP,Sudeste,54.29,62.07,62.69,23244.0,0.4098,0.5902,Risco educacional,Alto,-0.62
1863,4213500,Porto Belo,SC,Sul,56.5,62.57,,27688.0,0.4098,0.5902,Risco educacional,Alto,
1864,1705102,Chapada da Natividade,TO,Norte,49.01,52.38,59.09,3117.0,0.4098,0.5902,Risco educacional,Alto,-6.71
1865,3518404,Guaratinguetá,SP,Sudeste,56.82,55.83,64.39,118044.0,0.4098,0.5902,Risco educacional,Alto,-8.56
1866,3554508,Tietê,SP,Sudeste,48.35,62.5,58.64,37663.0,0.4098,0.5902,Risco educacional,Alto,3.86
1867,1507904,Soure,PA,Norte,62.77,52.41,68.33,24204.0,0.4098,0.5902,Risco educacional,Alto,-15.92
1868,4304507,Canguçu,RS,Sul,79.7,51.7,79.79,49680.0,0.4098,0.5902,Risco educacional,Alto,-28.09
1869,4321808,Três de Maio,RS,Sul,79.03,51.2,79.31,24916.0,0.4098,0.5902,Risco educacional,Alto,-28.11
1870,3549250,São João de Iracema,SP,Sudeste,44.0,44.44,55.57,1846.0,0.4098,0.5902,Risco educacional,Alto,-11.13
1871,2102705,Cantanhede,MA,Nordeste,53.04,70.83,61.85,24303.0,0.4098,0.5902,Risco educacional,Alto,8.98
1872,2503704,Cajazeiras,PB,Nordeste,51.68,50.91,60.92,63239.0,0.4098,0.5902,Risco educacional,Alto,-10.01
1873,4308607,Garibaldi,RS,Sul,74.4,54.4,76.1,34335.0,0.4098,0.5902,Risco educacional,Alto,-21.7
1874,5002803,Caracol,MS,Centro-Oeste,49.46,55.67,59.4,5036.0,0.4098,0.5902,Risco educacional,Alto,-3.73
1875,4113254,Laranjal,PR,Sul,58.83,46.64,52.96,5600.0,0.4098,0.5902,Risco educacional,Alto,-6.32
1876,2102101,Brejo,MA,Nordeste,50.31,58.08,59.99,34120.0,0.4098,0.5902,Risco educacional,Alto,-1.91
1877,3557105,Votuporanga,SP,Sudeste,49.7,61.66,59.57,96634.0,0.4098,0.5902,Risco educacional,Alto,2.09
1878,2512747,Riachão,PB,Nordeste,52.41,70.37,61.42,2927.0,0.4098,0.5902,Risco educacional,Alto,8.95
1879,2514404,São José de Espinharas,PB,Nordeste,56.3,44.79,64.04,4083.0,0.4098,0.5902,Risco educacional,Alto,-19.25
1880,2105401,Itapecuru Mirim,MA,Nordeste,53.35,60.47,62.06,60440.0,0.4115,0.5885,Risco educacional,Alto,-1.59
1881,3517505,Guapiaçu,SP,Sudeste,56.31,70.54,64.05,21711.0,0.4115,0.5885,Risco educacional,Alto,6.49
1882,1501501,Benevides,PA,Norte,60.59,65.29,66.89,63567.0,0.4115,0.5885,Risco educacional,Alto,-1.6
1883,2701506,Campo Grande,AL,Nordeste,51.51,37.4,60.81,8143.0,0.4128,0.5872,Risco educacional,Alto,-23.41
1884,2706000,Olivença,AL,Nordeste,50.0,80.79,59.77,10812.0,0.4128,0.5872,Risco educacional,Alto,21.02
1885,2603454,Camaragibe,PE,Nordeste,58.66,57.57,65.61,147771.0,0.4129,0.5871,Risco educacional,Alto,-8.04
1886,3300704,Cabo Frio,RJ,Sudeste,54.58,55.08,62.89,222161.0,0.4131,0.5869,Risco educacional,Alto,-7.81
1887,4321956,Trindade do Sul,RS,Sul,82.51,62.9,80.0,7556.0,0.4131,0.5869,Risco educacional,Alto,-17.1
1888,2707503,Porto Real do Colégio,AL,Nordeste,67.71,83.74,71.61,20082.0,0.4131,0.5869,Risco educacional,Alto,12.13
1889,2209971,São João do Arraial,PI,Nordeste,33.59,87.8,47.73,8186.0,0.4131,0.5869,Risco educacional,Alto,40.07
1890,2704807,Maribondo,AL,Nordeste,46.59,41.5,57.41,13679.0,0.4148,0.5852,Risco educacional,Alto,-15.91
1891,3542602,Registro,SP,Sudeste,52.31,63.81,61.35,59947.0,0.4152,0.5848,Risco educacional,Alto,2.46
1892,3506359,Bertioga,SP,Sudeste,54.67,69.58,62.95,64188.0,0.4168,0.5832,Risco educacional,Alto,6.63
1893,3536901,Pedranópolis,SP,Sudeste,39.13,72.73,52.01,2787.0,0.4182,0.5818,Risco educacional,Alto,20.72
1894,4317707,Santo Antônio das Missões,RS,Sul,73.47,53.0,75.47,10300.0,0.4182,0.5818,Risco educacional,Alto,-22.47
1895,4208203,Itajaí,SC,Sul,56.61,54.24,,264054.0,0.4182,0.5818,Risco educacional,Alto,
1896,5004908,Jaraguari,MS,Centro-Oeste,38.46,45.19,51.51,7139.0,0.4182,0.5818,Risco educacional,Alto,-6.32
1897,4206009,Governador Celso Ramos,SC,Sul,55.24,67.19,,16915.0,0.4182,0.5818,Risco educacional,Alto,
1898,4322343,Ubiretama,RS,Sul,100.0,55.6,80.0,1994.0,0.421,0.579,Risco educacional,Alto,-24.4
1899,4312955,Nova Boa Vista,RS,Sul,100.0,66.7,80.0,2042.0,0.421,0.579,Risco educacional,Alto,-13.3
1900,4212650,Pescaria Brava,SC,Sul,40.37,45.95,52.93,10190.0,0.422,0.578,Risco educacional,Alto,-6.98
1901,4218905,Urubici,SC,Sul,60.18,76.9,66.62,10834.0,0.422,0.578,Risco educacional,Alto,10.28
1902,1711506,Jaú do Tocantins,TO,Norte,61.09,62.32,67.22,3334.0,0.4222,0.5778,Risco educacional,Alto,-4.9
1903,4207106,Ilhota,SC,Sul,54.25,47.17,,17046.0,0.4236,0.5764,Risco educacional,Alto,
1904,4214805,Rio do Sul,SC,Sul,57.9,50.82,,72587.0,0.4236,0.5764,Risco educacional,Alto,
1905,1708205,Formoso do Araguaia,TO,Norte,63.68,45.42,68.94,18881.0,0.4237,0.5763,Risco educacional,Alto,-23.52
1906,4322525,Vale Verde,RS,Sul,85.54,47.1,80.0,3150.0,0.4249,0.5751,Risco educacional,Alto,-32.9
1907,2110906,São Francisco do Maranhão,MA,Nordeste,51.3,83.35,60.66,12064.0,0.4249,0.5751,Risco educacional,Alto,22.69
1908,2106904,Monção,MA,Nordeste,51.98,36.19,61.13,27751.0,0.4249,0.5751,Risco educacional,Alto,-24.94
1909,5006358,Paranhos,MS,Centro-Oeste,44.89,66.43,56.21,12921.0,0.4249,0.5751,Risco educacional,Alto,10.22
1910,3548203,Santo Antônio do Pinhal,SP,Sudeste,42.87,73.68,54.76,7133.0,0.4249,0.5751,Risco educacional,Alto,18.92
1911,3553500,Tapiraí,SP,Sudeste,53.69,57.45,62.29,7996.0,0.4249,0.5751,Risco educacional,Alto,-4.84
1912,4321451,Teutônia,RS,Sul,83.41,62.9,80.0,32797.0,0.4249,0.5751,Risco educacional,Alto,-17.1
1913,3526308,Lagoinha,SP,Sudeste,48.73,65.02,58.9,5083.0,0.4249,0.5751,Risco educacional,Alto,6.12
1914,4302352,Bom Princípio,RS,Sul,73.71,55.3,75.63,13142.0,0.4249,0.5751,Risco educacional,Alto,-20.33
1915,4317806,Santo Augusto,RS,Sul,77.71,69.9,78.38,13902.0,0.4249,0.5751,Risco educacional,Alto,-8.48
1916,4202453,Bombinhas,SC,Sul,60.82,68.24,,25058.0,0.4249,0.5751,Risco educacional,Alto,
1917,3521150,Ipiguá,SP,Sudeste,48.0,43.3,58.39,6761.0,0.4249,0.5751,Risco educacional,Alto,-15.09
1918,2202117,Campo Alegre do Fidalgo,PI,Nordeste,38.53,59.33,51.56,4616.0,0.4249,0.5751,Risco educacional,Alto,7.77
1919,3555604,Uchoa,SP,Sudeste,44.79,87.56,56.14,10394.0,0.4249,0.5751,Risco educacional,Alto,31.42
1920,3530102,Mirandópolis,SP,Sudeste,53.42,54.13,62.1,27983.0,0.4249,0.5751,Risco educacional,Alto,-7.97
1921,3508603,Cachoeira Paulista,SP,Sudeste,50.09,41.8,59.84,31564.0,0.4249,0.5751,Risco educacional,Alto,-18.04
1922,4303301,Caibaté,RS,Sul,89.44,63.1,80.0,4704.0,0.4249,0.5751,Risco educacional,Alto,-16.9
1923,4318614,São José do Sul,RS,Sul,85.0,37.5,80.0,2380.0,0.4249,0.5751,Risco educacional,Alto,-42.5
1924,3508405,Cabreúva,SP,Sudeste,49.11,64.6,59.16,47011.0,0.4249,0.5751,Risco educacional,Alto,5.44
1925,2209658,São Francisco de Assis do Piauí,PI,Nordeste,33.64,36.86,47.77,5572.0,0.4249,0.5751,Risco educacional,Alto,-10.91
1926,2500809,Araçagi,PB,Nordeste,64.03,47.88,69.17,16646.0,0.4249,0.5751,Risco educacional,Alto,-21.29
1927,4313805,Palmitinho,RS,Sul,84.12,68.4,80.0,7839.0,0.4249,0.5751,Risco educacional,Alto,-11.6
1928,5007406,Rio Verde de Mato Grosso,MS,Centro-Oeste,47.3,49.11,57.9,19818.0,0.4249,0.5751,Risco educacional,Alto,-8.79
1929,3504909,Bananal,SP,Sudeste,47.78,58.62,58.24,9969.0,0.4249,0.5751,Risco educacional,Alto,0.38
1930,2210383,São Miguel da Baixa Grande,PI,Nordeste,24.14,80.0,39.61,2269.0,0.4249,0.5751,Risco educacional,Alto,40.39
1931,2502904,Brejo dos Santos,PB,Nordeste,45.49,64.03,56.63,5742.0,0.4249,0.5751,Risco educacional,Alto,7.4
1932,3527702,Luiziânia,SP,Sudeste,54.64,54.95,62.93,4701.0,0.4249,0.5751,Risco educacional,Alto,-7.98
1933,2102507,Cajari,MA,Nordeste,53.27,34.1,62.0,16412.0,0.4249,0.5751,Risco educacional,Alto,-27.9
1934,4314035,Pareci Novo,RS,Sul,73.01,54.0,75.15,4319.0,0.4249,0.5751,Risco educacional,Alto,-21.15
1935,2512754,Riachão do Bacamarte,PB,Nordeste,44.56,46.23,55.97,4690.0,0.4249,0.5751,Risco educacional,Alto,-9.74
1936,3512001,Colina,SP,Sudeste,43.8,57.89,55.43,18486.0,0.4249,0.5751,Risco educacional,Alto,2.46
1937,3515129,Emilianópolis,SP,Sudeste,47.92,88.58,58.34,3014.0,0.4249,0.5751,Risco educacional,Alto,30.24
1938,3549904,São José dos Campos,SP,Sudeste,57.44,64.75,64.8,697054.0,0.4249,0.5751,Risco educacional,Alto,-0.05
1939,3502002,Analândia,SP,Sudeste,44.62,68.65,56.02,4589.0,0.4249,0.5751,Risco educacional,Alto,12.63
1940,1301654,Guajará,AM,Norte,61.86,54.66,67.73,13815.0,0.4249,0.5751,Risco educacional,Alto,-13.07
1941,3502200,Angatuba,SP,Sudeste,48.25,59.71,58.57,24022.0,0.4249,0.5751,Risco educacional,Alto,1.14
1942,2210508,São Pedro do Piauí,PI,Nordeste,49.25,67.14,59.26,13755.0,0.4249,0.5751,Risco educacional,Alto,7.88
1943,2610400,Parnamirim,PE,Nordeste,48.66,58.91,58.85,18612.0,0.4249,0.5751,Risco educacional,Alto,0.06
1944,3503356,Arco-Íris,SP,Sudeste,28.57,77.27,43.57,2044.0,0.4249,0.5751,Risco educacional,Alto,33.7
1945,4319158,São Miguel das Missões,RS,Sul,76.3,47.5,77.4,7056.0,0.4249,0.5751,Risco educacional,Alto,-29.9
1946,2509057,Marcação,PB,Nordeste,68.93,24.23,72.42,8999.0,0.4249,0.5751,Risco educacional,Alto,-48.19
1947,2111805,Sítio Novo,MA,Nordeste,42.39,54.44,54.41,17074.0,0.4249,0.5751,Risco educacional,Alto,0.03
1948,5004106,Guia Lopes da Laguna,MS,Centro-Oeste,46.91,64.58,57.63,9940.0,0.4249,0.5751,Risco educacional,Alto,6.95
1949,4308409,Formigueiro,RS,Sul,89.47,40.0,80.0,6413.0,0.4249,0.5751,Risco educacional,Alto,-40.0
1950,4316600,Sananduva,RS,Sul,74.42,43.2,76.11,16399.0,0.4249,0.5751,Risco educacional,Alto,-32.91
1951,3543907,Rio Claro,SP,Sudeste,50.27,54.52,59.96,201418.0,0.4249,0.5751,Risco educacional,Alto,-5.44
1952,3503158,Arapeí,SP,Sudeste,48.04,37.41,58.42,2330.0,0.4249,0.5751,Risco educacional,Alto,-21.01
1953,2206753,Nossa Senhora de Nazaré,PI,Nordeste,21.74,95.24,37.31,5228.0,0.4249,0.5751,Risco educacional,Alto,57.93
1954,4321469,Tio Hugo,RS,Sul,87.5,69.1,80.0,3267.0,0.4249,0.5751,Risco educacional,Alto,-10.9
1955,4323770,Westfália,RS,Sul,82.91,61.5,80.0,3098.0,0.4249,0.5751,Risco educacional,Alto,-18.5
1956,2111102,São João dos Patos,MA,Nordeste,53.56,55.16,62.2,25020.0,0.4249,0.5751,Risco educacional,Alto,-7.04
1957,4313391,Novo Cabrais,RS,Sul,86.08,77.0,80.0,3568.0,0.4249,0.5751,Risco educacional,Alto,-3.0
1958,3552403,Sumaré,SP,Sudeste,52.91,50.61,61.76,279545.0,0.4249,0.5751,Risco educacional,Alto,-11.15
1959,4321907,Três Passos,RS,Sul,82.86,57.0,80.0,25436.0,0.4249,0.5751,Risco educacional,Alto,-23.0
1960,3527603,Luís Antônio,SP,Sudeste,41.53,43.03,53.79,12265.0,0.4249,0.5751,Risco educacional,Alto,-10.76
1961,2107407,Olho d'Água das Cunhãs,MA,Nordeste,53.93,58.91,62.45,17919.0,0.4249,0.5751,Risco educacional,Alto,-3.54
1962,2111573,São Pedro dos Crentes,MA,Nordeste,40.27,59.47,52.86,5783.0,0.4249,0.5751,Risco educacional,Alto,6.61
1963,3544608,Sabino,SP,Sudeste,54.4,46.98,62.76,5112.0,0.4249,0.5751,Risco educacional,Alto,-15.78
1964,2209609,São Félix do Piauí,PI,Nordeste,35.56,64.29,49.29,2842.0,0.4249,0.5751,Risco educacional,Alto,15.0
1965,4300570,Alto Feliz,RS,Sul,72.7,58.3,74.95,3072.0,0.4249,0.5751,Risco educacional,Alto,-16.65
1966,5108501,Vera,MT,Centro-Oeste,34.76,52.77,48.66,12800.0,0.4249,0.5751,Risco educacional,Alto,4.11
1967,2109304,Presidente Vargas,MA,Nordeste,44.27,47.82,55.77,10549.0,0.4249,0.5751,Risco educacional,Alto,-7.95
1968,3540259,Pontalinda,SP,Sudeste,44.63,51.66,56.02,4127.0,0.4249,0.5751,Risco educacional,Alto,-4.36
1969,4303673,Campestre da Serra,RS,Sul,90.0,80.8,80.0,3242.0,0.4249,0.5751,Risco educacional,Alto,0.8
1970,2203255,Curralinhos,PI,Nordeste,32.63,27.56,46.96,4413.0,0.4249,0.5751,Risco educacional,Alto,-19.4
1971,3532827,Nova Campina,SP,Sudeste,45.1,61.55,56.36,8497.0,0.4249,0.5751,Risco educacional,Alto,5.19
1972,4311254,Lagoão,RS,Sul,84.62,42.9,80.0,5341.0,0.4249,0.5751,Risco educacional,Alto,-37.1
1973,2509909,Natuba,PB,Nordeste,58.78,47.23,65.69,8945.0,0.4249,0.5751,Risco educacional,Alto,-18.46
1974,3513009,Cotia,SP,Sudeste,50.67,49.49,60.23,274413.0,0.4249,0.5751,Risco educacional,Alto,-10.74
1975,2402402,Carnaúba dos Dantas,RN,Nordeste,65.52,29.88,70.15,7992.0,0.4249,0.5751,Risco educacional,Alto,-40.27
1976,2700201,Anadia,AL,Nordeste,53.44,45.26,62.12,13966.0,0.4255,0.5745,Risco educacional,Alto,-16.86
1977,2708956,Senador Rui Palmeira,AL,Nordeste,51.9,57.08,61.07,12303.0,0.4255,0.5745,Risco educacional,Alto,-3.99
1978,4315354,Quinze de Novembro,RS,Sul,68.89,85.1,72.39,3910.0,0.4264,0.5736,Risco educacional,Alto,12.71
1979,3136520,José Gonçalves de Minas,MG,Sudeste,34.09,77.29,,3969.0,0.4264,0.5736,Risco educacional,Alto,
1980,3525102,Jardinópolis,SP,Sudeste,58.3,45.42,65.37,45282.0,0.4266,0.5734,Risco educacional,Alto,-19.95
1981,2507804,Junco do Seridó,PB,Nordeste,56.22,76.21,63.99,6793.0,0.4266,0.5734,Risco educacional,Alto,12.22
1982,2201101,Avelino Lopes,PI,Nordeste,40.98,44.97,53.38,10866.0,0.4266,0.5734,Risco educacional,Alto,-8.41
1983,4317608,Santo Antônio da Patrulha,RS,Sul,77.32,61.7,78.11,42947.0,0.4266,0.5734,Risco educacional,Alto,-16.41
1984,3503109,Arandu,SP,Sudeste,54.21,56.61,62.64,6885.0,0.4266,0.5734,Risco educacional,Alto,-6.03
1985,2509396,Maturéia,PB,Nordeste,50.64,60.76,60.21,6433.0,0.4266,0.5734,Risco educacional,Alto,0.55
1986,3515152,Engenheiro Coelho,SP,Sudeste,53.33,47.86,62.04,19566.0,0.4266,0.5734,Risco educacional,Alto,-14.18
1987,3555505,Ubirajara,SP,Sudeste,48.79,56.25,58.94,5132.0,0.4266,0.5734,Risco educacional,Alto,-2.69
1988,4314753,Poço das Antas,RS,Sul,85.45,66.3,80.0,2171.0,0.4266,0.5734,Risco educacional,Alto,-13.7
1989,3502754,Araçariguama,SP,Sudeste,50.13,54.04,59.86,21522.0,0.4266,0.5734,Risco educacional,Alto,-5.82
1990,4319000,São Marcos,RS,Sul,83.78,38.3,80.0,21084.0,0.4266,0.5734,Risco educacional,Alto,-41.7
1991,4321667,Três Cachoeiras,RS,Sul,87.85,53.5,80.0,10962.0,0.4266,0.5734,Risco educacional,Alto,-26.5
1992,2507705,Juazeirinho,PB,Nordeste,50.95,45.45,60.43,17007.0,0.4266,0.5734,Risco educacional,Alto,-14.98
1993,4315172,Protásio Alves,RS,Sul,79.98,75.0,79.99,2025.0,0.4271,0.5729,Risco educacional,Alto,-4.99
1994,3136959,Juvenília,MG,Sudeste,36.81,52.49,,5789.0,0.4274,0.5726,Risco educacional,Alto,
1995,1502152,Canaã dos Carajás,PA,Norte,62.1,65.12,67.89,77079.0,0.4275,0.5725,Risco educacional,Alto,-2.77
1996,1600212,Cutias,AP,Norte,47.0,53.36,57.7,4461.0,0.4278,0.5722,Risco educacional,Alto,-4.34
1997,3505708,Barueri,SP,Sudeste,62.8,68.13,68.35,316473.0,0.4281,0.5719,Risco educacional,Alto,-0.22
1998,4302238,Boa Vista do Incra,RS,Sul,71.3,26.6,74.0,2271.0,0.4302,0.5698,Risco educacional,Alto,-47.4
1999,1303957,São Sebastião do Uatumã,AM,Norte,51.77,29.46,60.98,11670.0,0.4302,0.5698,Risco educacional,Alto,-31.52
2000,4309902,Ibiraiaras,RS,Sul,78.46,49.1,78.91,6776.0,0.4302,0.5698,Risco educacional,Alto,-29.81
2001,4306924,Engenho Velho,RS,Sul,76.92,41.2,77.83,1296.0,0.4302,0.5698,Risco educacional,Alto,-36.63
2002,4323358,Vila Lângaro,RS,Sul,71.21,52.9,73.94,2079.0,0.4302,0.5698,Risco educacional,Alto,-21.04
2003,2606606,Ibimirim,PE,Nordeste,50.76,61.76,60.3,26593.0,0.4302,0.5698,Risco educacional,Alto,1.46
2004,4311239,Lagoa Bonita do Sul,RS,Sul,70.83,54.2,73.69,2251.0,0.4302,0.5698,Risco educacional,Alto,-19.49
2005,4307559,Estação,RS,Sul,73.44,45.4,75.45,5582.0,0.4302,0.5698,Risco educacional,Alto,-30.05
2006,4317756,Santo Antônio do Planalto,RS,Sul,77.14,77.2,77.99,2089.0,0.4302,0.5698,Risco educacional,Alto,-0.79
2007,4313441,Novo Tiradentes,RS,Sul,71.43,47.4,74.09,2146.0,0.4302,0.5698,Risco educacional,Alto,-26.69
2008,3548906,São Carlos,SP,Sudeste,51.56,50.27,60.84,254857.0,0.4302,0.5698,Risco educacional,Alto,-10.57
2009,4315156,Progresso,RS,Sul,78.42,64.8,78.88,5340.0,0.4302,0.5698,Risco educacional,Alto,-14.08
2010,4305207,Cerro Largo,RS,Sul,75.07,54.0,76.56,13705.0,0.4313,0.5687,Risco educacional,Alto,-22.56
2011,4305603,Colorado,RS,Sul,63.64,90.0,68.91,3258.0,0.4317,0.5683,Risco educacional,Alto,21.09
2012,5002407,Caarapó,MS,Centro-Oeste,52.93,66.23,61.77,30612.0,0.4317,0.5683,Risco educacional,Alto,4.46
2013,4303202,Cacique Doble,RS,Sul,88.64,58.2,80.0,4603.0,0.4319,0.5681,Risco educacional,Alto,-21.8
2014,3541059,Pratânia,SP,Sudeste,56.06,56.48,63.88,5126.0,0.4319,0.5681,Risco educacional,Alto,-7.4
2015,4322301,Tuparendi,RS,Sul,88.1,52.7,80.0,8363.0,0.4319,0.5681,Risco educacional,Alto,-27.3
2016,3507506,Botucatu,SP,Sudeste,59.1,57.09,65.9,145155.0,0.4319,0.5681,Risco educacional,Alto,-8.81
2017,3549409,São Joaquim da Barra,SP,Sudeste,45.54,50.24,56.67,48558.0,0.4329,0.5671,Risco educacional,Alto,-6.43
2018,4310579,Itapuca,RS,Sul,80.62,76.5,80.0,1937.0,0.4329,0.5671,Risco educacional,Alto,-3.5
2019,5002209,Bonito,MS,Centro-Oeste,53.37,58.78,62.07,23659.0,0.4338,0.5662,Risco educacional,Alto,-3.29
2020,4309506,Guarani das Missões,RS,Sul,70.37,67.5,73.38,7415.0,0.4346,0.5654,Risco educacional,Alto,-5.88
2021,4319307,São Paulo das Missões,RS,Sul,77.73,61.1,78.4,5846.0,0.4361,0.5639,Risco educacional,Alto,-17.3
2022,4316428,Sagrada Família,RS,Sul,78.81,43.8,79.16,2480.0,0.4361,0.5639,Risco educacional,Alto,-35.36
2023,4322608,Venâncio Aires,RS,Sul,78.14,59.2,78.68,68763.0,0.4361,0.5639,Risco educacional,Alto,-19.48
2024,4216057,São Cristóvão do Sul,SC,Sul,57.13,50.76,,6084.0,0.4361,0.5639,Risco educacional,Alto,
2025,2505402,Desterro,PB,Nordeste,55.88,45.8,63.76,8067.0,0.4361,0.5639,Risco educacional,Alto,-17.96
2026,4306130,Cruzaltense,RS,Sul,77.78,64.3,78.43,1635.0,0.4361,0.5639,Risco educacional,Alto,-14.13
2027,4306551,Dom Pedro de Alcântara,RS,Sul,95.45,57.1,80.0,2562.0,0.4361,0.5639,Risco educacional,Alto,-22.9
2028,4310207,Ijuí,RS,Sul,76.47,61.9,77.52,84780.0,0.4361,0.5639,Risco educacional,Alto,-15.62
2029,2403707,Felipe Guerra,RN,Nordeste,54.36,51.71,62.74,5944.0,0.4361,0.5639,Risco educacional,Alto,-11.03
2030,2613800,São Vicente Férrer,PE,Nordeste,48.62,42.6,58.82,16677.0,0.4366,0.5634,Risco educacional,Alto,-16.22
2031,3136702,Juiz de Fora,MG,Sudeste,43.63,49.55,55.31,540756.0,0.4366,0.5634,Risco educacional,Alto,-5.76
2032,5105200,Juscimeira,MT,Centro-Oeste,48.65,67.06,58.84,11480.0,0.4366,0.5634,Risco educacional,Alto,8.22
2033,4310108,Igrejinha,RS,Sul,80.14,49.6,80.0,32808.0,0.4366,0.5634,Risco educacional,Alto,-30.4
2034,3302304,Laje do Muriaé,RJ,Sudeste,45.19,48.41,56.42,7336.0,0.4366,0.5634,Risco educacional,Alto,-8.01
2035,2506004,Esperança,PB,Nordeste,61.5,64.21,67.49,31231.0,0.4373,0.5627,Risco educacional,Alto,-3.28
2036,2204402,Gilbués,PI,Nordeste,31.29,39.2,45.87,10892.0,0.4373,0.5627,Risco educacional,Alto,-6.67
2037,2509701,Monteiro,PB,Nordeste,55.03,61.09,63.19,32277.0,0.4373,0.5627,Risco educacional,Alto,-2.1
2038,1508126,Ulianópolis,PA,Norte,61.76,61.52,67.67,37972.0,0.4373,0.5627,Risco educacional,Alto,-6.15
2039,2201739,Betânia do Piauí,PI,Nordeste,42.53,82.76,54.51,6220.0,0.4373,0.5627,Risco educacional,Alto,28.25
2040,2100303,Aldeias Altas,MA,Nordeste,67.9,45.37,71.73,23286.0,0.4373,0.5627,Risco educacional,Alto,-26.36
2041,2201770,Boa Hora,PI,Nordeste,58.74,47.16,65.66,6902.0,0.4373,0.5627,Risco educacional,Alto,-18.5
2042,3548500,Santos,SP,Sudeste,55.93,52.77,63.79,418608.0,0.4373,0.5627,Risco educacional,Alto,-11.02
2043,2507408,Jericó,PB,Nordeste,53.45,23.83,62.12,7516.0,0.4373,0.5627,Risco educacional,Alto,-38.29
2044,3534104,Oriente,SP,Sudeste,59.52,39.53,66.18,6085.0,0.4373,0.5627,Risco educacional,Alto,-26.65
2045,2202901,Corrente,PI,Nordeste,47.76,37.78,58.23,27278.0,0.4373,0.5627,Risco educacional,Alto,-20.45
2046,2109106,Presidente Dutra,MA,Nordeste,54.77,45.11,63.01,45155.0,0.4373,0.5627,Risco educacional,Alto,-17.9
2047,3520509,Indaiatuba,SP,Sudeste,58.5,62.82,65.51,255748.0,0.4373,0.5627,Risco educacional,Alto,-2.69
2048,2201408,Barro Duro,PI,Nordeste,38.31,40.17,51.39,6640.0,0.4373,0.5627,Risco educacional,Alto,-11.22
2049,2109809,Santa Helena,MA,Nordeste,57.13,72.74,64.59,41561.0,0.4373,0.5627,Risco educacional,Alto,8.15
2050,4316303,Roque Gonzales,RS,Sul,75.71,76.0,77.0,6576.0,0.4377,0.5623,Risco educacional,Alto,-1.0
2051,4317558,Santo Antônio do Palma,RS,Sul,72.22,34.6,74.62,2091.0,0.4377,0.5623,Risco educacional,Alto,-40.02
2052,4305900,Coronel Bicaco,RS,Sul,79.2,36.0,79.43,6144.0,0.4377,0.5623,Risco educacional,Alto,-43.43
2053,4322327,Turuçu,RS,Sul,82.83,61.7,80.0,3419.0,0.4383,0.5617,Risco educacional,Alto,-18.3
2054,3532405,Nazaré Paulista,SP,Sudeste,46.83,62.5,57.58,18217.0,0.4383,0.5617,Risco educacional,Alto,4.92
2055,5103361,Conquista D'Oeste,MT,Centro-Oeste,40.85,69.46,53.29,3760.0,0.4383,0.5617,Risco educacional,Alto,16.17
2056,4321493,Toropi,RS,Sul,100.0,38.7,80.0,2554.0,0.4393,0.5607,Risco educacional,Alto,-41.3
2057,2502805,Brejo do Cruz,PB,Nordeste,53.57,51.6,62.2,13613.0,0.4403,0.5597,Risco educacional,Alto,-10.6
2058,1303304,Novo Aripuanã,AM,Norte,83.98,50.99,80.0,23818.0,0.4408,0.5592,Risco educacional,Alto,-29.01
2059,2504033,Capim,PB,Nordeste,56.03,60.4,63.86,6970.0,0.4426,0.5574,Risco educacional,Alto,-3.46
2060,3531902,Morro Agudo,SP,Sudeste,55.19,45.3,63.3,27933.0,0.4426,0.5574,Risco educacional,Alto,-18.0
2061,3545803,Santa Bárbara d'Oeste,SP,Sudeste,54.63,64.2,62.92,183347.0,0.4426,0.5574,Risco educacional,Alto,1.28
2062,3509700,Campos do Jordão,SP,Sudeste,51.23,57.12,60.62,46974.0,0.4426,0.5574,Risco educacional,Alto,-3.5
2063,2604106,Caruaru,PE,Nordeste,54.95,58.37,63.13,378048.0,0.4426,0.5574,Risco educacional,Alto,-4.76
2064,4310363,Imigrante,RS,Sul,78.24,50.0,78.75,3080.0,0.4426,0.5574,Risco educacional,Alto,-28.75
2065,3530805,Mogi Mirim,SP,Sudeste,53.79,57.7,62.35,92558.0,0.4426,0.5574,Risco educacional,Alto,-4.65
2066,2607604,Ilha de Itamaracá,PE,Nordeste,53.17,50.6,61.93,24540.0,0.4426,0.5574,Risco educacional,Alto,-11.33
2067,3518206,Guararapes,SP,Sudeste,58.19,71.91,65.3,31043.0,0.4426,0.5574,Risco educacional,Alto,6.61
2068,3520426,Ilha Comprida,SP,Sudeste,52.02,67.6,61.15,13419.0,0.4426,0.5574,Risco educacional,Alto,6.45
2069,4202438,Bocaina do Sul,SC,Sul,39.12,28.06,52.0,3515.0,0.4426,0.5574,Risco educacional,Alto,-23.94
2070,2600708,Aliança,PE,Nordeste,55.15,39.22,63.27,35741.0,0.4426,0.5574,Risco educacional,Alto,-24.05
2071,3501301,Álvares Machado,SP,Sudeste,53.91,72.19,62.43,27255.0,0.4426,0.5574,Risco educacional,Alto,9.76
2072,2506806,Ingá,PB,Nordeste,57.31,37.97,64.71,17692.0,0.4426,0.5574,Risco educacional,Alto,-26.74
2073,3519303,Ibaté,SP,Sudeste,52.81,68.78,61.69,32178.0,0.4426,0.5574,Risco educacional,Alto,7.09
2074,4307906,Farroupilha,RS,Sul,83.04,56.7,80.0,70286.0,0.4426,0.5574,Risco educacional,Alto,-23.3
2075,3548054,Santo Antônio do Aracanguá,SP,Sudeste,50.15,62.22,59.88,8379.0,0.4426,0.5574,Risco educacional,Alto,2.34
2076,3504602,Bady Bassitt,SP,Sudeste,55.64,61.39,63.6,27260.0,0.4426,0.5574,Risco educacional,Alto,-2.21
2077,3508504,Caçapava,SP,Sudeste,53.05,44.26,61.85,96202.0,0.444,0.556,Risco educacional,Alto,-17.59
2078,2203750,Fartura do Piauí,PI,Nordeste,36.65,52.0,50.13,5284.0,0.4453,0.5547,Risco educacional,Alto,1.87
2079,3556453,Vargem Grande Paulista,SP,Sudeste,56.05,64.59,63.87,50415.0,0.4468,0.5532,Risco educacional,Alto,0.72
2080,3513850,Dirce Reis,SP,Sudeste,46.67,84.62,57.46,1620.0,0.4472,0.5528,Risco educacional,Alto,27.16
2081,4218251,Timbó Grande,SC,Sul,57.76,38.62,,7342.0,0.4478,0.5522,Risco educacional,Alto,
2082,5104906,Jangada,MT,Centro-Oeste,55.89,54.87,63.76,7426.0,0.4478,0.5522,Risco educacional,Alto,-8.89
2083,3556701,Vinhedo,SP,Sudeste,51.4,56.12,60.73,76540.0,0.4481,0.5519,Risco educacional,Alto,-4.61
2084,4313300,Nova Prata,RS,Sul,78.78,61.1,79.13,25692.0,0.4485,0.5515,Risco educacional,Alto,-18.03
2085,4306403,Dois Irmãos,RS,Sul,78.45,56.9,78.9,30709.0,0.4485,0.5515,Risco educacional,Alto,-22.0
2086,3512803,Cosmópolis,SP,Sudeste,52.95,59.61,61.79,59773.0,0.4485,0.5515,Risco educacional,Alto,-2.18
2087,2616209,Vertentes,PE,Nordeste,55.05,56.85,63.2,21959.0,0.4485,0.5515,Risco educacional,Alto,-6.35
2088,4212270,Passos Maia,SC,Sul,49.26,60.0,59.27,4034.0,0.4485,0.5515,Risco educacional,Alto,0.73
2089,4320552,Sertão Santana,RS,Sul,74.77,46.2,76.35,5863.0,0.4485,0.5515,Risco educacional,Alto,-30.15
2090,4308854,Gentil,RS,Sul,94.44,85.7,80.0,1744.0,0.4485,0.5515,Risco educacional,Alto,5.7
2091,4204178,Cerro Negro,SC,Sul,28.93,49.84,43.88,3317.0,0.4485,0.5515,Risco educacional,Alto,5.96
2092,4303707,Campina das Missões,RS,Sul,91.99,50.3,80.0,5882.0,0.4485,0.5515,Risco educacional,Alto,-29.7
2093,2609402,Moreno,PE,Nordeste,53.38,43.93,62.08,55292.0,0.4485,0.5515,Risco educacional,Alto,-18.15
2094,4302220,Boa Vista do Cadeado,RS,Sul,71.42,66.7,74.08,2229.0,0.4485,0.5515,Risco educacional,Alto,-7.38
2095,4316501,Salvador do Sul,RS,Sul,88.12,70.4,80.0,6879.0,0.4485,0.5515,Risco educacional,Alto,-9.6
2096,1300060,Amaturá,AM,Norte,62.67,64.58,68.27,10819.0,0.4485,0.5515,Risco educacional,Alto,-3.69
2097,3528502,Mairiporã,SP,Sudeste,55.0,63.31,63.17,93853.0,0.4485,0.5515,Risco educacional,Alto,0.14
2098,4209102,Joinville,SC,Sul,65.94,68.79,70.43,616317.0,0.4485,0.5515,Risco educacional,Alto,-1.64
2099,4307203,Erval Grande,RS,Sul,91.99,38.8,80.0,4930.0,0.4489,0.5511,Risco educacional,Alto,-41.2
2100,3534005,Onda Verde,SP,Sudeste,47.09,74.45,57.76,4771.0,0.449,0.551,Risco educacional,Alto,16.69
2101,2501351,Assunção,PB,Nordeste,48.37,93.96,58.65,4152.0,0.449,0.551,Risco educacional,Alto,35.31
2102,4319356,São Pedro da Serra,RS,Sul,80.67,58.8,80.0,3548.0,0.449,0.551,Risco educacional,Alto,-21.2
2103,2103554,Conceição do Lago-Açu,MA,Nordeste,43.89,54.26,55.49,14915.0,0.449,0.551,Risco educacional,Alto,-1.23
2104,2512762,Riachão do Poço,PB,Nordeste,68.24,75.0,71.96,4738.0,0.449,0.551,Risco educacional,Alto,3.04
2105,4305801,Constantina,RS,Sul,80.01,45.7,80.0,10385.0,0.449,0.551,Risco educacional,Alto,-34.3
2106,5108600,Vila Rica,MT,Centro-Oeste,47.89,55.24,58.32,19888.0,0.449,0.551,Risco educacional,Alto,-3.08
2107,3532009,Morungaba,SP,Sudeste,46.95,47.32,57.66,13720.0,0.449,0.551,Risco educacional,Alto,-10.34
2108,3547908,Santo Antônio da Alegria,SP,Sudeste,49.66,67.18,59.54,6775.0,0.449,0.551,Risco educacional,Alto,7.64
2109,5103205,Colíder,MT,Centro-Oeste,49.25,64.22,59.26,31370.0,0.449,0.551,Risco educacional,Alto,4.96
2110,3511003,Castilho,SP,Sudeste,47.85,45.42,58.29,19977.0,0.449,0.551,Risco educacional,Alto,-12.87
2111,5107206,Rio Branco,MT,Centro-Oeste,48.15,81.6,58.5,4535.0,0.449,0.551,Risco educacional,Alto,23.1
2112,3523008,Itapura,SP,Sudeste,49.6,79.05,59.5,3979.0,0.449,0.551,Risco educacional,Alto,19.55
2113,3535309,Palmital,SP,Sudeste,46.45,60.32,57.31,19594.0,0.449,0.551,Risco educacional,Alto,3.01
2114,2110807,São Félix de Balsas,MA,Nordeste,43.78,44.69,55.41,4402.0,0.449,0.551,Risco educacional,Alto,-10.72
2115,3300258,Arraial do Cabo,RJ,Sudeste,50.49,58.05,60.11,30986.0,0.449,0.551,Risco educacional,Alto,-2.06
2116,2700805,Belém,AL,Nordeste,55.08,64.57,63.22,4722.0,0.4492,0.5508,Risco educacional,Alto,1.35
2117,4311643,Linha Nova,RS,Sul,100.0,41.2,80.0,1683.0,0.4497,0.5503,Risco educacional,Alto,-38.8
2118,3525300,Jaú,SP,Sudeste,59.77,54.89,66.35,133497.0,0.45,0.55,Risco educacional,Alto,-11.46
2119,1600535,Porto Grande,AP,Norte,65.21,73.42,69.95,17848.0,0.45,0.55,Risco educacional,Alto,3.47
2120,4312005,Mariano Moro,RS,Sul,94.12,58.3,80.0,1858.0,0.45,0.55,Risco educacional,Alto,-21.7
2121,3505500,Barretos,SP,Sudeste,59.67,58.42,66.28,122485.0,0.45,0.55,Risco educacional,Alto,-7.86
2122,4310306,Ilópolis,RS,Sul,87.4,48.3,80.0,4157.0,0.4505,0.5495,Risco educacional,Alto,-31.7
2123,3508900,Caiabu,SP,Sudeste,44.44,65.71,55.89,3712.0,0.4505,0.5495,Risco educacional,Alto,9.82
2124,4306700,Dona Francisca,RS,Sul,81.25,26.7,80.0,3079.0,0.4505,0.5495,Risco educacional,Alto,-53.3
2125,4322533,Vale do Sol,RS,Sul,86.11,51.6,80.0,9897.0,0.4505,0.5495,Risco educacional,Alto,-28.4
2126,3530508,Mococa,SP,Sudeste,46.41,61.52,57.28,67681.0,0.4506,0.5494,Risco educacional,Alto,4.24
2127,2516755,Tenório,PB,Nordeste,62.16,48.73,67.93,2966.0,0.4516,0.5484,Risco educacional,Alto,-19.2
2128,3520202,Igaratá,SP,Sudeste,61.45,50.61,67.46,10605.0,0.4525,0.5475,Risco educacional,Alto,-16.85
2129,2701407,Campo Alegre,AL,Nordeste,65.49,67.45,70.13,32106.0,0.4535,0.5465,Risco educacional,Alto,-2.68
2130,3552106,Socorro,SP,Sudeste,50.82,59.71,60.34,40122.0,0.4543,0.5457,Risco educacional,Alto,-0.63
2131,2607802,Itaquitinga,PE,Nordeste,48.29,57.35,58.59,16554.0,0.4543,0.5457,Risco educacional,Alto,-1.24
2132,5105002,Jauru,MT,Centro-Oeste,46.7,74.68,57.48,8367.0,0.4543,0.5457,Risco educacional,Alto,17.2
2133,2111029,São João do Carú,MA,Nordeste,65.17,70.68,69.92,12251.0,0.4543,0.5457,Risco educacional,Alto,0.76
2134,2512101,Pombal,PB,Nordeste,58.65,65.57,65.6,32473.0,0.4543,0.5457,Risco educacional,Alto,-0.03
2135,3304300,Rio Bonito,RJ,Sudeste,55.86,57.46,63.74,56276.0,0.4543,0.5457,Risco educacional,Alto,-6.28
2136,5102694,Canabrava do Norte,MT,Centro-Oeste,34.68,78.89,48.6,4485.0,0.4543,0.5457,Risco educacional,Alto,30.29
2137,4320321,Senador Salgado Filho,RS,Sul,83.97,50.0,80.0,2673.0,0.4543,0.5457,Risco educacional,Alto,-30.0
2138,3305604,Silva Jardim,RJ,Sudeste,55.39,57.35,63.43,21352.0,0.4543,0.5457,Risco educacional,Alto,-6.08
2139,3503000,Aramina,SP,Sudeste,43.28,72.03,55.06,5420.0,0.455,0.545,Risco educacional,Alto,16.97
2140,4306809,Encantado,RS,Sul,80.77,53.2,80.0,22962.0,0.4556,0.5444,Risco educacional,Alto,-26.8
2141,2204501,Guadalupe,PI,Nordeste,48.9,68.54,59.02,10270.0,0.4559,0.5441,Risco educacional,Alto,9.52
2142,2508307,Lagoa Seca,PB,Nordeste,66.54,46.71,70.83,27730.0,0.4559,0.5441,Risco educacional,Alto,-24.12
2143,2204550,Guaribas,PI,Nordeste,58.08,75.0,65.23,4276.0,0.4559,0.5441,Risco educacional,Alto,9.77
2144,1508050,Trairão,PA,Norte,70.84,62.19,73.69,15242.0,0.4559,0.5441,Risco educacional,Alto,-11.5
2145,2205508,José de Freitas,PI,Nordeste,49.82,42.98,59.65,42559.0,0.4559,0.5441,Risco educacional,Alto,-16.67
2146,2611606,Recife,PE,Nordeste,62.39,54.36,68.08,1488920.0,0.4559,0.5441,Risco educacional,Alto,-13.72
2147,1501725,Brasil Novo,PA,Norte,73.21,87.6,75.29,24718.0,0.4559,0.5441,Risco educacional,Alto,12.31
2148,3555000,Tupã,SP,Sudeste,50.17,51.23,59.89,63928.0,0.4565,0.5435,Risco educacional,Alto,-8.66
2149,2200103,Agricolândia,PI,Nordeste,32.61,60.23,46.94,4940.0,0.4571,0.5429,Risco educacional,Alto,13.29
2150,2211209,Uruçuí,PI,Nordeste,27.78,31.55,42.89,25203.0,0.4574,0.5426,Risco educacional,Alto,-11.34
2151,5002001,Batayporã,MS,Centro-Oeste,45.7,67.77,56.78,10712.0,0.458,0.542,Risco educacional,Alto,10.99
2152,3529005,Marília,SP,Sudeste,59.16,64.28,65.94,237627.0,0.4597,0.5403,Risco educacional,Alto,-1.66
2153,3300605,Bom Jesus do Itabapoana,RJ,Sudeste,57.91,70.64,65.11,35173.0,0.4599,0.5401,Risco educacional,Alto,5.53
2154,4317905,Santo Cristo,RS,Sul,76.02,60.5,77.21,15320.0,0.4602,0.5398,Risco educacional,Alto,-16.71
2155,3519907,Iepê,SP,Sudeste,51.77,53.84,60.98,7619.0,0.4602,0.5398,Risco educacional,Alto,-7.14
2156,3520905,Ipaussu,SP,Sudeste,55.77,54.96,63.68,13712.0,0.4602,0.5398,Risco educacional,Alto,-8.72
2157,2608404,Jurema,PE,Nordeste,53.46,60.64,62.13,13648.0,0.4602,0.5398,Risco educacional,Alto,-1.49
2158,2603801,Capoeiras,PE,Nordeste,50.95,69.34,60.43,18338.0,0.4602,0.5398,Risco educacional,Alto,8.91
2159,4301651,Barão,RS,Sul,86.39,53.5,80.0,6461.0,0.4602,0.5398,Risco educacional,Alto,-26.5
2160,4315149,Presidente Lucena,RS,Sul,87.03,56.3,80.0,3077.0,0.4602,0.5398,Risco educacional,Alto,-23.7
2161,4316105,Ronda Alta,RS,Sul,75.29,53.7,76.71,9777.0,0.4602,0.5398,Risco educacional,Alto,-23.01
2162,4316733,Santa Cecília do Sul,RS,Sul,75.0,40.9,76.51,1674.0,0.4602,0.5398,Risco educacional,Alto,-35.61
2163,4319109,São Martinho,RS,Sul,83.57,64.5,80.0,5481.0,0.4602,0.5398,Risco educacional,Alto,-15.5
2164,2608206,Joaquim Nabuco,PE,Nordeste,49.58,47.34,59.49,13269.0,0.4602,0.5398,Risco educacional,Alto,-12.15
2165,4320404,Serafina Corrêa,RS,Sul,83.22,50.7,80.0,16961.0,0.4604,0.5396,Risco educacional,Alto,-29.3
2166,3509205,Cajamar,SP,Sudeste,50.91,53.17,60.4,92689.0,0.4605,0.5395,Risco educacional,Alto,-7.23
2167,4204202,Chapecó,SC,Sul,56.22,56.25,63.99,254785.0,0.4609,0.5391,Risco educacional,Alto,-7.74
2168,2211308,Valença do Piauí,PI,Nordeste,51.94,42.13,61.1,22279.0,0.4612,0.5388,Risco educacional,Alto,-18.97
2169,2202505,Caracol,PI,Nordeste,60.97,49.31,67.14,10318.0,0.4612,0.5388,Risco educacional,Alto,-17.83
2170,1718899,Santa Rita do Tocantins,TO,Norte,63.15,43.12,68.59,2219.0,0.4612,0.5388,Risco educacional,Alto,-25.47
2171,1301951,Itamarati,AM,Norte,70.62,82.23,73.55,10937.0,0.4612,0.5388,Risco educacional,Alto,8.68
2172,2500601,Alhandra,PB,Nordeste,57.33,30.75,64.73,21730.0,0.4612,0.5388,Risco educacional,Alto,-33.98
2173,4323408,Vila Maria,RS,Sul,94.44,66.7,80.0,4413.0,0.4613,0.5387,Risco educacional,Alto,-13.3
2174,4318481,São José do Hortêncio,RS,Sul,78.76,43.8,79.12,4447.0,0.4617,0.5383,Risco educacional,Alto,-35.32
2175,4319802,São Vicente do Sul,RS,Sul,77.33,45.7,78.12,8097.0,0.4617,0.5383,Risco educacional,Alto,-32.42
2176,4313904,Panambi,RS,Sul,75.28,51.2,76.7,43515.0,0.4617,0.5383,Risco educacional,Alto,-25.5
2177,5007935,Sonora,MS,Centro-Oeste,47.5,78.58,58.04,14516.0,0.4617,0.5383,Risco educacional,Alto,20.54
2178,4318424,São João da Urtiga,RS,Sul,76.53,70.3,77.56,4461.0,0.4617,0.5383,Risco educacional,Alto,-7.26
2179,4322541,Vale Real,RS,Sul,76.3,35.0,77.4,6058.0,0.4617,0.5383,Risco educacional,Alto,-42.4
2180,4309001,Giruá,RS,Sul,76.29,46.3,77.4,16013.0,0.4617,0.5383,Risco educacional,Alto,-31.1
2181,3301207,Carmo,RJ,Sudeste,43.6,67.98,55.29,17198.0,0.4618,0.5382,Risco educacional,Alto,12.69
2182,5105622,Mirassol d'Oeste,MT,Centro-Oeste,51.68,60.12,60.92,26785.0,0.4619,0.5381,Risco educacional,Alto,-0.8
2183,3533403,Nova Odessa,SP,Sudeste,54.93,57.96,63.12,62019.0,0.4625,0.5375,Risco educacional,Alto,-5.16
2184,4100400,Almirante Tamandaré,PR,Sul,52.44,45.12,61.44,119825.0,0.4627,0.5373,Risco educacional,Alto,-16.32
2185,4303806,Campinas do Sul,RS,Sul,91.46,68.0,80.0,5284.0,0.4628,0.5372,Risco educacional,Alto,-12.0
2186,2704609,Maravilha,AL,Nordeste,68.8,74.38,72.33,9534.0,0.4633,0.5367,Risco educacional,Alto,2.05
2187,3549102,São João da Boa Vista,SP,Sudeste,54.57,61.6,62.88,92547.0,0.4638,0.5362,Risco educacional,Alto,-1.28
2188,3504305,Avaí,SP,Sudeste,55.32,65.24,63.38,4483.0,0.4639,0.5361,Risco educacional,Alto,1.86
2189,1721257,Tupirama,TO,Norte,36.36,66.67,49.91,1909.0,0.4643,0.5357,Risco educacional,Alto,16.76
2190,2111904,Sucupira do Norte,MA,Nordeste,49.97,60.0,59.75,10238.0,0.4648,0.5352,Risco educacional,Alto,0.25
2191,2513851,Santo André,PB,Nordeste,45.13,35.81,56.38,2622.0,0.4652,0.5348,Risco educacional,Alto,-20.57
2192,3512209,Conchal,SP,Sudeste,53.98,55.54,62.48,28101.0,0.4654,0.5346,Risco educacional,Alto,-6.94
2193,2105005,Humberto de Campos,MA,Nordeste,61.59,59.22,67.55,25680.0,0.4659,0.5341,Risco educacional,Alto,-8.33
2194,3513900,Divinolândia,SP,Sudeste,52.32,61.36,61.36,11158.0,0.4663,0.5337,Risco educacional,Alto,0.0
2195,4215208,Romelândia,SC,Sul,52.07,78.04,61.19,4823.0,0.4666,0.5334,Risco educacional,Alto,16.85
2196,4319752,São Vendelino,RS,Sul,100.0,25.0,80.0,2251.0,0.4667,0.5333,Risco educacional,Alto,-55.0
2197,3538600,Piracaia,SP,Sudeste,58.49,57.46,65.5,26029.0,0.4667,0.5333,Risco educacional,Alto,-8.04
2198,2502003,Belém do Brejo do Cruz,PB,Nordeste,57.5,40.07,64.84,6268.0,0.4671,0.5329,Risco educacional,Alto,-24.77
2199,3553807,Taquarituba,SP,Sudeste,52.53,56.67,61.5,24350.0,0.4671,0.5329,Risco educacional,Alto,-4.83
2200,2208007,Picos,PI,Nordeste,52.95,54.93,61.79,83090.0,0.4671,0.5329,Risco educacional,Alto,-6.86
2201,2602902,Cabo de Santo Agostinho,PE,Nordeste,55.12,50.72,63.25,203440.0,0.4671,0.5329,Risco educacional,Alto,-12.53
2202,4203709,Canelinha,SC,Sul,59.28,41.37,66.02,12821.0,0.4671,0.5329,Risco educacional,Alto,-24.65
2203,4219358,Vitor Meireles,SC,Sul,44.55,76.12,55.97,5370.0,0.4671,0.5329,Risco educacional,Alto,20.15
2204,4202057,Balneário Barra do Sul,SC,Sul,60.27,51.19,66.68,14912.0,0.4671,0.5329,Risco educacional,Alto,-15.49
2205,4211058,Monte Carlo,SC,Sul,63.76,52.67,68.99,9117.0,0.4671,0.5329,Risco educacional,Alto,-16.32
2206,4212809,Balneário Piçarras,SC,Sul,61.5,53.84,67.49,27127.0,0.4671,0.5329,Risco educacional,Alto,-13.65
2207,2106102,Loreto,MA,Nordeste,38.8,66.12,51.76,11597.0,0.4674,0.5326,Risco educacional,Alto,14.36
2208,4201109,Anitápolis,SC,Sul,61.48,56.94,61.39,3593.0,0.4676,0.5324,Risco educacional,Alto,-4.45
2209,2209906,São João da Serra,PI,Nordeste,49.25,93.97,59.26,6114.0,0.4676,0.5324,Risco educacional,Alto,34.71
2210,2703502,Jacuípe,AL,Nordeste,54.29,77.02,62.69,5352.0,0.4676,0.5324,Risco educacional,Alto,14.33
2211,1501451,Belterra,PA,Norte,60.62,57.61,66.91,18099.0,0.4676,0.5324,Risco educacional,Alto,-9.3
2212,2200707,Anísio de Abreu,PI,Nordeste,46.55,57.02,57.38,9407.0,0.4676,0.5324,Risco educacional,Alto,-0.36
2213,2207959,Nova Santa Rita,PI,Nordeste,48.03,49.11,58.41,4076.0,0.4676,0.5324,Risco educacional,Alto,-9.3
2214,4216602,São José,SC,Sul,65.4,57.07,,270299.0,0.4689,0.5311,Risco educacional,Alto,
2215,2514701,São José do Sabugi,PB,Nordeste,51.51,48.54,60.81,4138.0,0.4691,0.5309,Risco educacional,Alto,-12.27
2216,2204105,Francisco Ayres,PI,Nordeste,47.28,32.38,57.89,4412.0,0.4696,0.5304,Risco educacional,Alto,-25.51
2217,2202802,Conceição do Canindé,PI,Nordeste,47.28,70.98,57.89,4932.0,0.47,0.53,Risco educacional,Alto,13.09
2218,3305802,Teresópolis,RJ,Sudeste,59.73,64.17,66.32,165123.0,0.4702,0.5298,Risco educacional,Alto,-2.15
2219,2614303,Moreilândia,PE,Nordeste,44.18,56.94,55.7,10540.0,0.4706,0.5294,Risco educacional,Alto,1.24
2220,2104602,Governador Eugênio Barros,MA,Nordeste,52.89,48.13,61.75,13930.0,0.4706,0.5294,Risco educacional,Alto,-13.62
2221,3545407,Salto Grande,SP,Sudeste,60.22,44.94,66.65,9050.0,0.4712,0.5288,Risco educacional,Alto,-21.71
2222,3150307,Piedade do Rio Grande,MG,Sudeste,29.38,63.16,44.27,4604.0,0.4715,0.5285,Risco educacional,Alto,18.89
2223,3500907,Altair,SP,Sudeste,55.84,62.85,63.73,3451.0,0.4718,0.5282,Risco educacional,Alto,-0.88
2224,2703304,Inhapi,AL,Nordeste,65.05,83.03,69.84,15167.0,0.4724,0.5276,Risco educacional,Alto,13.19
2225,4312351,Montauri,RS,Sul,100.0,75.0,80.0,1499.0,0.4725,0.5275,Risco educacional,Alto,-5.0
2226,4321634,Três Arroios,RS,Sul,100.0,40.0,80.0,2591.0,0.4725,0.5275,Risco educacional,Alto,-40.0
2227,2607505,Itaíba,PE,Nordeste,59.5,58.6,66.17,32650.0,0.4726,0.5274,Risco educacional,Alto,-7.57
2228,5100409,Alto Garças,MT,Centro-Oeste,40.74,52.91,53.21,13052.0,0.4727,0.5273,Risco educacional,Alto,-0.3
2229,2104057,Estreito,MA,Nordeste,54.89,59.79,63.09,33294.0,0.4728,0.5272,Risco educacional,Alto,-3.3
2230,2513984,São Francisco,PB,Nordeste,56.59,97.5,64.23,3137.0,0.473,0.527,Risco educacional,Alto,33.27
2231,3300506,Bom Jardim,RJ,Sudeste,50.43,66.67,60.07,28102.0,0.473,0.527,Risco educacional,Alto,6.6
2232,5104609,Itiquira,MT,Centro-Oeste,42.56,58.16,54.54,12236.0,0.473,0.527,Risco educacional,Alto,3.62
2233,3521101,Ipeúna,SP,Sudeste,44.03,62.62,55.59,6831.0,0.473,0.527,Risco educacional,Alto,7.03
2234,2505907,Emas,PB,Nordeste,65.44,38.1,70.1,3011.0,0.473,0.527,Risco educacional,Alto,-32.0
2235,2102036,Bom Jesus das Selvas,MA,Nordeste,63.61,63.18,68.89,28599.0,0.473,0.527,Risco educacional,Alto,-5.71
2236,2205524,Júlio Borges,PI,Nordeste,43.29,100.0,55.06,5388.0,0.473,0.527,Risco educacional,Alto,44.94
2237,2206951,Novo Santo Antônio,PI,Nordeste,48.49,82.08,58.73,2827.0,0.473,0.527,Risco educacional,Alto,23.35
2238,3300100,Angra dos Reis,RJ,Sudeste,57.0,60.8,64.51,167434.0,0.4738,0.5262,Risco educacional,Alto,-3.71
2239,3501152,Alumínio,SP,Sudeste,48.56,53.68,58.78,17301.0,0.4745,0.5255,Risco educacional,Alto,-5.1
2240,3302403,Macaé,RJ,Sudeste,59.86,59.46,66.41,246391.0,0.4745,0.5255,Risco educacional,Alto,-6.95
2241,3509957,Canas,SP,Sudeste,53.57,48.15,62.2,4931.0,0.4745,0.5255,Risco educacional,Alto,-14.05
2242,2706448,Paripueira,AL,Nordeste,53.42,35.8,62.1,13835.0,0.4745,0.5255,Risco educacional,Alto,-26.3
2243,4310702,Itatiba do Sul,RS,Sul,88.89,36.8,80.0,3208.0,0.4746,0.5254,Risco educacional,Alto,-43.2
2244,4304309,Cândido Godói,RS,Sul,75.52,48.4,76.87,6294.0,0.4747,0.5253,Risco educacional,Alto,-28.47
2245,3526407,Laranjal Paulista,SP,Sudeste,54.22,59.37,62.64,26261.0,0.4751,0.5249,Risco educacional,Alto,-3.27
2246,2609808,Orocó,PE,Nordeste,45.91,50.86,56.93,13613.0,0.4755,0.5245,Risco educacional,Alto,-6.07
2247,3542008,Quintana,SP,Sudeste,51.71,64.71,60.94,7038.0,0.4761,0.5239,Risco educacional,Alto,3.77
2248,4309605,Horizontina,RS,Sul,71.23,57.2,73.96,18851.0,0.4768,0.5232,Risco educacional,Alto,-16.76
2249,4210209,Major Gercino,SC,Sul,51.4,76.42,60.73,3214.0,0.4776,0.5224,Risco educacional,Alto,15.69
2250,2108454,Peritoró,MA,Nordeste,57.3,70.53,64.71,20479.0,0.4776,0.5224,Risco educacional,Alto,5.82
2251,4321626,Travesseiro,RS,Sul,87.67,67.8,80.0,2152.0,0.4777,0.5223,Risco educacional,Alto,-12.2
2252,2609600,Olinda,PE,Nordeste,59.57,62.29,66.22,349976.0,0.4778,0.5222,Risco educacional,Alto,-3.93
2253,2104107,Fortaleza dos Nogueiras,MA,Nordeste,45.09,78.25,56.35,12640.0,0.4781,0.5219,Risco educacional,Alto,21.9
2254,4312385,Monte Belo do Sul,RS,Sul,80.97,76.9,80.0,2557.0,0.4782,0.5218,Risco educacional,Alto,-3.1
2255,2209203,Santa Filomena,PI,Nordeste,27.74,62.47,42.85,6087.0,0.4782,0.5218,Risco educacional,Alto,19.62
2256,3505807,Bastos,SP,Sudeste,51.88,46.89,61.06,21503.0,0.4788,0.5212,Risco educacional,Alto,-14.17
2257,3541307,Presidente Epitácio,SP,Sudeste,48.39,69.12,58.66,39505.0,0.4788,0.5212,Risco educacional,Alto,10.46
2258,2516805,Triunfo,PB,Nordeste,50.08,63.35,59.83,9892.0,0.4788,0.5212,Risco educacional,Alto,3.52
2259,2203503,Elesbão Veloso,PI,Nordeste,50.09,51.08,59.84,13607.0,0.4788,0.5212,Risco educacional,Alto,-8.76
2260,2609154,Manari,PE,Nordeste,56.89,52.89,64.43,23763.0,0.4788,0.5212,Risco educacional,Alto,-11.54
2261,3523206,Itararé,SP,Sudeste,55.9,53.17,63.77,44438.0,0.4788,0.5212,Risco educacional,Alto,-10.6
2262,2515500,Serra Branca,PB,Nordeste,57.57,54.35,64.89,13614.0,0.4788,0.5212,Risco educacional,Alto,-10.54
2263,2608107,João Alfredo,PE,Nordeste,56.99,75.79,64.5,27725.0,0.4788,0.5212,Risco educacional,Alto,11.29
2264,3306008,Três Rios,RJ,Sudeste,53.49,51.43,62.15,78346.0,0.4788,0.5212,Risco educacional,Alto,-10.72
2265,5107602,Rondonópolis,MT,Centro-Oeste,52.75,60.49,61.65,244911.0,0.4788,0.5212,Risco educacional,Alto,-1.16
2266,2513208,Santa Cruz,PB,Nordeste,52.79,86.28,61.68,5947.0,0.4788,0.5212,Risco educacional,Alto,24.6
2267,2609501,Nazaré da Mata,PE,Nordeste,54.74,56.96,62.99,30648.0,0.4788,0.5212,Risco educacional,Alto,-6.03
2268,2205854,Madeiro,PI,Nordeste,62.05,55.88,67.86,8032.0,0.4788,0.5212,Risco educacional,Alto,-11.98
2269,3500709,Agudos,SP,Sudeste,57.23,64.6,64.66,37680.0,0.4788,0.5212,Risco educacional,Alto,-0.06
2270,5101704,Barra do Bugres,MT,Centro-Oeste,50.91,72.78,60.4,29403.0,0.4788,0.5212,Risco educacional,Alto,12.38
2271,2600807,Altinho,PE,Nordeste,58.41,68.08,65.45,20674.0,0.4788,0.5212,Risco educacional,Alto,2.63
2272,3534906,Pacaembu,SP,Sudeste,64.61,53.27,69.55,14877.0,0.4788,0.5212,Risco educacional,Alto,-16.28
2273,4322251,Tupandi,RS,Sul,81.98,55.1,80.0,5029.0,0.4788,0.5212,Risco educacional,Alto,-24.9
2274,2600500,Águas Belas,PE,Nordeste,57.56,59.77,64.88,41548.0,0.4788,0.5212,Risco educacional,Alto,-5.11
2275,3137007,Ladainha,MG,Sudeste,23.8,54.47,39.29,14383.0,0.4788,0.5212,Risco educacional,Alto,15.18
2276,1505908,Porto de Moz,PA,Norte,72.52,81.16,74.82,40597.0,0.4788,0.5212,Risco educacional,Alto,6.34
2277,3526704,Leme,SP,Sudeste,52.84,61.7,61.71,98161.0,0.4791,0.5209,Risco educacional,Alto,-0.01
2278,3502101,Andradina,SP,Sudeste,56.97,65.48,64.49,59783.0,0.4791,0.5209,Risco educacional,Alto,0.99
2279,3504503,Avaré,SP,Sudeste,57.49,52.47,64.83,92805.0,0.4791,0.5209,Risco educacional,Alto,-12.36
2280,3524303,Jaboticabal,SP,Sudeste,53.01,57.94,61.83,71821.0,0.4791,0.5209,Risco educacional,Alto,-3.89
2281,4204608,Criciúma,SC,Sul,59.07,59.75,65.88,214493.0,0.4794,0.5206,Risco educacional,Alto,-6.13
2282,3533205,Nova Independência,SP,Sudeste,49.79,88.79,59.63,4609.0,0.4796,0.5204,Risco educacional,Alto,29.16
2283,2411429,Santana do Seridó,RN,Nordeste,52.34,40.91,61.37,2696.0,0.4798,0.5202,Risco educacional,Alto,-20.46
2284,2604304,Cedro,PE,Nordeste,46.94,63.12,57.65,10518.0,0.48,0.52,Risco educacional,Alto,5.47
2285,4320701,Sobradinho,RS,Sul,82.34,70.8,80.0,14226.0,0.4802,0.5198,Risco educacional,Alto,-9.2
2286,3522000,Itaju,SP,Sudeste,53.84,44.34,62.39,3618.0,0.4803,0.5197,Risco educacional,Alto,-18.05
2287,3517802,Guaraçaí,SP,Sudeste,54.35,60.72,62.73,7441.0,0.4803,0.5197,Risco educacional,Alto,-2.01
2288,2202208,Campo Maior,PI,Nordeste,52.24,54.48,61.3,45793.0,0.4803,0.5197,Risco educacional,Alto,-6.82
2289,2200954,Aroeiras do Itaim,PI,Nordeste,53.33,80.95,62.04,2690.0,0.4803,0.5197,Risco educacional,Alto,18.91
2290,2206696,Murici dos Portelas,PI,Nordeste,66.93,65.17,71.09,9797.0,0.4803,0.5197,Risco educacional,Alto,-5.92
2291,3531209,Monte Alegre do Sul,SP,Sudeste,55.12,56.59,63.25,8627.0,0.4803,0.5197,Risco educacional,Alto,-6.66
2292,3541208,Presidente Bernardes,SP,Sudeste,64.23,79.72,69.3,14490.0,0.4803,0.5197,Risco educacional,Alto,10.42
2293,2515401,São Vicente do Seridó,PB,Nordeste,55.88,54.16,63.76,10291.0,0.4803,0.5197,Risco educacional,Alto,-9.6
2294,3544400,Rubiácea,SP,Sudeste,53.41,82.14,62.1,2700.0,0.4803,0.5197,Risco educacional,Alto,20.04
2295,2202083,Cajueiro da Praia,PI,Nordeste,47.44,62.75,58.0,7957.0,0.4803,0.5197,Risco educacional,Alto,4.75
2296,2504504,Condado,PB,Nordeste,56.24,46.13,64.0,6451.0,0.4803,0.5197,Risco educacional,Alto,-17.87
2297,2207504,Palmeirais,PI,Nordeste,50.9,46.19,60.39,13264.0,0.4803,0.5197,Risco educacional,Alto,-14.2
2298,2206803,Nossa Senhora dos Remédios,PI,Nordeste,64.19,45.57,69.27,8525.0,0.4803,0.5197,Risco educacional,Alto,-23.7
2299,2512705,Remígio,PB,Nordeste,58.76,49.27,65.68,17885.0,0.4803,0.5197,Risco educacional,Alto,-16.41
2300,3511607,Cesário Lange,SP,Sudeste,55.7,51.32,63.64,19048.0,0.4803,0.5197,Risco educacional,Alto,-12.32
2301,3532900,Nova Europa,SP,Sudeste,50.61,68.76,60.19,9311.0,0.4803,0.5197,Risco educacional,Alto,8.57
2302,2205706,Luís Correia,PI,Nordeste,62.07,51.6,67.87,30641.0,0.4803,0.5197,Risco educacional,Alto,-16.27
2303,3537909,Pilar do Sul,SP,Sudeste,56.68,63.33,64.29,27619.0,0.4803,0.5197,Risco educacional,Alto,-0.96
2304,3552304,Sud Mennucci,SP,Sudeste,51.78,57.15,60.99,7355.0,0.4803,0.5197,Risco educacional,Alto,-3.84
2305,2209005,Rio Grande do Piauí,PI,Nordeste,48.59,41.79,58.8,5801.0,0.4803,0.5197,Risco educacional,Alto,-17.01
2306,3526100,Juquiá,SP,Sudeste,54.87,55.18,63.08,17154.0,0.4803,0.5197,Risco educacional,Alto,-7.9
2307,2201200,Barras,PI,Nordeste,55.68,60.13,63.62,47938.0,0.4803,0.5197,Risco educacional,Alto,-3.49
2308,3543006,Ribeirão Branco,SP,Sudeste,53.11,64.79,61.89,18627.0,0.4803,0.5197,Risco educacional,Alto,2.9
2309,4308201,Flores da Cunha,RS,Sul,79.01,59.6,79.3,30892.0,0.4803,0.5197,Risco educacional,Alto,-19.7
2310,4316451,Salto do Jacuí,RS,Sul,81.46,50.9,80.0,10203.0,0.4803,0.5197,Risco educacional,Alto,-29.1
2311,4313086,Nova Pádua,RS,Sul,84.62,57.9,80.0,2343.0,0.4803,0.5197,Risco educacional,Alto,-22.1
2312,4313334,Nova Ramada,RS,Sul,86.97,28.0,80.0,2163.0,0.4803,0.5197,Risco educacional,Alto,-52.0
2313,1501758,Brejo Grande do Araguaia,PA,Norte,61.58,75.7,67.55,6783.0,0.4803,0.5197,Risco educacional,Alto,8.15
2314,4305850,Coqueiros do Sul,RS,Sul,86.57,41.7,80.0,2211.0,0.4803,0.5197,Risco educacional,Alto,-38.3
2315,3511201,Catiguá,SP,Sudeste,54.28,84.7,62.68,7003.0,0.4803,0.5197,Risco educacional,Alto,22.02
2316,4323200,Victor Graeff,RS,Sul,88.92,56.3,80.0,2780.0,0.4803,0.5197,Risco educacional,Alto,-23.7
2317,2510501,Olivedos,PB,Nordeste,54.26,41.57,62.67,3580.0,0.4803,0.5197,Risco educacional,Alto,-21.1
2318,3529203,Martinópolis,SP,Sudeste,53.03,63.56,61.84,24881.0,0.4803,0.5197,Risco educacional,Alto,1.72
2319,3550209,São Miguel Arcanjo,SP,Sudeste,56.99,73.78,64.5,32039.0,0.4803,0.5197,Risco educacional,Alto,9.28
2320,4305871,Coronel Barros,RS,Sul,84.76,67.8,80.0,2822.0,0.4803,0.5197,Risco educacional,Alto,-12.2
2321,4209151,José Boiteux,SC,Sul,37.11,52.77,50.48,5985.0,0.4804,0.5196,Risco educacional,Alto,2.29
2322,5007695,São Gabriel do Oeste,MS,Centro-Oeste,52.32,62.1,61.36,29579.0,0.483,0.517,Risco educacional,Alto,0.74
2323,2101772,Bela Vista do Maranhão,MA,Nordeste,51.82,77.73,61.02,11750.0,0.4869,0.5131,Risco educacional,Alto,16.71
2324,2107357,Nova Olinda do Maranhão,MA,Nordeste,57.16,62.23,64.61,14314.0,0.4893,0.5107,Risco educacional,Alto,-2.38
2325,2604502,Chã Grande,PE,Nordeste,55.33,58.51,63.39,20546.0,0.4893,0.5107,Risco educacional,Alto,-4.88
2326,2614808,Tacaratu,PE,Nordeste,56.04,73.8,63.86,23902.0,0.4893,0.5107,Risco educacional,Alto,9.94
2327,2607000,Inajá,PE,Nordeste,54.35,79.7,62.73,25603.0,0.4893,0.5107,Risco educacional,Alto,16.97
2328,2608453,Lagoa do Carro,PE,Nordeste,48.37,59.78,58.65,17981.0,0.4893,0.5107,Risco educacional,Alto,1.13
2329,3304128,Quatis,RJ,Sudeste,48.93,60.05,59.04,13682.0,0.4904,0.5096,Risco educacional,Alto,1.01
2330,4320578,Sete de Setembro,RS,Sul,78.57,66.7,78.99,1830.0,0.4906,0.5094,Risco educacional,Alto,-12.29
2331,4322558,Vanini,RS,Sul,83.67,69.2,80.0,2004.0,0.4908,0.5092,Risco educacional,Alto,-10.8
2332,3544905,Sales Oliveira,SP,Sudeste,58.46,50.04,65.48,11411.0,0.4908,0.5092,Risco educacional,Alto,-15.44
2333,2515104,São Sebastião de Lagoa de Roça,PB,Nordeste,64.39,57.17,69.41,11040.0,0.4908,0.5092,Risco educacional,Alto,-12.24
2334,2611002,Petrolândia,PE,Nordeste,51.87,66.17,61.05,34161.0,0.4908,0.5092,Risco educacional,Alto,5.12
2335,4308250,Floriano Peixoto,RS,Sul,85.71,71.4,80.0,1668.0,0.4908,0.5092,Risco educacional,Alto,-8.6
2336,4312443,Morrinhos do Sul,RS,Sul,80.01,75.0,80.0,3071.0,0.4918,0.5082,Risco educacional,Alto,-5.0
2337,3513702,Descalvado,SP,Sudeste,59.36,80.62,66.08,31756.0,0.4922,0.5078,Risco educacional,Alto,14.54
2338,2604700,Correntes,PE,Nordeste,51.81,71.97,61.01,17131.0,0.4924,0.5076,Risco educacional,Alto,10.96
2339,4308706,Gaurama,RS,Sul,78.81,74.7,79.16,5665.0,0.4927,0.5073,Risco educacional,Alto,-4.46
2340,1716505,Pedro Afonso,TO,Norte,53.06,56.7,61.86,14055.0,0.4932,0.5068,Risco educacional,Alto,-5.16
2341,4316006,Rolante,RS,Sul,88.63,66.6,80.0,21253.0,0.496,0.504,Risco educacional,Alto,-13.4
2342,4321857,Três Palmeiras,RS,Sul,80.96,62.5,80.0,4716.0,0.497,0.503,Risco educacional,Alto,-17.5
2343,3537800,Piedade,SP,Sudeste,58.57,63.25,65.55,52970.0,0.4991,0.5009,Risco educacional,Alto,-2.3
2344,3301306,Casimiro de Abreu,RJ,Sudeste,54.93,58.33,63.12,46110.0,0.4992,0.5008,Risco educacional,Alto,-4.79
2345,3545209,Salto,SP,Sudeste,56.22,60.52,63.99,134319.0,0.5012,0.4988,Risco educacional,Moderado,-3.47
2346,1100106,Guajará-Mirim,RO,Norte,41.76,43.07,53.95,39387.0,0.5013,0.4987,Risco educacional,Moderado,-10.88
2347,2704906,Mar Vermelho,AL,Nordeste,58.97,57.65,65.82,3155.0,0.5015,0.4985,Risco educacional,Moderado,-8.17
2348,5001102,Aquidauana,MS,Centro-Oeste,70.0,58.42,73.13,46803.0,0.5016,0.4984,Risco educacional,Moderado,-14.71
2349,2608008,Jataúba,PE,Nordeste,51.9,37.15,61.07,15843.0,0.5017,0.4983,Risco educacional,Moderado,-23.92
2350,1707553,Fátima,TO,Norte,52.54,57.84,61.51,3467.0,0.5028,0.4972,Risco educacional,Moderado,-3.67
2351,4304655,Capão do Cipó,RS,Sul,88.68,71.8,80.0,3119.0,0.5028,0.4972,Risco educacional,Moderado,-8.2
2352,3503208,Araraquara,SP,Sudeste,55.9,62.01,63.77,242228.0,0.5028,0.4972,Risco educacional,Moderado,-1.76
2353,4312906,Nova Bassano,RS,Sul,77.91,51.8,78.52,9649.0,0.5028,0.4972,Risco educacional,Moderado,-26.72
2354,2205409,Joaquim Pires,PI,Nordeste,55.54,81.27,63.53,13886.0,0.5028,0.4972,Risco educacional,Moderado,17.74
2355,1705557,Combinado,TO,Norte,62.09,56.14,67.88,4756.0,0.5028,0.4972,Risco educacional,Moderado,-11.74
2356,1707652,Figueirópolis,TO,Norte,62.36,51.74,68.06,5211.0,0.5028,0.4972,Risco educacional,Moderado,-16.32
2357,2703759,Jequiá da Praia,AL,Nordeste,50.22,95.65,59.93,9470.0,0.5028,0.4972,Risco educacional,Moderado,35.72
2358,3167509,Simão Pereira,MG,Sudeste,8.82,48.25,21.89,2947.0,0.5028,0.4972,Risco educacional,Moderado,26.36
2359,5007554,Santa Rita do Pardo,MS,Centro-Oeste,48.28,51.3,58.59,7027.0,0.5028,0.4972,Risco educacional,Moderado,-7.29
2360,1718402,Presidente Kennedy,TO,Norte,69.46,57.83,72.77,3047.0,0.5028,0.4972,Risco educacional,Moderado,-14.94
2361,2707602,Quebrangulo,AL,Nordeste,57.48,61.05,64.83,11080.0,0.5028,0.4972,Risco educacional,Moderado,-3.78
2362,4307864,Fagundes Varela,RS,Sul,92.86,69.2,80.0,2566.0,0.5028,0.4972,Risco educacional,Moderado,-10.8
2363,3303955,Pinheiral,RJ,Sudeste,51.35,63.28,60.7,24298.0,0.5039,0.4961,Risco educacional,Moderado,2.58
2364,1100452,Buritis,RO,Norte,49.82,72.32,59.65,27992.0,0.5043,0.4957,Risco educacional,Moderado,12.67
2365,3525805,Júlio Mesquita,SP,Sudeste,66.76,55.26,70.98,4254.0,0.5059,0.4941,Risco educacional,Moderado,-15.72
2366,5006606,Ponta Porã,MS,Centro-Oeste,57.76,71.07,65.01,92017.0,0.5077,0.4923,Risco educacional,Moderado,6.06
2367,5101258,Araputanga,MT,Centro-Oeste,48.48,60.47,58.73,14786.0,0.5093,0.4907,Risco educacional,Moderado,1.74
2368,3501806,Américo de Campos,SP,Sudeste,59.97,78.38,66.48,5870.0,0.5103,0.4897,Risco educacional,Moderado,11.9
2369,4208708,Jacinto Machado,SC,Sul,53.02,70.16,61.83,10624.0,0.5107,0.4893,Risco educacional,Moderado,8.33
2370,1600154,Pedra Branca do Amapari,AP,Norte,66.25,44.22,70.64,12847.0,0.5108,0.4892,Risco educacional,Moderado,-26.42
2371,4209904,Lontras,SC,Sul,59.83,58.41,66.39,12873.0,0.5108,0.4892,Risco educacional,Moderado,-7.98
2372,3526605,Lavrinhas,SP,Sudeste,52.66,46.14,61.59,7171.0,0.5127,0.4873,Risco educacional,Moderado,-15.45
2373,3516804,Gastão Vidigal,SP,Sudeste,53.13,54.3,61.91,3252.0,0.5133,0.4867,Risco educacional,Moderado,-7.61
2374,3502804,Araçatuba,SP,Sudeste,65.78,74.22,70.33,200124.0,0.5133,0.4867,Risco educacional,Moderado,3.89
2375,3524808,Jales,SP,Sudeste,55.33,70.53,63.39,48776.0,0.5133,0.4867,Risco educacional,Moderado,7.14
2376,3505302,Barra Bonita,SP,Sudeste,57.61,80.01,64.91,34346.0,0.5133,0.4867,Risco educacional,Moderado,15.1
2377,3509254,Cajati,SP,Sudeste,58.94,57.52,65.8,28515.0,0.5133,0.4867,Risco educacional,Moderado,-8.28
2378,3537503,Pereiras,SP,Sudeste,51.39,66.7,60.73,8737.0,0.5133,0.4867,Risco educacional,Moderado,5.97
2379,4323309,Vila Flores,RS,Sul,90.54,68.8,80.0,3646.0,0.5133,0.4867,Risco educacional,Moderado,-11.2
2380,4302402,Bom Retiro do Sul,RS,Sul,78.19,64.6,78.72,12294.0,0.5133,0.4867,Risco educacional,Moderado,-14.12
2381,3517406,Guaíra,SP,Sudeste,54.86,53.49,63.07,39279.0,0.5133,0.4867,Risco educacional,Moderado,-9.58
2382,3532207,Narandiba,SP,Sudeste,53.17,60.6,61.93,5713.0,0.5133,0.4867,Risco educacional,Moderado,-1.33
2383,4319406,São Pedro do Sul,RS,Sul,77.14,61.6,77.99,15577.0,0.5133,0.4867,Risco educacional,Moderado,-16.39
2384,3550100,São Manuel,SP,Sudeste,59.7,60.53,66.3,37289.0,0.5133,0.4867,Risco educacional,Moderado,-5.77
2385,4119509,Piraquara,PR,Sul,58.33,50.54,65.39,118730.0,0.5133,0.4867,Risco educacional,Moderado,-14.85
2386,3546603,Santa Fé do Sul,SP,Sudeste,59.21,54.03,65.98,34794.0,0.5133,0.4867,Risco educacional,Moderado,-11.95
2387,5107040,Primavera do Leste,MT,Centro-Oeste,49.15,58.79,59.19,85146.0,0.5137,0.4863,Risco educacional,Moderado,-0.4
2388,4202503,Bom Jardim da Serra,SC,Sul,40.62,28.72,53.12,4026.0,0.5137,0.4863,Risco educacional,Moderado,-24.4
2389,4308904,Getúlio Vargas,RS,Sul,73.54,52.3,75.51,16602.0,0.5152,0.4848,Risco educacional,Moderado,-23.21
2390,4320263,Segredo,RS,Sul,75.0,84.9,76.51,6009.0,0.5152,0.4848,Risco educacional,Moderado,8.39
2391,4312153,Mato Leitão,RS,Sul,88.99,58.4,80.0,4859.0,0.5152,0.4848,Risco educacional,Moderado,-21.6
2392,2109601,Rosário,MA,Nordeste,56.65,57.6,64.27,38475.0,0.5155,0.4845,Risco educacional,Moderado,-6.67
2393,3544301,Roseira,SP,Sudeste,63.56,67.2,68.86,10832.0,0.5157,0.4843,Risco educacional,Moderado,-1.66
2394,1304302,Urucará,AM,Norte,57.02,73.95,64.52,18631.0,0.5158,0.4842,Risco educacional,Moderado,9.43
2395,1720499,São Valério,TO,Norte,65.57,46.24,70.19,4422.0,0.5165,0.4835,Risco educacional,Moderado,-23.95
2396,4314423,Picada Café,RS,Sul,85.93,57.1,80.0,5351.0,0.5186,0.4814,Risco educacional,Moderado,-22.9
2397,2705903,Olho d'Água Grande,AL,Nordeste,88.26,82.14,80.0,4330.0,0.5206,0.4794,Risco educacional,Moderado,2.14
2398,3302056,Italva,RJ,Sudeste,54.49,61.79,62.82,14073.0,0.5221,0.4779,Risco educacional,Moderado,-1.03
2399,3300936,Carapebus,RJ,Sudeste,51.01,59.54,60.47,13847.0,0.5221,0.4779,Risco educacional,Moderado,-0.93
2400,5107701,Rosário Oeste,MT,Centro-Oeste,53.65,56.37,62.26,15453.0,0.5232,0.4768,Risco educacional,Moderado,-5.89
2401,4312203,Maximiliano de Almeida,RS,Sul,93.75,33.3,80.0,4191.0,0.5256,0.4744,Risco educacional,Moderado,-46.7
2402,4315008,Porto Lucena,RS,Sul,78.57,100.0,78.99,4360.0,0.5256,0.4744,Risco educacional,Moderado,21.01
2403,3100906,Águas Formosas,MG,Sudeste,77.78,69.23,71.23,18448.0,0.5257,0.4743,Risco educacional,Moderado,-2.0
2404,5005806,Nioaque,MS,Centro-Oeste,53.94,60.98,62.45,13220.0,0.5257,0.4743,Risco educacional,Moderado,-1.47
2405,4320206,Seberi,RS,Sul,83.74,68.0,80.0,11950.0,0.5264,0.4736,Risco educacional,Moderado,-12.0
2406,4301503,Augusto Pestana,RS,Sul,82.81,63.2,80.0,7149.0,0.5264,0.4736,Risco educacional,Moderado,-16.8
2407,3300407,Barra Mansa,RJ,Sudeste,59.19,63.88,65.96,169894.0,0.5264,0.4736,Risco educacional,Moderado,-2.08
2408,2108256,Pedro do Rosário,MA,Nordeste,65.82,57.92,70.35,24320.0,0.528,0.472,Risco educacional,Moderado,-12.43
2409,3501905,Amparo,SP,Sudeste,52.41,59.94,61.42,68008.0,0.5298,0.4702,Risco educacional,Moderado,-1.48
2410,3515509,Fernandópolis,SP,Sudeste,57.61,61.01,64.91,71186.0,0.5302,0.4698,Risco educacional,Moderado,-3.9
2411,2101608,Barra do Corda,MA,Nordeste,65.45,64.05,70.11,84532.0,0.5302,0.4698,Risco educacional,Moderado,-6.06
2412,3553708,Taquaritinga,SP,Sudeste,62.12,72.83,67.9,52260.0,0.5302,0.4698,Risco educacional,Moderado,4.93
2413,4210852,Mirim Doce,SC,Sul,39.19,74.06,52.06,2511.0,0.5324,0.4676,Risco educacional,Moderado,22.0
2414,5108352,Vale de São Domingos,MT,Centro-Oeste,48.81,23.86,58.95,2904.0,0.5324,0.4676,Risco educacional,Moderado,-35.09
2415,4212254,Passo de Torres,SC,Sul,56.11,59.86,63.74,12897.0,0.5328,0.4672,Risco educacional,Moderado,-3.88
2416,4207502,Indaial,SC,Sul,55.2,67.83,63.3,71549.0,0.5331,0.4669,Risco educacional,Moderado,4.53
2417,3528908,Mariápolis,SP,Sudeste,53.02,48.4,61.83,3513.0,0.5333,0.4667,Risco educacional,Moderado,-13.43
2418,3553609,Tapiratiba,SP,Sudeste,53.51,79.51,62.16,11816.0,0.5333,0.4667,Risco educacional,Moderado,17.35
2419,1303007,Nhamundá,AM,Norte,64.67,57.1,69.59,20136.0,0.5333,0.4667,Risco educacional,Moderado,-12.49
2420,2517100,Várzea,PB,Nordeste,52.0,62.96,61.14,2668.0,0.5333,0.4667,Risco educacional,Moderado,1.82
2421,3523909,Itu,SP,Sudeste,65.25,61.67,69.98,168240.0,0.5333,0.4667,Risco educacional,Moderado,-8.31
2422,2606200,Goiana,PE,Nordeste,53.14,45.89,61.91,81055.0,0.5339,0.4661,Risco educacional,Moderado,-16.02
2423,2110203,Santa Rita,MA,Nordeste,59.53,56.53,66.19,37035.0,0.5339,0.4661,Risco educacional,Moderado,-9.66
2424,2107209,Nina Rodrigues,MA,Nordeste,53.08,46.83,61.87,14176.0,0.5339,0.4661,Risco educacional,Moderado,-15.04
2425,2111706,São Vicente Ferrer,MA,Nordeste,61.03,76.82,67.18,19498.0,0.5339,0.4661,Risco educacional,Moderado,9.64
2426,2510907,Paulista,PB,Nordeste,61.87,40.28,67.74,11834.0,0.5339,0.4661,Risco educacional,Moderado,-27.46
2427,3546256,Santa Cruz da Esperança,SP,Sudeste,45.93,42.56,56.94,2116.0,0.5344,0.4656,Risco educacional,Moderado,-14.38
2428,2210375,São Luis do Piauí,PI,Nordeste,58.51,61.11,65.51,2309.0,0.5344,0.4656,Risco educacional,Moderado,-4.4
2429,4314027,Paraíso do Sul,RS,Sul,82.26,52.6,80.0,6519.0,0.5369,0.4631,Risco educacional,Moderado,-27.4
2430,4304903,Casca,RS,Sul,83.0,76.0,80.0,9465.0,0.5387,0.4613,Risco educacional,Moderado,-4.0
2431,1100130,Machadinho D'Oeste,RO,Norte,51.4,64.75,60.73,30707.0,0.5388,0.4612,Risco educacional,Moderado,4.02
2432,3127057,Fronteira dos Vales,MG,Sudeste,37.26,58.66,50.6,4345.0,0.5428,0.4572,Risco educacional,Moderado,8.06
2433,4215109,Rodeio,SC,Sul,57.06,68.35,64.55,12757.0,0.5448,0.4552,Risco educacional,Moderado,3.8
2434,4210407,Maracajá,SC,Sul,58.51,61.81,65.51,7815.0,0.5448,0.4552,Risco educacional,Moderado,-3.7
2435,4202800,Braço do Norte,SC,Sul,60.64,59.36,66.93,33773.0,0.5448,0.4552,Risco educacional,Moderado,-7.57
2436,3503307,Araras,SP,Sudeste,58.1,59.68,65.24,130866.0,0.5457,0.4543,Risco educacional,Moderado,-5.56
2437,5007703,Sete Quedas,MS,Centro-Oeste,54.25,53.09,62.66,10994.0,0.5457,0.4543,Risco educacional,Moderado,-9.57
2438,2616308,Vicência,PE,Nordeste,57.45,68.15,64.81,26359.0,0.5463,0.4537,Risco educacional,Moderado,3.34
2439,4217709,Sombrio,SC,Sul,64.93,49.72,69.76,29991.0,0.5463,0.4537,Risco educacional,Moderado,-20.04
2440,2605301,Exu,PE,Nordeste,56.65,55.21,64.27,31843.0,0.5463,0.4537,Risco educacional,Moderado,-9.06
2441,2610905,Pesqueira,PE,Nordeste,59.65,64.38,66.27,62722.0,0.5463,0.4537,Risco educacional,Moderado,-1.89
2442,2614105,Sertânia,PE,Nordeste,59.14,56.65,65.93,32811.0,0.5463,0.4537,Risco educacional,Moderado,-9.28
2443,2601102,Araripina,PE,Nordeste,56.89,52.06,64.43,85088.0,0.5463,0.4537,Risco educacional,Moderado,-12.37
2444,5100250,Alta Floresta,MT,Centro-Oeste,53.52,71.46,62.17,58613.0,0.5463,0.4537,Risco educacional,Moderado,9.29
2445,4208302,Itapema,SC,Sul,66.9,68.62,,75940.0,0.5483,0.4517,Risco educacional,Moderado,
2446,3516200,Franca,SP,Sudeste,57.72,64.54,64.99,352536.0,0.5493,0.4507,Risco educacional,Moderado,-0.45
2447,2504702,Congo,PB,Nordeste,49.32,40.66,59.31,4933.0,0.5505,0.4495,Risco educacional,Moderado,-18.65
2448,3512704,Corumbataí,SP,Sudeste,43.63,84.16,55.31,4195.0,0.5505,0.4495,Risco educacional,Moderado,28.85
2449,3541653,Quadra,SP,Sudeste,50.65,65.39,60.22,3405.0,0.5517,0.4483,Risco educacional,Moderado,5.17
2450,2204709,Inhuma,PI,Nordeste,55.39,67.52,63.43,14958.0,0.5518,0.4482,Risco educacional,Moderado,4.09
2451,2201929,Bonfim do Piauí,PI,Nordeste,50.63,35.96,60.21,5913.0,0.5538,0.4462,Risco educacional,Moderado,-24.25
2452,5005103,Jateí,MS,Centro-Oeste,66.67,56.25,70.92,3586.0,0.5555,0.4445,Risco educacional,Moderado,-14.67
2453,5106000,Nortelândia,MT,Centro-Oeste,47.48,65.5,58.03,5956.0,0.5559,0.4441,Risco educacional,Moderado,7.47
2454,3532868,Nova Castilho,SP,Sudeste,40.0,25.0,52.66,1062.0,0.5563,0.4437,Risco educacional,Moderado,-27.66
2455,2508000,Juru,PB,Nordeste,66.04,47.76,70.5,9234.0,0.5564,0.4436,Risco educacional,Moderado,-22.74
2456,1700251,Abreulândia,TO,Norte,62.07,75.0,67.87,2576.0,0.5564,0.4436,Risco educacional,Moderado,7.13
2457,4305587,Colinas,RS,Sul,86.88,39.9,80.0,2423.0,0.5564,0.4436,Risco educacional,Moderado,-40.1
2458,3533908,Olímpia,SP,Sudeste,61.15,74.72,67.26,55074.0,0.5564,0.4436,Risco educacional,Moderado,7.46
2459,4312179,Mato Queimado,RS,Sul,88.24,58.3,80.0,1795.0,0.5564,0.4436,Risco educacional,Moderado,-21.7
2460,4306734,Doutor Maurício Cardoso,RS,Sul,76.88,63.3,77.8,4470.0,0.5564,0.4436,Risco educacional,Moderado,-14.5
2461,4205902,Gaspar,SC,Sul,62.44,69.02,,72570.0,0.5564,0.4436,Risco educacional,Moderado,
2462,3507159,Bom Sucesso de Itararé,SP,Sudeste,56.32,55.46,64.05,3555.0,0.5564,0.4436,Risco educacional,Moderado,-8.59
2463,4313359,Nova Roma do Sul,RS,Sul,82.57,83.3,80.0,3466.0,0.5564,0.4436,Risco educacional,Moderado,3.3
2464,2103406,Coelho Neto,MA,Nordeste,60.53,76.13,66.85,41658.0,0.5564,0.4436,Risco educacional,Moderado,9.28
2465,2606804,Igarassu,PE,Nordeste,62.61,66.97,68.23,115196.0,0.5564,0.4436,Risco educacional,Moderado,-1.26
2466,3538303,Piquerobi,SP,Sudeste,56.25,45.2,64.01,3264.0,0.5564,0.4436,Risco educacional,Moderado,-18.81
2467,3503505,Areias,SP,Sudeste,59.5,56.95,66.17,3577.0,0.5564,0.4436,Risco educacional,Moderado,-9.22
2468,3515194,Espírito Santo do Turvo,SP,Sudeste,58.56,56.14,65.55,4157.0,0.5564,0.4436,Risco educacional,Moderado,-9.41
2469,3522158,Itaoca,SP,Sudeste,60.87,51.85,67.08,3422.0,0.5564,0.4436,Risco educacional,Moderado,-15.23
2470,4105805,Colombo,PR,Sul,64.92,60.67,69.76,232212.0,0.5564,0.4436,Risco educacional,Moderado,-9.09
2471,2111508,São Mateus do Maranhão,MA,Nordeste,64.56,66.16,69.52,38829.0,0.5564,0.4436,Risco educacional,Moderado,-3.36
2472,2513406,Santa Luzia,PB,Nordeste,54.82,54.05,63.05,14959.0,0.5564,0.4436,Risco educacional,Moderado,-9.0
2473,5106174,Nova Nazaré,MT,Centro-Oeste,45.8,85.25,56.85,4200.0,0.5574,0.4426,Risco educacional,Moderado,28.4
2474,5100805,Apiacás,MT,Centro-Oeste,48.69,74.17,58.87,8590.0,0.5574,0.4426,Risco educacional,Moderado,15.3
2475,5002308,Brasilândia,MS,Centro-Oeste,51.72,60.76,60.95,11579.0,0.5581,0.4419,Risco educacional,Moderado,-0.19
2476,5005707,Naviraí,MS,Centro-Oeste,60.27,59.87,66.68,50457.0,0.5586,0.4414,Risco educacional,Moderado,-6.81
2477,4215653,Santa Rosa do Sul,SC,Sul,55.48,74.56,63.49,9792.0,0.5591,0.4409,Risco educacional,Moderado,11.07
2478,1600253,Itaubal,AP,Norte,50.48,43.57,60.1,5599.0,0.5593,0.4407,Risco educacional,Moderado,-16.53
2479,3305752,Tanguá,RJ,Sudeste,55.41,54.46,63.44,31086.0,0.5604,0.4396,Risco educacional,Moderado,-8.98
2480,4206702,Herval d'Oeste,SC,Sul,53.21,59.83,61.96,21724.0,0.5626,0.4374,Risco educacional,Moderado,-2.13
2481,1302108,Japurá,AM,Norte,77.3,91.93,78.1,8858.0,0.5635,0.4365,Risco educacional,Moderado,13.83
2482,4205456,Forquilhinha,SC,Sul,58.71,63.94,65.64,31431.0,0.5641,0.4359,Risco educacional,Moderado,-1.7
2483,3501608,Americana,SP,Sudeste,58.55,64.36,65.54,237240.0,0.5642,0.4358,Risco educacional,Moderado,-1.18
2484,3165800,Senador José Bento,MG,Sudeste,35.71,70.0,,2068.0,0.5645,0.4355,Risco educacional,Moderado,
2485,2708204,São Brás,AL,Nordeste,67.19,70.72,71.26,6555.0,0.5649,0.4351,Risco educacional,Moderado,-0.54
2486,4126256,Sarandi,PR,Sul,57.98,56.55,65.16,118455.0,0.5651,0.4349,Risco educacional,Moderado,-8.61
2487,3534203,Orindiúva,SP,Sudeste,43.55,48.15,55.25,6024.0,0.5661,0.4339,Risco educacional,Moderado,-7.1
2488,2508802,Malta,PB,Nordeste,68.43,48.74,72.08,6046.0,0.5664,0.4336,Risco educacional,Moderado,-23.34
2489,2613008,São Bento do Una,PE,Nordeste,55.89,64.03,63.76,49449.0,0.568,0.432,Risco educacional,Moderado,0.27
2490,3113008,Caraí,MG,Sudeste,42.04,71.52,54.16,19548.0,0.5683,0.4317,Risco educacional,Moderado,17.36
2491,4314308,Pejuçara,RS,Sul,61.46,62.5,67.47,3745.0,0.5687,0.4313,Risco educacional,Moderado,-4.97
2492,5007307,Rio Negro,MS,Centro-Oeste,53.09,53.05,61.88,4841.0,0.5687,0.4313,Risco educacional,Moderado,-8.83
2493,5107909,Sinop,MT,Centro-Oeste,57.03,54.33,64.53,196312.0,0.5688,0.4312,Risco educacional,Moderado,-10.2
2494,3547007,Santa Maria da Serra,SP,Sudeste,50.35,86.98,60.01,5243.0,0.5688,0.4312,Risco educacional,Moderado,26.97
2495,3534609,Osvaldo Cruz,SP,Sudeste,58.32,59.23,65.39,31272.0,0.5688,0.4312,Risco educacional,Moderado,-6.16
2496,2605202,Escada,PE,Nordeste,54.51,30.48,62.84,59891.0,0.5688,0.4312,Risco educacional,Moderado,-32.36
2497,4321329,Taquaruçu do Sul,RS,Sul,83.99,81.5,80.0,3119.0,0.5692,0.4308,Risco educacional,Moderado,1.5
2498,3546405,Santa Cruz do Rio Pardo,SP,Sudeste,52.74,72.25,61.64,46442.0,0.5697,0.4303,Risco educacional,Moderado,10.61
2499,5106208,Nova Brasilândia,MT,Centro-Oeste,55.65,81.37,63.6,3932.0,0.5698,0.4302,Risco educacional,Moderado,17.77
2500,3135076,Jampruca,MG,Sudeste,51.85,43.59,,4296.0,0.5706,0.4294,Risco educacional,Moderado,
2501,5104807,Jaciara,MT,Centro-Oeste,57.01,55.26,64.51,28569.0,0.5731,0.4269,Risco educacional,Moderado,-9.25
2502,3146255,Padre Carvalho,MG,Sudeste,47.09,64.75,57.76,5058.0,0.5741,0.4259,Risco educacional,Moderado,6.99
2503,2105104,Icatu,MA,Nordeste,66.57,68.98,70.85,24794.0,0.5743,0.4257,Risco educacional,Moderado,-1.87
2504,4301206,Arroio do Tigre,RS,Sul,80.42,64.7,80.0,12058.0,0.5753,0.4247,Risco educacional,Moderado,-15.3
2505,4128559,Vera Cruz do Oeste,PR,Sul,52.37,76.11,61.39,8215.0,0.5779,0.4221,Risco educacional,Moderado,14.72
2506,3146750,Palmópolis,MG,Sudeste,38.71,69.41,51.7,6301.0,0.5794,0.4206,Risco educacional,Moderado,17.71
2507,2106631,Matões do Norte,MA,Nordeste,63.8,57.42,69.02,17432.0,0.58,0.42,Risco educacional,Moderado,-11.6
2508,3549953,São Lourenço da Serra,SP,Sudeste,61.39,58.4,67.42,16067.0,0.58,0.42,Risco educacional,Moderado,-9.02
2509,2101731,Belágua,MA,Nordeste,61.12,72.29,67.24,8460.0,0.58,0.42,Risco educacional,Moderado,5.05
2510,3538709,Piracicaba,SP,Sudeste,54.74,55.08,62.99,423323.0,0.58,0.42,Risco educacional,Moderado,-7.91
2511,4320230,Sede Nova,RS,Sul,85.29,36.1,80.0,2704.0,0.58,0.42,Risco educacional,Moderado,-43.9
2512,2104008,Esperantinópolis,MA,Nordeste,59.36,81.48,66.08,18311.0,0.58,0.42,Risco educacional,Moderado,15.4
2513,2102358,Buritirana,MA,Nordeste,61.37,54.91,67.41,12918.0,0.58,0.42,Risco educacional,Moderado,-12.5
2514,2102606,Cândido Mendes,MA,Nordeste,61.61,49.53,67.57,19932.0,0.58,0.42,Risco educacional,Moderado,-18.04
2515,3505104,Barbosa,SP,Sudeste,64.82,65.05,69.69,5640.0,0.5806,0.4194,Risco educacional,Moderado,-4.64
2516,3518503,Guareí,SP,Sudeste,62.27,68.52,68.0,15013.0,0.5811,0.4189,Risco educacional,Moderado,0.52
2517,4315131,Pouso Novo,RS,Sul,92.31,94.1,80.0,1739.0,0.5811,0.4189,Risco educacional,Moderado,14.1
2518,1720002,Santa Terezinha do Tocantins,TO,Norte,56.06,57.14,63.88,2406.0,0.5811,0.4189,Risco educacional,Moderado,-6.74
2519,3139300,Manga,MG,Sudeste,24.02,41.04,39.5,18886.0,0.5827,0.4173,Risco educacional,Moderado,1.54
2520,2105609,Joselândia,MA,Nordeste,54.55,75.31,62.87,14924.0,0.5829,0.4171,Risco educacional,Moderado,12.44
2521,3302700,Maricá,RJ,Sudeste,56.64,59.97,64.27,197277.0,0.5844,0.4156,Risco educacional,Moderado,-4.3
2522,4209003,Joaçaba,SC,Sul,59.16,70.42,65.94,30146.0,0.5848,0.4152,Risco educacional,Moderado,4.48
2523,5006200,Nova Andradina,MS,Centro-Oeste,58.38,69.44,65.43,48563.0,0.5854,0.4146,Risco educacional,Moderado,4.01
2524,2607950,Jaqueira,PE,Nordeste,57.65,81.67,64.94,10247.0,0.5877,0.4123,Risco educacional,Moderado,16.73
2525,3152402,Poté,MG,Sudeste,41.74,79.91,53.94,13666.0,0.588,0.412,Risco educacional,Moderado,25.97
2526,4316758,Santa Clara do Sul,RS,Sul,91.08,54.2,80.0,6887.0,0.5923,0.4077,Risco educacional,Moderado,-25.8
2527,3545100,Salmourão,SP,Sudeste,57.11,61.69,64.58,4808.0,0.5923,0.4077,Risco educacional,Moderado,-2.89
2528,3527801,Lupércio,SP,Sudeste,55.64,60.96,63.6,3981.0,0.5923,0.4077,Risco educacional,Moderado,-2.64
2529,5006259,Novo Horizonte do Sul,MS,Centro-Oeste,47.37,78.44,57.95,4721.0,0.5923,0.4077,Risco educacional,Moderado,20.49
2530,3532108,Murutinga do Sul,SP,Sudeste,57.61,100.0,64.91,3737.0,0.5923,0.4077,Risco educacional,Moderado,35.09
2531,3115300,Cataguases,MG,Sudeste,36.0,60.22,49.63,66261.0,0.5924,0.4076,Risco educacional,Moderado,10.59
2532,3536604,Paulo de Faria,SP,Sudeste,50.36,80.89,60.02,7400.0,0.5924,0.4076,Risco educacional,Moderado,20.87
2533,5103502,Diamantino,MT,Centro-Oeste,52.11,65.08,61.22,21941.0,0.5924,0.4076,Risco educacional,Moderado,3.86
2534,4318499,São José do Inhacorá,RS,Sul,82.48,49.7,80.0,2406.0,0.5924,0.4076,Risco educacional,Moderado,-30.3
2535,4322855,Vespasiano Corrêa,RS,Sul,81.25,46.7,80.0,1818.0,0.5924,0.4076,Risco educacional,Moderado,-33.3
2536,2616001,Venturosa,PE,Nordeste,53.25,59.29,61.99,17251.0,0.5924,0.4076,Risco educacional,Moderado,-2.7
2537,3511904,Clementina,SP,Sudeste,51.06,54.12,60.5,6982.0,0.5924,0.4076,Risco educacional,Moderado,-6.38
2538,3514106,Dois Córregos,SP,Sudeste,61.44,57.41,67.45,24510.0,0.5949,0.4051,Risco educacional,Moderado,-10.04
2539,3507001,Boituva,SP,Sudeste,61.62,69.83,67.57,61081.0,0.5949,0.4051,Risco educacional,Moderado,2.26
2540,3539509,Pitangueiras,SP,Sudeste,62.9,67.24,68.42,33674.0,0.5949,0.4051,Risco educacional,Moderado,-1.18
2541,3542206,Rancharia,SP,Sudeste,60.04,60.02,66.53,28588.0,0.5949,0.4051,Risco educacional,Moderado,-6.51
2542,2201988,Brejo do Piauí,PI,Nordeste,50.33,95.35,60.0,3904.0,0.5954,0.4046,Risco educacional,Moderado,35.35
2543,4315909,Rodeio Bonito,RS,Sul,88.57,48.8,80.0,6654.0,0.6001,0.3999,Risco educacional,Moderado,-31.2
2544,4314076,Passo do Sobrado,RS,Sul,88.54,50.2,80.0,6025.0,0.6001,0.3999,Risco educacional,Moderado,-29.8
2545,2707800,Roteiro,AL,Nordeste,64.36,45.95,69.39,6474.0,0.6026,0.3974,Risco educacional,Moderado,-23.44
2546,3305000,São João da Barra,RJ,Sudeste,52.12,58.22,61.22,36573.0,0.6031,0.3969,Risco educacional,Moderado,-3.0
2547,1507755,Sapucaia,PA,Norte,79.88,71.84,79.91,5847.0,0.6031,0.3969,Risco educacional,Moderado,-8.07
2548,4212502,Penha,SC,Sul,66.56,48.52,,33663.0,0.6047,0.3953,Risco educacional,Moderado,
2549,4312302,Miraguaí,RS,Sul,78.98,51.7,79.28,4427.0,0.6047,0.3953,Risco educacional,Moderado,-27.58
2550,4313011,Nova Candelária,RS,Sul,90.91,60.0,80.0,3061.0,0.6047,0.3953,Risco educacional,Moderado,-20.0
2551,4313003,Nova Bréscia,RS,Sul,77.31,94.4,78.1,3044.0,0.6047,0.3953,Risco educacional,Moderado,16.3
2552,4209508,Laurentino,SC,Sul,64.28,60.32,69.33,7932.0,0.6048,0.3952,Risco educacional,Moderado,-9.01
2553,4219853,Zortéa,SC,Sul,65.06,57.58,69.85,3930.0,0.6061,0.3939,Risco educacional,Moderado,-12.27
2554,3523404,Itatiba,SP,Sudeste,65.1,73.47,69.88,121590.0,0.6072,0.3928,Risco educacional,Moderado,3.59
2555,3306305,Volta Redonda,RJ,Sudeste,60.12,63.25,66.58,261563.0,0.6072,0.3928,Risco educacional,Moderado,-3.33
2556,2515971,Sobrado,PB,Nordeste,60.0,40.74,66.5,8236.0,0.6073,0.3927,Risco educacional,Moderado,-25.76
2557,2601201,Arcoverde,PE,Nordeste,59.53,70.04,66.19,77742.0,0.6073,0.3927,Risco educacional,Moderado,3.85
2558,4207700,Ipumirim,SC,Sul,53.96,62.84,62.47,7816.0,0.6076,0.3924,Risco educacional,Moderado,0.37
2559,3101102,Aimorés,MG,Sudeste,48.78,57.63,58.93,25269.0,0.6083,0.3917,Risco educacional,Moderado,-1.3
2560,4211504,Nova Trento,SC,Sul,61.51,51.4,,13727.0,0.6096,0.3904,Risco educacional,Moderado,
2561,2100154,Água Doce do Maranhão,MA,Nordeste,67.29,63.75,71.33,12142.0,0.6105,0.3895,Risco educacional,Moderado,-7.58
2562,2508554,Logradouro,PB,Nordeste,80.75,94.6,80.0,4797.0,0.6139,0.3861,Risco educacional,Moderado,14.6
2563,3527306,Louveira,SP,Sudeste,54.63,58.25,62.92,51847.0,0.6144,0.3856,Risco educacional,Moderado,-4.67
2564,3303906,Petrópolis,RJ,Sudeste,62.52,64.81,68.17,278881.0,0.6154,0.3846,Risco educacional,Moderado,-3.36
2565,1720853,Sucupira,TO,Norte,77.59,58.97,78.3,1577.0,0.6155,0.3845,Risco educacional,Moderado,-19.33
2566,4106902,Curitiba,PR,Sul,70.41,65.96,73.41,1773718.0,0.6155,0.3845,Risco educacional,Moderado,-7.45
2567,4300208,Ajuricaba,RS,Sul,80.14,81.9,80.0,6720.0,0.6181,0.3819,Risco educacional,Moderado,1.9
2568,2101251,Bacabeira,MA,Nordeste,51.49,53.73,60.79,16966.0,0.6185,0.3815,Risco educacional,Moderado,-7.06
2569,3533502,Novo Horizonte,SP,Sudeste,61.56,75.66,67.53,38324.0,0.6185,0.3815,Risco educacional,Moderado,8.13
2570,2103703,Cururupu,MA,Nordeste,65.83,66.32,70.36,31558.0,0.6185,0.3815,Risco educacional,Moderado,-4.04
2571,3535606,Paraibuna,SP,Sudeste,63.5,58.56,68.82,17667.0,0.6202,0.3798,Risco educacional,Moderado,-10.26
2572,2203800,Flores do Piauí,PI,Nordeste,46.83,43.3,57.58,4414.0,0.6204,0.3796,Risco educacional,Moderado,-14.28
2573,2209153,Santa Cruz dos Milagres,PI,Nordeste,52.44,68.18,61.44,3435.0,0.6207,0.3793,Risco educacional,Moderado,6.74
2574,3519055,Holambra,SP,Sudeste,58.34,62.59,65.4,15094.0,0.6209,0.3791,Risco educacional,Moderado,-2.81
2575,2512804,Riacho dos Cavalos,PB,Nordeste,69.19,44.22,72.59,8493.0,0.6247,0.3753,Risco educacional,Moderado,-28.37
2576,2206308,Miguel Leão,PI,Nordeste,47.32,84.62,57.92,1318.0,0.6256,0.3744,Risco educacional,Moderado,26.7
2577,5107743,Santa Cruz do Xingu,MT,Centro-Oeste,53.52,73.81,62.17,2661.0,0.6256,0.3744,Risco educacional,Moderado,11.64
2578,2200400,Altos,PI,Nordeste,61.91,61.82,67.77,47453.0,0.6256,0.3744,Risco educacional,Moderado,-5.95
2579,3142254,Miravânia,MG,Sudeste,40.71,41.67,53.18,3985.0,0.6258,0.3742,Risco educacional,Moderado,-11.51
2580,2512903,Rio Tinto,PB,Nordeste,77.84,60.02,78.47,24581.0,0.626,0.374,Risco educacional,Moderado,-18.45
2581,4107652,Fazenda Rio Grande,PR,Sul,68.86,64.69,72.37,148873.0,0.6268,0.3732,Risco educacional,Moderado,-7.68
2582,3555208,Turiúba,SP,Sudeste,100.0,93.33,80.0,1818.0,0.6268,0.3732,Risco educacional,Moderado,13.33
2583,4213401,Ponte Serrada,SC,Sul,53.07,66.76,61.87,10649.0,0.6276,0.3724,Risco educacional,Moderado,4.89
2584,2112209,Timon,MA,Nordeste,67.8,75.74,71.67,174465.0,0.6308,0.3692,Risco educacional,Moderado,4.07
2585,2615003,Taquaritinga do Norte,PE,Nordeste,59.65,59.64,66.27,24736.0,0.6309,0.3691,Risco educacional,Moderado,-6.63
2586,2500205,Aguiar,PB,Nordeste,68.73,61.96,72.28,5003.0,0.6309,0.3691,Risco educacional,Moderado,-10.32
2587,4205803,Garuva,SC,Sul,54.71,66.73,62.97,18545.0,0.6323,0.3677,Risco educacional,Moderado,3.76
2588,3529708,Miguelópolis,SP,Sudeste,64.31,29.09,69.35,19441.0,0.6328,0.3672,Risco educacional,Moderado,-40.26
2589,4212304,Paulo Lopes,SC,Sul,63.06,40.02,68.53,9063.0,0.6333,0.3667,Risco educacional,Moderado,-28.51
2590,4203501,Campo Erê,SC,Sul,60.89,48.28,67.09,9623.0,0.6333,0.3667,Risco educacional,Moderado,-18.81
2591,2202406,Capitão de Campos,PI,Nordeste,53.68,54.01,62.28,11100.0,0.6336,0.3664,Risco educacional,Moderado,-8.27
2592,3505005,Barão de Antonina,SP,Sudeste,65.56,64.23,70.18,3531.0,0.6369,0.3631,Risco educacional,Moderado,-5.95
2593,2101004,Arari,MA,Nordeste,67.49,72.37,71.46,29472.0,0.6379,0.3621,Risco educacional,Moderado,0.91
2594,2106755,Miranda do Norte,MA,Nordeste,55.15,50.55,63.27,23864.0,0.6379,0.3621,Risco educacional,Moderado,-12.72
2595,2504603,Conde,PB,Nordeste,62.38,69.48,68.08,27605.0,0.6379,0.3621,Risco educacional,Moderado,1.4
2596,2110500,São Bento,MA,Nordeste,93.75,79.26,80.0,46395.0,0.6379,0.3621,Risco educacional,Moderado,-0.74
2597,2501534,Baraúna,PB,Nordeste,59.36,89.76,66.08,4762.0,0.6379,0.3621,Risco educacional,Moderado,23.68
2598,2709301,União dos Palmares,AL,Nordeste,89.35,94.75,80.0,59280.0,0.6379,0.3621,Risco educacional,Moderado,14.75
2599,2109452,Raposa,MA,Nordeste,68.06,48.35,71.84,30839.0,0.6379,0.3621,Risco educacional,Moderado,-23.49
2600,2513307,Santa Helena,PB,Nordeste,52.83,96.58,61.7,5865.0,0.638,0.362,Risco educacional,Moderado,34.88
2601,3520442,Ilha Solteira,SP,Sudeste,66.53,80.76,70.82,25549.0,0.638,0.362,Risco educacional,Moderado,9.94
2602,3119401,Coronel Fabriciano,MG,Sudeste,47.39,64.1,57.97,104736.0,0.638,0.362,Risco educacional,Moderado,6.13
2603,4111506,Ivaiporã,PR,Sul,66.58,72.39,70.86,32720.0,0.638,0.362,Risco educacional,Moderado,1.53
2604,4110003,Iguaraçu,PR,Sul,50.91,58.96,60.4,5338.0,0.638,0.362,Risco educacional,Moderado,-1.44
2605,4200556,Águas Frias,SC,Sul,42.78,88.24,54.69,2839.0,0.638,0.362,Risco educacional,Moderado,33.55
2606,2209401,Santo Antônio de Lisboa,PI,Nordeste,61.21,55.71,67.3,5839.0,0.638,0.362,Risco educacional,Moderado,-11.59
2607,4200101,Abelardo Luz,SC,Sul,64.82,59.88,69.69,17392.0,0.6382,0.3618,Risco educacional,Moderado,-9.81
2608,3118601,Contagem,MG,Sudeste,53.73,69.05,62.31,621863.0,0.6407,0.3593,Risco educacional,Moderado,6.74
2609,5107263,Santo Afonso,MT,Centro-Oeste,52.08,76.83,61.2,2519.0,0.6431,0.3569,Risco educacional,Moderado,15.63
2610,3501400,Álvaro de Carvalho,SP,Sudeste,54.76,58.33,63.01,4808.0,0.6432,0.3568,Risco educacional,Moderado,-4.68
2611,3510203,Capão Bonito,SP,Sudeste,62.4,74.63,68.09,46337.0,0.6432,0.3568,Risco educacional,Moderado,6.54
2612,3541505,Presidente Venceslau,SP,Sudeste,60.06,76.57,66.54,35201.0,0.6432,0.3568,Risco educacional,Moderado,10.03
2613,4308458,Fortaleza dos Valos,RS,Sul,100.0,72.7,80.0,4477.0,0.6434,0.3566,Risco educacional,Moderado,-7.3
2614,3514908,Elias Fausto,SP,Sudeste,55.13,56.28,63.26,17699.0,0.6435,0.3565,Risco educacional,Moderado,-6.98
2615,3520301,Iguape,SP,Sudeste,57.18,61.67,64.63,29115.0,0.6438,0.3562,Risco educacional,Moderado,-2.96
2616,4302584,Bozano,RS,Sul,100.0,27.3,80.0,2151.0,0.6446,0.3554,Risco educacional,Moderado,-52.7
2617,2110104,Santa Quitéria do Maranhão,MA,Nordeste,89.14,80.19,80.0,23957.0,0.6447,0.3553,Risco educacional,Moderado,0.19
2618,2701001,Boca da Mata,AL,Nordeste,73.6,88.19,75.55,21187.0,0.6452,0.3548,Risco educacional,Moderado,12.64
2619,3510153,Canitar,SP,Sudeste,81.73,79.49,79.58,6283.0,0.6462,0.3538,Risco educacional,Moderado,-0.09
2620,3500501,Águas de Lindóia,SP,Sudeste,61.38,43.65,67.42,17930.0,0.6462,0.3538,Risco educacional,Moderado,-23.77
2621,2105906,Lago Verde,MA,Nordeste,62.12,76.73,67.9,14769.0,0.6491,0.3509,Risco educacional,Moderado,8.83
2622,2109551,Ribamar Fiquene,MA,Nordeste,54.24,50.14,62.66,7420.0,0.6491,0.3509,Risco educacional,Moderado,-12.52
2623,3533007,Nova Granada,SP,Sudeste,61.21,59.94,67.3,19419.0,0.6493,0.3507,Risco educacional,Moderado,-7.36
2624,2202251,Canavieira,PI,Nordeste,50.7,86.82,60.25,3414.0,0.6503,0.3497,Risco educacional,Moderado,26.57
2625,2702306,Coruripe,AL,Nordeste,94.13,92.03,80.0,50414.0,0.6503,0.3497,Risco educacional,Moderado,12.03
2626,2112233,Trizidela do Vale,MA,Nordeste,59.01,90.87,65.84,22484.0,0.6503,0.3497,Risco educacional,Moderado,25.03
2627,2203107,Cristino Castro,PI,Nordeste,50.63,85.0,60.21,10503.0,0.6503,0.3497,Risco educacional,Moderado,24.79
2628,4114104,Mandaguaçu,PR,Sul,60.15,62.29,66.6,31457.0,0.6503,0.3497,Risco educacional,Moderado,-4.31
2629,3544004,Rio das Pedras,SP,Sudeste,65.04,58.5,69.84,31328.0,0.6503,0.3497,Risco educacional,Moderado,-11.34
2630,3543303,Ribeirão Pires,SP,Sudeste,64.35,66.4,69.38,115559.0,0.6503,0.3497,Risco educacional,Moderado,-2.98
2631,3547502,Santa Rita do Passa Quatro,SP,Sudeste,62.35,67.97,68.06,24833.0,0.6503,0.3497,Risco educacional,Moderado,-0.09
2632,3506409,Bilac,SP,Sudeste,59.99,74.74,66.49,7319.0,0.6503,0.3497,Risco educacional,Moderado,8.25
2633,2501302,Aroeiras,PB,Nordeste,67.95,44.46,71.77,18705.0,0.6503,0.3497,Risco educacional,Moderado,-27.31
2634,3526803,Lençóis Paulista,SP,Sudeste,61.31,63.65,67.37,66505.0,0.6503,0.3497,Risco educacional,Moderado,-3.72
2635,3523602,Itirapina,SP,Sudeste,59.11,69.9,65.91,16148.0,0.6503,0.3497,Risco educacional,Moderado,3.99
2636,3538808,Piraju,SP,Sudeste,64.72,71.36,69.62,29436.0,0.6503,0.3497,Risco educacional,Moderado,1.74
2637,3511508,Cerquilho,SP,Sudeste,60.93,69.15,67.12,44695.0,0.6503,0.3497,Risco educacional,Moderado,2.03
2638,2203701,Esperantina,PI,Nordeste,56.99,73.13,64.5,40970.0,0.6503,0.3497,Risco educacional,Moderado,8.63
2639,2510303,Nova Palmeira,PB,Nordeste,59.43,76.75,66.12,4259.0,0.6503,0.3497,Risco educacional,Moderado,10.63
2640,1300631,Beruri,AM,Norte,91.72,83.74,,20718.0,0.6514,0.3486,Risco educacional,Moderado,
2641,4310850,Jaboticaba,RS,Sul,85.54,25.0,80.0,3779.0,0.6537,0.3463,Risco educacional,Moderado,-55.0
2642,2615607,Trindade,PE,Nordeste,59.68,69.13,66.29,30321.0,0.6539,0.3461,Risco educacional,Moderado,2.84
2643,4213351,Ponte Alta do Norte,SC,Sul,64.09,70.19,69.21,3210.0,0.6559,0.3441,Risco educacional,Moderado,0.98
2644,4211850,Ouro Verde,SC,Sul,44.56,66.67,55.97,2181.0,0.6559,0.3441,Risco educacional,Moderado,10.7
2645,4216354,São João do Itaperiú,SC,Sul,55.09,64.01,63.23,4463.0,0.6559,0.3441,Risco educacional,Moderado,0.78
2646,2602100,Bom Conselho,PE,Nordeste,59.98,60.74,66.49,44294.0,0.6559,0.3441,Risco educacional,Moderado,-5.75
2647,5003900,Figueirão,MS,Centro-Oeste,58.57,86.46,65.55,3539.0,0.6561,0.3439,Risco educacional,Moderado,20.91
2648,2201309,Barreiras do Piauí,PI,Nordeste,38.39,50.77,51.45,3264.0,0.6561,0.3439,Risco educacional,Moderado,-0.68
2649,2516003,Solânea,PB,Nordeste,78.56,45.73,78.98,26774.0,0.6562,0.3438,Risco educacional,Moderado,-33.25
2650,2510402,Olho d'Água,PB,Nordeste,64.17,89.36,69.26,6060.0,0.6562,0.3438,Risco educacional,Moderado,20.1
2651,2206902,Novo Oriente do Piauí,PI,Nordeste,69.0,89.56,72.46,6097.0,0.6562,0.3438,Risco educacional,Moderado,17.1
2652,3525706,José Bonifácio,SP,Sudeste,55.78,54.93,63.69,36633.0,0.6562,0.3438,Risco educacional,Moderado,-8.76
2653,3303401,Nova Friburgo,RJ,Sudeste,65.29,68.84,70.0,189939.0,0.6585,0.3415,Risco educacional,Moderado,-1.16
2654,2100501,Alto Parnaíba,MA,Nordeste,46.76,51.99,57.53,11109.0,0.6585,0.3415,Risco educacional,Moderado,-5.54
2655,3101805,Alpercata,MG,Sudeste,46.13,70.83,57.08,6903.0,0.6586,0.3414,Risco educacional,Moderado,13.75
2656,3301504,Cordeiro,RJ,Sudeste,59.21,64.16,65.98,20783.0,0.6586,0.3414,Risco educacional,Moderado,-1.82
2657,3135803,Jequitinhonha,MG,Sudeste,43.97,55.65,55.55,24007.0,0.6586,0.3414,Risco educacional,Moderado,0.1
2658,2100402,Altamira do Maranhão,MA,Nordeste,90.52,73.02,80.0,6447.0,0.6586,0.3414,Risco educacional,Moderado,-6.98
2659,5000906,Antônio João,MS,Centro-Oeste,54.07,56.2,62.54,9303.0,0.6611,0.3389,Risco educacional,Moderado,-6.34
2660,5106232,Nova Olímpia,MT,Centro-Oeste,50.74,57.29,60.28,16352.0,0.6619,0.3381,Risco educacional,Moderado,-2.99
2661,3536109,Pardinho,SP,Sudeste,57.74,56.51,65.0,7153.0,0.6632,0.3368,Risco educacional,Moderado,-8.49
2662,5004700,Ivinhema,MS,Centro-Oeste,61.82,68.78,67.71,27821.0,0.6632,0.3368,Risco educacional,Moderado,1.07
2663,4119152,Pinhais,PR,Sul,62.74,57.37,68.31,127019.0,0.6632,0.3368,Risco educacional,Moderado,-10.94
2664,3543709,Rincão,SP,Sudeste,58.93,74.83,65.79,9098.0,0.6632,0.3368,Risco educacional,Moderado,9.04
2665,4215703,Santo Amaro da Imperatriz,SC,Sul,58.19,60.42,65.3,27272.0,0.6642,0.3358,Risco educacional,Moderado,-4.88
2666,4214003,Presidente Getúlio,SC,Sul,62.2,55.72,67.96,20010.0,0.6642,0.3358,Risco educacional,Moderado,-12.24
2667,4205209,Erval Velho,SC,Sul,56.49,58.15,64.17,4885.0,0.6642,0.3358,Risco educacional,Moderado,-6.02
2668,4210555,Marema,SC,Sul,88.23,75.96,76.69,2184.0,0.6663,0.3337,Risco educacional,Moderado,-0.73
2669,2606309,Granito,PE,Nordeste,52.49,68.11,61.47,6967.0,0.6669,0.3331,Risco educacional,Moderado,6.64
2670,2614006,Serrita,PE,Nordeste,53.72,59.7,62.31,18207.0,0.6669,0.3331,Risco educacional,Moderado,-2.61
2671,3170206,Uberlândia,MG,Sudeste,50.92,62.63,60.41,713224.0,0.6675,0.3325,Risco educacional,Moderado,2.22
2672,5003801,Fátima do Sul,MS,Centro-Oeste,60.8,59.59,67.03,20609.0,0.6682,0.3318,Risco educacional,Moderado,-7.44
2673,5101407,Aripuanã,MT,Centro-Oeste,60.16,61.83,66.61,24626.0,0.6682,0.3318,Risco educacional,Moderado,-4.78
2674,3546702,Santa Gertrudes,SP,Sudeste,59.66,64.05,66.28,23611.0,0.6682,0.3318,Risco educacional,Moderado,-2.23
2675,3524709,Jaguariúna,SP,Sudeste,62.82,70.22,68.37,59347.0,0.6682,0.3318,Risco educacional,Moderado,1.85
2676,3530300,Mirassol,SP,Sudeste,67.6,61.57,71.53,63337.0,0.6682,0.3318,Risco educacional,Moderado,-9.96
2677,3509106,Caiuá,SP,Sudeste,54.71,81.48,62.97,5466.0,0.6682,0.3318,Risco educacional,Moderado,18.51
2678,5101902,Brasnorte,MT,Centro-Oeste,51.92,69.06,61.09,17004.0,0.6682,0.3318,Risco educacional,Moderado,7.97
2679,3129806,Ibirité,MG,Sudeste,51.6,63.66,60.87,170537.0,0.6682,0.3318,Risco educacional,Moderado,2.79
2680,3510401,Capivari,SP,Sudeste,64.47,66.48,69.46,50068.0,0.6682,0.3318,Risco educacional,Moderado,-2.98
2681,3556602,Vera Cruz,SP,Sudeste,62.72,50.96,68.3,10176.0,0.6685,0.3315,Risco educacional,Moderado,-17.34
2682,3540200,Pontal,SP,Sudeste,60.04,64.47,66.53,37607.0,0.6685,0.3315,Risco educacional,Moderado,-2.06
2683,2109007,Porto Franco,MA,Nordeste,58.08,74.09,65.23,23903.0,0.6685,0.3315,Risco educacional,Moderado,8.86
2684,2209955,São João da Varjota,PI,Nordeste,53.64,86.96,62.25,4383.0,0.6685,0.3315,Risco educacional,Moderado,24.71
2685,2106508,Matinha,MA,Nordeste,63.97,46.67,69.13,22034.0,0.6685,0.3315,Risco educacional,Moderado,-22.46
2686,2512606,Quixaba,PB,Nordeste,69.23,45.45,72.62,1743.0,0.6685,0.3315,Risco educacional,Moderado,-27.17
2687,3515400,Fartura,SP,Sudeste,62.71,82.78,68.3,16641.0,0.6685,0.3315,Risco educacional,Moderado,14.48
2688,4115739,Mato Rico,PR,Sul,70.01,92.5,,3267.0,0.6686,0.3314,Risco educacional,Moderado,
2689,3518107,Guarantã,SP,Sudeste,66.92,47.49,71.08,6427.0,0.6686,0.3314,Risco educacional,Moderado,-23.59
2690,3161106,São Francisco,MG,Sudeste,46.23,58.24,57.15,52762.0,0.6696,0.3304,Risco educacional,Moderado,1.09
2691,3556107,Valentim Gentil,SP,Sudeste,67.1,85.95,71.2,14098.0,0.6697,0.3303,Risco educacional,Moderado,14.75
2692,2501708,Barra de São Miguel,PB,Nordeste,60.51,78.61,66.84,5906.0,0.6702,0.3298,Risco educacional,Moderado,11.77
2693,1100601,Cacaulândia,RO,Norte,54.63,78.84,62.92,4150.0,0.6703,0.3297,Risco educacional,Moderado,15.92
2694,4313102,Nova Palma,RS,Sul,81.13,35.9,80.0,5586.0,0.6709,0.3291,Risco educacional,Moderado,-44.1
2695,3115904,Chácara,MG,Sudeste,28.81,44.9,43.78,3075.0,0.6709,0.3291,Risco educacional,Moderado,1.12
2696,3526506,Lavínia,SP,Sudeste,62.02,59.08,67.84,9689.0,0.6709,0.3291,Risco educacional,Moderado,-8.76
2697,3157609,Santa Fé de Minas,MG,Sudeste,33.37,72.51,47.56,3522.0,0.6709,0.3291,Risco educacional,Moderado,24.95
2698,5102686,Campos de Júlio,MT,Centro-Oeste,48.17,65.76,58.51,8822.0,0.6709,0.3291,Risco educacional,Moderado,7.25
2699,3545605,Santa Adélia,SP,Sudeste,60.7,64.33,66.96,14018.0,0.6709,0.3291,Risco educacional,Moderado,-2.63
2700,1508357,Vitória do Xingu,PA,Norte,60.62,70.18,66.91,15607.0,0.6709,0.3291,Risco educacional,Moderado,3.27
2701,2201150,Baixa Grande do Ribeiro,PI,Nordeste,48.61,81.06,58.82,13272.0,0.6709,0.3291,Risco educacional,Moderado,22.24
2702,2513927,São Bentinho,PB,Nordeste,65.98,60.02,70.46,4327.0,0.6709,0.3291,Risco educacional,Moderado,-10.44
2703,3545159,Saltinho,SP,Sudeste,65.6,64.45,70.21,8161.0,0.6709,0.3291,Risco educacional,Moderado,-5.76
2704,2508703,Mãe d'Água,PB,Nordeste,70.0,63.64,73.13,3583.0,0.6709,0.3291,Risco educacional,Moderado,-9.49
2705,3555307,Turmalina,SP,Sudeste,45.45,70.59,56.6,1669.0,0.6709,0.3291,Risco educacional,Moderado,13.99
2706,3150109,Piau,MG,Sudeste,29.63,75.58,44.48,2796.0,0.6709,0.3291,Risco educacional,Moderado,31.1
2707,3302908,Miguel Pereira,RJ,Sudeste,57.4,70.49,64.77,26582.0,0.6709,0.3291,Risco educacional,Moderado,5.72
2708,4310439,Ipê,RS,Sul,81.57,60.7,80.0,5399.0,0.6709,0.3291,Risco educacional,Moderado,-19.3
2709,5108857,Nova Marilândia,MT,Centro-Oeste,44.14,80.62,55.67,3529.0,0.6709,0.3291,Risco educacional,Moderado,24.95
2710,2109270,Presidente Sarney,MA,Nordeste,62.8,39.6,68.35,17511.0,0.6709,0.3291,Risco educacional,Moderado,-28.75
2711,2101970,Boa Vista do Gurupi,MA,Nordeste,59.99,80.0,66.49,7574.0,0.6709,0.3291,Risco educacional,Moderado,13.51
2712,3514403,Dracena,SP,Sudeste,63.13,62.74,68.57,45474.0,0.6709,0.3291,Risco educacional,Moderado,-5.83
2713,3306107,Valença,RJ,Sudeste,58.36,55.84,65.41,68088.0,0.6709,0.3291,Risco educacional,Moderado,-9.57
2714,5107198,Ribeirãozinho,MT,Centro-Oeste,48.96,52.72,59.06,2593.0,0.6709,0.3291,Risco educacional,Moderado,-6.34
2715,2101301,Bacuri,MA,Nordeste,67.67,57.55,71.58,16290.0,0.6709,0.3291,Risco educacional,Moderado,-14.03
2716,3528007,Macatuba,SP,Sudeste,65.03,62.4,69.83,16829.0,0.6709,0.3291,Risco educacional,Moderado,-7.43
2717,3542800,Ribeira,SP,Sudeste,62.9,53.85,68.42,3132.0,0.6709,0.3291,Risco educacional,Moderado,-14.57
2718,2708303,São José da Laje,AL,Nordeste,79.22,95.31,79.45,20813.0,0.6709,0.3291,Risco educacional,Moderado,15.86
2719,1507979,Terra Santa,PA,Norte,70.72,65.58,73.61,18782.0,0.6709,0.3291,Risco educacional,Moderado,-8.03
2720,1101807,Vale do Paraíso,RO,Norte,55.69,44.06,63.63,6479.0,0.6713,0.3287,Risco educacional,Moderado,-19.57
2721,2100436,Alto Alegre do Maranhão,MA,Nordeste,70.23,51.5,73.29,24048.0,0.6714,0.3286,Risco educacional,Moderado,-21.79
2722,3149952,Periquito,MG,Sudeste,45.31,44.47,56.51,6553.0,0.6714,0.3286,Risco educacional,Moderado,-12.04
2723,4219309,Videira,SC,Sul,57.29,64.11,64.7,55466.0,0.6723,0.3277,Risco educacional,Moderado,-0.59
2724,2501104,Areia,PB,Nordeste,85.08,90.53,80.0,22633.0,0.6737,0.3263,Risco educacional,Moderado,10.53
2725,2613206,São João,PE,Nordeste,60.81,54.47,67.04,23837.0,0.6741,0.3259,Risco educacional,Moderado,-12.57
2726,2401651,Bodó,RN,Nordeste,65.0,60.0,69.81,2306.0,0.6742,0.3258,Risco educacional,Moderado,-9.81
2727,3300225,Areal,RJ,Sudeste,62.45,63.64,68.12,11828.0,0.6757,0.3243,Risco educacional,Moderado,-4.48
2728,2700904,Belo Monte,AL,Nordeste,83.89,98.82,80.0,5936.0,0.6757,0.3243,Risco educacional,Moderado,18.82
2729,2112001,Tasso Fragoso,MA,Nordeste,45.1,54.9,56.36,8862.0,0.6757,0.3243,Risco educacional,Moderado,-1.46
2730,2702108,Colônia Leopoldina,AL,Nordeste,84.66,73.25,80.0,15816.0,0.6757,0.3243,Risco educacional,Moderado,-6.75
2731,2104701,Graça Aranha,MA,Nordeste,72.78,75.68,75.0,6023.0,0.6762,0.3238,Risco educacional,Moderado,0.68
2732,3126703,Francisco Sá,MG,Sudeste,41.63,35.05,53.86,23476.0,0.6764,0.3236,Risco educacional,Moderado,-18.81
2733,2605806,Frei Miguelinho,PE,Nordeste,68.03,70.68,71.82,13636.0,0.6764,0.3236,Risco educacional,Moderado,-1.14
2734,2616100,Verdejante,PE,Nordeste,53.39,68.84,62.08,9169.0,0.6764,0.3236,Risco educacional,Moderado,6.76
2735,3149150,Pedras de Maria da Cruz,MG,Sudeste,28.66,46.09,43.65,10433.0,0.6764,0.3236,Risco educacional,Moderado,2.44
2736,4202404,Blumenau,SC,Sul,63.89,64.77,69.08,361261.0,0.6765,0.3235,Risco educacional,Moderado,-4.31
2737,1303205,Novo Airão,AM,Norte,75.88,57.09,77.11,15761.0,0.6765,0.3235,Risco educacional,Moderado,-20.02
2738,2111631,São Raimundo do Doca Bezerra,MA,Nordeste,56.29,55.35,64.03,5650.0,0.6766,0.3234,Risco educacional,Moderado,-8.68
2739,3532157,Nantes,SP,Sudeste,59.26,36.18,66.01,2660.0,0.6773,0.3227,Risco educacional,Moderado,-29.83
2740,4319703,São Valentim,RS,Sul,91.76,48.5,80.0,3264.0,0.6787,0.3213,Risco educacional,Moderado,-31.5
2741,3301876,Iguaba Grande,RJ,Sudeste,62.45,70.32,68.12,27920.0,0.6805,0.3195,Risco educacional,Moderado,2.2
2742,5103379,Cotriguaçu,MT,Centro-Oeste,58.35,62.71,65.41,11011.0,0.6812,0.3188,Risco educacional,Moderado,-2.7
2743,3537404,Pereira Barreto,SP,Sudeste,66.13,83.47,70.56,24095.0,0.6814,0.3186,Risco educacional,Moderado,12.91
2744,3125309,Faria Lemos,MG,Sudeste,14.74,69.23,29.78,3188.0,0.6814,0.3186,Risco educacional,Moderado,39.45
2745,3507902,Brotas,SP,Sudeste,61.91,56.01,67.77,23898.0,0.6814,0.3186,Risco educacional,Moderado,-11.76
2746,3507100,Bom Jesus dos Perdões,SP,Sudeste,69.87,53.92,73.04,22006.0,0.6814,0.3186,Risco educacional,Moderado,-19.12
2747,3506201,Bento de Abreu,SP,Sudeste,100.0,84.11,80.0,2606.0,0.6814,0.3186,Risco educacional,Moderado,4.11
2748,3537305,Penápolis,SP,Sudeste,60.58,61.01,66.89,61679.0,0.6814,0.3186,Risco educacional,Moderado,-5.88
2749,3501707,Américo Brasiliense,SP,Sudeste,66.43,71.18,70.76,33019.0,0.6814,0.3186,Risco educacional,Moderado,0.42
2750,4207759,Iraceminha,SC,Sul,60.52,70.07,66.85,3986.0,0.6824,0.3176,Risco educacional,Moderado,3.22
2751,3556404,Vargem Grande do Sul,SP,Sudeste,69.48,61.51,72.78,40133.0,0.6838,0.3162,Risco educacional,Moderado,-11.27
2752,4122206,Rio Branco do Sul,PR,Sul,62.29,61.35,68.02,37558.0,0.6838,0.3162,Risco educacional,Moderado,-6.67
2753,3500105,Adamantina,SP,Sudeste,67.41,66.06,71.41,34687.0,0.6838,0.3162,Risco educacional,Moderado,-5.35
2754,3526902,Limeira,SP,Sudeste,62.38,62.75,68.08,291869.0,0.6838,0.3162,Risco educacional,Moderado,-5.33
2755,3518859,Guatapará,SP,Sudeste,64.55,33.82,69.51,7320.0,0.6838,0.3162,Risco educacional,Moderado,-35.69
2756,2207306,Paes Landim,PI,Nordeste,51.76,45.31,60.98,4088.0,0.6838,0.3162,Risco educacional,Moderado,-15.67
2757,2110609,São Bernardo,MA,Nordeste,74.43,67.87,76.12,26943.0,0.6838,0.3162,Risco educacional,Moderado,-8.25
2758,3531704,Monteiro Lobato,SP,Sudeste,66.6,50.9,70.87,4138.0,0.6838,0.3162,Risco educacional,Moderado,-19.97
2759,2104651,Governador Newton Bello,MA,Nordeste,69.13,78.08,72.55,10713.0,0.6838,0.3162,Risco educacional,Moderado,5.53
2760,2703007,Ibateguara,AL,Nordeste,93.46,54.43,80.0,13731.0,0.6838,0.3162,Risco educacional,Moderado,-25.57
2761,3530409,Mirassolândia,SP,Sudeste,59.21,55.96,65.98,4669.0,0.6838,0.3162,Risco educacional,Moderado,-10.02
2762,3505203,Bariri,SP,Sudeste,64.82,72.3,69.69,31595.0,0.6838,0.3162,Risco educacional,Moderado,2.61
2763,2101806,Benedito Leite,MA,Nordeste,56.0,47.28,63.84,5469.0,0.6838,0.3162,Risco educacional,Moderado,-16.56
2764,4118204,Paranaguá,PR,Sul,61.91,61.71,67.77,145829.0,0.6845,0.3155,Risco educacional,Moderado,-6.06
2765,5100201,Água Boa,MT,Centro-Oeste,59.1,79.49,65.9,29219.0,0.6852,0.3148,Risco educacional,Moderado,13.59
2766,3543253,Ribeirão Grande,SP,Sudeste,63.69,60.84,68.94,7450.0,0.686,0.314,Risco educacional,Moderado,-8.1
2767,2201176,Barra D'Alcântara,PI,Nordeste,61.11,93.18,67.24,3995.0,0.6862,0.3138,Risco educacional,Moderado,25.94
2768,2513000,Salgadinho,PB,Nordeste,72.73,83.93,74.97,3355.0,0.6862,0.3138,Risco educacional,Moderado,8.96
2769,4120507,Primeiro de Maio,PR,Sul,51.44,62.66,60.76,10082.0,0.6864,0.3136,Risco educacional,Moderado,1.9
2770,3527405,Lucélia,SP,Sudeste,64.53,68.26,69.5,20061.0,0.6864,0.3136,Risco educacional,Moderado,-1.24
2771,4128104,Umuarama,PR,Sul,64.14,63.1,69.24,117095.0,0.6864,0.3136,Risco educacional,Moderado,-6.14
2772,4308003,Faxinal do Soturno,RS,Sul,79.13,66.7,79.38,6702.0,0.6864,0.3136,Risco educacional,Moderado,-12.68
2773,3521408,Iracemápolis,SP,Sudeste,59.58,62.26,66.22,21967.0,0.6864,0.3136,Risco educacional,Moderado,-3.96
2774,4117602,Palmas,PR,Sul,55.66,54.27,63.61,48247.0,0.6864,0.3136,Risco educacional,Moderado,-9.34
2775,3553005,Taguaí,SP,Sudeste,58.59,71.38,65.57,12669.0,0.6864,0.3136,Risco educacional,Moderado,5.81
2776,3520004,Igaraçu do Tietê,SP,Sudeste,68.56,77.29,72.17,23106.0,0.6864,0.3136,Risco educacional,Moderado,5.12
2777,4205175,Entre Rios,SC,Sul,69.89,65.16,,3402.0,0.6864,0.3136,Risco educacional,Moderado,
2778,4303558,Camargo,RS,Sul,80.0,55.6,80.0,2981.0,0.6864,0.3136,Risco educacional,Moderado,-24.4
2779,2602308,Bonito,PE,Nordeste,56.71,79.75,64.31,37474.0,0.6864,0.3136,Risco educacional,Moderado,15.44
2780,4104253,Campo Magro,PR,Sul,59.84,57.97,66.39,30160.0,0.6864,0.3136,Risco educacional,Moderado,-8.42
2781,2511707,Pilõezinhos,PB,Nordeste,98.55,56.06,80.0,5329.0,0.6864,0.3136,Risco educacional,Moderado,-23.94
2782,3532801,Nova Aliança,SP,Sudeste,57.65,73.75,64.94,6693.0,0.6864,0.3136,Risco educacional,Moderado,8.81
2783,4301701,Barão de Cotegipe,RS,Sul,92.23,76.6,80.0,7144.0,0.6882,0.3118,Risco educacional,Moderado,-3.4
2784,4312757,Nova Alvorada,RS,Sul,90.0,71.4,80.0,3163.0,0.6885,0.3115,Risco educacional,Moderado,-8.6
2785,3158102,Santa Maria do Salto,MG,Sudeste,47.31,60.65,57.91,4755.0,0.6886,0.3114,Risco educacional,Moderado,2.74
2786,2515906,Serraria,PB,Nordeste,83.64,74.71,80.0,4885.0,0.6886,0.3114,Risco educacional,Moderado,-5.29
2787,3302809,Mendes,RJ,Sudeste,58.36,56.89,65.41,17502.0,0.6886,0.3114,Risco educacional,Moderado,-8.52
2788,3516903,General Salgado,SP,Sudeste,60.8,67.35,67.03,10312.0,0.6888,0.3112,Risco educacional,Moderado,0.32
2789,2110302,Santo Antônio dos Lopes,MA,Nordeste,52.71,72.56,61.62,14304.0,0.6888,0.3112,Risco educacional,Moderado,10.94
2790,2513109,Salgado de São Félix,PB,Nordeste,87.4,40.52,80.0,11505.0,0.6888,0.3112,Risco educacional,Moderado,-39.48
2791,3554953,Tuiuti,SP,Sudeste,65.71,55.64,70.28,6778.0,0.6888,0.3112,Risco educacional,Moderado,-14.64
2792,3505351,Barra do Chapéu,SP,Sudeste,65.06,65.29,69.85,5179.0,0.6888,0.3112,Risco educacional,Moderado,-4.56
2793,3544806,Sales,SP,Sudeste,67.97,68.37,71.78,6437.0,0.6888,0.3112,Risco educacional,Moderado,-3.41
2794,3160702,Santos Dumont,MG,Sudeste,55.96,69.94,63.81,42406.0,0.6888,0.3112,Risco educacional,Moderado,6.13
2795,2105153,Igarapé do Meio,MA,Nordeste,58.92,77.64,65.78,13974.0,0.6888,0.3112,Risco educacional,Moderado,11.86
2796,3540804,Potirendaba,SP,Sudeste,60.72,62.55,66.98,18496.0,0.6888,0.3112,Risco educacional,Moderado,-4.43
2797,2207009,Oeiras,PI,Nordeste,65.92,72.5,70.42,38161.0,0.6888,0.3112,Risco educacional,Moderado,2.08
2798,3500402,Águas da Prata,SP,Sudeste,64.77,61.82,69.66,7369.0,0.6888,0.3112,Risco educacional,Moderado,-7.84
2799,3546900,Santa Lúcia,SP,Sudeste,66.83,70.68,71.02,7149.0,0.6888,0.3112,Risco educacional,Moderado,-0.34
2800,4309555,Harmonia,RS,Sul,85.53,71.4,80.0,5378.0,0.6888,0.3112,Risco educacional,Moderado,-8.6
2801,3515657,Fernão,SP,Sudeste,92.86,44.0,80.0,1656.0,0.6888,0.3112,Risco educacional,Moderado,-36.0
2802,3553856,Taquarivaí,SP,Sudeste,62.06,47.19,67.87,6876.0,0.6888,0.3112,Risco educacional,Moderado,-20.68
2803,3501103,Alto Alegre,SP,Sudeste,59.64,71.82,66.26,3841.0,0.6888,0.3112,Risco educacional,Moderado,5.56
2804,2503100,Cabaceiras,PB,Nordeste,60.85,89.73,67.06,5335.0,0.6888,0.3112,Risco educacional,Moderado,22.67
2805,3509304,Cajobi,SP,Sudeste,61.22,60.42,67.31,9133.0,0.6888,0.3112,Risco educacional,Moderado,-6.89
2806,2209708,São Francisco do Piauí,PI,Nordeste,58.13,64.27,65.26,5392.0,0.6888,0.3112,Risco educacional,Moderado,-0.99
2807,3556305,Valparaíso,SP,Sudeste,64.42,70.44,69.43,24241.0,0.6888,0.3112,Risco educacional,Moderado,1.01
2808,2106607,Matões,MA,Nordeste,72.34,34.52,74.7,32174.0,0.6888,0.3112,Risco educacional,Moderado,-40.18
2809,3541901,Queluz,SP,Sudeste,61.94,68.79,67.79,9159.0,0.6888,0.3112,Risco educacional,Moderado,1.0
2810,2200277,Alegrete do Piauí,PI,Nordeste,53.89,55.26,62.42,4634.0,0.6888,0.3112,Risco educacional,Moderado,-7.16
2811,5107941,Tabaporã,MT,Centro-Oeste,51.43,62.36,60.75,9818.0,0.6888,0.3112,Risco educacional,Moderado,1.61
2812,3540002,Pompéia,SP,Sudeste,62.09,60.32,67.88,20196.0,0.6888,0.3112,Risco educacional,Moderado,-7.56
2813,2112605,Urbano Santos,MA,Nordeste,76.76,38.63,77.72,32812.0,0.6888,0.3112,Risco educacional,Moderado,-39.09
2814,4125506,São José dos Pinhais,PR,Sul,67.19,64.3,71.26,329628.0,0.6888,0.3112,Risco educacional,Moderado,-6.96
2815,3514809,Eldorado,SP,Sudeste,62.33,75.19,68.04,13069.0,0.6888,0.3112,Risco educacional,Moderado,7.15
2816,3509908,Cananéia,SP,Sudeste,64.85,59.72,69.71,12289.0,0.6888,0.3112,Risco educacional,Moderado,-9.99
2817,3524907,Jambeiro,SP,Sudeste,58.85,56.89,65.74,6397.0,0.6888,0.3112,Risco educacional,Moderado,-8.85
2818,3518305,Guararema,SP,Sudeste,64.75,76.97,69.64,31236.0,0.6888,0.3112,Risco educacional,Moderado,7.33
2819,4300901,Aratiba,RS,Sul,85.04,39.2,80.0,6483.0,0.6888,0.3112,Risco educacional,Moderado,-40.8
2820,3523503,Itatinga,SP,Sudeste,61.7,54.18,67.63,19070.0,0.6888,0.3112,Risco educacional,Moderado,-13.45
2821,3545001,Salesópolis,SP,Sudeste,64.64,65.52,69.57,15202.0,0.6888,0.3112,Risco educacional,Moderado,-4.05
2822,3553401,Tanabi,SP,Sudeste,65.17,74.07,69.92,25265.0,0.6888,0.3112,Risco educacional,Moderado,4.15
2823,3555356,Ubarana,SP,Sudeste,60.64,74.44,66.93,5365.0,0.6888,0.3112,Risco educacional,Moderado,7.51
2824,3551801,Sete Barras,SP,Sudeste,66.79,52.1,71.0,12730.0,0.6888,0.3112,Risco educacional,Moderado,-18.9
2825,2601607,Belém do São Francisco,PE,Nordeste,51.55,62.62,60.84,18301.0,0.6888,0.3112,Risco educacional,Moderado,1.78
2826,4310462,Ipiranga do Sul,RS,Sul,82.35,44.4,80.0,1720.0,0.6888,0.3112,Risco educacional,Moderado,-35.6
2827,3556800,Viradouro,SP,Sudeste,63.55,60.23,68.85,17414.0,0.6888,0.3112,Risco educacional,Moderado,-8.62
2828,2202778,Colônia do Piauí,PI,Nordeste,59.89,42.87,66.43,6994.0,0.6888,0.3112,Risco educacional,Moderado,-23.56
2829,4204251,Cocal do Sul,SC,Sul,66.78,60.61,,17240.0,0.6888,0.3112,Risco educacional,Moderado,
2830,2202851,Coronel José Dias,PI,Nordeste,61.14,61.36,67.26,4250.0,0.6936,0.3064,Risco educacional,Moderado,-5.9
2831,2110856,São Francisco do Brejão,MA,Nordeste,62.65,42.73,68.26,9051.0,0.6936,0.3064,Risco educacional,Moderado,-25.53
2832,2111789,Serrano do Maranhão,MA,Nordeste,67.99,53.62,71.79,10202.0,0.6936,0.3064,Risco educacional,Moderado,-18.17
2833,4218756,Tunápolis,SC,Sul,79.86,73.65,74.79,4916.0,0.6936,0.3064,Risco educacional,Moderado,-1.14
2834,2510600,Ouro Velho,PB,Nordeste,89.76,100.0,80.0,2918.0,0.6936,0.3064,Risco educacional,Moderado,20.0
2835,2106409,Mata Roma,MA,Nordeste,69.68,76.86,72.92,17090.0,0.6936,0.3064,Risco educacional,Moderado,3.94
2836,2702009,Coité do Nóia,AL,Nordeste,74.97,77.24,76.49,10810.0,0.6936,0.3064,Risco educacional,Moderado,0.75
2837,2701100,Branquinha,AL,Nordeste,76.44,79.89,77.5,9603.0,0.6936,0.3064,Risco educacional,Moderado,2.39
2838,4103107,Bocaiúva do Sul,PR,Sul,49.13,57.37,59.18,13299.0,0.6936,0.3064,Risco educacional,Moderado,-1.81
2839,3304003,Piraí,RJ,Sudeste,58.8,60.43,65.7,27474.0,0.6936,0.3064,Risco educacional,Moderado,-5.27
2840,4212700,Petrolândia,SC,Sul,62.16,66.84,69.32,6716.0,0.6936,0.3064,Risco educacional,Moderado,-2.48
2841,2102556,Campestre do Maranhão,MA,Nordeste,64.72,61.7,69.62,12301.0,0.6936,0.3064,Risco educacional,Moderado,-7.92
2842,2105989,Lajeado Novo,MA,Nordeste,60.63,65.92,66.92,7057.0,0.6936,0.3064,Risco educacional,Moderado,-1.0
2843,2103109,Cedral,MA,Nordeste,69.8,66.85,73.0,10208.0,0.6936,0.3064,Risco educacional,Moderado,-6.15
2844,3306156,Varre-Sai,RJ,Sudeste,92.37,82.96,80.0,10207.0,0.6943,0.3057,Risco educacional,Moderado,2.96
2845,3169505,Tumiritinga,MG,Sudeste,45.36,74.58,56.54,5886.0,0.6944,0.3056,Risco educacional,Moderado,18.04
2846,2608750,Lagoa Grande,PE,Nordeste,54.74,67.55,62.99,24088.0,0.6947,0.3053,Risco educacional,Moderado,4.56
2847,3101706,Almenara,MG,Sudeste,39.24,55.06,52.09,40364.0,0.6955,0.3045,Risco educacional,Moderado,2.97
2848,4206207,Gravatal,SC,Sul,52.63,76.93,61.57,12435.0,0.6958,0.3042,Risco educacional,Moderado,15.36
2849,3106200,Belo Horizonte,MG,Sudeste,57.61,68.58,64.91,2315560.0,0.6958,0.3042,Risco educacional,Moderado,3.67
2850,4212106,Palmitos,SC,Sul,58.21,64.41,65.31,15626.0,0.6958,0.3042,Risco educacional,Moderado,-0.9
2851,4205308,Faxinal dos Guedes,SC,Sul,52.68,66.52,61.6,11192.0,0.6958,0.3042,Risco educacional,Moderado,4.92
2852,3524600,Jacupiranga,SP,Sudeste,63.85,54.8,69.05,16097.0,0.6971,0.3029,Risco educacional,Moderado,-14.25
2853,3553203,Taiúva,SP,Sudeste,68.12,57.37,71.88,6548.0,0.6971,0.3029,Risco educacional,Moderado,-14.51
2854,3300951,Comendador Levy Gasparian,RJ,Sudeste,51.64,66.11,60.9,8741.0,0.6971,0.3029,Risco educacional,Moderado,5.21
2855,2208106,Pimenteiras,PI,Nordeste,60.51,61.41,66.84,11341.0,0.6971,0.3029,Risco educacional,Moderado,-5.43
2856,3524501,Jaci,SP,Sudeste,55.84,68.06,63.73,7613.0,0.6971,0.3029,Risco educacional,Moderado,4.33
2857,3537008,Pedregulho,SP,Sudeste,60.85,51.67,67.06,15525.0,0.6971,0.3029,Risco educacional,Moderado,-15.39
2858,3528601,Manduri,SP,Sudeste,62.2,65.64,67.96,9871.0,0.6971,0.3029,Risco educacional,Moderado,-2.32
2859,3540507,Porangaba,SP,Sudeste,69.9,60.38,73.06,10451.0,0.6971,0.3029,Risco educacional,Moderado,-12.68
2860,3543238,Ribeirão dos Índios,SP,Sudeste,70.59,91.67,73.53,2025.0,0.6971,0.3029,Risco educacional,Moderado,18.14
2861,2507101,Itapororoca,PB,Nordeste,71.75,84.21,74.3,18382.0,0.6971,0.3029,Risco educacional,Moderado,9.91
2862,2614204,Sirinhaém,PE,Nordeste,60.3,74.49,66.7,37596.0,0.6971,0.3029,Risco educacional,Moderado,7.79
2863,3544707,Sagres,SP,Sudeste,70.28,91.33,73.32,2474.0,0.6971,0.3029,Risco educacional,Moderado,18.01
2864,4204350,Cordilheira Alta,SC,Sul,54.76,65.36,68.14,4781.0,0.701,0.299,Risco educacional,Moderado,-2.78
2865,3167004,Serranos,MG,Sudeste,38.46,82.14,51.51,1990.0,0.7019,0.2981,Risco educacional,Moderado,30.63
2866,3165602,Senador Cortes,MG,Sudeste,42.11,81.82,54.21,2240.0,0.7019,0.2981,Risco educacional,Moderado,27.61
2867,3150539,Pingo-d'Água,MG,Sudeste,34.7,81.43,48.61,4706.0,0.7019,0.2981,Risco educacional,Moderado,32.82
2868,2511905,Pitimbu,PB,Nordeste,75.96,51.59,77.17,16751.0,0.7019,0.2981,Risco educacional,Moderado,-25.58
2869,4107702,Fênix,PR,Sul,65.16,61.86,69.92,4492.0,0.7037,0.2963,Risco educacional,Moderado,-8.06
2870,2708105,Santana do Mundaú,AL,Nordeste,98.87,97.67,80.0,11323.0,0.7038,0.2962,Risco educacional,Moderado,17.67
2871,2105708,Lago da Pedra,MA,Nordeste,92.18,79.18,80.0,44403.0,0.704,0.296,Risco educacional,Moderado,-0.82
2872,2515203,São Sebastião do Umbuzeiro,PB,Nordeste,94.99,69.29,80.0,3279.0,0.7054,0.2946,Risco educacional,Moderado,-10.71
2873,1101450,Parecis,RO,Norte,61.04,70.6,67.19,4125.0,0.7057,0.2943,Risco educacional,Moderado,3.41
2874,2601409,Barreiros,PE,Nordeste,61.78,53.05,67.68,40121.0,0.706,0.294,Risco educacional,Moderado,-14.63
2875,5004502,Itaporã,MS,Centro-Oeste,69.03,57.29,72.48,24137.0,0.7064,0.2936,Risco educacional,Moderado,-15.19
2876,3106606,Bertópolis,MG,Sudeste,59.47,85.02,66.15,4451.0,0.7082,0.2918,Risco educacional,Moderado,18.87
2877,4213005,Pinheiro Preto,SC,Sul,59.28,79.31,66.02,3473.0,0.7082,0.2918,Risco educacional,Moderado,13.29
2878,4202909,Brusque,SC,Sul,68.68,67.18,72.25,141385.0,0.7082,0.2918,Risco educacional,Moderado,-5.07
2879,4203600,Campos Novos,SC,Sul,64.29,64.77,69.34,36932.0,0.7082,0.2918,Risco educacional,Moderado,-4.57
2880,4211751,Otacílio Costa,SC,Sul,55.06,70.95,63.21,17312.0,0.7082,0.2918,Risco educacional,Moderado,7.74
2881,4219507,Xanxerê,SC,Sul,66.62,72.14,70.88,51607.0,0.7082,0.2918,Risco educacional,Moderado,1.26
2882,3507456,Borebi,SP,Sudeste,61.11,53.42,67.24,2713.0,0.7088,0.2912,Risco educacional,Moderado,-13.82
2883,3530904,Mombuca,SP,Sudeste,55.83,74.25,63.72,3722.0,0.7088,0.2912,Risco educacional,Moderado,10.53
2884,3525904,Jundiaí,SP,Sudeste,69.22,70.49,72.61,443221.0,0.7088,0.2912,Risco educacional,Moderado,-2.12
2885,2611101,Petrolina,PE,Nordeste,66.17,70.25,70.58,386791.0,0.7088,0.2912,Risco educacional,Moderado,-0.33
2886,2108207,Pedreiras,MA,Nordeste,68.1,64.51,71.87,37050.0,0.7088,0.2912,Risco educacional,Moderado,-7.36
2887,2108801,Pirapemas,MA,Nordeste,83.02,42.38,80.0,17714.0,0.7121,0.2879,Risco educacional,Moderado,-37.62
2888,3303609,Paracambi,RJ,Sudeste,64.31,69.98,69.35,41375.0,0.7121,0.2879,Risco educacional,Moderado,0.63
2889,3536208,Pariquera-Açu,SP,Sudeste,64.45,61.36,69.45,19233.0,0.7124,0.2876,Risco educacional,Moderado,-8.09
2890,3304201,Resende,RJ,Sudeste,68.62,72.48,72.21,129612.0,0.7136,0.2864,Risco educacional,Moderado,0.27
2891,3304524,Rio das Ostras,RJ,Sudeste,65.82,68.67,70.35,156491.0,0.7136,0.2864,Risco educacional,Moderado,-1.68
2892,2502300,Bom Sucesso,PB,Nordeste,65.39,45.24,70.07,4661.0,0.7136,0.2864,Risco educacional,Moderado,-24.83
2893,2202711,Cocal de Telha,PI,Nordeste,67.54,59.56,71.49,4911.0,0.7136,0.2864,Risco educacional,Moderado,-11.93
2894,3526209,Juquitiba,SP,Sudeste,60.14,55.99,66.59,27404.0,0.7148,0.2852,Risco educacional,Moderado,-10.6
2895,3544509,Rubinéia,SP,Sudeste,60.53,75.0,66.85,3833.0,0.7151,0.2849,Risco educacional,Moderado,8.15
2896,2603306,Calçado,PE,Nordeste,57.35,40.68,64.74,11093.0,0.7164,0.2836,Risco educacional,Moderado,-24.06
2897,3102407,Alvorada de Minas,MG,Sudeste,41.82,83.33,54.0,4159.0,0.7165,0.2835,Risco educacional,Moderado,29.33
2898,3301108,Cantagalo,RJ,Sudeste,55.75,52.0,63.67,19390.0,0.7205,0.2795,Risco educacional,Moderado,-11.67
2899,2503407,Cacimba de Areia,PB,Nordeste,63.89,52.5,69.08,3291.0,0.7219,0.2781,Risco educacional,Moderado,-16.58
2900,3510906,Cássia dos Coqueiros,SP,Sudeste,67.22,75.0,71.28,2799.0,0.7219,0.2781,Risco educacional,Moderado,3.72
2901,3518909,Guzolândia,SP,Sudeste,88.59,79.92,80.0,4246.0,0.7219,0.2781,Risco educacional,Moderado,-0.08
2902,4205704,Garopaba,SC,Sul,70.59,75.75,73.53,29959.0,0.7231,0.2769,Risco educacional,Moderado,2.22
2903,1101302,Mirante da Serra,RO,Norte,59.21,73.82,65.98,9235.0,0.7235,0.2765,Risco educacional,Moderado,7.84
2904,4213906,Presidente Castello Branco,SC,Sul,47.06,61.9,57.74,1689.0,0.7263,0.2737,Risco educacional,Moderado,4.16
2905,4203006,Caçador,SC,Sul,69.87,65.51,73.04,73720.0,0.7263,0.2737,Risco educacional,Moderado,-7.53
2906,4214706,Rio dos Cedros,SC,Sul,60.74,68.59,66.99,10865.0,0.7263,0.2737,Risco educacional,Moderado,1.6
2907,4204194,Chapadão do Lageado,SC,Sul,52.44,65.91,61.44,2950.0,0.7263,0.2737,Risco educacional,Moderado,4.47
2908,4215059,Rio Rufino,SC,Sul,65.74,76.32,70.3,2397.0,0.7263,0.2737,Risco educacional,Moderado,6.02
2909,5104104,Guarantã do Norte,MT,Centro-Oeste,60.81,54.22,67.04,31024.0,0.7264,0.2736,Risco educacional,Moderado,-12.82
2910,5103304,Comodoro,MT,Centro-Oeste,57.77,47.59,65.02,18238.0,0.7266,0.2734,Risco educacional,Moderado,-17.43
2911,3303104,Natividade,RJ,Sudeste,60.3,56.91,66.7,15074.0,0.7276,0.2724,Risco educacional,Moderado,-9.79
2912,5102678,Campo Verde,MT,Centro-Oeste,56.21,65.32,63.98,44585.0,0.7287,0.2713,Risco educacional,Moderado,1.34
2913,4111258,Itaperuçu,PR,Sul,56.44,52.37,64.13,31217.0,0.7287,0.2713,Risco educacional,Moderado,-11.76
2914,2615805,Tupanatinga,PE,Nordeste,68.57,68.38,72.18,26937.0,0.7287,0.2713,Risco educacional,Moderado,-3.8
2915,2603108,Cachoeirinha,PE,Nordeste,56.69,63.59,64.3,19899.0,0.7287,0.2713,Risco educacional,Moderado,-0.71
2916,4201257,Apiúna,SC,Sul,63.67,70.88,68.93,9811.0,0.7287,0.2713,Risco educacional,Moderado,1.95
2917,3535002,Palestina,SP,Sudeste,57.98,72.03,65.16,11476.0,0.7287,0.2713,Risco educacional,Moderado,6.87
2918,3529104,Marinópolis,SP,Sudeste,93.33,100.0,80.0,1860.0,0.7287,0.2713,Risco educacional,Moderado,20.0
2919,4203154,Calmon,SC,Sul,62.96,57.9,68.46,3443.0,0.7287,0.2713,Risco educacional,Moderado,-10.56
2920,4208104,Itaiópolis,SC,Sul,65.52,57.23,70.15,22051.0,0.7287,0.2713,Risco educacional,Moderado,-12.92
2921,4105201,Cerro Azul,PR,Sul,54.77,49.89,63.01,16134.0,0.7287,0.2713,Risco educacional,Moderado,-13.12
2922,4207684,Ipuaçu,SC,Sul,59.49,77.74,66.16,7730.0,0.7287,0.2713,Risco educacional,Moderado,11.58
2923,4210803,Meleiro,SC,Sul,54.81,48.04,63.04,7006.0,0.7287,0.2713,Risco educacional,Moderado,-15.0
2924,2202752,Colônia do Gurguéia,PI,Nordeste,54.43,89.29,62.78,6150.0,0.7287,0.2713,Risco educacional,Moderado,26.51
2925,2602209,Bom Jardim,PE,Nordeste,60.94,69.15,67.12,37629.0,0.7287,0.2713,Risco educacional,Moderado,2.03
2926,4217402,Schroeder,SC,Sul,63.05,75.91,68.52,20061.0,0.7287,0.2713,Risco educacional,Moderado,7.39
2927,2600203,Afrânio,PE,Nordeste,54.58,59.87,62.89,18674.0,0.7287,0.2713,Risco educacional,Moderado,-3.02
2928,2605509,Ferreiros,PE,Nordeste,58.16,41.36,65.28,15026.0,0.7287,0.2713,Risco educacional,Moderado,-23.92
2929,2600401,Água Preta,PE,Nordeste,61.14,55.57,67.26,26461.0,0.7287,0.2713,Risco educacional,Moderado,-11.69
2930,2510105,Nova Floresta,PB,Nordeste,66.12,67.53,70.55,9724.0,0.7287,0.2713,Risco educacional,Moderado,-3.02
2931,2603504,Camocim de São Félix,PE,Nordeste,55.71,68.51,63.64,17419.0,0.7287,0.2713,Risco educacional,Moderado,4.87
2932,4218806,Turvo,SC,Sul,59.25,69.98,66.0,13043.0,0.7287,0.2713,Risco educacional,Moderado,3.98
2933,2503506,Cacimba de Dentro,PB,Nordeste,79.49,63.3,79.64,16064.0,0.7287,0.2713,Risco educacional,Moderado,-16.34
2934,4215000,Rio Negrinho,SC,Sul,60.13,66.96,66.59,39261.0,0.7287,0.2713,Risco educacional,Moderado,0.37
2935,4111803,Jacarezinho,PR,Sul,55.12,47.68,63.25,40375.0,0.7287,0.2713,Risco educacional,Moderado,-15.57
2936,2611705,Riacho das Almas,PE,Nordeste,63.97,68.11,69.13,20639.0,0.7287,0.2713,Risco educacional,Moderado,-1.02
2937,4218855,União do Oeste,SC,Sul,67.41,65.0,71.41,2774.0,0.7287,0.2713,Risco educacional,Moderado,-6.41
2938,4213708,Pouso Redondo,SC,Sul,66.5,60.13,70.8,17123.0,0.7287,0.2713,Risco educacional,Moderado,-10.67
2939,3506508,Birigui,SP,Sudeste,71.09,78.13,73.86,118979.0,0.7287,0.2713,Risco educacional,Moderado,4.27
2940,4204509,Corupá,SC,Sul,61.16,79.7,67.27,15267.0,0.7287,0.2713,Risco educacional,Moderado,12.43
2941,4205001,Dionísio Cerqueira,SC,Sul,59.65,66.23,66.27,15008.0,0.7287,0.2713,Risco educacional,Moderado,-0.04
2942,4206751,Ibiam,SC,Sul,65.6,96.17,70.21,2008.0,0.7287,0.2713,Risco educacional,Moderado,25.96
2943,5106265,Novo Mundo,MT,Centro-Oeste,53.62,67.67,62.24,6520.0,0.7287,0.2713,Risco educacional,Moderado,5.43
2944,3154606,Ribeirão das Neves,MG,Sudeste,54.99,59.36,63.16,329794.0,0.7287,0.2713,Risco educacional,Moderado,-3.8
2945,2610608,Paudalho,PE,Nordeste,62.99,66.03,68.48,56665.0,0.7287,0.2713,Risco educacional,Moderado,-2.45
2946,4218707,Tubarão,SC,Sul,70.32,68.26,73.35,110088.0,0.7287,0.2713,Risco educacional,Moderado,-5.09
2947,2200905,Aroazes,PI,Nordeste,57.69,30.0,64.97,5369.0,0.7287,0.2713,Risco educacional,Moderado,-34.97
2948,3546801,Santa Isabel,SP,Sudeste,72.24,67.17,74.63,53174.0,0.7287,0.2713,Risco educacional,Moderado,-7.46
2949,2107803,Parnarama,MA,Nordeste,90.73,54.65,80.0,31250.0,0.729,0.271,Risco educacional,Moderado,-25.35
2950,2611804,Ribeirão,PE,Nordeste,61.57,65.68,67.54,33507.0,0.729,0.271,Risco educacional,Moderado,-1.86
2951,4202537,Bom Jesus,SC,Sul,64.67,55.49,69.59,2777.0,0.7301,0.2699,Risco educacional,Moderado,-14.1
2952,4316477,Salvador das Missões,RS,Sul,100.0,44.4,80.0,2877.0,0.7332,0.2668,Risco educacional,Moderado,-35.6
2953,5104559,Itaúba,MT,Centro-Oeste,57.99,67.42,65.17,5020.0,0.7335,0.2665,Risco educacional,Moderado,2.25
2954,3551207,Sarutaiá,SP,Sudeste,78.96,79.97,79.26,3704.0,0.7335,0.2665,Risco educacional,Moderado,0.71
2955,2600104,Afogados da Ingazeira,PE,Nordeste,66.59,70.19,70.86,40241.0,0.7335,0.2665,Risco educacional,Moderado,-0.67
2956,5108055,Terra Nova do Norte,MT,Centro-Oeste,58.72,61.14,65.65,10616.0,0.7335,0.2665,Risco educacional,Moderado,-4.51
2957,4125001,São João do Ivaí,PR,Sul,61.46,73.17,67.47,10667.0,0.7335,0.2665,Risco educacional,Moderado,5.7
2958,2605152,Dormentes,PE,Nordeste,64.93,83.37,69.76,17188.0,0.7335,0.2665,Risco educacional,Moderado,13.61
2959,3127305,Galiléia,MG,Sudeste,47.26,62.07,57.88,6222.0,0.7335,0.2665,Risco educacional,Moderado,4.19
2960,3135050,Jaíba,MG,Sudeste,42.81,63.5,54.72,37660.0,0.7335,0.2665,Risco educacional,Moderado,8.78
2961,4106001,Congonhinhas,PR,Sul,68.8,41.19,72.33,8320.0,0.7335,0.2665,Risco educacional,Moderado,-31.14
2962,3160306,Santo Antônio do Jacinto,MG,Sudeste,62.95,65.72,68.45,10327.0,0.7335,0.2665,Risco educacional,Moderado,-2.73
2963,3140852,Matias Cardoso,MG,Sudeste,37.68,31.08,50.92,8895.0,0.7335,0.2665,Risco educacional,Moderado,-19.84
2964,2612307,Saloá,PE,Nordeste,58.09,78.66,65.23,13836.0,0.7335,0.2665,Risco educacional,Moderado,13.43
2965,4204558,Correia Pinto,SC,Sul,59.62,56.53,66.25,15727.0,0.7335,0.2665,Risco educacional,Moderado,-9.72
2966,5106372,Pedra Preta,MT,Centro-Oeste,56.73,65.1,64.33,18066.0,0.7335,0.2665,Risco educacional,Moderado,0.77
2967,3168051,Taparuba,MG,Sudeste,44.12,80.0,55.66,3387.0,0.7335,0.2665,Risco educacional,Moderado,24.34
2968,2612554,Santa Filomena,PE,Nordeste,58.92,53.14,65.78,12106.0,0.7335,0.2665,Risco educacional,Moderado,-12.64
2969,3170909,Varzelândia,MG,Sudeste,46.77,73.78,57.53,18840.0,0.7335,0.2665,Risco educacional,Moderado,16.25
2970,3135605,Jequitaí,MG,Sudeste,39.93,70.71,52.61,6484.0,0.7335,0.2665,Risco educacional,Moderado,18.1
2971,5107354,São José do Xingu,MT,Centro-Oeste,51.3,35.26,60.66,5964.0,0.7335,0.2665,Risco educacional,Moderado,-25.4
2972,3132701,Itambacuri,MG,Sudeste,51.6,56.95,60.87,21042.0,0.7335,0.2665,Risco educacional,Moderado,-3.92
2973,3128253,Guaraciama,MG,Sudeste,42.0,80.7,54.13,5051.0,0.7335,0.2665,Risco educacional,Moderado,26.57
2974,2514206,São José da Lagoa Tapada,PB,Nordeste,85.74,59.52,80.0,7126.0,0.7335,0.2665,Risco educacional,Moderado,-20.48
2975,2102408,Cajapió,MA,Nordeste,66.03,64.0,70.49,10121.0,0.7335,0.2665,Risco educacional,Moderado,-6.49
2976,4217600,Siderópolis,SC,Sul,61.68,53.57,67.61,13714.0,0.7335,0.2665,Risco educacional,Moderado,-14.04
2977,3132305,Itaipé,MG,Sudeste,57.48,55.18,64.83,10463.0,0.7335,0.2665,Risco educacional,Moderado,-9.65
2978,2605905,Gameleira,PE,Nordeste,58.54,77.37,65.53,18214.0,0.7335,0.2665,Risco educacional,Moderado,11.84
2979,2509404,Mogeiro,PB,Nordeste,73.21,60.61,75.29,13899.0,0.7335,0.2665,Risco educacional,Moderado,-14.68
2980,3508801,Cafelândia,SP,Sudeste,61.19,61.51,67.29,16654.0,0.7335,0.2665,Risco educacional,Moderado,-5.78
2981,3104502,Arinos,MG,Sudeste,45.28,46.89,56.48,17272.0,0.7335,0.2665,Risco educacional,Moderado,-9.59
2982,4201000,Anita Garibaldi,SC,Sul,66.05,77.33,70.5,8285.0,0.7335,0.2665,Risco educacional,Moderado,6.83
2983,3154804,Rio Acima,MG,Sudeste,40.74,72.91,53.21,10261.0,0.7335,0.2665,Risco educacional,Moderado,19.7
2984,3143203,Monte Santo de Minas,MG,Sudeste,42.15,61.59,54.24,20890.0,0.7335,0.2665,Risco educacional,Moderado,7.35
2985,2509339,Matinhas,PB,Nordeste,79.28,72.67,79.49,4571.0,0.7335,0.2665,Risco educacional,Moderado,-6.82
2986,3171501,Mathias Lobato,MG,Sudeste,51.56,67.61,60.84,3038.0,0.7335,0.2665,Risco educacional,Moderado,6.77
2987,2509503,Montadas,PB,Nordeste,65.88,82.33,70.39,5812.0,0.7335,0.2665,Risco educacional,Moderado,11.94
2988,3156809,Sabinópolis,MG,Sudeste,40.58,60.64,53.09,14240.0,0.7335,0.2665,Risco educacional,Moderado,7.55
2989,3160207,Santo Antônio do Itambé,MG,Sudeste,46.96,47.84,57.67,3915.0,0.7335,0.2665,Risco educacional,Moderado,-9.83
2990,3106903,Bicas,MG,Sudeste,45.18,70.71,56.41,13978.0,0.7335,0.2665,Risco educacional,Moderado,14.3
2991,3550803,São Sebastião da Grama,SP,Sudeste,64.77,68.66,69.66,10441.0,0.7335,0.2665,Risco educacional,Moderado,-1.0
2992,2606507,Iati,PE,Nordeste,66.34,82.26,70.7,17165.0,0.7335,0.2665,Risco educacional,Moderado,11.56
2993,3165552,Setubinha,MG,Sudeste,48.72,60.0,58.89,9917.0,0.7335,0.2665,Risco educacional,Moderado,1.11
2994,5105176,Juruena,MT,Centro-Oeste,59.71,73.66,66.31,10213.0,0.7335,0.2665,Risco educacional,Moderado,7.35
2995,3115458,Catuji,MG,Sudeste,35.9,66.72,49.55,7030.0,0.7335,0.2665,Risco educacional,Moderado,17.17
2996,2615508,Tracunhaém,PE,Nordeste,59.32,73.31,66.05,13867.0,0.7335,0.2665,Risco educacional,Moderado,7.26
2997,5102850,Castanheira,MT,Centro-Oeste,63.1,64.87,68.55,7506.0,0.7335,0.2665,Risco educacional,Moderado,-3.68
2998,4109500,Guaraqueçaba,PR,Sul,70.13,57.18,73.22,7430.0,0.7335,0.2665,Risco educacional,Moderado,-16.04
2999,4209607,Lauro Müller,SC,Sul,63.3,72.59,68.69,14381.0,0.7335,0.2665,Risco educacional,Moderado,3.9
3000,3103405,Araçuaí,MG,Sudeste,44.27,50.75,55.77,34297.0,0.7355,0.2645,Risco educacional,Moderado,-5.02
3001,3122108,Divino das Laranjeiras,MG,Sudeste,41.39,85.71,53.68,4178.0,0.7382,0.2618,Risco educacional,Moderado,32.03
3002,2509008,Manaíra,PB,Nordeste,91.08,50.66,80.0,10434.0,0.739,0.261,Risco educacional,Moderado,-29.34
3003,4214102,Presidente Nereu,SC,Sul,51.67,58.33,60.92,2301.0,0.7392,0.2608,Risco educacional,Moderado,-2.59
3004,2604007,Carpina,PE,Nordeste,65.28,59.18,70.0,79293.0,0.7392,0.2608,Risco educacional,Moderado,-10.82
3005,3116100,Chapada do Norte,MG,Sudeste,41.12,66.15,53.49,10337.0,0.7398,0.2602,Risco educacional,Moderado,12.66
3006,2206407,Monsenhor Gil,PI,Nordeste,60.33,42.48,66.72,10255.0,0.74,0.26,Risco educacional,Moderado,-24.24
3007,4211405,Nova Erechim,SC,Sul,69.15,72.86,72.56,5155.0,0.7403,0.2597,Risco educacional,Moderado,0.3
3008,4213203,Pomerode,SC,Sul,63.17,70.85,68.6,34289.0,0.7403,0.2597,Risco educacional,Moderado,2.25
3009,2201606,Beneditinos,PI,Nordeste,77.58,68.49,78.29,9929.0,0.7403,0.2597,Risco educacional,Moderado,-9.8
3010,3509403,Cajuru,SP,Sudeste,71.78,54.99,74.32,23830.0,0.7403,0.2597,Risco educacional,Moderado,-19.33
3011,2512788,Riacho de Santo Antônio,PB,Nordeste,78.57,55.56,78.99,1955.0,0.7404,0.2596,Risco educacional,Moderado,-23.43
3012,4215687,Santa Terezinha do Progresso,SC,Sul,54.12,95.83,62.58,2576.0,0.7406,0.2594,Risco educacional,Moderado,33.25
3013,5008008,Terenos,MS,Centro-Oeste,60.42,47.09,66.78,17652.0,0.7416,0.2584,Risco educacional,Moderado,-19.69
3014,3507704,Braúna,SP,Sudeste,93.87,73.18,80.0,5356.0,0.742,0.258,Risco educacional,Moderado,-6.82
3015,2202554,Caridade do Piauí,PI,Nordeste,61.42,58.14,67.44,5033.0,0.744,0.256,Risco educacional,Moderado,-9.3
3016,5101605,Barão de Melgaço,MT,Centro-Oeste,60.04,41.67,66.53,7253.0,0.744,0.256,Risco educacional,Moderado,-24.86
3017,4319372,São Pedro do Butiá,RS,Sul,85.71,64.3,80.0,3070.0,0.7441,0.2559,Risco educacional,Moderado,-15.7
3018,2608305,Jupi,PE,Nordeste,60.68,68.61,66.95,15329.0,0.7456,0.2544,Risco educacional,Moderado,1.66
3019,4209805,Leoberto Leal,SC,Sul,75.0,62.5,76.51,3330.0,0.7456,0.2544,Risco educacional,Moderado,-14.01
3020,3504404,Avanhandava,SP,Sudeste,70.93,77.37,73.75,11263.0,0.7458,0.2542,Risco educacional,Moderado,3.62
3021,1100338,Nova Mamoré,RO,Norte,63.02,45.3,68.5,25444.0,0.7483,0.2517,Risco educacional,Moderado,-23.2
3022,1711100,Itaporã do Tocantins,TO,Norte,64.16,24.0,69.25,2404.0,0.7487,0.2513,Risco educacional,Moderado,-45.25
3023,4316204,Rondinha,RS,Sul,87.52,75.3,80.0,4991.0,0.7487,0.2513,Risco educacional,Moderado,-4.7
3024,3110509,Camanducaia,MG,Sudeste,54.64,58.56,62.93,26097.0,0.7506,0.2494,Risco educacional,Baixo,-4.37
3025,2609204,Maraial,PE,Nordeste,69.2,58.48,72.6,9359.0,0.751,0.249,Risco educacional,Baixo,-14.12
3026,2511509,Pilar,PB,Nordeste,73.41,38.07,75.43,12311.0,0.7518,0.2482,Risco educacional,Baixo,-37.36
3027,3162450,São João das Missões,MG,Sudeste,40.91,33.42,53.33,13024.0,0.7521,0.2479,Risco educacional,Baixo,-19.91
3028,3166709,Serra dos Aimorés,MG,Sudeste,51.8,65.83,61.01,6944.0,0.7521,0.2479,Risco educacional,Baixo,4.82
3029,2616506,Xexéu,PE,Nordeste,62.65,81.33,68.26,11611.0,0.7521,0.2479,Risco educacional,Baixo,13.07
3030,2513968,São Domingos,PB,Nordeste,83.33,54.55,80.0,2595.0,0.7521,0.2479,Risco educacional,Baixo,-25.45
3031,2611200,Poção,PE,Nordeste,62.55,64.18,68.19,10500.0,0.7521,0.2479,Risco educacional,Baixo,-4.01
3032,2111409,São Luís Gonzaga do Maranhão,MA,Nordeste,74.81,70.44,76.38,17818.0,0.7521,0.2479,Risco educacional,Baixo,-5.94
3033,2210201,São José do Piauí,PI,Nordeste,93.83,97.06,80.0,6597.0,0.7522,0.2478,Risco educacional,Baixo,17.06
3034,4210050,Macieira,SC,Sul,80.0,56.25,80.0,1778.0,0.7527,0.2473,Risco educacional,Baixo,-23.75
3035,5200258,Águas Lindas de Goiás,GO,Centro-Oeste,48.9,53.9,59.02,225693.0,0.7527,0.2473,Risco educacional,Baixo,-5.12
3036,4107124,Diamante do Sul,PR,Sul,69.4,83.28,72.73,3171.0,0.7535,0.2465,Risco educacional,Baixo,10.55
3037,4121000,Querência do Norte,PR,Sul,45.28,50.32,56.48,10685.0,0.7535,0.2465,Risco educacional,Baixo,-6.16
3038,4202206,Benedito Novo,SC,Sul,61.4,71.71,67.43,10520.0,0.7535,0.2465,Risco educacional,Baixo,4.28
3039,3521507,Irapuã,SP,Sudeste,69.58,76.62,72.85,6867.0,0.7535,0.2465,Risco educacional,Baixo,3.77
3040,3517604,Guapiara,SP,Sudeste,66.94,60.31,71.09,17071.0,0.7535,0.2465,Risco educacional,Baixo,-10.78
3041,3167202,Sete Lagoas,MG,Sudeste,53.59,60.35,62.22,227397.0,0.7535,0.2465,Risco educacional,Baixo,-1.87
3042,2207850,Pavussu,PI,Nordeste,66.32,90.0,70.68,3628.0,0.7535,0.2465,Risco educacional,Baixo,19.32
3043,3541703,Quatá,SP,Sudeste,66.25,68.43,70.64,13163.0,0.7535,0.2465,Risco educacional,Baixo,-2.21
3044,2210391,São Miguel do Fidalgo,PI,Nordeste,55.79,64.42,63.7,2829.0,0.7535,0.2465,Risco educacional,Baixo,0.72
3045,2103257,Cidelândia,MA,Nordeste,66.44,86.24,70.76,12878.0,0.7535,0.2465,Risco educacional,Baixo,15.48
3046,2613602,São José do Egito,PE,Nordeste,67.52,73.38,71.48,31004.0,0.7535,0.2465,Risco educacional,Baixo,1.9
3047,4109609,Guaratuba,PR,Sul,67.35,66.9,71.37,42062.0,0.7535,0.2465,Risco educacional,Baixo,-4.47
3048,4302204,Boa Vista do Buricá,RS,Sul,81.93,74.0,80.0,6966.0,0.7535,0.2465,Risco educacional,Baixo,-6.0
3049,3168606,Teófilo Otoni,MG,Sudeste,50.75,67.28,60.29,137418.0,0.7535,0.2465,Risco educacional,Baixo,6.99
3050,3522604,Itapira,SP,Sudeste,60.48,62.18,66.82,72022.0,0.7535,0.2465,Risco educacional,Baixo,-4.64
3051,3553104,Taiaçu,SP,Sudeste,67.19,38.71,71.26,5677.0,0.7535,0.2465,Risco educacional,Baixo,-32.55
3052,3531308,Monte Alto,SP,Sudeste,67.07,59.0,71.18,47574.0,0.7535,0.2465,Risco educacional,Baixo,-12.18
3053,3103504,Araguari,MG,Sudeste,47.93,64.76,58.34,117808.0,0.7535,0.2465,Risco educacional,Baixo,6.42
3054,3302205,Itaperuna,RJ,Sudeste,68.63,65.26,72.22,101041.0,0.7535,0.2465,Risco educacional,Baixo,-6.96
3055,3157807,Santa Luzia,MG,Sudeste,51.5,72.16,60.8,219132.0,0.7535,0.2465,Risco educacional,Baixo,11.36
3056,2607406,Itacuruba,PE,Nordeste,64.79,48.57,69.67,4284.0,0.7535,0.2465,Risco educacional,Baixo,-21.1
3057,2204154,Francisco Macedo,PI,Nordeste,59.38,95.24,66.09,2929.0,0.7535,0.2465,Risco educacional,Baixo,29.15
3058,3538501,Piquete,SP,Sudeste,65.49,69.56,70.13,12490.0,0.7535,0.2465,Risco educacional,Baixo,-0.57
3059,3502705,Apiaí,SP,Sudeste,68.43,88.38,72.08,24585.0,0.7535,0.2465,Risco educacional,Baixo,16.3
3060,2210979,Tanque do Piauí,PI,Nordeste,58.33,50.0,65.39,2316.0,0.7535,0.2465,Risco educacional,Baixo,-15.39
3061,3501004,Altinópolis,SP,Sudeste,68.51,67.78,72.14,16818.0,0.7535,0.2465,Risco educacional,Baixo,-4.36
3062,3504206,Auriflama,SP,Sudeste,68.6,77.87,72.2,13692.0,0.7535,0.2465,Risco educacional,Baixo,5.67
3063,4215455,Sangão,SC,Sul,69.26,68.6,72.64,12882.0,0.7535,0.2465,Risco educacional,Baixo,-4.04
3064,3126604,Francisco Dumont,MG,Sudeste,31.48,37.5,46.02,4503.0,0.7535,0.2465,Risco educacional,Baixo,-8.52
3065,3535200,Palmeira d'Oeste,SP,Sudeste,67.6,83.91,71.53,8903.0,0.7535,0.2465,Risco educacional,Baixo,12.38
3066,3529500,Mendonça,SP,Sudeste,69.95,77.56,73.1,6159.0,0.7535,0.2465,Risco educacional,Baixo,4.46
3067,3129905,Ibitiúra de Minas,MG,Sudeste,38.1,78.04,51.24,3365.0,0.7535,0.2465,Risco educacional,Baixo,26.8
3068,5105234,Lambari D'Oeste,MT,Centro-Oeste,87.13,51.5,80.0,4790.0,0.7536,0.2464,Risco educacional,Baixo,-28.5
3069,3518602,Guariba,SP,Sudeste,69.71,78.67,72.94,37498.0,0.7558,0.2442,Risco educacional,Baixo,5.73
3070,4216909,São Lourenço do Oeste,SC,Sul,71.41,71.25,74.08,24791.0,0.756,0.244,Risco educacional,Baixo,-2.83
3071,1100049,Cacoal,RO,Norte,62.51,65.81,68.16,86887.0,0.7564,0.2436,Risco educacional,Baixo,-2.35
3072,2513505,Santana de Mangueira,PB,Nordeste,81.58,100.0,80.0,5010.0,0.7588,0.2412,Risco educacional,Baixo,20.0
3073,4216404,São João do Sul,SC,Sul,77.85,76.69,77.27,8668.0,0.7588,0.2412,Risco educacional,Baixo,-0.58
3074,3107505,Bom Jardim de Minas,MG,Sudeste,47.71,60.13,58.19,6783.0,0.7588,0.2412,Risco educacional,Baixo,1.94
3075,3511300,Cedral,SP,Sudeste,72.92,55.73,75.09,12618.0,0.7588,0.2412,Risco educacional,Baixo,-19.36
3076,3129657,Ibiracatu,MG,Sudeste,64.3,37.74,69.35,5081.0,0.7588,0.2412,Risco educacional,Baixo,-31.61
3077,3146909,Papagaios,MG,Sudeste,47.1,88.48,57.77,13920.0,0.7588,0.2412,Risco educacional,Baixo,30.71
3078,3556354,Vargem,SP,Sudeste,74.45,65.34,76.13,10512.0,0.7588,0.2412,Risco educacional,Baixo,-10.79
3079,3130507,Ilicínea,MG,Sudeste,45.97,65.15,56.97,12741.0,0.7588,0.2412,Risco educacional,Baixo,8.18
3080,1300102,Anori,AM,Norte,75.99,77.45,77.19,17194.0,0.7594,0.2406,Risco educacional,Baixo,0.26
3081,5105606,Matupá,MT,Centro-Oeste,65.6,52.57,70.21,20091.0,0.7603,0.2397,Risco educacional,Baixo,-17.64
3082,4209201,Lacerdópolis,SC,Sul,70.0,75.0,73.13,2248.0,0.7603,0.2397,Risco educacional,Baixo,1.87
3083,2206605,Monte Alegre do Piauí,PI,Nordeste,67.16,57.85,71.24,10660.0,0.7603,0.2397,Risco educacional,Baixo,-13.39
3084,2208650,Queimada Nova,PI,Nordeste,60.22,67.42,66.65,8738.0,0.7603,0.2397,Risco educacional,Baixo,0.77
3085,4203303,Campo Alegre,SC,Sul,66.48,59.82,70.79,12501.0,0.7603,0.2397,Risco educacional,Baixo,-10.97
3086,2613305,São Joaquim do Monte,PE,Nordeste,68.5,72.13,72.13,20037.0,0.7603,0.2397,Risco educacional,Baixo,0.0
3087,2201705,Bertolínia,PI,Nordeste,59.48,43.42,66.16,5562.0,0.7603,0.2397,Risco educacional,Baixo,-22.74
3088,5107065,Querência,MT,Centro-Oeste,57.84,74.18,65.07,26769.0,0.7603,0.2397,Risco educacional,Baixo,9.11
3089,4219705,Xaxim,SC,Sul,66.61,59.5,70.88,31918.0,0.7603,0.2397,Risco educacional,Baixo,-11.38
3090,3170701,Varginha,MG,Sudeste,50.68,71.53,60.24,136467.0,0.7603,0.2397,Risco educacional,Baixo,11.29
3091,4200408,Água Doce,SC,Sul,64.75,72.41,69.64,6508.0,0.7603,0.2397,Risco educacional,Baixo,2.77
3092,4213807,Praia Grande,SC,Sul,65.61,69.36,70.21,8270.0,0.7603,0.2397,Risco educacional,Baixo,-0.85
3093,4208500,Ituporanga,SC,Sul,64.17,77.25,69.26,26525.0,0.7603,0.2397,Risco educacional,Baixo,7.99
3094,3515202,Estrela d'Oeste,SP,Sudeste,53.96,58.91,62.47,9417.0,0.7603,0.2397,Risco educacional,Baixo,-3.56
3095,4205506,Fraiburgo,SC,Sul,66.55,77.72,70.84,33481.0,0.7603,0.2397,Risco educacional,Baixo,6.88
3096,4211207,Morro da Fumaça,SC,Sul,68.02,68.09,71.81,18537.0,0.7603,0.2397,Risco educacional,Baixo,-3.72
3097,4211702,Orleans,SC,Sul,65.83,68.14,70.36,23661.0,0.7603,0.2397,Risco educacional,Baixo,-2.22
3098,3512506,Coroados,SP,Sudeste,69.43,72.95,72.75,5400.0,0.7603,0.2397,Risco educacional,Baixo,0.2
3099,3156700,Sabará,MG,Sudeste,57.15,71.68,64.61,129380.0,0.7603,0.2397,Risco educacional,Baixo,7.07
3100,4202859,Braço do Trombudo,SC,Sul,62.17,64.21,67.94,4026.0,0.7603,0.2397,Risco educacional,Baixo,-3.73
3101,2609709,Orobó,PE,Nordeste,61.24,91.54,67.32,21808.0,0.7603,0.2397,Risco educacional,Baixo,24.22
3102,4215505,Santa Cecília,SC,Sul,66.38,57.41,70.72,15546.0,0.7603,0.2397,Risco educacional,Baixo,-13.31
3103,4206900,Ibirama,SC,Sul,67.48,71.81,71.45,19862.0,0.7603,0.2397,Risco educacional,Baixo,0.36
3104,1715150,Novo Alegre,TO,Norte,71.67,70.33,74.25,1846.0,0.7603,0.2397,Risco educacional,Baixo,-3.92
3105,3539608,Planalto,SP,Sudeste,74.51,83.68,76.17,4389.0,0.7604,0.2396,Risco educacional,Baixo,7.51
3106,2604809,Cortês,PE,Nordeste,61.81,70.4,67.7,10198.0,0.7625,0.2375,Risco educacional,Baixo,2.7
3107,1100403,Alto Paraíso,RO,Norte,61.53,60.45,67.51,16320.0,0.7632,0.2368,Risco educacional,Baixo,-7.06
3108,2100956,Arame,MA,Nordeste,76.25,74.44,77.37,25517.0,0.7632,0.2368,Risco educacional,Baixo,-2.93
3109,3134707,Jacinto,MG,Sudeste,45.37,55.44,56.55,11042.0,0.7633,0.2367,Risco educacional,Baixo,-1.11
3110,2200459,Alvorada do Gurguéia,PI,Nordeste,68.36,41.74,72.04,5322.0,0.7642,0.2358,Risco educacional,Baixo,-30.3
3111,2108900,Poção de Pedras,MA,Nordeste,89.32,77.27,80.0,17161.0,0.7645,0.2355,Risco educacional,Baixo,-2.73
3112,3136009,Joaíma,MG,Sudeste,43.01,64.1,54.86,13888.0,0.7645,0.2355,Risco educacional,Baixo,9.24
3113,3305307,São Sebastião do Alto,RJ,Sudeste,63.7,49.68,68.95,7750.0,0.7646,0.2354,Risco educacional,Baixo,-19.27
3114,3162922,São Joaquim de Bicas,MG,Sudeste,48.19,82.15,58.52,34348.0,0.7655,0.2345,Risco educacional,Baixo,23.63
3115,1101484,São Felipe D'Oeste,RO,Norte,53.34,78.36,62.05,5258.0,0.7659,0.2341,Risco educacional,Baixo,16.31
3116,3107406,Bom Despacho,MG,Sudeste,42.86,65.88,54.75,51737.0,0.766,0.234,Risco educacional,Baixo,11.13
3117,3124104,Esmeraldas,MG,Sudeste,50.73,67.38,60.28,85598.0,0.766,0.234,Risco educacional,Baixo,7.1
3118,2511004,Pedra Branca,PB,Nordeste,95.61,69.89,80.0,3739.0,0.766,0.234,Risco educacional,Baixo,-10.11
3119,3143450,Montezuma,MG,Sudeste,54.21,88.98,62.64,6888.0,0.7669,0.2331,Risco educacional,Baixo,26.34
3120,3531506,Monte Azul Paulista,SP,Sudeste,72.91,55.38,75.09,18151.0,0.7675,0.2325,Risco educacional,Baixo,-19.71
3121,3136603,Nova União,MG,Sudeste,47.99,92.79,58.39,5909.0,0.7693,0.2307,Risco educacional,Baixo,34.4
3122,5201405,Aparecida de Goiânia,GO,Centro-Oeste,60.67,69.22,66.95,527796.0,0.7706,0.2294,Dentro do patamar,Baixo,2.27
3123,5220454,Senador Canedo,GO,Centro-Oeste,48.52,60.34,58.75,155635.0,0.7706,0.2294,Dentro do patamar,Baixo,1.59
3124,3556958,Vitória Brasil,SP,Sudeste,66.67,100.0,70.92,1794.0,0.7707,0.2293,Dentro do patamar,Baixo,29.08
3125,3502606,Aparecida d'Oeste,SP,Sudeste,67.1,86.16,71.2,4086.0,0.7707,0.2293,Dentro do patamar,Baixo,14.96
3126,2506707,Imaculada,PB,Nordeste,67.14,39.64,71.23,10392.0,0.7707,0.2293,Dentro do patamar,Baixo,-31.59
3127,3548609,São Bento do Sapucaí,SP,Sudeste,61.94,57.89,67.79,11674.0,0.7707,0.2293,Dentro do patamar,Baixo,-9.9
3128,3508108,Buritama,SP,Sudeste,64.02,67.83,69.16,17210.0,0.7707,0.2293,Dentro do patamar,Baixo,-1.33
3129,4309803,Ibiaçá,RS,Sul,70.33,61.8,73.35,4527.0,0.7707,0.2293,Dentro do patamar,Baixo,-11.55
3130,3554409,Terra Roxa,SP,Sudeste,67.21,74.29,71.27,7904.0,0.7707,0.2293,Dentro do patamar,Baixo,3.02
3131,3502408,Anhumas,SP,Sudeste,66.98,57.39,71.12,4023.0,0.7707,0.2293,Dentro do patamar,Baixo,-13.73
3132,3536406,Paulicéia,SP,Sudeste,67.24,75.86,71.29,7955.0,0.7707,0.2293,Dentro do patamar,Baixo,4.57
3133,3119104,Corinto,MG,Sudeste,40.03,85.75,52.68,23532.0,0.771,0.229,Dentro do patamar,Baixo,33.07
3134,2204006,Francinópolis,PI,Nordeste,77.97,84.21,78.56,4505.0,0.7713,0.2287,Dentro do patamar,Baixo,5.65
3135,3134004,Itinga,MG,Sudeste,52.26,64.84,61.32,13745.0,0.7721,0.2279,Dentro do patamar,Baixo,3.52
3136,3301603,Duas Barras,RJ,Sudeste,57.85,65.4,65.07,10980.0,0.7721,0.2279,Dentro do patamar,Baixo,0.33
3137,3170107,Uberaba,MG,Sudeste,45.77,57.68,56.83,337836.0,0.7721,0.2279,Dentro do patamar,Baixo,0.85
3138,3552700,Tabatinga,SP,Sudeste,62.43,62.83,68.11,14769.0,0.7721,0.2279,Dentro do patamar,Baixo,-5.28
3139,3112406,Capetinga,MG,Sudeste,54.82,79.03,,6562.0,0.7721,0.2279,Dentro do patamar,Baixo,
3140,3132107,Itacarambi,MG,Sudeste,49.49,72.78,59.42,17208.0,0.7721,0.2279,Dentro do patamar,Baixo,13.36
3141,3146305,Padre Paraíso,MG,Sudeste,48.95,48.96,59.05,17334.0,0.7721,0.2279,Dentro do patamar,Baixo,-10.09
3142,3150570,Pintópolis,MG,Sudeste,47.97,64.82,58.37,7084.0,0.7721,0.2279,Dentro do patamar,Baixo,6.45
3143,4200051,Abdon Batista,SC,Sul,72.06,77.08,74.51,2598.0,0.7745,0.2255,Dentro do patamar,Baixo,2.57
3144,3550001,São Luiz do Paraitinga,SP,Sudeste,73.42,59.66,75.43,10337.0,0.7752,0.2248,Dentro do patamar,Baixo,-15.77
3145,1100056,Cerejeiras,RO,Norte,58.53,66.81,65.53,15890.0,0.7755,0.2245,Dentro do patamar,Baixo,1.28
3146,1101609,Theobroma,RO,Norte,50.7,78.73,60.25,8113.0,0.7755,0.2245,Dentro do patamar,Baixo,18.48
3147,5008305,Três Lagoas,MS,Centro-Oeste,69.86,82.99,73.04,132152.0,0.7755,0.2245,Dentro do patamar,Baixo,9.95
3148,3505906,Batatais,SP,Sudeste,60.92,55.68,67.11,58402.0,0.7774,0.2226,Dentro do patamar,Baixo,-11.43
3149,2210706,Simões,PI,Nordeste,68.51,86.03,72.14,14350.0,0.7774,0.2226,Dentro do patamar,Baixo,13.89
3150,4101804,Araucária,PR,Sul,69.52,69.02,72.81,151666.0,0.7774,0.2226,Dentro do patamar,Baixo,-3.79
3151,4116208,Morretes,PR,Sul,68.42,59.7,72.08,18309.0,0.7774,0.2226,Dentro do patamar,Baixo,-12.38
3152,2205565,Lagoa do Barro do Piauí,PI,Nordeste,55.67,59.52,63.62,4995.0,0.7774,0.2226,Dentro do patamar,Baixo,-4.1
3153,2603009,Cabrobó,PE,Nordeste,68.25,61.21,71.96,30294.0,0.7774,0.2226,Dentro do patamar,Baixo,-10.75
3154,4117503,Paiçandu,PR,Sul,68.48,62.96,72.12,45962.0,0.7774,0.2226,Dentro do patamar,Baixo,-9.16
3155,2205359,João Costa,PI,Nordeste,51.05,97.14,60.49,2970.0,0.7774,0.2226,Dentro do patamar,Baixo,36.65
3156,2203206,Curimatá,PI,Nordeste,68.19,81.77,71.92,11270.0,0.7774,0.2226,Dentro do patamar,Baixo,9.85
3157,4200903,Angelina,SC,Sul,88.41,90.0,80.0,5358.0,0.7774,0.2226,Dentro do patamar,Baixo,10.0
3158,4105102,Centenário do Sul,PR,Sul,54.26,74.15,62.67,10832.0,0.7774,0.2226,Dentro do patamar,Baixo,11.48
3159,3503604,Areiópolis,SP,Sudeste,72.32,75.02,74.69,10130.0,0.7788,0.2212,Dentro do patamar,Baixo,0.33
3160,3123700,Engenheiro Caldas,MG,Sudeste,58.22,63.03,65.32,13622.0,0.7788,0.2212,Dentro do patamar,Baixo,-2.29
3161,3142106,Miradouro,MG,Sudeste,47.26,75.29,57.88,8968.0,0.7788,0.2212,Dentro do patamar,Baixo,17.41
3162,4122909,Salto do Itararé,PR,Sul,64.52,73.64,69.49,5192.0,0.7788,0.2212,Dentro do patamar,Baixo,4.15
3163,3542701,Restinga,SP,Sudeste,70.28,55.18,73.32,6404.0,0.7788,0.2212,Dentro do patamar,Baixo,-18.14
3164,3303856,Paty do Alferes,RJ,Sudeste,66.48,75.96,70.79,29619.0,0.7788,0.2212,Dentro do patamar,Baixo,5.17
3165,2610103,Palmeirina,PE,Nordeste,60.56,59.45,66.87,7031.0,0.7788,0.2212,Dentro do patamar,Baixo,-7.42
3166,2601003,Angelim,PE,Nordeste,62.05,62.41,67.86,10241.0,0.7788,0.2212,Dentro do patamar,Baixo,-5.45
3167,3519808,Icém,SP,Sudeste,73.35,81.32,75.39,7819.0,0.7788,0.2212,Dentro do patamar,Baixo,5.93
3168,3540408,Populina,SP,Sudeste,77.91,79.69,78.52,4127.0,0.7788,0.2212,Dentro do patamar,Baixo,1.17
3169,3500758,Alambari,SP,Sudeste,71.59,61.45,74.2,6141.0,0.7788,0.2212,Dentro do patamar,Baixo,-12.75
3170,3514205,Dolcinópolis,SP,Sudeste,76.62,65.38,77.62,2207.0,0.7788,0.2212,Dentro do patamar,Baixo,-12.24
3171,2615201,Terra Nova,PE,Nordeste,62.03,71.07,67.85,8920.0,0.7788,0.2212,Dentro do patamar,Baixo,3.22
3172,3145059,Nova Porteirinha,MG,Sudeste,41.56,51.93,53.81,6706.0,0.7788,0.2212,Dentro do patamar,Baixo,-1.88
3173,3121902,Divinésia,MG,Sudeste,43.0,75.0,54.85,4226.0,0.7788,0.2212,Dentro do patamar,Baixo,20.15
3174,3139607,Mantena,MG,Sudeste,49.94,71.17,59.73,26535.0,0.7788,0.2212,Dentro do patamar,Baixo,11.44
3175,3302106,Itaocara,RJ,Sudeste,65.31,70.09,70.01,22919.0,0.7788,0.2212,Dentro do patamar,Baixo,0.08
3176,3130101,Igarapé,MG,Sudeste,51.87,73.84,61.05,45847.0,0.7788,0.2212,Dentro do patamar,Baixo,12.79
3177,3133204,Itanhomi,MG,Sudeste,41.07,85.64,53.45,11128.0,0.7788,0.2212,Dentro do patamar,Baixo,32.19
3178,4305405,Chiapetta,RS,Sul,78.57,84.6,78.99,3913.0,0.7799,0.2201,Dentro do patamar,Baixo,5.61
3179,5008404,Vicentina,MS,Centro-Oeste,65.38,53.73,70.06,6336.0,0.7804,0.2196,Dentro do patamar,Baixo,-16.33
3180,4310900,Jacutinga,RS,Sul,84.62,61.9,80.0,3338.0,0.7804,0.2196,Dentro do patamar,Baixo,-18.1
3181,2109403,Primeira Cruz,MA,Nordeste,75.54,68.97,76.88,13614.0,0.7826,0.2174,Dentro do patamar,Baixo,-7.91
3182,4205555,Frei Rogério,SC,Sul,65.71,94.95,,2411.0,0.7831,0.2169,Dentro do patamar,Baixo,
3183,3133303,Itaobim,MG,Sudeste,49.69,49.62,59.56,19151.0,0.7845,0.2155,Dentro do patamar,Baixo,-9.94
3184,4207007,Içara,SC,Sul,69.76,69.72,72.97,59035.0,0.7851,0.2149,Dentro do patamar,Baixo,-3.25
3185,4219176,Vargem Bonita,SC,Sul,64.24,67.69,69.31,4576.0,0.7861,0.2139,Dentro do patamar,Baixo,-1.62
3186,3305703,Sumidouro,RJ,Sudeste,61.17,75.43,76.25,15206.0,0.7866,0.2134,Dentro do patamar,Baixo,-0.82
3187,3520707,Indiaporã,SP,Sudeste,67.57,78.96,71.51,4035.0,0.7871,0.2129,Dentro do patamar,Baixo,7.45
3188,3533809,Óleo,SP,Sudeste,57.14,70.0,64.6,2512.0,0.7871,0.2129,Dentro do patamar,Baixo,5.4
3189,3127701,Governador Valadares,MG,Sudeste,52.06,68.07,61.18,257171.0,0.7874,0.2126,Dentro do patamar,Baixo,6.89
3190,3546207,Santa Cruz da Conceição,SP,Sudeste,66.58,73.36,70.86,4277.0,0.7874,0.2126,Dentro do patamar,Baixo,2.5
3191,4126702,Tamboara,PR,Sul,47.6,46.83,58.11,4880.0,0.7879,0.2121,Dentro do patamar,Baixo,-11.28
3192,3117009,Comercinho,MG,Sudeste,58.27,68.38,65.35,6660.0,0.7889,0.2111,Dentro do patamar,Baixo,3.03
3193,3157658,Santa Helena de Minas,MG,Sudeste,59.32,90.81,66.05,5938.0,0.7889,0.2111,Dentro do patamar,Baixo,24.76
3194,4305702,Condor,RS,Sul,81.15,58.0,80.0,6406.0,0.7892,0.2108,Dentro do patamar,Baixo,-22.0
3195,2103752,Davinópolis,MA,Nordeste,66.75,69.82,70.97,14404.0,0.7892,0.2108,Dentro do patamar,Baixo,-1.15
3196,3171204,Vespasiano,MG,Sudeste,54.07,70.35,62.54,129246.0,0.7899,0.2101,Dentro do patamar,Baixo,7.81
3197,5106752,Pontes e Lacerda,MT,Centro-Oeste,65.94,66.49,71.81,52018.0,0.7899,0.2101,Dentro do patamar,Baixo,-5.32
3198,5101803,Barra do Garças,MT,Centro-Oeste,61.17,68.34,67.28,69210.0,0.7899,0.2101,Dentro do patamar,Baixo,1.06
3199,3518008,Guarani d'Oeste,SP,Sudeste,94.12,57.14,80.0,1968.0,0.7899,0.2101,Dentro do patamar,Baixo,-22.86
3200,3542404,Regente Feijó,SP,Sudeste,77.73,61.09,78.4,20145.0,0.7913,0.2087,Dentro do patamar,Baixo,-17.31
3201,2106359,Marajá do Sena,MA,Nordeste,83.33,39.77,80.0,7027.0,0.7913,0.2087,Dentro do patamar,Baixo,-40.23
3202,3158508,Santana de Pirapama,MG,Sudeste,44.58,64.47,55.99,7030.0,0.7913,0.2087,Dentro do patamar,Baixo,8.48
3203,2107704,Paraibano,MA,Nordeste,78.85,74.65,79.18,18274.0,0.7913,0.2087,Dentro do patamar,Baixo,-4.53
3204,2105948,Lago dos Rodrigues,MA,Nordeste,88.14,92.3,80.0,8758.0,0.7913,0.2087,Dentro do patamar,Baixo,12.3
3205,3515350,Euclides da Cunha Paulista,SP,Sudeste,75.97,69.86,77.18,7924.0,0.7913,0.2087,Dentro do patamar,Baixo,-7.32
3206,3122454,Divisópolis,MG,Sudeste,42.46,72.43,54.46,10213.0,0.7913,0.2087,Dentro do patamar,Baixo,17.97
3207,2108108,Paulo Ramos,MA,Nordeste,76.26,90.57,77.38,20341.0,0.7913,0.2087,Dentro do patamar,Baixo,13.19
3208,3538204,Pinhalzinho,SP,Sudeste,78.11,78.79,78.66,15224.0,0.7913,0.2087,Dentro do patamar,Baixo,0.13
3209,3144656,Ninheira,MG,Sudeste,49.26,77.17,59.27,10588.0,0.7913,0.2087,Dentro do patamar,Baixo,17.9
3210,2516508,Taperoá,PB,Nordeste,78.33,90.59,78.82,14068.0,0.7913,0.2087,Dentro do patamar,Baixo,11.77
3211,2104503,Governador Archer,MA,Nordeste,88.98,78.21,80.0,10231.0,0.7913,0.2087,Dentro do patamar,Baixo,-1.79
3212,4115705,Matinhos,PR,Sul,70.38,63.15,73.39,39259.0,0.7913,0.2087,Dentro do patamar,Baixo,-10.24
3213,2104677,Governador Nunes Freire,MA,Nordeste,76.23,60.92,77.35,23128.0,0.7913,0.2087,Dentro do patamar,Baixo,-16.43
3214,3519402,Ibirá,SP,Sudeste,71.16,61.64,73.91,11690.0,0.7913,0.2087,Dentro do patamar,Baixo,-12.27
3215,2100709,Anajatuba,MA,Nordeste,72.8,41.33,75.01,25322.0,0.7913,0.2087,Dentro do patamar,Baixo,-33.68
3216,4218608,Trombudo Central,SC,Sul,68.13,63.31,71.89,7274.0,0.7921,0.2079,Dentro do patamar,Baixo,-8.58
3217,4210308,Major Vieira,SC,Sul,69.07,74.01,72.51,7425.0,0.7921,0.2079,Dentro do patamar,Baixo,1.5
3218,2208304,Piracuruca,PI,Nordeste,75.64,82.48,76.95,28846.0,0.7945,0.2055,Dentro do patamar,Baixo,5.53
3219,4119954,Pontal do Paraná,PR,Sul,71.19,61.28,73.93,30425.0,0.7945,0.2055,Dentro do patamar,Baixo,-12.65
3220,3539202,Pirapozinho,SP,Sudeste,75.08,69.44,76.56,25348.0,0.7945,0.2055,Dentro do patamar,Baixo,-7.12
3221,5106257,Nova Xavantina,MT,Centro-Oeste,71.61,45.12,74.21,24345.0,0.7945,0.2055,Dentro do patamar,Baixo,-29.09
3222,3514700,Echaporã,SP,Sudeste,77.86,95.07,78.49,6205.0,0.7945,0.2055,Dentro do patamar,Baixo,16.58
3223,1100023,Ariquemes,RO,Norte,62.3,65.62,68.02,96833.0,0.7948,0.2052,Dentro do patamar,Baixo,-2.4
3224,1100700,Campo Novo de Rondônia,RO,Norte,59.32,71.94,66.05,8844.0,0.7948,0.2052,Dentro do patamar,Baixo,5.89
3225,3304607,Santa Maria Madalena,RJ,Sudeste,64.53,65.02,69.5,10232.0,0.796,0.204,Dentro do patamar,Baixo,-4.48
3226,3523305,Itariri,SP,Sudeste,61.61,70.98,67.57,15528.0,0.796,0.204,Dentro do patamar,Baixo,3.41
3227,3517109,Glicério,SP,Sudeste,70.64,86.84,73.56,4138.0,0.796,0.204,Dentro do patamar,Baixo,13.28
3228,2200608,Angical do Piauí,PI,Nordeste,61.5,95.88,67.49,6827.0,0.796,0.204,Dentro do patamar,Baixo,28.39
3229,3169604,Tupaciguara,MG,Sudeste,39.03,58.34,51.94,25470.0,0.796,0.204,Dentro do patamar,Baixo,6.4
3230,3113800,Carmésia,MG,Sudeste,29.75,62.5,44.58,2605.0,0.796,0.204,Dentro do patamar,Baixo,17.92
3231,3109402,Buritizeiro,MG,Sudeste,37.7,62.63,50.93,23910.0,0.796,0.204,Dentro do patamar,Baixo,11.7
3232,3300159,Aperibé,RJ,Sudeste,59.34,68.41,66.06,11034.0,0.796,0.204,Dentro do patamar,Baixo,2.35
3233,3159308,Santa Rita de Jacutinga,MG,Sudeste,41.62,77.68,53.85,4755.0,0.796,0.204,Dentro do patamar,Baixo,23.83
3234,3144102,Muzambinho,MG,Sudeste,43.36,75.51,55.11,21891.0,0.796,0.204,Dentro do patamar,Baixo,20.4
3235,2208874,Ribeira do Piauí,PI,Nordeste,57.75,54.84,65.01,4055.0,0.796,0.204,Dentro do patamar,Baixo,-10.17
3236,3304508,Rio das Flores,RJ,Sudeste,59.69,67.73,66.3,8954.0,0.796,0.204,Dentro do patamar,Baixo,1.43
3237,2201556,Bela Vista do Piauí,PI,Nordeste,61.05,89.26,67.2,4091.0,0.796,0.204,Dentro do patamar,Baixo,22.06
3238,4200309,Agronômica,SC,Sul,75.87,70.41,,6055.0,0.796,0.204,Dentro do patamar,Baixo,
3239,2210953,Tamboril do Piauí,PI,Nordeste,68.75,65.11,72.3,2949.0,0.796,0.204,Dentro do patamar,Baixo,-7.19
3240,4108320,Francisco Alves,PR,Sul,68.71,80.22,72.27,8116.0,0.796,0.204,Dentro do patamar,Baixo,7.95
3241,3541604,Promissão,SP,Sudeste,67.37,79.12,71.38,35131.0,0.796,0.204,Dentro do patamar,Baixo,7.74
3242,4100103,Abatiá,PR,Sul,56.08,57.74,63.89,7241.0,0.796,0.204,Dentro do patamar,Baixo,-6.15
3243,3302254,Itatiaia,RJ,Sudeste,65.0,67.6,69.81,30908.0,0.796,0.204,Dentro do patamar,Baixo,-2.21
3244,4114708,Maria Helena,PR,Sul,64.7,49.96,69.61,5865.0,0.796,0.204,Dentro do patamar,Baixo,-19.65
3245,4124103,Santo Antônio da Platina,PR,Sul,60.4,55.04,66.77,44369.0,0.796,0.204,Dentro do patamar,Baixo,-11.73
3246,4112504,Jardim Alegre,PR,Sul,61.2,77.74,67.3,12004.0,0.796,0.204,Dentro do patamar,Baixo,10.44
3247,3205002,Serra,ES,Sudeste,59.07,57.12,65.88,520653.0,0.797,0.203,Dentro do patamar,Baixo,-8.76
3248,4216305,São João Batista,SC,Sul,74.94,70.77,,32687.0,0.7989,0.2011,Dentro do patamar,Baixo,
3249,4206306,Guabiruba,SC,Sul,70.17,73.93,73.24,24543.0,0.7992,0.2008,Dentro do patamar,Baixo,0.69
3250,3544251,Rosana,SP,Sudeste,59.53,78.64,66.19,17440.0,0.7992,0.2008,Dentro do patamar,Baixo,12.45
3251,4219200,Vidal Ramos,SC,Sul,73.28,83.76,75.34,6189.0,0.7992,0.2008,Dentro do patamar,Baixo,8.42
3252,3148707,Pedra Azul,MG,Sudeste,57.01,60.74,64.51,24410.0,0.7992,0.2008,Dentro do patamar,Baixo,-3.77
3253,1100064,Colorado do Oeste,RO,Norte,62.85,71.69,68.39,15663.0,0.7996,0.2004,Dentro do patamar,Baixo,3.3
3254,2509156,Marizópolis,PB,Nordeste,100.0,98.16,80.0,6705.0,0.7996,0.2004,Dentro do patamar,Baixo,18.16
3255,3547106,Santa Mercedes,SP,Sudeste,95.59,81.08,80.0,2956.0,0.7996,0.2004,Dentro do patamar,Baixo,1.08
3256,1100072,Corumbiara,RO,Norte,58.2,72.68,65.31,7519.0,0.7996,0.2004,Dentro do patamar,Baixo,7.37
3257,1101435,Nova União,RO,Norte,60.65,70.92,66.93,6200.0,0.7996,0.2004,Dentro do patamar,Baixo,3.99
3258,3545704,Santa Albertina,SP,Sudeste,65.6,58.21,70.21,6393.0,0.7997,0.2003,Dentro do patamar,Baixo,-12.0
3259,3550506,São Pedro do Turvo,SP,Sudeste,69.21,71.42,72.6,7217.0,0.7999,0.2001,Dentro do patamar,Baixo,-1.18
3260,2516904,Uiraúna,PB,Nordeste,98.05,44.45,80.0,14930.0,0.8003,0.1997,Dentro do patamar,Baixo,-35.55
3261,1100254,Presidente Médici,RO,Norte,62.41,71.14,68.1,19327.0,0.8013,0.1987,Dentro do patamar,Baixo,3.04
3262,5219753,Santo Antônio do Descoberto,GO,Centro-Oeste,42.71,53.64,54.64,72127.0,0.8016,0.1984,Dentro do patamar,Baixo,-1.0
3263,2108058,Paulino Neves,MA,Nordeste,64.86,68.89,69.72,17056.0,0.8017,0.1983,Dentro do patamar,Baixo,-0.83
3264,5105903,Nobres,MT,Centro-Oeste,56.94,60.61,64.47,15492.0,0.8017,0.1983,Dentro do patamar,Baixo,-3.86
3265,2207603,Parnaguá,PI,Nordeste,67.67,47.35,71.58,10103.0,0.8019,0.1981,Dentro do patamar,Baixo,-24.23
3266,1100015,Alta Floresta D'Oeste,RO,Norte,64.55,67.79,69.51,21494.0,0.8028,0.1972,Dentro do patamar,Baixo,-1.72
3267,4119301,Pinhão,PR,Sul,61.89,61.33,67.75,29886.0,0.8038,0.1962,Dentro do patamar,Baixo,-6.42
3268,4115101,Mariluz,PR,Sul,62.44,52.21,68.12,9847.0,0.8041,0.1959,Dentro do patamar,Baixo,-15.91
3269,2601805,Betânia,PE,Nordeste,70.45,76.97,73.43,11232.0,0.8046,0.1954,Dentro do patamar,Baixo,3.54
3270,1101468,Pimenteiras do Oeste,RO,Norte,54.77,57.63,63.01,2156.0,0.8046,0.1954,Dentro do patamar,Baixo,-5.38
3271,3303005,Miracema,RJ,Sudeste,67.56,69.51,71.51,26881.0,0.8053,0.1947,Dentro do patamar,Baixo,-2.0
3272,2502151,Boa Vista,PB,Nordeste,68.57,49.49,72.18,6377.0,0.8057,0.1943,Dentro do patamar,Baixo,-22.69
3273,4102802,Bela Vista do Paraíso,PR,Sul,61.05,54.88,67.2,14833.0,0.8057,0.1943,Dentro do patamar,Baixo,-12.32
3274,2205250,Jardim do Mulato,PI,Nordeste,58.33,77.0,65.39,4180.0,0.8057,0.1943,Dentro do patamar,Baixo,11.61
3275,3531605,Monte Castelo,SP,Sudeste,66.46,94.29,70.78,4222.0,0.8057,0.1943,Dentro do patamar,Baixo,23.51
3276,3304409,Rio Claro,RJ,Sudeste,65.58,65.54,70.19,17401.0,0.8057,0.1943,Dentro do patamar,Baixo,-4.65
3277,3306206,Vassouras,RJ,Sudeste,65.42,60.33,70.09,33976.0,0.8057,0.1943,Dentro do patamar,Baixo,-9.76
3278,4103206,Bom Sucesso,PR,Sul,53.53,72.9,62.18,6581.0,0.8057,0.1943,Dentro do patamar,Baixo,10.72
3279,3534500,Oscar Bressane,SP,Sudeste,68.23,88.17,71.95,2470.0,0.8057,0.1943,Dentro do patamar,Baixo,16.22
3280,3120151,Crisólita,MG,Sudeste,52.99,48.66,61.81,5265.0,0.806,0.194,Dentro do patamar,Baixo,-13.15
3281,3139409,Manhuaçu,MG,Sudeste,48.41,71.73,58.68,91886.0,0.8084,0.1916,Dentro do patamar,Baixo,13.05
3282,3112653,Capitão Andrade,MG,Sudeste,40.45,77.02,52.99,4585.0,0.8084,0.1916,Dentro do patamar,Baixo,24.03
3283,3527256,Lourdes,SP,Sudeste,74.02,72.22,75.84,1950.0,0.8084,0.1916,Dentro do patamar,Baixo,-3.62
3284,3120003,Córrego Novo,MG,Sudeste,46.69,62.81,57.48,2875.0,0.8084,0.1916,Dentro do patamar,Baixo,5.33
3285,2100204,Alcântara,MA,Nordeste,73.46,70.97,75.46,18467.0,0.8084,0.1916,Dentro do patamar,Baixo,-4.49
3286,3515301,Estrela do Norte,SP,Sudeste,72.99,89.26,75.14,2703.0,0.8084,0.1916,Dentro do patamar,Baixo,14.12
3287,3139805,Mar de Espanha,MG,Sudeste,54.82,49.4,63.05,12721.0,0.8084,0.1916,Dentro do patamar,Baixo,-13.65
3288,3141108,Matozinhos,MG,Sudeste,47.48,57.88,58.03,37618.0,0.8084,0.1916,Dentro do patamar,Baixo,-0.15
3289,3501202,Álvares Florence,SP,Sudeste,78.62,72.05,79.02,3915.0,0.8084,0.1916,Dentro do patamar,Baixo,-6.97
3290,3113305,Carangola,MG,Sudeste,50.83,52.42,60.34,31240.0,0.8084,0.1916,Dentro do patamar,Baixo,-7.92
3291,2516706,Teixeira,PB,Nordeste,72.85,81.85,75.05,14631.0,0.8084,0.1916,Dentro do patamar,Baixo,6.8
3292,3139250,Mamonas,MG,Sudeste,40.12,65.94,52.75,5997.0,0.8084,0.1916,Dentro do patamar,Baixo,13.19
3293,3116159,Chapada Gaúcha,MG,Sudeste,49.17,69.39,59.2,12355.0,0.8084,0.1916,Dentro do patamar,Baixo,10.19
3294,2211506,Vera Mendes,PI,Nordeste,94.44,48.57,80.0,3185.0,0.8084,0.1916,Dentro do patamar,Baixo,-31.43
3295,3142700,Montalvânia,MG,Sudeste,48.49,60.75,58.73,14060.0,0.8084,0.1916,Dentro do patamar,Baixo,2.02
3296,3145356,Novo Oriente de Minas,MG,Sudeste,44.96,62.37,56.26,10275.0,0.8084,0.1916,Dentro do patamar,Baixo,6.11
3297,2607703,Itapetim,PE,Nordeste,65.28,89.12,70.0,13791.0,0.8084,0.1916,Dentro do patamar,Baixo,19.12
3298,2603603,Camutanga,PE,Nordeste,56.1,66.81,63.9,7750.0,0.8084,0.1916,Dentro do patamar,Baixo,2.91
3299,3501509,Alvinlândia,SP,Sudeste,74.3,91.84,76.03,2885.0,0.8084,0.1916,Dentro do patamar,Baixo,15.81
3300,3122009,Divino,MG,Sudeste,49.17,67.15,59.2,20706.0,0.8084,0.1916,Dentro do patamar,Baixo,7.95
3301,1720150,São Félix do Tocantins,TO,Norte,83.33,61.9,80.0,1783.0,0.8084,0.1916,Dentro do patamar,Baixo,-18.1
3302,4117909,Palotina,PR,Sul,69.03,74.33,72.48,35011.0,0.8089,0.1911,Dentro do patamar,Baixo,1.85
3303,3522703,Itápolis,SP,Sudeste,66.67,77.38,70.92,39493.0,0.8089,0.1911,Dentro do patamar,Baixo,6.46
3304,2210607,São Raimundo Nonato,PI,Nordeste,68.18,73.25,71.92,38934.0,0.8089,0.1911,Dentro do patamar,Baixo,1.33
3305,4120804,Quatro Barras,PR,Sul,66.78,67.24,70.99,24191.0,0.8089,0.1911,Dentro do patamar,Baixo,-3.75
3306,3510708,Cardoso,SP,Sudeste,68.94,59.86,72.42,11345.0,0.8089,0.1911,Dentro do patamar,Baixo,-12.56
3307,3304706,Santo Antônio de Pádua,RJ,Sudeste,66.37,73.82,70.72,41325.0,0.8089,0.1911,Dentro do patamar,Baixo,3.1
3308,4112959,Juranda,PR,Sul,59.77,63.48,66.35,7771.0,0.8089,0.1911,Dentro do patamar,Baixo,-2.87
3309,5003751,Eldorado,MS,Centro-Oeste,75.4,56.45,76.78,11386.0,0.809,0.191,Dentro do patamar,Baixo,-20.33
3310,5103056,Cláudia,MT,Centro-Oeste,58.39,66.28,65.43,9593.0,0.809,0.191,Dentro do patamar,Baixo,0.85
3311,5208707,Goiânia,GO,Centro-Oeste,66.56,69.49,70.84,1437366.0,0.8092,0.1908,Dentro do patamar,Baixo,-1.35
3312,3110301,Caldas,MG,Sudeste,51.38,72.95,60.72,14217.0,0.8117,0.1883,Dentro do patamar,Baixo,12.23
3313,2504850,Coxixola,PB,Nordeste,75.0,93.33,76.51,1824.0,0.8117,0.1883,Dentro do patamar,Baixo,16.82
3314,2510709,Passagem,PB,Nordeste,79.52,66.67,79.66,2463.0,0.8117,0.1883,Dentro do patamar,Baixo,-12.99
3315,3124005,Ervália,MG,Sudeste,54.48,85.0,62.82,20255.0,0.8117,0.1883,Dentro do patamar,Baixo,22.18
3316,3514601,Dumont,SP,Sudeste,76.77,64.5,77.73,9471.0,0.8117,0.1883,Dentro do patamar,Baixo,-13.23
3317,5107180,Ribeirão Cascalheira,MT,Centro-Oeste,63.42,70.87,68.76,10089.0,0.8117,0.1883,Dentro do patamar,Baixo,2.11
3318,3525607,João Ramalho,SP,Sudeste,81.82,65.42,80.0,4371.0,0.8117,0.1883,Dentro do patamar,Baixo,-14.58
3319,2516607,Tavares,PB,Nordeste,75.27,67.47,76.69,14101.0,0.8117,0.1883,Dentro do patamar,Baixo,-9.22
3320,3129202,Heliodora,MG,Sudeste,48.35,67.59,58.64,6134.0,0.8117,0.1883,Dentro do patamar,Baixo,8.95
3321,3131000,Inhaúma,MG,Sudeste,46.98,77.62,57.68,6239.0,0.8117,0.1883,Dentro do patamar,Baixo,19.94
3322,3514502,Duartina,SP,Sudeste,81.82,77.0,80.0,12328.0,0.8117,0.1883,Dentro do patamar,Baixo,-3.0
3323,2509305,Mataraca,PB,Nordeste,85.94,50.43,80.0,8244.0,0.8117,0.1883,Dentro do patamar,Baixo,-29.57
3324,3527900,Lutécia,SP,Sudeste,71.6,78.67,74.2,2661.0,0.8117,0.1883,Dentro do patamar,Baixo,4.47
3325,5215231,Novo Gama,GO,Centro-Oeste,52.29,57.35,61.34,103804.0,0.8156,0.1844,Dentro do patamar,Baixo,-3.99
3326,4217204,São Miguel do Oeste,SC,Sul,68.64,75.64,72.22,44330.0,0.8157,0.1843,Dentro do patamar,Baixo,3.42
3327,5100508,Alto Paraguai,MT,Centro-Oeste,67.56,52.43,71.51,8009.0,0.8181,0.1819,Dentro do patamar,Baixo,-19.08
3328,3510104,Cândido Rodrigues,SP,Sudeste,69.57,92.31,72.84,2889.0,0.8181,0.1819,Dentro do patamar,Baixo,19.47
3329,3533254,Novais,SP,Sudeste,68.58,63.99,72.18,4412.0,0.8181,0.1819,Dentro do patamar,Baixo,-8.19
3330,4100806,Alvorada do Sul,PR,Sul,69.39,72.48,72.72,10326.0,0.8181,0.1819,Dentro do patamar,Baixo,-0.24
3331,3143906,Muriaé,MG,Sudeste,58.49,73.13,65.5,104108.0,0.8181,0.1819,Dentro do patamar,Baixo,7.63
3332,4117305,Ortigueira,PR,Sul,62.63,58.43,68.24,24192.0,0.8181,0.1819,Dentro do patamar,Baixo,-9.81
3333,5106281,Novo São Joaquim,MT,Centro-Oeste,58.82,94.16,65.72,6919.0,0.8181,0.1819,Dentro do patamar,Baixo,28.44
3334,4127106,Telêmaco Borba,PR,Sul,63.2,61.71,68.62,75042.0,0.8181,0.1819,Dentro do patamar,Baixo,-6.91
3335,4108106,Flórida,PR,Sul,62.81,78.57,68.36,2652.0,0.8181,0.1819,Dentro do patamar,Baixo,10.21
3336,4103479,Cafezal do Sul,PR,Sul,55.7,64.76,63.64,4473.0,0.8181,0.1819,Dentro do patamar,Baixo,1.12
3337,3154150,Reduto,MG,Sudeste,39.44,83.87,52.24,7848.0,0.8181,0.1819,Dentro do patamar,Baixo,31.63
3338,3102506,Amparo do Serra,MG,Sudeste,66.97,73.86,,4541.0,0.8181,0.1819,Dentro do patamar,Baixo,
3339,5000807,Anaurilândia,MS,Centro-Oeste,65.19,80.11,69.94,7653.0,0.8181,0.1819,Dentro do patamar,Baixo,10.17
3340,3517703,Guará,SP,Sudeste,67.39,76.27,71.39,18606.0,0.8181,0.1819,Dentro do patamar,Baixo,4.88
3341,4202875,Brunópolis,SC,Sul,66.67,68.75,70.92,2489.0,0.8181,0.1819,Dentro do patamar,Baixo,-2.17
3342,3120300,Cristália,MG,Sudeste,26.36,54.17,41.64,5121.0,0.8181,0.1819,Dentro do patamar,Baixo,12.53
3343,3530003,Mira Estrela,SP,Sudeste,60.87,93.03,67.08,3126.0,0.8181,0.1819,Dentro do patamar,Baixo,25.95
3344,4108007,Florestópolis,PR,Sul,64.38,63.48,69.4,11446.0,0.8181,0.1819,Dentro do patamar,Baixo,-5.92
3345,4112702,Jataizinho,PR,Sul,62.4,60.93,68.09,11813.0,0.8181,0.1819,Dentro do patamar,Baixo,-7.16
3346,5106216,Nova Canaã do Norte,MT,Centro-Oeste,56.56,68.51,64.21,11707.0,0.8181,0.1819,Dentro do patamar,Baixo,4.3
3347,2504108,Carrapateira,PB,Nordeste,68.95,91.67,72.43,2312.0,0.8181,0.1819,Dentro do patamar,Baixo,19.24
3348,3156007,Rio Vermelho,MG,Sudeste,43.86,59.95,55.47,12641.0,0.8185,0.1815,Dentro do patamar,Baixo,4.48
3349,4206108,Grão-Pará,SC,Sul,65.15,70.23,69.91,6277.0,0.8185,0.1815,Dentro do patamar,Baixo,0.32
3350,3138203,Lavras,MG,Sudeste,56.24,67.11,64.0,104761.0,0.8186,0.1814,Dentro do patamar,Baixo,3.11
3351,2107902,Passagem Franca,MA,Nordeste,76.76,58.43,77.72,17220.0,0.8188,0.1812,Dentro do patamar,Baixo,-19.29
3352,4110904,Itaguajé,PR,Sul,59.34,76.11,66.06,4481.0,0.8191,0.1809,Dentro do patamar,Baixo,10.05
3353,4202081,Bandeirante,SC,Sul,70.12,56.89,73.21,3144.0,0.8192,0.1808,Dentro do patamar,Baixo,-16.32
3354,4203907,Capinzal,SC,Sul,72.28,69.54,74.66,23314.0,0.8192,0.1808,Dentro do patamar,Baixo,-5.12
3355,4219150,Vargem,SC,Sul,88.99,69.58,80.0,2627.0,0.8192,0.1808,Dentro do patamar,Baixo,-10.42
3356,5221858,Valparaíso de Goiás,GO,Centro-Oeste,56.69,64.23,64.3,198861.0,0.8202,0.1798,Dentro do patamar,Baixo,-0.07
3357,3120102,Couto de Magalhães de Minas,MG,Sudeste,48.47,77.52,58.72,4245.0,0.8207,0.1793,Dentro do patamar,Baixo,18.8
3358,2102077,Bom Lugar,MA,Nordeste,100.0,95.28,80.0,12212.0,0.8213,0.1787,Dentro do patamar,Baixo,15.28
3359,5105259,Lucas do Rio Verde,MT,Centro-Oeste,63.96,73.53,69.12,83798.0,0.8214,0.1786,Dentro do patamar,Baixo,4.41
3360,3507753,Brejo Alegre,SP,Sudeste,94.42,100.0,80.0,2565.0,0.8214,0.1786,Dentro do patamar,Baixo,20.0
3361,5106299,Paranaíta,MT,Centro-Oeste,60.69,79.7,66.96,11671.0,0.8214,0.1786,Dentro do patamar,Baixo,12.74
3362,5106224,Nova Mutum,MT,Centro-Oeste,64.2,74.86,69.28,55839.0,0.8214,0.1786,Dentro do patamar,Baixo,5.58
3363,5102637,Campo Novo do Parecis,MT,Centro-Oeste,62.23,69.9,67.98,45899.0,0.8214,0.1786,Dentro do patamar,Baixo,1.92
3364,3552551,Suzanápolis,SP,Sudeste,97.05,90.85,80.0,3408.0,0.8214,0.1786,Dentro do patamar,Baixo,10.85
3365,5106653,Pontal do Araguaia,MT,Centro-Oeste,69.67,51.2,72.91,6932.0,0.8214,0.1786,Dentro do patamar,Baixo,-21.71
3366,3521606,Irapuru,SP,Sudeste,97.18,96.0,80.0,7085.0,0.8214,0.1786,Dentro do patamar,Baixo,16.0
3367,2209377,Santa Rosa do Piauí,PI,Nordeste,61.02,51.64,67.18,4650.0,0.8214,0.1786,Dentro do patamar,Baixo,-15.54
3368,3129301,Iapu,MG,Sudeste,37.09,67.68,50.47,12030.0,0.8214,0.1786,Dentro do patamar,Baixo,17.21
3369,3171006,Vazante,MG,Sudeste,43.84,71.85,55.46,19975.0,0.8214,0.1786,Dentro do patamar,Baixo,16.39
3370,4120200,Porto Rico,PR,Sul,60.4,71.94,66.77,3182.0,0.8214,0.1786,Dentro do patamar,Baixo,5.17
3371,4105003,Catanduvas,PR,Sul,66.05,56.16,70.5,10446.0,0.8214,0.1786,Dentro do patamar,Baixo,-14.34
3372,2207355,Pajeú do Piauí,PI,Nordeste,66.01,64.0,70.48,3000.0,0.8214,0.1786,Dentro do patamar,Baixo,-6.48
3373,2202455,Capitão Gervásio Oliveira,PI,Nordeste,65.3,77.36,70.01,3974.0,0.8214,0.1786,Dentro do patamar,Baixo,7.35
3374,3506300,Bernardino de Campos,SP,Sudeste,68.33,47.5,72.02,11607.0,0.8214,0.1786,Dentro do patamar,Baixo,-24.52
3375,3128006,Guanhães,MG,Sudeste,57.63,68.68,64.93,32244.0,0.8214,0.1786,Dentro do patamar,Baixo,3.75
3376,4113700,Londrina,PR,Sul,73.87,72.99,75.74,555965.0,0.8214,0.1786,Dentro do patamar,Baixo,-2.75
3377,4126801,Tapejara,PR,Sul,69.39,61.07,72.72,15869.0,0.8214,0.1786,Dentro do patamar,Baixo,-11.65
3378,4127882,Tunas do Paraná,PR,Sul,63.46,75.01,68.79,6219.0,0.8214,0.1786,Dentro do patamar,Baixo,6.22
3379,3101003,Águas Vermelhas,MG,Sudeste,42.77,74.46,54.69,14037.0,0.8214,0.1786,Dentro do patamar,Baixo,19.77
3380,3140605,Materlândia,MG,Sudeste,37.11,28.57,50.48,3963.0,0.8214,0.1786,Dentro do patamar,Baixo,-21.91
3381,2207751,Passagem Franca do Piauí,PI,Nordeste,100.0,64.51,80.0,4135.0,0.8214,0.1786,Dentro do patamar,Baixo,-15.49
3382,4110607,Iporã,PR,Sul,64.15,68.95,69.25,15746.0,0.8214,0.1786,Dentro do patamar,Baixo,-0.3
3383,4113759,Lunardelli,PR,Sul,57.46,70.4,64.81,4872.0,0.8214,0.1786,Dentro do patamar,Baixo,5.59
3384,3157500,Santa Efigênia de Minas,MG,Sudeste,43.34,75.81,55.1,4039.0,0.8214,0.1786,Dentro do patamar,Baixo,20.71
3385,5108006,Tapurah,MT,Centro-Oeste,55.92,68.81,63.78,14370.0,0.8214,0.1786,Dentro do patamar,Baixo,5.03
3386,4101200,Antonina,PR,Sul,66.31,63.75,70.68,18091.0,0.8214,0.1786,Dentro do patamar,Baixo,-6.93
3387,3125002,Ewbank da Câmara,MG,Sudeste,35.65,64.41,49.36,3875.0,0.8214,0.1786,Dentro do patamar,Baixo,15.05
3388,4115507,Marumbi,PR,Sul,57.66,75.85,64.95,4699.0,0.8214,0.1786,Dentro do patamar,Baixo,10.9
3389,4103602,Cambará,PR,Sul,62.53,58.04,68.18,23212.0,0.8214,0.1786,Dentro do patamar,Baixo,-10.14
3390,4108809,Guaíra,PR,Sul,63.23,69.53,68.64,32097.0,0.8214,0.1786,Dentro do patamar,Baixo,0.89
3391,3102803,Andrelândia,MG,Sudeste,63.11,67.03,,11927.0,0.8214,0.1786,Dentro do patamar,Baixo,
3392,5219803,São Domingos,GO,Centro-Oeste,45.68,65.94,56.77,9711.0,0.8216,0.1784,Dentro do patamar,Baixo,9.17
3393,4204004,Catanduvas,SC,Sul,68.3,72.43,72.0,10566.0,0.8217,0.1783,Dentro do patamar,Baixo,0.43
3394,4214201,Quilombo,SC,Sul,67.13,70.08,71.22,11022.0,0.8217,0.1783,Dentro do patamar,Baixo,-1.14
3395,4207403,Imbuia,SC,Sul,64.78,79.52,69.66,5982.0,0.8217,0.1783,Dentro do patamar,Baixo,9.86
3396,1100114,Jaru,RO,Norte,62.82,63.99,68.37,50591.0,0.8223,0.1777,Dentro do patamar,Baixo,-4.38
3397,3118809,Coração de Jesus,MG,Sudeste,65.6,68.05,70.21,25377.0,0.8239,0.1761,Dentro do patamar,Baixo,-2.16
3398,1100205,Porto Velho,RO,Norte,65.06,50.84,69.85,460434.0,0.826,0.174,Dentro do patamar,Baixo,-19.01
3399,3157104,Salto da Divisa,MG,Sudeste,43.75,59.15,55.39,6110.0,0.8262,0.1738,Dentro do patamar,Baixo,3.76
3400,2205540,Lagoinha do Piauí,PI,Nordeste,81.92,87.79,80.0,2939.0,0.8263,0.1737,Dentro do patamar,Baixo,7.79
3401,3140803,Matias Barbosa,MG,Sudeste,58.84,78.82,65.73,14121.0,0.8263,0.1737,Dentro do patamar,Baixo,13.09
3402,2201919,Bom Princípio do Piauí,PI,Nordeste,87.91,75.94,80.0,5636.0,0.8263,0.1737,Dentro do patamar,Baixo,-4.06
3403,2105427,Itinga do Maranhão,MA,Nordeste,79.92,60.13,79.94,22513.0,0.8263,0.1737,Dentro do patamar,Baixo,-19.81
3404,2202703,Cocal,PI,Nordeste,73.16,83.93,75.26,28212.0,0.8263,0.1737,Dentro do patamar,Baixo,8.67
3405,2505006,Cubati,PB,Nordeste,71.83,97.47,74.36,7580.0,0.8263,0.1737,Dentro do patamar,Baixo,23.11
3406,2202604,Castelo do Piauí,PI,Nordeste,75.09,82.63,76.57,19288.0,0.8263,0.1737,Dentro do patamar,Baixo,6.06
3407,3171600,Virgem da Lapa,MG,Sudeste,50.12,85.1,59.86,11804.0,0.8281,0.1719,Dentro do patamar,Baixo,25.24
3408,3155108,Rio do Prado,MG,Sudeste,52.94,76.19,61.78,4639.0,0.8282,0.1718,Dentro do patamar,Baixo,14.41
3409,5101308,Arenápolis,MT,Centro-Oeste,62.33,58.62,68.04,10576.0,0.8282,0.1718,Dentro do patamar,Baixo,-9.42
3410,3152105,Ponte Nova,MG,Sudeste,52.65,81.27,61.58,57776.0,0.8282,0.1718,Dentro do patamar,Baixo,19.69
3411,2110237,Santana do Maranhão,MA,Nordeste,85.85,54.17,80.0,10567.0,0.8282,0.1718,Dentro do patamar,Baixo,-25.83
3412,5103452,Denise,MT,Centro-Oeste,58.18,83.58,65.29,7014.0,0.8282,0.1718,Dentro do patamar,Baixo,18.29
3413,3531407,Monte Aprazível,SP,Sudeste,73.54,65.44,75.51,22280.0,0.8296,0.1704,Dentro do patamar,Baixo,-10.07
3414,3104700,Ataléia,MG,Sudeste,67.11,66.4,71.21,13736.0,0.8297,0.1703,Dentro do patamar,Baixo,-4.81
3415,2512507,Queimadas,PB,Nordeste,85.04,92.65,80.0,47658.0,0.8299,0.1701,Dentro do patamar,Baixo,12.65
3416,3151206,Pirapora,MG,Sudeste,49.51,69.81,59.44,55606.0,0.8306,0.1694,Dentro do patamar,Baixo,10.37
3417,3129707,Ibiraci,MG,Sudeste,32.8,73.86,47.1,10948.0,0.8306,0.1694,Dentro do patamar,Baixo,26.76
3418,2100873,Araguanã,MA,Nordeste,98.19,91.6,80.0,11181.0,0.8306,0.1694,Dentro do patamar,Baixo,11.6
3419,2111748,Senador Alexandre Costa,MA,Nordeste,95.63,96.12,80.0,10207.0,0.8306,0.1694,Dentro do patamar,Baixo,16.12
3420,3147402,Paraopeba,MG,Sudeste,48.84,71.27,58.98,24107.0,0.8314,0.1686,Dentro do patamar,Baixo,12.29
3421,3102308,Alvinópolis,MG,Sudeste,49.04,72.33,59.11,15059.0,0.8314,0.1686,Dentro do patamar,Baixo,13.22
3422,2612455,Santa Cruz,PE,Nordeste,69.26,69.1,72.64,13841.0,0.8314,0.1686,Dentro do patamar,Baixo,-3.54
3423,3100203,Abaeté,MG,Sudeste,52.32,73.11,61.36,22675.0,0.8314,0.1686,Dentro do patamar,Baixo,11.75
3424,4123402,Santa Fé,PR,Sul,58.68,64.71,65.62,11378.0,0.8314,0.1686,Dentro do patamar,Baixo,-0.91
3425,4217006,São Ludgero,SC,Sul,65.85,68.64,70.37,13509.0,0.8314,0.1686,Dentro do patamar,Baixo,-1.73
3426,3163300,São José do Divino,MG,Sudeste,45.36,54.62,56.54,3464.0,0.8338,0.1662,Dentro do patamar,Baixo,-1.92
3427,2103901,Duque Bacelar,MA,Nordeste,69.39,81.51,72.72,10223.0,0.8338,0.1662,Dentro do patamar,Baixo,8.79
3428,3547601,Santa Rosa de Viterbo,SP,Sudeste,74.36,75.32,76.07,23411.0,0.8341,0.1659,Dentro do patamar,Baixo,-0.75
3429,3504800,Bálsamo,SP,Sudeste,81.58,83.51,80.0,9596.0,0.8347,0.1653,Dentro do patamar,Baixo,3.51
3430,3535101,Palmares Paulista,SP,Sudeste,82.65,77.46,80.0,9650.0,0.8348,0.1652,Dentro do patamar,Baixo,-2.54
3431,3527108,Lins,SP,Sudeste,74.25,92.23,76.0,74779.0,0.836,0.164,Dentro do patamar,Baixo,16.23
3432,3304151,Quissamã,RJ,Sudeste,66.22,70.11,70.62,22393.0,0.836,0.164,Dentro do patamar,Baixo,-0.51
3433,2205276,Jatobá do Piauí,PI,Nordeste,73.84,95.24,75.72,4494.0,0.836,0.164,Dentro do patamar,Baixo,19.52
3434,2200301,Alto Longá,PI,Nordeste,90.92,82.41,80.0,13479.0,0.836,0.164,Dentro do patamar,Baixo,2.41
3435,3122900,Dona Euzébia,MG,Sudeste,47.11,95.71,57.77,6093.0,0.836,0.164,Dentro do patamar,Baixo,37.94
3436,2202075,Cajazeiras do Piauí,PI,Nordeste,100.0,75.0,80.0,3108.0,0.836,0.164,Dentro do patamar,Baixo,-5.0
3437,2200053,Acauã,PI,Nordeste,81.71,81.89,80.0,6420.0,0.836,0.164,Dentro do patamar,Baixo,1.89
3438,2207108,Olho D'Água do Piauí,PI,Nordeste,62.5,85.71,68.16,2637.0,0.836,0.164,Dentro do patamar,Baixo,17.55
3439,3131109,Inimutaba,MG,Sudeste,40.65,77.8,53.14,7371.0,0.836,0.164,Dentro do patamar,Baixo,24.66
3440,4217808,Taió,SC,Sul,72.79,70.32,72.11,18310.0,0.836,0.164,Dentro do patamar,Baixo,-1.79
3441,2203453,Dom Inocêncio,PI,Nordeste,97.37,87.27,80.0,9159.0,0.836,0.164,Dentro do patamar,Baixo,7.27
3442,3136652,Juatuba,MG,Sudeste,47.58,68.53,58.1,30716.0,0.836,0.164,Dentro do patamar,Baixo,10.43
3443,3300233,Armação dos Búzios,RJ,Sudeste,67.2,68.56,71.27,40006.0,0.836,0.164,Dentro do patamar,Baixo,-2.71
3444,3516853,Gavião Peixoto,SP,Sudeste,66.86,73.65,71.04,4702.0,0.836,0.164,Dentro do patamar,Baixo,2.61
3445,2207777,Patos do Piauí,PI,Nordeste,81.59,63.04,80.0,5425.0,0.836,0.164,Dentro do patamar,Baixo,-16.96
3446,3524204,Jaborandi,SP,Sudeste,82.62,67.19,80.0,6221.0,0.836,0.164,Dentro do patamar,Baixo,-12.81
3447,3504107,Atibaia,SP,Sudeste,70.55,65.46,73.5,158647.0,0.836,0.164,Dentro do patamar,Baixo,-8.04
3448,2210102,São José do Peixe,PI,Nordeste,76.0,75.0,77.2,3297.0,0.836,0.164,Dentro do patamar,Baixo,-2.2
3449,2209302,Santa Luz,PI,Nordeste,100.0,55.68,80.0,5336.0,0.836,0.164,Dentro do patamar,Baixo,-24.32
3450,3554300,Teodoro Sampaio,SP,Sudeste,66.81,70.49,71.01,22173.0,0.836,0.164,Dentro do patamar,Baixo,-0.52
3451,3548401,Santópolis do Aguapeí,SP,Sudeste,73.87,77.36,75.74,3899.0,0.836,0.164,Dentro do patamar,Baixo,1.62
3452,3126307,Fortaleza de Minas,MG,Sudeste,70.59,62.75,66.05,3477.0,0.836,0.164,Dentro do patamar,Baixo,-3.3
3453,3525854,Jumirim,SP,Sudeste,76.39,50.81,77.47,3056.0,0.836,0.164,Dentro do patamar,Baixo,-26.66
3454,3542305,Redenção da Serra,SP,Sudeste,83.33,84.33,80.0,4494.0,0.836,0.164,Dentro do patamar,Baixo,4.33
3455,4112900,Jundiaí do Sul,PR,Sul,56.84,55.42,64.4,3333.0,0.836,0.164,Dentro do patamar,Baixo,-8.98
3456,3101904,Alpinópolis,MG,Sudeste,42.26,78.56,54.32,18300.0,0.836,0.164,Dentro do patamar,Baixo,24.24
3457,3304110,Porto Real,RJ,Sudeste,60.8,63.3,67.03,20373.0,0.836,0.164,Dentro do patamar,Baixo,-3.73
3458,5107875,Sapezal,MT,Centro-Oeste,69.76,84.38,72.97,28944.0,0.836,0.164,Dentro do patamar,Baixo,11.41
3459,3531001,Monções,SP,Sudeste,84.21,80.77,80.0,1937.0,0.836,0.164,Dentro do patamar,Baixo,0.77
3460,2502706,Borborema,PB,Nordeste,82.74,67.57,80.0,4214.0,0.836,0.164,Dentro do patamar,Baixo,-12.43
3461,4101051,Anahy,PR,Sul,62.4,69.97,68.09,2918.0,0.836,0.164,Dentro do patamar,Baixo,1.88
3462,3302452,Macuco,RJ,Sudeste,63.62,77.99,68.9,5415.0,0.836,0.164,Dentro do patamar,Baixo,9.09
3463,3515186,Espírito Santo do Pinhal,SP,Sudeste,65.42,61.16,70.09,39816.0,0.836,0.164,Dentro do patamar,Baixo,-8.93
3464,4107157,Diamante D'Oeste,PR,Sul,67.21,74.32,71.27,4557.0,0.836,0.164,Dentro do patamar,Baixo,3.05
3465,3556909,Vista Alegre do Alto,SP,Sudeste,81.39,52.86,80.0,8109.0,0.836,0.164,Dentro do patamar,Baixo,-27.14
3466,3132602,Itamarati de Minas,MG,Sudeste,48.03,73.68,58.41,3690.0,0.836,0.164,Dentro do patamar,Baixo,15.27
3467,3305505,Saquarema,RJ,Sudeste,63.54,62.51,68.84,89559.0,0.836,0.164,Dentro do patamar,Baixo,-6.33
3468,3554201,Tejupá,SP,Sudeste,73.38,59.38,75.41,4127.0,0.836,0.164,Dentro do patamar,Baixo,-16.03
3469,2205516,Juazeiro do Piauí,PI,Nordeste,68.69,71.43,72.26,5214.0,0.836,0.164,Dentro do patamar,Baixo,-0.83
3470,2201051,Assunção do Piauí,PI,Nordeste,84.48,69.88,80.0,7452.0,0.836,0.164,Dentro do patamar,Baixo,-10.12
3471,3121308,Descoberto,MG,Sudeste,62.69,73.05,68.28,4928.0,0.836,0.164,Dentro do patamar,Baixo,4.77
3472,4122172,Rio Branco do Ivaí,PR,Sul,69.75,73.84,72.96,3808.0,0.836,0.164,Dentro do patamar,Baixo,0.88
3473,3168408,Tarumirim,MG,Sudeste,70.0,77.47,73.13,14709.0,0.836,0.164,Dentro do patamar,Baixo,4.34
3474,3503703,Ariranha,SP,Sudeste,63.77,87.22,69.0,7602.0,0.836,0.164,Dentro do patamar,Baixo,18.22
3475,2210904,Socorro do Piauí,PI,Nordeste,68.44,30.86,72.09,4141.0,0.836,0.164,Dentro do patamar,Baixo,-41.23
3476,2210359,São Lourenço do Piauí,PI,Nordeste,100.0,73.08,80.0,4410.0,0.836,0.164,Dentro do patamar,Baixo,-6.92
3477,3113107,Caranaíba,MG,Sudeste,70.0,83.33,73.13,2933.0,0.836,0.164,Dentro do patamar,Baixo,10.2
3478,3109451,Cabeceira Grande,MG,Sudeste,40.49,54.59,53.02,6627.0,0.836,0.164,Dentro do patamar,Baixo,1.57
3479,3539707,Platina,SP,Sudeste,71.43,84.61,74.09,3025.0,0.836,0.164,Dentro do patamar,Baixo,10.52
3480,3554904,Três Fronteiras,SP,Sudeste,89.53,69.58,80.0,6804.0,0.836,0.164,Dentro do patamar,Baixo,-10.42
3481,2202109,Campinas do Piauí,PI,Nordeste,90.62,100.0,80.0,4938.0,0.836,0.164,Dentro do patamar,Baixo,20.0
3482,3301801,Engenheiro Paulo de Frontin,RJ,Sudeste,63.0,55.56,68.49,12242.0,0.836,0.164,Dentro do patamar,Baixo,-12.93
3483,3144375,Natalândia,MG,Sudeste,49.23,64.21,59.24,3520.0,0.836,0.164,Dentro do patamar,Baixo,4.97
3484,3162252,São João da Lagoa,MG,Sudeste,49.97,77.83,59.75,4822.0,0.836,0.164,Dentro do patamar,Baixo,18.08
3485,3550902,São Simão,SP,Sudeste,62.84,65.55,68.38,13442.0,0.836,0.164,Dentro do patamar,Baixo,-2.83
3486,4206801,Ibicaré,SC,Sul,75.69,54.41,76.98,3269.0,0.8364,0.1636,Dentro do patamar,Baixo,-22.57
3487,2607307,Ipubi,PE,Nordeste,72.0,70.08,74.47,29009.0,0.8364,0.1636,Dentro do patamar,Baixo,-4.39
3488,4200507,Águas de Chapecó,SC,Sul,72.27,75.76,74.65,6036.0,0.8364,0.1636,Dentro do patamar,Baixo,1.11
3489,2610509,Passira,PE,Nordeste,74.89,76.23,76.43,28340.0,0.8364,0.1636,Dentro do patamar,Baixo,-0.2
3490,4109757,Ibema,PR,Sul,72.84,70.35,75.04,6218.0,0.8364,0.1636,Dentro do patamar,Baixo,-4.69
3491,3138609,Lima Duarte,MG,Sudeste,46.49,69.51,57.34,17221.0,0.8371,0.1629,Dentro do patamar,Baixo,12.17
3492,4113601,Lobato,PR,Sul,61.87,54.92,67.74,4601.0,0.8378,0.1622,Dentro do patamar,Baixo,-12.82
3493,3532603,Nhandeara,SP,Sudeste,66.5,67.47,70.8,9852.0,0.8378,0.1622,Dentro do patamar,Baixo,-3.33
3494,3500204,Adolfo,SP,Sudeste,63.55,85.8,68.85,4351.0,0.8378,0.1622,Dentro do patamar,Baixo,16.95
3495,3512407,Cordeirópolis,SP,Sudeste,74.43,69.6,76.12,24514.0,0.8378,0.1622,Dentro do patamar,Baixo,-6.52
3496,3135100,Janaúba,MG,Sudeste,49.64,61.68,59.53,70699.0,0.8406,0.1594,Dentro do patamar,Baixo,2.15
3497,5215801,Palmelo,GO,Centro-Oeste,28.57,64.71,43.57,2259.0,0.842,0.158,Dentro do patamar,Baixo,21.14
3498,1100304,Vilhena,RO,Norte,65.62,71.66,70.22,95832.0,0.8433,0.1567,Dentro do patamar,Baixo,1.44
3499,2205003,Itainópolis,PI,Nordeste,74.15,73.67,75.93,10790.0,0.8434,0.1566,Dentro do patamar,Baixo,-2.26
3500,5203609,Brazabrantes,GO,Centro-Oeste,48.93,90.96,59.04,3992.0,0.8447,0.1553,Dentro do patamar,Baixo,31.92
3501,3126901,Frei Inocêncio,MG,Sudeste,53.11,64.71,61.89,8226.0,0.8449,0.1551,Dentro do patamar,Baixo,2.82
3502,3153509,Alto Jequitibá,MG,Sudeste,50.82,78.73,60.34,8397.0,0.8461,0.1539,Dentro do patamar,Baixo,18.39
3503,2203305,Demerval Lobão,PI,Nordeste,70.15,73.33,73.23,16352.0,0.8461,0.1539,Dentro do patamar,Baixo,0.1
3504,4100608,Alto Paraná,PR,Sul,65.0,70.12,69.81,13909.0,0.8461,0.1539,Dentro do patamar,Baixo,0.31
3505,4202701,Botuverá,SC,Sul,69.33,65.2,72.68,5363.0,0.8461,0.1539,Dentro do patamar,Baixo,-7.48
3506,4104055,Campo Bonito,PR,Sul,72.87,78.31,75.06,4027.0,0.8461,0.1539,Dentro do patamar,Baixo,3.25
3507,3131505,Ipuiúna,MG,Sudeste,52.86,63.82,61.72,9135.0,0.8461,0.1539,Dentro do patamar,Baixo,2.1
3508,3144300,Nanuque,MG,Sudeste,51.97,57.67,61.12,35038.0,0.8461,0.1539,Dentro do patamar,Baixo,-3.45
3509,3172004,Visconde do Rio Branco,MG,Sudeste,56.33,65.77,64.06,39160.0,0.8461,0.1539,Dentro do patamar,Baixo,1.71
3510,3510005,Cândido Mota,SP,Sudeste,72.74,65.51,74.97,29449.0,0.8461,0.1539,Dentro do patamar,Baixo,-9.46
3511,3123809,Engenheiro Navarro,MG,Sudeste,44.66,76.22,56.04,6354.0,0.8461,0.1539,Dentro do patamar,Baixo,20.18
3512,4219002,Urussanga,SC,Sul,68.86,71.86,72.37,20919.0,0.8461,0.1539,Dentro do patamar,Baixo,-0.51
3513,3124906,Eugenópolis,MG,Sudeste,56.5,68.59,64.17,10801.0,0.8461,0.1539,Dentro do patamar,Baixo,4.42
3514,4108700,Grandes Rios,PR,Sul,65.01,61.6,69.82,5641.0,0.8461,0.1539,Dentro do patamar,Baixo,-8.22
3515,3131703,Itabira,MG,Sudeste,57.17,68.15,64.62,113343.0,0.8461,0.1539,Dentro do patamar,Baixo,3.53
3516,3171808,Virginópolis,MG,Sudeste,44.13,65.62,55.67,10314.0,0.8461,0.1539,Dentro do patamar,Baixo,9.95
3517,4205431,Formosa do Sul,SC,Sul,65.4,76.76,70.07,2682.0,0.8461,0.1539,Dentro do patamar,Baixo,6.69
3518,4121604,Renascença,PR,Sul,70.83,82.55,73.69,6845.0,0.8461,0.1539,Dentro do patamar,Baixo,8.86
3519,3118205,Conquista,MG,Sudeste,68.73,65.5,72.28,6694.0,0.8461,0.1539,Dentro do patamar,Baixo,-6.78
3520,3113701,Carlos Chagas,MG,Sudeste,56.45,55.83,64.14,18615.0,0.8461,0.1539,Dentro do patamar,Baixo,-8.31
3521,3543501,Riversul,SP,Sudeste,81.07,64.17,80.0,5599.0,0.8461,0.1539,Dentro do patamar,Baixo,-15.83
3522,4212056,Palmeira,SC,Sul,67.15,57.22,71.23,2561.0,0.8461,0.1539,Dentro do patamar,Baixo,-14.01
3523,3151503,Piumhi,MG,Sudeste,57.27,73.46,64.69,36062.0,0.8461,0.1539,Dentro do patamar,Baixo,8.77
3524,5105580,Marcelândia,MT,Centro-Oeste,62.31,65.36,68.03,11396.0,0.8461,0.1539,Dentro do patamar,Baixo,-2.67
3525,3145208,Nova Serrana,MG,Sudeste,54.95,72.47,63.13,105552.0,0.8461,0.1539,Dentro do patamar,Baixo,9.34
3526,2604403,Chã de Alegria,PE,Nordeste,62.99,63.28,68.48,12984.0,0.8461,0.1539,Dentro do patamar,Baixo,-5.2
3527,3153905,Raposos,MG,Sudeste,48.4,69.66,58.67,16279.0,0.8461,0.1539,Dentro do patamar,Baixo,10.99
3528,3150802,Piranga,MG,Sudeste,60.14,75.27,66.59,17018.0,0.8461,0.1539,Dentro do patamar,Baixo,8.68
3529,4108304,Foz do Iguaçu,PR,Sul,73.01,72.01,75.15,285415.0,0.8461,0.1539,Dentro do patamar,Baixo,-3.14
3530,3108107,Bonfim,MG,Sudeste,69.27,85.95,72.64,7434.0,0.8461,0.1539,Dentro do patamar,Baixo,13.31
3531,3150901,Piranguçu,MG,Sudeste,66.27,78.97,70.65,6041.0,0.8461,0.1539,Dentro do patamar,Baixo,8.32
3532,3152808,Prata,MG,Sudeste,55.38,50.5,63.42,28342.0,0.8461,0.1539,Dentro do patamar,Baixo,-12.92
3533,3112703,Capitão Enéas,MG,Sudeste,61.87,63.8,67.74,14108.0,0.8461,0.1539,Dentro do patamar,Baixo,-3.94
3534,5106182,Nova Lacerda,MT,Centro-Oeste,55.17,67.64,63.28,6670.0,0.8461,0.1539,Dentro do patamar,Baixo,4.36
3535,4108601,Goioerê,PR,Sul,70.49,63.77,73.46,28437.0,0.8461,0.1539,Dentro do patamar,Baixo,-9.69
3536,4218202,Timbó,SC,Sul,69.86,77.99,73.04,46099.0,0.8461,0.1539,Dentro do patamar,Baixo,4.95
3537,4211454,Nova Itaberaba,SC,Sul,67.4,71.17,71.4,4536.0,0.8461,0.1539,Dentro do patamar,Baixo,-0.23
3538,3161403,São Francisco do Glória,MG,Sudeste,59.41,78.59,66.11,4800.0,0.8461,0.1539,Dentro do patamar,Baixo,12.48
3539,3144003,Mutum,MG,Sudeste,61.47,76.73,67.47,27635.0,0.8461,0.1539,Dentro do patamar,Baixo,9.26
3540,4218350,Treviso,SC,Sul,68.59,56.3,72.19,3782.0,0.8461,0.1539,Dentro do patamar,Baixo,-15.89
3541,2612000,Sairé,PE,Nordeste,67.71,81.01,71.61,10887.0,0.8461,0.1539,Dentro do patamar,Baixo,9.4
3542,4104451,Cantagalo,PR,Sul,65.68,71.81,70.26,10933.0,0.8461,0.1539,Dentro do patamar,Baixo,1.55
3543,4106100,Conselheiro Mairinck,PR,Sul,51.52,69.16,60.81,3461.0,0.8461,0.1539,Dentro do patamar,Baixo,8.35
3544,4204103,Caxambu do Sul,SC,Sul,69.54,60.13,72.82,4614.0,0.8461,0.1539,Dentro do patamar,Baixo,-12.69
3545,3169307,Três Corações,MG,Sudeste,50.69,70.26,60.25,75485.0,0.8461,0.1539,Dentro do patamar,Baixo,10.01
3546,3144607,Nepomuceno,MG,Sudeste,53.67,77.99,62.27,25018.0,0.8461,0.1539,Dentro do patamar,Baixo,15.72
3547,2602407,Brejão,PE,Nordeste,67.02,86.18,71.15,9079.0,0.8461,0.1539,Dentro do patamar,Baixo,15.03
3548,3146701,Palma,MG,Sudeste,26.99,75.61,42.2,5707.0,0.8461,0.1539,Dentro do patamar,Baixo,33.41
3549,4214508,Rio do Campo,SC,Sul,68.01,74.29,71.81,6452.0,0.8461,0.1539,Dentro do patamar,Baixo,2.48
3550,3128808,Guidoval,MG,Sudeste,61.83,58.58,67.71,7131.0,0.8461,0.1539,Dentro do patamar,Baixo,-9.13
3551,3503406,Arealva,SP,Sudeste,72.62,79.38,74.89,8130.0,0.8461,0.1539,Dentro do patamar,Baixo,4.49
3552,3151800,Poços de Caldas,MG,Sudeste,58.1,79.39,65.24,163742.0,0.8461,0.1539,Dentro do patamar,Baixo,14.15
3553,3533601,Nuporanga,SP,Sudeste,69.45,64.88,72.76,7391.0,0.8461,0.1539,Dentro do patamar,Baixo,-7.88
3554,3108909,Brazópolis,MG,Sudeste,50.86,79.14,60.36,14246.0,0.8461,0.1539,Dentro do patamar,Baixo,18.78
3555,3121258,Delta,MG,Sudeste,50.98,47.77,60.45,10494.0,0.8461,0.1539,Dentro do patamar,Baixo,-12.68
3556,3140704,Mateus Leme,MG,Sudeste,56.77,75.26,64.35,37841.0,0.8461,0.1539,Dentro do patamar,Baixo,10.91
3557,3162104,São Gotardo,MG,Sudeste,53.04,75.49,61.85,40910.0,0.8461,0.1539,Dentro do patamar,Baixo,13.64
3558,4100509,Altônia,PR,Sul,70.4,78.17,73.4,18742.0,0.8461,0.1539,Dentro do patamar,Baixo,4.77
3559,3107208,Bocaina de Minas,MG,Sudeste,50.0,73.33,59.77,5348.0,0.8461,0.1539,Dentro do patamar,Baixo,13.56
3560,4104204,Campo Largo,PR,Sul,73.34,69.19,75.38,136327.0,0.8461,0.1539,Dentro do patamar,Baixo,-6.19
3561,3123601,Elói Mendes,MG,Sudeste,57.91,64.98,65.11,26336.0,0.8461,0.1539,Dentro do patamar,Baixo,-0.13
3562,3153103,Presidente Bernardes,MG,Sudeste,57.14,88.0,64.6,4850.0,0.8461,0.1539,Dentro do patamar,Baixo,23.4
3563,3144805,Nova Lima,MG,Sudeste,56.76,79.6,64.35,111697.0,0.8461,0.1539,Dentro do patamar,Baixo,15.25
3564,3529302,Matão,SP,Sudeste,64.39,62.33,69.41,79033.0,0.8461,0.1539,Dentro do patamar,Baixo,-7.08
3565,3525508,Joanópolis,SP,Sudeste,71.87,57.3,74.39,12815.0,0.8461,0.1539,Dentro do patamar,Baixo,-17.09
3566,4121703,Reserva,PR,Sul,72.87,81.08,75.06,24573.0,0.8461,0.1539,Dentro do patamar,Baixo,6.02
3567,3141702,Mesquita,MG,Sudeste,53.17,63.47,61.93,5040.0,0.8461,0.1539,Dentro do patamar,Baixo,1.54
3568,3150158,Piedade de Caratinga,MG,Sudeste,52.84,74.09,61.71,8529.0,0.8461,0.1539,Dentro do patamar,Baixo,12.38
3569,3155405,Rio Novo,MG,Sudeste,39.03,65.4,51.94,8518.0,0.8461,0.1539,Dentro do patamar,Baixo,13.46
3570,5103700,Feliz Natal,MT,Centro-Oeste,65.18,51.15,69.93,10521.0,0.8461,0.1539,Dentro do patamar,Baixo,-18.78
3571,3514304,Dourado,SP,Sudeste,71.5,71.85,74.14,8096.0,0.8461,0.1539,Dentro do patamar,Baixo,-2.29
3572,3528700,Marabá Paulista,SP,Sudeste,71.43,48.33,74.09,4573.0,0.8461,0.1539,Dentro do patamar,Baixo,-25.76
3573,4111001,Itambaracá,PR,Sul,79.12,80.58,79.37,5908.0,0.8461,0.1539,Dentro do patamar,Baixo,1.21
3574,3162401,São João da Ponte,MG,Sudeste,65.62,63.51,70.22,23930.0,0.8461,0.1539,Dentro do patamar,Baixo,-6.71
3575,3138005,Laranjal,MG,Sudeste,40.25,82.11,52.84,5963.0,0.8461,0.1539,Dentro do patamar,Baixo,29.27
3576,3151602,Planura,MG,Sudeste,45.91,65.98,56.93,11145.0,0.8461,0.1539,Dentro do patamar,Baixo,9.05
3577,3143005,Monte Belo,MG,Sudeste,50.21,80.85,59.92,13046.0,0.8461,0.1539,Dentro do patamar,Baixo,20.93
3578,3109907,Caetanópolis,MG,Sudeste,55.11,72.48,63.24,11435.0,0.8461,0.1539,Dentro do patamar,Baixo,9.24
3579,3109303,Buritis,MG,Sudeste,52.14,62.9,61.24,24030.0,0.8461,0.1539,Dentro do patamar,Baixo,1.66
3580,3540903,Pradópolis,SP,Sudeste,74.24,62.53,75.99,17078.0,0.8461,0.1539,Dentro do patamar,Baixo,-13.46
3581,3113404,Caratinga,MG,Sudeste,50.26,67.42,59.95,87360.0,0.8461,0.1539,Dentro do patamar,Baixo,7.47
3582,5108907,Nova Maringá,MT,Centro-Oeste,61.75,62.38,67.66,5846.0,0.8461,0.1539,Dentro do patamar,Baixo,-5.28
3583,3134400,Iturama,MG,Sudeste,55.84,69.61,63.73,38295.0,0.8461,0.1539,Dentro do patamar,Baixo,5.88
3584,4204400,Coronel Freitas,SC,Sul,74.28,86.74,76.02,10388.0,0.8471,0.1529,Dentro do patamar,Baixo,10.72
3585,4218400,Treze de Maio,SC,Sul,71.87,62.38,74.39,7362.0,0.8471,0.1529,Dentro do patamar,Baixo,-12.01
3586,4127304,Terra Rica,PR,Sul,69.02,81.46,72.48,14842.0,0.8478,0.1522,Dentro do patamar,Baixo,8.98
3587,4116604,Nova América da Colina,PR,Sul,62.54,78.8,68.18,3280.0,0.8478,0.1522,Dentro do patamar,Baixo,10.62
3588,4126652,Sulina,PR,Sul,64.36,74.93,69.39,3440.0,0.8478,0.1522,Dentro do patamar,Baixo,5.54
3589,4101655,Arapuã,PR,Sul,54.39,76.31,62.76,3527.0,0.8478,0.1522,Dentro do patamar,Baixo,13.55
3590,3152501,Pouso Alegre,MG,Sudeste,58.91,70.53,65.78,152217.0,0.8478,0.1522,Dentro do patamar,Baixo,4.75
3591,3529609,Meridiano,SP,Sudeste,67.27,67.31,71.31,4572.0,0.8482,0.1518,Dentro do patamar,Baixo,-4.0
3592,2602704,Buenos Aires,PE,Nordeste,62.99,85.53,68.48,12808.0,0.8482,0.1518,Dentro do patamar,Baixo,17.05
3593,2105450,Jatobá,MA,Nordeste,72.81,68.34,75.02,7471.0,0.8482,0.1518,Dentro do patamar,Baixo,-6.68
3594,2210805,Simplício Mendes,PI,Nordeste,88.71,67.45,80.0,13870.0,0.8485,0.1515,Dentro do patamar,Baixo,-12.55
3595,3554755,Trabiju,SP,Sudeste,100.0,47.37,80.0,1682.0,0.8485,0.1515,Dentro do patamar,Baixo,-32.63
3596,2110039,Santa Luzia do Paruá,MA,Nordeste,93.66,85.76,80.0,24307.0,0.8485,0.1515,Dentro do patamar,Baixo,5.76
3597,2201002,Arraial,PI,Nordeste,83.8,98.15,80.0,4520.0,0.8485,0.1515,Dentro do patamar,Baixo,18.15
3598,3106705,Betim,MG,Sudeste,53.93,66.62,62.45,411846.0,0.8485,0.1515,Dentro do patamar,Baixo,4.17
3599,2211407,Várzea Grande,PI,Nordeste,93.66,76.19,80.0,4417.0,0.8485,0.1515,Dentro do patamar,Baixo,-3.81
3600,2514800,São José dos Cordeiros,PB,Nordeste,80.25,95.24,80.0,3411.0,0.8485,0.1515,Dentro do patamar,Baixo,15.24
3601,3159605,Santa Rita do Sapucaí,MG,Sudeste,49.69,72.16,59.56,40635.0,0.8485,0.1515,Dentro do patamar,Baixo,12.6
3602,3555109,Tupi Paulista,SP,Sudeste,93.45,93.46,80.0,15854.0,0.8485,0.1515,Dentro do patamar,Baixo,13.46
3603,3548302,Santo Expedito,SP,Sudeste,91.44,100.0,80.0,3000.0,0.8485,0.1515,Dentro do patamar,Baixo,20.0
3604,2106805,Mirinzal,MA,Nordeste,91.54,69.37,80.0,13978.0,0.8485,0.1515,Dentro do patamar,Baixo,-10.63
3605,3553955,Tarumã,SP,Sudeste,83.12,91.72,80.0,14882.0,0.8485,0.1515,Dentro do patamar,Baixo,11.72
3606,3546108,Santa Clara d'Oeste,SP,Sudeste,89.96,100.0,80.0,2598.0,0.8485,0.1515,Dentro do patamar,Baixo,20.0
3607,2501203,Areial,PB,Nordeste,92.86,70.75,80.0,7128.0,0.8485,0.1515,Dentro do patamar,Baixo,-9.25
3608,3532702,Nipoã,SP,Sudeste,93.79,80.24,80.0,4750.0,0.8485,0.1515,Dentro do patamar,Baixo,0.24
3609,2100808,Anapurus,MA,Nordeste,91.05,34.63,80.0,13793.0,0.8485,0.1515,Dentro do patamar,Baixo,-45.37
3610,2210631,Sebastião Leal,PI,Nordeste,93.5,76.86,80.0,4446.0,0.8485,0.1515,Dentro do patamar,Baixo,-3.14
3611,2207553,Paquetá,PI,Nordeste,100.0,49.8,80.0,3813.0,0.8485,0.1515,Dentro do patamar,Baixo,-30.2
3612,4209177,Jupiá,SC,Sul,95.87,57.89,,2555.0,0.8485,0.1515,Dentro do patamar,Baixo,
3613,3104809,Augusto de Lima,MG,Sudeste,48.19,48.8,58.52,4538.0,0.8485,0.1515,Dentro do patamar,Baixo,-9.72
3614,2209450,Santo Antônio dos Milagres,PI,Nordeste,96.15,78.26,80.0,2138.0,0.8485,0.1515,Dentro do patamar,Baixo,-1.74
3615,2107100,Morros,MA,Nordeste,94.83,66.98,80.0,18554.0,0.8485,0.1515,Dentro do patamar,Baixo,-13.02
3616,5107792,Santo Antônio do Leste,MT,Centro-Oeste,60.97,75.82,67.14,4099.0,0.8485,0.1515,Dentro do patamar,Baixo,8.68
3617,3514957,Embaúba,SP,Sudeste,88.89,73.08,80.0,2323.0,0.8485,0.1515,Dentro do patamar,Baixo,-6.92
3618,2201804,Bocaina,PI,Nordeste,90.77,55.0,80.0,4078.0,0.8485,0.1515,Dentro do patamar,Baixo,-25.0
3619,3157252,Santa Bárbara do Leste,MG,Sudeste,61.75,70.45,72.21,8458.0,0.8488,0.1512,Dentro do patamar,Baixo,-1.76
3620,4200200,Agrolândia,SC,Sul,81.23,76.03,80.0,10990.0,0.8488,0.1512,Dentro do patamar,Baixo,-3.97
3621,2102002,Bom Jardim,MA,Nordeste,94.62,69.64,80.0,33100.0,0.8494,0.1506,Dentro do patamar,Baixo,-10.36
3622,3504701,Balbinos,SP,Sudeste,100.0,100.0,80.0,3887.0,0.8502,0.1498,Dentro do patamar,Baixo,20.0
3623,3115474,Catuti,MG,Sudeste,61.25,75.75,67.33,4739.0,0.8506,0.1494,Dentro do patamar,Baixo,8.42
3624,2114007,Zé Doca,MA,Nordeste,81.54,72.3,80.0,40801.0,0.8527,0.1473,Dentro do patamar,Baixo,-7.7
3625,3157278,Santa Bárbara do Monte Verde,MG,Sudeste,51.99,67.82,61.13,3095.0,0.8533,0.1467,Dentro do patamar,Baixo,6.69
3626,5000203,Água Clara,MS,Centro-Oeste,70.19,77.03,73.26,16741.0,0.8549,0.1451,Dentro do patamar,Baixo,3.77
3627,4104006,Campina Grande do Sul,PR,Sul,70.42,66.84,73.41,47825.0,0.8561,0.1439,Dentro do patamar,Baixo,-6.57
3628,2600302,Agrestina,PE,Nordeste,71.71,64.09,74.28,23779.0,0.8562,0.1438,Dentro do patamar,Baixo,-10.19
3629,4126504,Sertanópolis,PR,Sul,66.76,61.98,70.98,15930.0,0.8564,0.1436,Dentro do patamar,Baixo,-9.0
3630,4208005,Itá,SC,Sul,69.06,77.62,72.5,7067.0,0.8568,0.1432,Dentro do patamar,Baixo,5.12
3631,3126802,Frei Gaspar,MG,Sudeste,51.82,69.89,61.02,5640.0,0.8568,0.1432,Dentro do patamar,Baixo,8.87
3632,3170503,Urucânia,MG,Sudeste,55.56,81.15,63.54,10600.0,0.8568,0.1432,Dentro do patamar,Baixo,17.61
3633,3130655,Indaiabira,MG,Sudeste,56.13,89.58,63.93,6346.0,0.8568,0.1432,Dentro do patamar,Baixo,25.65
3634,3125606,Felisburgo,MG,Sudeste,52.21,70.2,61.28,6489.0,0.8568,0.1432,Dentro do patamar,Baixo,8.92
3635,4201901,Aurora,SC,Sul,62.58,77.09,68.21,6780.0,0.8568,0.1432,Dentro do patamar,Baixo,8.88
3636,3158003,Santa Maria de Itabira,MG,Sudeste,54.64,77.79,62.93,10485.0,0.8568,0.1432,Dentro do patamar,Baixo,14.86
3637,4216107,São Domingos,SC,Sul,78.45,76.94,78.9,9226.0,0.8568,0.1432,Dentro do patamar,Baixo,-1.96
3638,3167400,Silvianópolis,MG,Sudeste,54.05,87.91,62.53,6179.0,0.8568,0.1432,Dentro do patamar,Baixo,25.38
3639,4208906,Jaraguá do Sul,SC,Sul,72.79,75.11,75.01,182660.0,0.8568,0.1432,Dentro do patamar,Baixo,0.1
3640,4118857,Perobal,PR,Sul,57.6,70.19,64.91,7189.0,0.8582,0.1418,Dentro do patamar,Baixo,5.28
3641,5209408,Guarani de Goiás,GO,Centro-Oeste,32.11,64.58,46.54,4085.0,0.8583,0.1417,Dentro do patamar,Baixo,18.04
3642,2509602,Monte Horebe,PB,Nordeste,84.33,93.4,80.0,4338.0,0.8583,0.1417,Dentro do patamar,Baixo,13.4
3643,4109401,Guarapuava,PR,Sul,74.41,67.0,76.11,182093.0,0.8585,0.1415,Dentro do patamar,Baixo,-9.11
3644,2107001,Montes Altos,MA,Nordeste,71.31,55.27,74.01,9106.0,0.8585,0.1415,Dentro do patamar,Baixo,-18.74
3645,3517901,Guaraci,SP,Sudeste,73.82,73.02,75.7,10350.0,0.8585,0.1415,Dentro do patamar,Baixo,-2.68
3646,4211652,Novo Horizonte,SC,Sul,91.6,86.57,80.0,2643.0,0.8585,0.1415,Dentro do patamar,Baixo,6.57
3647,3108255,Bonito de Minas,MG,Sudeste,64.3,49.15,69.35,10204.0,0.8585,0.1415,Dentro do patamar,Baixo,-20.2
3648,3105509,Barão do Monte Alto,MG,Sudeste,63.54,89.21,68.84,4964.0,0.8585,0.1415,Dentro do patamar,Baixo,20.37
3649,3149309,Pedro Leopoldo,MG,Sudeste,59.02,69.22,65.85,62580.0,0.8585,0.1415,Dentro do patamar,Baixo,3.37
3650,3555901,Uru,SP,Sudeste,81.48,100.0,80.0,1387.0,0.8585,0.1415,Dentro do patamar,Baixo,20.0
3651,3545506,Sandovalina,SP,Sudeste,79.1,89.83,79.36,3645.0,0.8585,0.1415,Dentro do patamar,Baixo,10.47
3652,3533304,Nova Luzitânia,SP,Sudeste,77.92,73.33,78.53,2837.0,0.8585,0.1415,Dentro do patamar,Baixo,-5.2
3653,3154705,Ribeirão Vermelho,MG,Sudeste,42.82,80.2,54.72,4080.0,0.8585,0.1415,Dentro do patamar,Baixo,25.48
3654,2613909,Serra Talhada,PE,Nordeste,76.13,77.92,77.29,92228.0,0.8585,0.1415,Dentro do patamar,Baixo,0.63
3655,2605103,Custódia,PE,Nordeste,82.05,84.57,80.0,37699.0,0.8585,0.1415,Dentro do patamar,Baixo,4.57
3656,3165503,Sardoá,MG,Sudeste,45.8,85.12,56.85,5104.0,0.8585,0.1415,Dentro do patamar,Baixo,28.27
3657,3131604,Iraí de Minas,MG,Sudeste,38.41,77.81,51.47,7180.0,0.8585,0.1415,Dentro do patamar,Baixo,26.34
3658,4117800,Palmital,PR,Sul,74.27,69.5,76.01,13033.0,0.8585,0.1415,Dentro do patamar,Baixo,-6.51
3659,4208609,Jaborá,SC,Sul,73.88,77.67,75.75,4310.0,0.8585,0.1415,Dentro do patamar,Baixo,1.92
3660,2600906,Amaraji,PE,Nordeste,68.74,55.29,72.29,18205.0,0.8585,0.1415,Dentro do patamar,Baixo,-17.0
3661,2506251,Gado Bravo,PB,Nordeste,78.26,70.71,78.77,8179.0,0.8585,0.1415,Dentro do patamar,Baixo,-8.06
3662,4117214,Nova Santa Bárbara,PR,Sul,84.94,79.18,80.0,4184.0,0.8585,0.1415,Dentro do patamar,Baixo,-0.82
3663,2105658,Junco do Maranhão,MA,Nordeste,94.78,67.86,80.0,5146.0,0.8585,0.1415,Dentro do patamar,Baixo,-12.14
3664,3127107,Frutal,MG,Sudeste,53.92,73.59,62.44,58588.0,0.8585,0.1415,Dentro do patamar,Baixo,11.15
3665,2609006,Macaparana,PE,Nordeste,72.61,81.95,74.88,23879.0,0.8585,0.1415,Dentro do patamar,Baixo,7.07
3666,2208551,Porto Alegre do Piauí,PI,Nordeste,73.86,64.29,75.73,2364.0,0.8585,0.1415,Dentro do patamar,Baixo,-11.44
3667,3142007,Mirabela,MG,Sudeste,58.98,48.06,65.82,13651.0,0.8585,0.1415,Dentro do patamar,Baixo,-17.76
3668,2206720,Nazária,PI,Nordeste,77.65,52.15,78.34,10262.0,0.8585,0.1415,Dentro do patamar,Baixo,-26.19
3669,3127370,Goiabeira,MG,Sudeste,67.76,91.43,71.64,2830.0,0.8585,0.1415,Dentro do patamar,Baixo,19.79
3670,4126678,Tamarana,PR,Sul,73.85,65.46,75.72,10707.0,0.8585,0.1415,Dentro do patamar,Baixo,-10.26
3671,3143153,Monte Formoso,MG,Sudeste,49.86,82.61,59.68,4381.0,0.8585,0.1415,Dentro do patamar,Baixo,22.93
3672,3110905,Campanha,MG,Sudeste,41.96,64.8,54.1,15935.0,0.8585,0.1415,Dentro do patamar,Baixo,10.7
3673,2614600,Tabira,PE,Nordeste,72.93,69.1,75.1,27681.0,0.8585,0.1415,Dentro do patamar,Baixo,-6.0
3674,2511103,Pedra Lavrada,PB,Nordeste,75.61,83.68,76.93,6859.0,0.8585,0.1415,Dentro do patamar,Baixo,6.75
3675,4109708,Ibaiti,PR,Sul,72.88,71.64,75.07,28830.0,0.8585,0.1415,Dentro do patamar,Baixo,-3.43
3676,1600238,Ferreira Gomes,AP,Norte,73.43,74.96,75.44,6666.0,0.8585,0.1415,Dentro do patamar,Baixo,-0.48
3677,3516002,Flórida Paulista,SP,Sudeste,82.92,54.56,80.0,12958.0,0.8585,0.1415,Dentro do patamar,Baixo,-25.44
3678,3172202,Wenceslau Braz,MG,Sudeste,48.66,70.34,58.85,2356.0,0.8585,0.1415,Dentro do patamar,Baixo,11.49
3679,3166105,Senhora do Porto,MG,Sudeste,46.56,56.52,57.39,3067.0,0.8585,0.1415,Dentro do patamar,Baixo,-0.87
3680,2203404,Dom Expedito Lopes,PI,Nordeste,77.13,76.45,77.98,6320.0,0.8585,0.1415,Dentro do patamar,Baixo,-1.53
3681,4106704,Cruzeiro do Sul,PR,Sul,71.43,71.42,74.09,4494.0,0.8585,0.1415,Dentro do patamar,Baixo,-2.67
3682,2608909,Limoeiro,PE,Nordeste,72.23,67.03,74.63,56510.0,0.8585,0.1415,Dentro do patamar,Baixo,-7.6
3683,2506509,Gurjão,PB,Nordeste,73.31,100.0,75.36,3242.0,0.8585,0.1415,Dentro do patamar,Baixo,24.64
3684,4128633,Doutor Ulysses,PR,Sul,76.32,69.45,77.42,5697.0,0.8585,0.1415,Dentro do patamar,Baixo,-7.97
3685,2104628,Governador Luiz Rocha,MA,Nordeste,98.32,91.67,80.0,7063.0,0.8585,0.1415,Dentro do patamar,Baixo,11.67
3686,2605400,Feira Nova,PE,Nordeste,85.66,83.27,80.0,21427.0,0.8585,0.1415,Dentro do patamar,Baixo,3.27
3687,3553906,Tarabai,SP,Sudeste,78.46,67.98,78.91,6536.0,0.8585,0.1415,Dentro do patamar,Baixo,-10.93
3688,3157401,Santa Cruz do Escalvado,MG,Sudeste,54.55,78.33,62.87,4673.0,0.8585,0.1415,Dentro do patamar,Baixo,15.46
3689,3127354,Glaucilândia,MG,Sudeste,57.14,71.43,64.6,2928.0,0.8585,0.1415,Dentro do patamar,Baixo,6.83
3690,4113304,Laranjeiras do Sul,PR,Sul,72.14,68.0,74.57,32227.0,0.8585,0.1415,Dentro do patamar,Baixo,-6.57
3691,2615102,Terezinha,PE,Nordeste,68.26,76.08,71.97,6513.0,0.8585,0.1415,Dentro do patamar,Baixo,4.11
3692,2611903,Rio Formoso,PE,Nordeste,93.31,90.91,80.0,20009.0,0.8585,0.1415,Dentro do patamar,Baixo,10.91
3693,4100905,Amaporã,PR,Sul,71.89,76.71,74.4,4762.0,0.8585,0.1415,Dentro do patamar,Baixo,2.31
3694,2606101,Glória do Goitá,PE,Nordeste,70.58,66.22,73.52,29347.0,0.8585,0.1415,Dentro do patamar,Baixo,-7.3
3695,3540606,Porto Feliz,SP,Sudeste,73.63,70.08,75.58,56497.0,0.8585,0.1415,Dentro do patamar,Baixo,-5.5
3696,3171303,Viçosa,MG,Sudeste,62.67,72.11,68.27,76430.0,0.8585,0.1415,Dentro do patamar,Baixo,3.84
3697,3513306,Cruzália,SP,Sudeste,85.19,47.06,80.0,2108.0,0.8585,0.1415,Dentro do patamar,Baixo,-32.94
3698,3534807,Ouro Verde,SP,Sudeste,82.02,76.07,80.0,7779.0,0.8585,0.1415,Dentro do patamar,Baixo,-3.93
3699,4101507,Arapongas,PR,Sul,75.98,70.97,77.18,119138.0,0.8585,0.1415,Dentro do patamar,Baixo,-6.21
3700,2612109,Salgadinho,PE,Nordeste,93.42,92.16,80.0,5727.0,0.8585,0.1415,Dentro do patamar,Baixo,12.16
3701,3528809,Maracaí,SP,Sudeste,84.81,91.17,80.0,12673.0,0.8585,0.1415,Dentro do patamar,Baixo,11.17
3702,3158706,Santana do Garambéu,MG,Sudeste,47.32,87.26,57.92,2137.0,0.8585,0.1415,Dentro do patamar,Baixo,29.34
3703,2512408,Puxinanã,PB,Nordeste,75.57,62.11,76.9,14277.0,0.8585,0.1415,Dentro do patamar,Baixo,-14.79
3704,3543204,Ribeirão do Sul,SP,Sudeste,74.14,58.93,75.92,4677.0,0.8585,0.1415,Dentro do patamar,Baixo,-16.99
3705,3526001,Junqueirópolis,SP,Sudeste,76.94,80.44,77.85,20448.0,0.8585,0.1415,Dentro do patamar,Baixo,2.59
3706,3521309,Ipuã,SP,Sudeste,77.09,63.8,77.95,14454.0,0.8585,0.1415,Dentro do patamar,Baixo,-14.15
3707,3512100,Colômbia,SP,Sudeste,90.59,72.63,80.0,6629.0,0.8585,0.1415,Dentro do patamar,Baixo,-7.37
3708,2203859,Floresta do Piauí,PI,Nordeste,100.0,54.55,80.0,2333.0,0.8585,0.1415,Dentro do patamar,Baixo,-25.45
3709,3114402,Carmo do Rio Claro,MG,Sudeste,63.2,68.35,68.62,20954.0,0.8585,0.1415,Dentro do patamar,Baixo,-0.27
3710,2615300,Timbaúba,PE,Nordeste,74.11,77.57,75.9,46147.0,0.8585,0.1415,Dentro do patamar,Baixo,1.67
3711,3532058,Motuca,SP,Sudeste,79.93,78.09,79.95,4034.0,0.8585,0.1415,Dentro do patamar,Baixo,-1.86
3712,3553658,Taquaral,SP,Sudeste,75.0,27.27,76.51,2619.0,0.8585,0.1415,Dentro do patamar,Baixo,-49.24
3713,4215604,Santa Rosa de Lima,SC,Sul,92.81,86.49,80.0,2088.0,0.8585,0.1415,Dentro do patamar,Baixo,6.49
3714,4119400,Piraí do Sul,PR,Sul,72.99,74.06,75.14,23651.0,0.8585,0.1415,Dentro do patamar,Baixo,-1.08
3715,4109807,Ibiporã,PR,Sul,73.36,64.9,75.39,51603.0,0.8585,0.1415,Dentro do patamar,Baixo,-10.49
3716,4110078,Imbaú,PR,Sul,71.92,70.26,74.42,14249.0,0.8585,0.1415,Dentro do patamar,Baixo,-4.16
3717,4124020,Santa Tereza do Oeste,PR,Sul,73.31,77.75,75.36,13174.0,0.8585,0.1415,Dentro do patamar,Baixo,2.39
3718,2205201,Jaicós,PI,Nordeste,78.99,58.67,79.28,17527.0,0.8585,0.1415,Dentro do patamar,Baixo,-20.61
3719,2607208,Ipojuca,PE,Nordeste,68.37,64.15,72.04,98932.0,0.8587,0.1413,Dentro do patamar,Baixo,-7.89
3720,3508702,Caconde,SP,Sudeste,70.23,75.94,73.29,17101.0,0.8588,0.1412,Dentro do patamar,Baixo,2.65
3721,3305406,Sapucaia,RJ,Sudeste,65.59,65.37,70.2,17729.0,0.8588,0.1412,Dentro do patamar,Baixo,-4.83
3722,4109658,Honório Serpa,PR,Sul,55.98,73.2,63.82,4941.0,0.8594,0.1406,Dentro do patamar,Baixo,9.38
3723,3137304,Lagoa dos Patos,MG,Sudeste,41.04,69.48,53.43,3313.0,0.8595,0.1405,Dentro do patamar,Baixo,16.05
3724,3507308,Boracéia,SP,Sudeste,71.15,66.62,73.9,4715.0,0.8603,0.1397,Dentro do patamar,Baixo,-7.28
3725,3129004,Guiricema,MG,Sudeste,44.72,82.89,56.09,7778.0,0.8603,0.1397,Dentro do patamar,Baixo,26.8
3726,5108303,União do Sul,MT,Centro-Oeste,60.38,68.93,66.75,3838.0,0.8603,0.1397,Dentro do patamar,Baixo,2.18
3727,3540309,Pontes Gestal,SP,Sudeste,71.43,74.25,74.09,2387.0,0.8603,0.1397,Dentro do patamar,Baixo,0.16
3728,4112603,Jardim Olinda,PR,Sul,50.0,92.31,59.77,1343.0,0.8603,0.1397,Dentro do patamar,Baixo,32.54
3729,2209559,São Braz do Piauí,PI,Nordeste,87.8,66.39,80.0,4358.0,0.8603,0.1397,Dentro do patamar,Baixo,-13.61
3730,2504405,Conceição,PB,Nordeste,77.83,96.17,78.47,18260.0,0.8603,0.1397,Dentro do patamar,Baixo,17.7
3731,1101500,Seringueiras,RO,Norte,63.02,66.06,68.5,11171.0,0.8618,0.1382,Dentro do patamar,Baixo,-2.44
3732,1101492,São Francisco do Guaporé,RO,Norte,65.79,62.99,70.33,16286.0,0.8618,0.1382,Dentro do patamar,Baixo,-7.34
3733,3516606,Gália,SP,Sudeste,78.91,66.68,79.23,6380.0,0.8657,0.1343,Dentro do patamar,Baixo,-12.55
3734,2109056,Porto Rico do Maranhão,MA,Nordeste,73.83,34.42,75.71,5954.0,0.8683,0.1317,Dentro do patamar,Baixo,-41.29
3735,5106703,Ponte Branca,MT,Centro-Oeste,76.77,96.88,77.73,2008.0,0.8683,0.1317,Dentro do patamar,Baixo,19.15
3736,2107308,Nova Iorque,MA,Nordeste,77.43,51.24,78.19,4320.0,0.8683,0.1317,Dentro do patamar,Baixo,-26.95
3737,2108009,Pastos Bons,MA,Nordeste,74.16,64.01,75.94,18802.0,0.8683,0.1317,Dentro do patamar,Baixo,-11.93
3738,2105351,Itaipava do Grajaú,MA,Nordeste,86.12,72.99,80.0,13828.0,0.8683,0.1317,Dentro do patamar,Baixo,-7.01
3739,5108808,Nova Guarita,MT,Centro-Oeste,68.02,67.3,71.81,4590.0,0.8688,0.1312,Dentro do patamar,Baixo,-4.51
3740,4128302,Uniflor,PR,Sul,60.23,73.33,66.65,2136.0,0.8688,0.1312,Dentro do patamar,Baixo,6.68
3741,3134509,Itutinga,MG,Sudeste,51.36,76.33,60.71,4217.0,0.8688,0.1312,Dentro do patamar,Baixo,15.62
3742,3537107,Pedreira,SP,Sudeste,94.37,94.25,80.0,43112.0,0.8688,0.1312,Dentro do patamar,Baixo,14.25
3743,4105607,Cidade Gaúcha,PR,Sul,64.72,63.42,69.62,11467.0,0.8688,0.1312,Dentro do patamar,Baixo,-6.2
3744,3121605,Diamantina,MG,Sudeste,59.54,70.61,66.2,47702.0,0.8688,0.1312,Dentro do patamar,Baixo,4.41
3745,4119905,Ponta Grossa,PR,Sul,75.79,75.9,77.05,358371.0,0.8688,0.1312,Dentro do patamar,Baixo,-1.15
3746,3153707,Quartel Geral,MG,Sudeste,42.5,63.55,54.49,3179.0,0.8688,0.1312,Dentro do patamar,Baixo,9.06
3747,3127339,Gameleiras,MG,Sudeste,41.67,53.85,53.89,4793.0,0.8692,0.1308,Dentro do patamar,Baixo,-0.04
3748,2608057,Jatobá,PE,Nordeste,76.14,68.05,77.29,14020.0,0.8692,0.1308,Dentro do patamar,Baixo,-9.24
3749,2606903,Iguaracy,PE,Nordeste,72.59,83.67,74.87,11081.0,0.8692,0.1308,Dentro do patamar,Baixo,8.8
3750,3164209,São Romão,MG,Sudeste,50.94,77.76,60.42,10315.0,0.8692,0.1308,Dentro do patamar,Baixo,17.34
3751,4211801,Ouro,SC,Sul,72.58,82.18,74.86,7032.0,0.8692,0.1308,Dentro do patamar,Baixo,7.32
3752,4213609,Porto União,SC,Sul,70.51,59.53,73.47,32970.0,0.8692,0.1308,Dentro do patamar,Baixo,-13.94
3753,2605608,Flores,PE,Nordeste,74.26,68.28,76.0,20347.0,0.8692,0.1308,Dentro do patamar,Baixo,-7.72
3754,3130051,Icaraí de Minas,MG,Sudeste,53.99,77.42,62.49,10677.0,0.8692,0.1308,Dentro do patamar,Baixo,14.93
3755,4211876,Paial,SC,Sul,70.83,54.55,73.69,1927.0,0.8692,0.1308,Dentro do patamar,Baixo,-19.14
3756,3169703,Turmalina,MG,Sudeste,53.94,73.78,62.45,20000.0,0.8692,0.1308,Dentro do patamar,Baixo,11.33
3757,2612802,Santa Terezinha,PE,Nordeste,68.31,79.68,72.0,10244.0,0.8692,0.1308,Dentro do patamar,Baixo,7.68
3758,4126207,Sapopema,PR,Sul,73.32,83.01,75.36,6695.0,0.8692,0.1308,Dentro do patamar,Baixo,7.65
3759,4211009,Mondaí,SC,Sul,68.6,56.85,72.2,10066.0,0.8692,0.1308,Dentro do patamar,Baixo,-15.35
3760,3548104,Santo Antônio do Jardim,SP,Sudeste,71.46,72.45,74.11,6126.0,0.8692,0.1308,Dentro do patamar,Baixo,-1.66
3761,3119203,Coroaci,MG,Sudeste,56.22,73.42,63.99,10884.0,0.8692,0.1308,Dentro do patamar,Baixo,9.43
3762,3552908,Taciba,SP,Sudeste,79.93,67.0,79.95,6260.0,0.8692,0.1308,Dentro do patamar,Baixo,-12.95
3763,4207908,Irineópolis,SC,Sul,71.82,79.25,74.35,10285.0,0.8692,0.1308,Dentro do patamar,Baixo,4.9
3764,4206504,Guaramirim,SC,Sul,70.33,64.09,73.35,46711.0,0.8692,0.1308,Dentro do patamar,Baixo,-9.26
3765,4216800,São José do Cerrito,SC,Sul,76.47,65.03,77.52,8708.0,0.8692,0.1308,Dentro do patamar,Baixo,-12.49
3766,4110201,Inácio Martins,PR,Sul,73.43,70.03,75.44,9670.0,0.8692,0.1308,Dentro do patamar,Baixo,-5.41
3767,3128709,Guaxupé,MG,Sudeste,53.45,66.93,62.12,50911.0,0.8692,0.1308,Dentro do patamar,Baixo,4.81
3768,3146206,Ouro Verde de Minas,MG,Sudeste,51.25,78.41,60.63,5757.0,0.8692,0.1308,Dentro do patamar,Baixo,17.78
3769,3125952,Fervedouro,MG,Sudeste,66.12,76.31,70.55,10445.0,0.8692,0.1308,Dentro do patamar,Baixo,5.76
3770,2608701,Lagoa dos Gatos,PE,Nordeste,70.94,86.35,73.76,14076.0,0.8692,0.1308,Dentro do patamar,Baixo,12.59
3771,4215356,Saltinho,SC,Sul,95.13,75.29,80.0,3632.0,0.8692,0.1308,Dentro do patamar,Baixo,-4.71
3772,3117306,Conceição das Alagoas,MG,Sudeste,55.38,58.64,63.42,28381.0,0.8692,0.1308,Dentro do patamar,Baixo,-4.78
3773,2517407,Zabelê,PB,Nordeste,91.18,64.73,80.0,2228.0,0.87,0.13,Dentro do patamar,Baixo,-15.27
3774,3127206,Funilândia,MG,Sudeste,51.4,69.2,60.73,4686.0,0.87,0.13,Dentro do patamar,Baixo,8.47
3775,2103125,Central do Maranhão,MA,Nordeste,100.0,84.42,80.0,7094.0,0.87,0.13,Dentro do patamar,Baixo,4.42
3776,5004007,Glória de Dourados,MS,Centro-Oeste,78.91,73.2,79.23,10444.0,0.8702,0.1298,Dentro do patamar,Baixo,-6.03
3777,3119005,Cordislândia,MG,Sudeste,47.14,73.53,57.79,3200.0,0.8703,0.1297,Dentro do patamar,Baixo,15.74
3778,4118808,Peabiru,PR,Sul,69.48,74.24,72.78,13346.0,0.8707,0.1293,Dentro do patamar,Baixo,1.46
3779,3150208,Piedade de Ponte Nova,MG,Sudeste,35.21,80.01,49.01,3976.0,0.8707,0.1293,Dentro do patamar,Baixo,31.0
3780,2201945,Boqueirão do Piauí,PI,Nordeste,96.48,77.1,80.0,6545.0,0.8707,0.1293,Dentro do patamar,Baixo,-2.9
3781,3171402,Vieiras,MG,Sudeste,50.44,74.62,60.08,3700.0,0.8707,0.1293,Dentro do patamar,Baixo,14.54
3782,3163102,São José da Varginha,MG,Sudeste,55.14,82.68,63.26,4536.0,0.8707,0.1293,Dentro do patamar,Baixo,19.42
3783,3143401,Monte Sião,MG,Sudeste,53.93,74.18,62.45,24089.0,0.871,0.129,Dentro do patamar,Baixo,11.73
3784,3170305,Umburatiba,MG,Sudeste,63.7,52.43,68.95,2684.0,0.871,0.129,Dentro do patamar,Baixo,-16.52
3785,3169000,Tocantins,MG,Sudeste,58.37,71.46,65.42,16185.0,0.871,0.129,Dentro do patamar,Baixo,6.04
3786,3528106,Macaubal,SP,Sudeste,81.53,96.3,80.0,7481.0,0.8713,0.1287,Dentro do patamar,Baixo,16.3
3787,4124707,São Jerônimo da Serra,PR,Sul,81.2,71.33,80.0,10830.0,0.8713,0.1287,Dentro do patamar,Baixo,-8.67
3788,4216008,São Carlos,SC,Sul,62.12,80.35,80.0,10282.0,0.8713,0.1287,Dentro do patamar,Baixo,0.35
3789,2104073,Feira Nova do Maranhão,MA,Nordeste,84.89,65.38,80.0,8048.0,0.8713,0.1287,Dentro do patamar,Baixo,-14.62
3790,2109700,Sambaíba,MA,Nordeste,85.92,77.94,80.0,5568.0,0.8713,0.1287,Dentro do patamar,Baixo,-2.06
3791,3520608,Indiana,SP,Sudeste,81.63,70.59,80.0,5090.0,0.8713,0.1287,Dentro do patamar,Baixo,-9.41
3792,2204600,Hugo Napoleão,PI,Nordeste,82.43,81.47,80.0,3518.0,0.8713,0.1287,Dentro do patamar,Baixo,1.47
3793,4116307,Munhoz de Melo,PR,Sul,53.23,80.0,61.98,3951.0,0.8719,0.1281,Dentro do patamar,Baixo,18.02
3794,4127403,Terra Roxa,PR,Sul,68.55,76.19,72.16,18119.0,0.8719,0.1281,Dentro do patamar,Baixo,4.03
3795,3528858,Marapoama,SP,Sudeste,94.74,100.0,80.0,3292.0,0.8719,0.1281,Dentro do patamar,Baixo,20.0
3796,1101005,Governador Jorge Teixeira,RO,Norte,65.11,70.76,69.88,8001.0,0.8719,0.1281,Dentro do patamar,Baixo,0.88
3797,4107520,Esperança Nova,PR,Sul,42.11,71.04,54.21,1849.0,0.8719,0.1281,Dentro do patamar,Baixo,16.83
3798,4114500,Manoel Ribas,PR,Sul,67.7,71.98,71.6,14240.0,0.8719,0.1281,Dentro do patamar,Baixo,0.38
3799,3116902,Comendador Gomes,MG,Sudeste,35.71,74.3,49.4,2773.0,0.8719,0.1281,Dentro do patamar,Baixo,24.9
3800,3537156,Pedrinhas Paulista,SP,Sudeste,69.7,67.92,72.93,2804.0,0.8719,0.1281,Dentro do patamar,Baixo,-5.01
3801,4116505,Nova Aliança do Ivaí,PR,Sul,38.1,43.75,51.24,1323.0,0.8719,0.1281,Dentro do patamar,Baixo,-7.49
3802,4118303,Paranapoema,PR,Sul,59.18,61.71,65.96,2398.0,0.8719,0.1281,Dentro do patamar,Baixo,-4.25
3803,3143302,Montes Claros,MG,Sudeste,61.58,75.18,67.55,414240.0,0.8719,0.1281,Dentro do patamar,Baixo,7.63
3804,3300902,Cambuci,RJ,Sudeste,69.0,64.38,72.46,14616.0,0.8722,0.1278,Dentro do patamar,Baixo,-8.08
3805,5003454,Deodápolis,MS,Centro-Oeste,97.01,65.69,80.0,13663.0,0.8722,0.1278,Dentro do patamar,Baixo,-14.31
3806,5208509,Goiandira,GO,Centro-Oeste,44.66,72.17,56.04,4973.0,0.8736,0.1264,Dentro do patamar,Baixo,16.13
3807,3111002,Campestre,MG,Sudeste,69.98,81.73,73.12,20696.0,0.8739,0.1261,Dentro do patamar,Baixo,8.61
3808,3168804,Tiradentes,MG,Sudeste,62.26,68.34,68.0,7744.0,0.8739,0.1261,Dentro do patamar,Baixo,0.34
3809,2203008,Cristalândia do Piauí,PI,Nordeste,79.93,79.55,79.95,7356.0,0.8739,0.1261,Dentro do patamar,Baixo,-0.4
3810,3163003,São José da Safira,MG,Sudeste,72.52,52.73,74.82,3806.0,0.8739,0.1261,Dentro do patamar,Baixo,-22.09
3811,3124708,Estrela do Indaiá,MG,Sudeste,100.0,100.0,80.0,2772.0,0.8739,0.1261,Dentro do patamar,Baixo,20.0
3812,3552601,Tabapuã,SP,Sudeste,90.29,98.83,80.0,11323.0,0.8753,0.1247,Dentro do patamar,Baixo,18.83
3813,2204808,Ipiranga do Piauí,PI,Nordeste,85.43,95.83,80.0,9420.0,0.8756,0.1244,Dentro do patamar,Baixo,15.83
3814,2205151,Jacobina do Piauí,PI,Nordeste,88.51,84.31,80.0,5613.0,0.8756,0.1244,Dentro do patamar,Baixo,4.31
3815,3168903,Tiros,MG,Sudeste,59.26,81.76,66.01,7883.0,0.8774,0.1226,Dentro do patamar,Baixo,15.75
3816,3542503,Reginópolis,SP,Sudeste,96.74,84.53,80.0,7662.0,0.8775,0.1225,Dentro do patamar,Baixo,4.53
3817,3528304,Magda,SP,Sudeste,84.51,93.95,80.0,3165.0,0.8786,0.1214,Dentro do patamar,Baixo,13.95
3818,5107883,Serra Nova Dourada,MT,Centro-Oeste,65.34,94.74,70.03,1800.0,0.8786,0.1214,Dentro do patamar,Baixo,24.71
3819,3549201,São João das Duas Pontes,SP,Sudeste,86.43,80.0,80.0,2580.0,0.8786,0.1214,Dentro do patamar,Baixo,0.0
3820,2111607,São Raimundo das Mangabeiras,MA,Nordeste,71.02,84.5,73.81,18672.0,0.8786,0.1214,Dentro do patamar,Baixo,10.69
3821,4204459,Coronel Martins,SC,Sul,73.68,90.43,75.61,2065.0,0.879,0.121,Dentro do patamar,Baixo,14.82
3822,2610202,Panelas,PE,Nordeste,76.82,94.53,77.76,22991.0,0.879,0.121,Dentro do patamar,Baixo,16.77
3823,2612208,Salgueiro,PE,Nordeste,75.94,75.13,77.15,62372.0,0.879,0.121,Dentro do patamar,Baixo,-2.02
3824,4207858,Irati,SC,Sul,92.86,87.82,80.0,2069.0,0.879,0.121,Dentro do patamar,Baixo,7.82
3825,4128203,União da Vitória,PR,Sul,74.94,73.17,76.47,55033.0,0.879,0.121,Dentro do patamar,Baixo,-3.3
3826,2603900,Carnaíba,PE,Nordeste,91.81,92.5,80.0,18644.0,0.879,0.121,Dentro do patamar,Baixo,12.5
3827,3163607,São José do Mantimento,MG,Sudeste,47.74,87.17,58.21,2753.0,0.8793,0.1207,Dentro do patamar,Baixo,28.96
3828,5001243,Aral Moreira,MS,Centro-Oeste,73.91,73.43,75.77,10748.0,0.8795,0.1205,Dentro do patamar,Baixo,-2.34
3829,3102605,Andradas,MG,Sudeste,56.29,75.04,64.03,40553.0,0.8795,0.1205,Dentro do patamar,Baixo,11.01
3830,3156205,Rochedo de Minas,MG,Sudeste,56.55,58.33,64.21,2291.0,0.8795,0.1205,Dentro do patamar,Baixo,-5.88
3831,3102704,Cachoeira de Pajeú,MG,Sudeste,60.31,77.96,66.71,9110.0,0.8795,0.1205,Dentro do patamar,Baixo,11.25
3832,3105608,Barbacena,MG,Sudeste,59.28,81.97,66.02,125317.0,0.8801,0.1199,Dentro do patamar,Baixo,15.95
3833,3107109,Boa Esperança,MG,Sudeste,53.83,74.5,62.38,39848.0,0.8803,0.1197,Dentro do patamar,Baixo,12.12
3834,3508207,Buritizal,SP,Sudeste,96.13,56.29,80.0,4356.0,0.8803,0.1197,Dentro do patamar,Baixo,-23.71
3835,5106273,Novo Horizonte do Norte,MT,Centro-Oeste,62.97,69.12,68.47,3349.0,0.8804,0.1196,Dentro do patamar,Baixo,0.65
3836,3514924,Elisiário,SP,Sudeste,72.37,85.34,74.72,3138.0,0.8804,0.1196,Dentro do patamar,Baixo,10.62
3837,2210300,São Julião,PI,Nordeste,94.83,87.93,80.0,6025.0,0.8804,0.1196,Dentro do patamar,Baixo,7.93
3838,3112307,Capelinha,MG,Sudeste,56.35,80.94,64.07,39626.0,0.8804,0.1196,Dentro do patamar,Baixo,16.87
3839,3138401,Leopoldina,MG,Sudeste,58.67,65.18,65.62,51145.0,0.8809,0.1191,Dentro do patamar,Baixo,-0.44
3840,5107297,São José do Povo,MT,Centro-Oeste,80.66,74.75,80.0,2875.0,0.881,0.119,Dentro do patamar,Baixo,-5.25
3841,2612703,Santa Maria do Cambucá,PE,Nordeste,83.17,70.05,80.0,14013.0,0.881,0.119,Dentro do patamar,Baixo,-9.95
3842,2204303,Fronteiras,PI,Nordeste,98.26,96.63,80.0,10259.0,0.8813,0.1187,Dentro do patamar,Baixo,16.63
3843,3170404,Unaí,MG,Sudeste,56.42,59.06,64.12,86619.0,0.8814,0.1186,Dentro do patamar,Baixo,-5.06
3844,4103701,Cambé,PR,Sul,79.11,76.35,79.37,107208.0,0.8814,0.1186,Dentro do patamar,Baixo,-3.02
3845,5104526,Ipiranga do Norte,MT,Centro-Oeste,61.83,59.46,67.71,7815.0,0.8814,0.1186,Dentro do patamar,Baixo,-8.25
3846,3167608,Simonésia,MG,Sudeste,65.64,68.54,70.23,19750.0,0.8816,0.1184,Dentro do patamar,Baixo,-1.69
3847,1100320,São Miguel do Guaporé,RO,Norte,67.75,69.13,71.63,21635.0,0.8817,0.1183,Dentro do patamar,Baixo,-2.5
3848,3508306,Cabrália Paulista,SP,Sudeste,79.41,78.11,79.58,4299.0,0.8817,0.1183,Dentro do patamar,Baixo,-1.47
3849,1100189,Pimenta Bueno,RO,Norte,69.73,81.06,72.95,35079.0,0.8819,0.1181,Dentro do patamar,Baixo,8.11
3850,4102604,Barracão,PR,Sul,72.57,73.99,74.86,9759.0,0.882,0.118,Dentro do patamar,Baixo,-0.87
3851,4103057,Boa Vista da Aparecida,PR,Sul,72.39,53.35,74.74,7924.0,0.882,0.118,Dentro do patamar,Baixo,-21.39
3852,3138682,Luislândia,MG,Sudeste,50.0,85.0,59.77,6210.0,0.882,0.118,Dentro do patamar,Baixo,25.23
3853,4107256,Douradina,PR,Sul,50.3,68.96,59.98,9161.0,0.8826,0.1174,Dentro do patamar,Baixo,8.98
3854,3148756,Pedra Bonita,MG,Sudeste,61.37,91.18,67.41,7320.0,0.8826,0.1174,Dentro do patamar,Baixo,23.77
3855,5004601,Itaquiraí,MS,Centro-Oeste,73.35,79.41,75.39,19423.0,0.8826,0.1174,Dentro do patamar,Baixo,4.02
3856,3170057,Ubaporanga,MG,Sudeste,68.47,70.42,72.11,13017.0,0.8826,0.1174,Dentro do patamar,Baixo,-1.69
3857,3169901,Ubá,MG,Sudeste,64.51,79.09,69.49,103365.0,0.8826,0.1174,Dentro do patamar,Baixo,9.6
3858,4101101,Andirá,PR,Sul,65.02,64.82,69.82,19878.0,0.8826,0.1174,Dentro do patamar,Baixo,-5.0
3859,4211603,Nova Veneza,SC,Sul,69.57,79.48,72.84,13664.0,0.8826,0.1174,Dentro do patamar,Baixo,6.64
3860,4122602,Rondon,PR,Sul,68.42,41.63,72.08,9097.0,0.8826,0.1174,Dentro do patamar,Baixo,-30.45
3861,3134202,Ituiutaba,MG,Sudeste,62.99,66.72,68.48,102217.0,0.8826,0.1174,Dentro do patamar,Baixo,-1.76
3862,4100202,Adrianópolis,PR,Sul,60.08,60.95,66.55,6256.0,0.8826,0.1174,Dentro do patamar,Baixo,-5.6
3863,3144672,Nova Belém,MG,Sudeste,50.0,48.0,59.77,3151.0,0.8834,0.1166,Dentro do patamar,Baixo,-11.77
3864,5201801,Aragoiânia,GO,Centro-Oeste,54.97,62.84,63.15,11890.0,0.8837,0.1163,Dentro do patamar,Baixo,-0.31
3865,5218003,Porangatu,GO,Centro-Oeste,51.66,49.92,60.91,44317.0,0.8837,0.1163,Dentro do patamar,Baixo,-10.99
3866,2500734,Amparo,PB,Nordeste,85.27,41.89,80.0,2234.0,0.8842,0.1158,Dentro do patamar,Baixo,-38.11
3867,3171105,Veríssimo,MG,Sudeste,97.76,77.09,77.6,3411.0,0.8845,0.1155,Dentro do patamar,Baixo,-0.51
3868,4202131,Bela Vista do Toldo,SC,Sul,86.2,81.95,80.0,5872.0,0.8846,0.1154,Dentro do patamar,Baixo,1.95
3869,4212239,Paraíso,SC,Sul,85.76,83.86,80.0,4267.0,0.8846,0.1154,Dentro do patamar,Baixo,3.86
3870,4203105,Caibi,SC,Sul,75.47,27.3,76.83,6304.0,0.8846,0.1154,Dentro do patamar,Baixo,-49.53
3871,4200606,Águas Mornas,SC,Sul,81.28,79.3,80.0,6743.0,0.8846,0.1154,Dentro do patamar,Baixo,-0.7
3872,4116901,Nova Esperança,PR,Sul,74.13,74.65,75.92,26585.0,0.8846,0.1154,Dentro do patamar,Baixo,-1.27
3873,3145455,Olhos-d'Água,MG,Sudeste,68.23,90.16,71.95,5385.0,0.8846,0.1154,Dentro do patamar,Baixo,18.21
3874,3162708,São João do Paraíso,MG,Sudeste,70.47,87.33,73.45,23910.0,0.8846,0.1154,Dentro do patamar,Baixo,13.88
3875,4205159,Doutor Pedrinho,SC,Sul,52.09,79.1,79.25,3637.0,0.8863,0.1137,Dentro do patamar,Baixo,-0.15
3876,2104552,Governador Edison Lobão,MA,Nordeste,80.4,67.46,80.0,18411.0,0.8866,0.1134,Dentro do patamar,Baixo,-12.54
3877,2107456,Olinda Nova do Maranhão,MA,Nordeste,80.81,37.64,80.0,13577.0,0.8866,0.1134,Dentro do patamar,Baixo,-42.36
3878,5000252,Alcinópolis,MS,Centro-Oeste,76.7,63.77,77.68,4537.0,0.8872,0.1128,Dentro do patamar,Baixo,-13.91
3879,2208700,Redenção do Gurguéia,PI,Nordeste,99.0,80.52,80.0,8394.0,0.8872,0.1128,Dentro do patamar,Baixo,0.52
3880,3156908,Sacramento,MG,Sudeste,64.01,79.62,69.15,26670.0,0.8872,0.1128,Dentro do patamar,Baixo,10.47
3881,3130705,Indianópolis,MG,Sudeste,43.12,53.9,54.94,6171.0,0.8883,0.1117,Dentro do patamar,Baixo,-1.04
3882,3147105,Pará de Minas,MG,Sudeste,53.51,69.52,62.16,97139.0,0.8909,0.1091,Dentro do patamar,Baixo,7.36
3883,3162500,São João del Rei,MG,Sudeste,55.63,74.0,63.59,90225.0,0.8911,0.1089,Dentro do patamar,Baixo,10.41
3884,2610301,Paranatama,PE,Nordeste,74.14,66.67,75.92,12199.0,0.8917,0.1083,Dentro do patamar,Baixo,-9.25
3885,5003157,Coronel Sapucaia,MS,Centro-Oeste,78.98,60.75,79.28,14289.0,0.8921,0.1079,Dentro do patamar,Baixo,-18.53
3886,4217253,São Pedro de Alcântara,SC,Sul,73.98,59.93,75.81,5776.0,0.8922,0.1078,Dentro do patamar,Baixo,-15.88
3887,3515608,Fernando Prestes,SP,Sudeste,97.93,85.99,80.0,5942.0,0.8924,0.1076,Dentro do patamar,Baixo,5.99
3888,5106455,Planalto da Serra,MT,Centro-Oeste,58.62,90.32,65.58,3166.0,0.8924,0.1076,Dentro do patamar,Baixo,24.74
3889,3106101,Belmiro Braga,MG,Sudeste,33.6,57.69,61.99,3244.0,0.8928,0.1072,Dentro do patamar,Baixo,-4.3
3890,3126208,Formoso,MG,Sudeste,61.08,74.9,67.22,7949.0,0.8941,0.1059,Dentro do patamar,Baixo,7.68
3891,3149507,Pequeri,MG,Sudeste,32.02,69.05,46.46,3351.0,0.8944,0.1056,Dentro do patamar,Baixo,22.59
3892,4209854,Lindóia do Sul,SC,Sul,87.38,84.61,80.0,4549.0,0.8944,0.1056,Dentro do patamar,Baixo,4.61
3893,4201505,Armazém,SC,Sul,70.51,79.08,73.47,8834.0,0.8944,0.1056,Dentro do patamar,Baixo,5.61
3894,4215802,São Bento do Sul,SC,Sul,73.1,76.73,75.22,83277.0,0.8944,0.1056,Dentro do patamar,Baixo,1.51
3895,4218103,Timbé do Sul,SC,Sul,71.29,80.2,74.0,5386.0,0.8944,0.1056,Dentro do patamar,Baixo,6.2
3896,4215752,São Bernardino,SC,Sul,83.02,69.54,80.0,2684.0,0.8944,0.1056,Dentro do patamar,Baixo,-10.46
3897,4217758,Sul Brasil,SC,Sul,76.19,73.21,77.33,2832.0,0.8944,0.1056,Dentro do patamar,Baixo,-4.12
3898,4212601,Peritiba,SC,Sul,85.84,87.5,80.0,2992.0,0.8944,0.1056,Dentro do patamar,Baixo,7.5
3899,4101002,Ampére,PR,Sul,65.51,70.06,70.15,19620.0,0.8953,0.1047,Dentro do patamar,Baixo,-0.09
3900,4217907,Tangará,SC,Sul,80.35,77.62,,8143.0,0.8956,0.1044,Dentro do patamar,Baixo,
3901,3139508,Manhumirim,MG,Sudeste,68.6,68.84,72.2,20613.0,0.8956,0.1044,Dentro do patamar,Baixo,-3.36
3902,2202729,Cocal dos Alves,PI,Nordeste,80.26,87.68,80.0,6386.0,0.8964,0.1036,Dentro do patamar,Baixo,7.68
3903,2103158,Centro do Guilherme,MA,Nordeste,92.92,87.93,80.0,12342.0,0.8966,0.1034,Dentro do patamar,Baixo,7.93
3904,3154200,Resende Costa,MG,Sudeste,57.85,82.11,65.07,11230.0,0.8967,0.1033,Dentro do patamar,Baixo,17.04
3905,3102852,Angelândia,MG,Sudeste,59.72,84.97,66.32,7718.0,0.8967,0.1033,Dentro do patamar,Baixo,18.65
3906,3162906,São João Nepomuceno,MG,Sudeste,68.55,69.83,72.16,25565.0,0.8967,0.1033,Dentro do patamar,Baixo,-2.33
3907,3129509,Ibiá,MG,Sudeste,52.52,78.1,61.49,22229.0,0.8967,0.1033,Dentro do patamar,Baixo,16.61
3908,3111507,Campos Altos,MG,Sudeste,58.27,65.27,65.35,12979.0,0.8968,0.1032,Dentro do patamar,Baixo,-0.08
3909,2514552,São José de Princesa,PB,Nordeste,82.35,81.82,80.0,3416.0,0.8969,0.1031,Dentro do patamar,Baixo,1.82
3910,2202026,Buriti dos Montes,PI,Nordeste,84.87,98.33,80.0,7434.0,0.8969,0.1031,Dentro do patamar,Baixo,18.33
3911,2205953,Marcolândia,PI,Nordeste,98.87,89.66,80.0,8533.0,0.897,0.103,Dentro do patamar,Baixo,9.66
3912,3161650,São Geraldo do Baixio,MG,Sudeste,71.16,76.32,73.91,3143.0,0.8973,0.1027,Dentro do patamar,Baixo,2.41
3913,2608602,Lagoa do Ouro,PE,Nordeste,72.63,85.39,74.9,11933.0,0.8973,0.1027,Dentro do patamar,Baixo,10.49
3914,2112704,Vargem Grande,MA,Nordeste,98.85,96.58,80.0,43261.0,0.8978,0.1022,Dentro do patamar,Baixo,16.58
3915,2513943,São Domingos do Cariri,PB,Nordeste,95.45,100.0,80.0,2585.0,0.8978,0.1022,Dentro do patamar,Baixo,20.0
3916,3140001,Mariana,MG,Sudeste,53.77,65.6,62.34,61387.0,0.8979,0.1021,Dentro do patamar,Baixo,3.26
3917,3112604,Capinópolis,MG,Sudeste,51.19,73.04,60.59,14655.0,0.898,0.102,Dentro do patamar,Baixo,12.45
3918,3170529,Urucuia,MG,Sudeste,56.93,67.15,64.46,17479.0,0.898,0.102,Dentro do patamar,Baixo,2.69
3919,4204707,Cunha Porã,SC,Sul,93.9,77.07,80.0,10953.0,0.898,0.102,Dentro do patamar,Baixo,-2.93
3920,3162955,São José da Lapa,MG,Sudeste,62.41,75.09,68.1,26090.0,0.898,0.102,Dentro do patamar,Baixo,6.99
3921,4121307,Rancho Alegre,PR,Sul,77.01,86.02,77.9,3512.0,0.8981,0.1019,Dentro do patamar,Baixo,8.12
3922,1100288,Rolim de Moura,RO,Norte,68.81,75.19,72.34,56406.0,0.8981,0.1019,Dentro do patamar,Baixo,2.85
3923,2105922,Lagoa do Mato,MA,Nordeste,85.96,78.44,80.0,10572.0,0.8989,0.1011,Dentro do patamar,Baixo,-1.56
3924,4115606,Matelândia,PR,Sul,73.52,71.4,75.5,18450.0,0.8991,0.1009,Dentro do patamar,Baixo,-4.1
3925,4125704,São Miguel do Iguaçu,PR,Sul,73.58,77.84,75.54,29122.0,0.8993,0.1007,Dentro do patamar,Baixo,2.3
3926,3532843,Nova Canaã Paulista,SP,Sudeste,78.95,72.22,79.25,2032.0,0.8997,0.1003,Dentro do patamar,Baixo,-7.03
3927,5202155,Araguapaz,GO,Centro-Oeste,43.29,68.98,55.06,7153.0,0.8998,0.1002,Dentro do patamar,Baixo,13.92
3928,5205109,Catalão,GO,Centro-Oeste,64.88,76.88,69.73,114427.0,0.8998,0.1002,Dentro do patamar,Baixo,7.15
3929,5203962,Buritinópolis,GO,Centro-Oeste,49.29,85.08,59.29,3145.0,0.8998,0.1002,Dentro do patamar,Baixo,25.79
3930,5217609,Planaltina,GO,Centro-Oeste,65.51,75.11,70.15,105031.0,0.8998,0.1002,Dentro do patamar,Baixo,4.96
3931,5206503,Cromínia,GO,Centro-Oeste,55.88,72.38,63.76,3883.0,0.8998,0.1002,Dentro do patamar,Baixo,8.62
3932,5215603,Padre Bernardo,GO,Centro-Oeste,58.23,69.56,65.33,34967.0,0.8998,0.1002,Dentro do patamar,Baixo,4.23
3933,5205497,Cidade Ocidental,GO,Centro-Oeste,51.3,61.82,60.66,91767.0,0.8998,0.1002,Dentro do patamar,Baixo,1.16
3934,5214903,Nova Roma,GO,Centro-Oeste,61.29,71.43,67.36,3076.0,0.8998,0.1002,Dentro do patamar,Baixo,4.07
3935,5103908,General Carneiro,MT,Centro-Oeste,89.12,71.41,80.0,6037.0,0.8999,0.1001,Dentro do patamar,Baixo,-8.59
3936,4203808,Canoinhas,SC,Sul,73.93,71.93,75.78,55016.0,0.8999,0.1001,Dentro do patamar,Baixo,-3.85
3937,4219606,Xavantina,SC,Sul,71.58,80.95,74.19,3653.0,0.8999,0.1001,Dentro do patamar,Baixo,6.76
3938,5209150,Gouvelândia,GO,Centro-Oeste,39.78,81.36,52.5,4390.0,0.9016,0.0984,Dentro do patamar,Baixo,28.86
3939,4210100,Mafra,SC,Sul,72.98,77.41,75.13,55286.0,0.9017,0.0983,Dentro do patamar,Baixo,2.28
3940,3106309,Belo Oriente,MG,Sudeste,57.1,65.94,64.57,23928.0,0.9021,0.0979,Dentro do patamar,Baixo,1.37
3941,2205607,Landri Sales,PI,Nordeste,97.9,100.0,80.0,5213.0,0.9026,0.0974,Dentro do patamar,Baixo,20.0
3942,4106456,Coronel Domingos Soares,PR,Sul,78.28,62.47,78.78,5649.0,0.9042,0.0958,Dentro do patamar,Baixo,-16.31
3943,3542909,Ribeirão Bonito,SP,Sudeste,79.24,53.4,79.46,10989.0,0.9051,0.0949,Dentro do patamar,Baixo,-26.06
3944,3164704,São Sebastião do Paraíso,MG,Sudeste,65.48,81.09,70.13,71796.0,0.9065,0.0935,Dentro do patamar,Baixo,10.96
3945,5107305,São José do Rio Claro,MT,Centro-Oeste,73.17,60.28,75.26,14911.0,0.9071,0.0929,Dentro do patamar,Baixo,-14.98
3946,5100300,Alto Araguaia,MT,Centro-Oeste,73.84,75.59,75.72,17193.0,0.9071,0.0929,Dentro do patamar,Baixo,-0.13
3947,3137700,Lajinha,MG,Sudeste,72.03,69.27,74.49,20835.0,0.9071,0.0929,Dentro do patamar,Baixo,-5.22
3948,3159001,Santana do Riacho,MG,Sudeste,60.89,80.15,67.09,5313.0,0.9076,0.0924,Dentro do patamar,Baixo,13.06
3949,3146552,Pai Pedro,MG,Sudeste,62.52,76.4,68.17,5551.0,0.9076,0.0924,Dentro do patamar,Baixo,8.23
3950,3118007,Congonhas,MG,Sudeste,56.15,74.01,63.94,52890.0,0.9077,0.0923,Dentro do patamar,Baixo,10.07
3951,3157336,Santa Cruz de Minas,MG,Sudeste,63.86,43.82,69.06,8109.0,0.9077,0.0923,Dentro do patamar,Baixo,-25.24
3952,3125101,Extrema,MG,Sudeste,57.68,69.33,64.96,53482.0,0.9077,0.0923,Dentro do patamar,Baixo,4.37
3953,3201308,Cariacica,ES,Sudeste,57.15,64.57,64.61,353491.0,0.9077,0.0923,Dentro do patamar,Baixo,-0.04
3954,3132404,Itajubá,MG,Sudeste,59.76,79.1,66.34,93073.0,0.9077,0.0923,Dentro do patamar,Baixo,12.76
3955,4114401,Mangueirinha,PR,Sul,72.22,66.1,74.62,16603.0,0.9079,0.0921,Dentro do patamar,Baixo,-8.52
3956,3203502,Montanha,ES,Sudeste,63.05,80.21,68.52,18900.0,0.9083,0.0917,Dentro do patamar,Baixo,11.69
3957,2209500,Santo Inácio do Piauí,PI,Nordeste,73.42,85.37,75.43,3646.0,0.9085,0.0915,Dentro do patamar,Baixo,9.94
3958,3203205,Linhares,ES,Sudeste,64.16,67.59,69.25,166786.0,0.9089,0.0911,Dentro do patamar,Baixo,-1.66
3959,2112852,Vila Nova dos Martírios,MA,Nordeste,86.07,74.55,80.0,10362.0,0.9093,0.0907,Dentro do patamar,Baixo,-5.45
3960,3111903,Cana Verde,MG,Sudeste,50.78,93.33,60.31,5272.0,0.9094,0.0906,Dentro do patamar,Baixo,33.02
3961,3163508,São José do Jacuri,MG,Sudeste,55.27,81.45,63.35,6197.0,0.9094,0.0906,Dentro do patamar,Baixo,18.1
3962,3164472,São Sebastião do Anta,MG,Sudeste,58.19,81.32,65.3,6194.0,0.9094,0.0906,Dentro do patamar,Baixo,16.02
3963,3305158,São José do Vale do Rio Preto,RJ,Sudeste,71.41,76.78,74.08,22080.0,0.9094,0.0906,Dentro do patamar,Baixo,2.7
3964,3129608,Ibiaí,MG,Sudeste,56.95,76.41,64.47,6286.0,0.9094,0.0906,Dentro do patamar,Baixo,11.94
3965,2207405,Palmeira do Piauí,PI,Nordeste,70.83,72.22,73.69,4952.0,0.9097,0.0903,Dentro do patamar,Baixo,-1.47
3966,4120101,Porto Amazonas,PR,Sul,69.78,76.84,72.98,4098.0,0.91,0.09,Dentro do patamar,Baixo,3.86
3967,4215554,Santa Helena,SC,Sul,78.34,66.67,78.82,2425.0,0.9105,0.0895,Dentro do patamar,Baixo,-12.15
3968,2104909,Guimarães,MA,Nordeste,89.07,86.95,80.0,10290.0,0.9105,0.0895,Dentro do patamar,Baixo,6.95
3969,5203559,Bonfinópolis,GO,Centro-Oeste,58.03,86.32,65.19,10296.0,0.9105,0.0895,Dentro do patamar,Baixo,21.13
3970,2109239,Presidente Médici,MA,Nordeste,75.46,74.73,76.82,4696.0,0.9105,0.0895,Dentro do patamar,Baixo,-2.09
3971,4120903,Quedas do Iguaçu,PR,Sul,71.7,62.11,74.27,30738.0,0.9107,0.0893,Dentro do patamar,Baixo,-12.16
3972,3122355,Divisa Alegre,MG,Sudeste,50.93,62.69,60.41,6321.0,0.9107,0.0893,Dentro do patamar,Baixo,2.28
3973,5106109,Nossa Senhora do Livramento,MT,Centro-Oeste,68.54,82.05,72.16,12940.0,0.9107,0.0893,Dentro do patamar,Baixo,9.89
3974,3154507,Riacho dos Machados,MG,Sudeste,67.54,70.0,71.49,8756.0,0.9107,0.0893,Dentro do patamar,Baixo,-1.49
3975,3127008,Fronteira,MG,Sudeste,52.87,76.16,61.73,14540.0,0.9107,0.0893,Dentro do patamar,Baixo,14.43
3976,3166808,Serra do Salitre,MG,Sudeste,59.88,72.87,66.42,11801.0,0.9107,0.0893,Dentro do patamar,Baixo,6.45
3977,3133600,Itapeva,MG,Sudeste,52.0,67.89,61.14,12692.0,0.9107,0.0893,Dentro do patamar,Baixo,6.75
3978,3170750,Varjão de Minas,MG,Sudeste,57.22,93.29,64.65,6969.0,0.9107,0.0893,Dentro do patamar,Baixo,28.64
3979,3133006,Itamonte,MG,Sudeste,57.59,81.86,64.9,14786.0,0.9107,0.0893,Dentro do patamar,Baixo,16.96
3980,3156452,Rosário da Limeira,MG,Sudeste,55.93,78.18,63.79,4734.0,0.9107,0.0893,Dentro do patamar,Baixo,14.39
3981,3138906,Machacalis,MG,Sudeste,62.01,65.94,67.83,6487.0,0.9107,0.0893,Dentro do patamar,Baixo,-1.89
3982,3138658,Lontra,MG,Sudeste,64.02,78.07,69.16,8790.0,0.9107,0.0893,Dentro do patamar,Baixo,8.91
3983,3158953,Santana do Paraíso,MG,Sudeste,69.78,69.95,72.98,44800.0,0.9107,0.0893,Dentro do patamar,Baixo,-3.03
3984,3107307,Bocaiúva,MG,Sudeste,68.82,68.42,72.34,48032.0,0.9107,0.0893,Dentro do patamar,Baixo,-3.92
3985,3122306,Divinópolis,MG,Sudeste,64.73,73.79,69.63,231091.0,0.9107,0.0893,Dentro do patamar,Baixo,4.16
3986,3112901,Caputira,MG,Sudeste,59.39,83.3,66.1,8936.0,0.9107,0.0893,Dentro do patamar,Baixo,17.2
3987,3107901,Bom Repouso,MG,Sudeste,56.55,68.27,64.21,12649.0,0.9107,0.0893,Dentro do patamar,Baixo,4.06
3988,5205455,Cezarina,GO,Centro-Oeste,41.26,69.63,53.59,8090.0,0.9125,0.0875,Dentro do patamar,Baixo,16.04
3989,4210902,Modelo,SC,Sul,81.55,94.86,80.0,4080.0,0.9127,0.0873,Dentro do patamar,Baixo,14.86
3990,2602506,Brejinho,PE,Nordeste,71.45,79.05,74.1,7720.0,0.9127,0.0873,Dentro do patamar,Baixo,4.95
3991,4210035,Luzerna,SC,Sul,72.91,79.74,75.09,5794.0,0.9127,0.0873,Dentro do patamar,Baixo,4.65
3992,3540853,Pracinha,SP,Sudeste,94.44,80.0,80.0,2578.0,0.9132,0.0868,Dentro do patamar,Baixo,0.0
3993,2205532,Jurema,PI,Nordeste,96.41,98.36,80.0,4425.0,0.9132,0.0868,Dentro do patamar,Baixo,18.36
3994,3137601,Lagoa Santa,MG,Sudeste,61.7,72.24,67.63,75145.0,0.9132,0.0868,Dentro do patamar,Baixo,4.61
3995,2207793,Pau D'Arco do Piauí,PI,Nordeste,100.0,51.85,80.0,3880.0,0.9132,0.0868,Dentro do patamar,Baixo,-28.15
3996,4204301,Concórdia,SC,Sul,76.4,75.26,77.47,81646.0,0.9133,0.0867,Dentro do patamar,Baixo,-2.21
3997,5103809,Figueirópolis D'Oeste,MT,Centro-Oeste,86.02,58.78,80.0,3187.0,0.9143,0.0857,Dentro do patamar,Baixo,-21.22
3998,3160454,Santo Antônio do Retiro,MG,Sudeste,78.11,65.69,78.66,6629.0,0.9144,0.0856,Dentro do patamar,Baixo,-12.97
3999,2202737,Coivaras,PI,Nordeste,78.14,94.47,78.68,4117.0,0.9153,0.0847,Dentro do patamar,Baixo,15.79
4000,4122651,Rosário do Ivaí,PR,Sul,69.4,77.0,72.73,5435.0,0.9154,0.0846,Dentro do patamar,Baixo,4.27
4001,3536000,Parapuã,SP,Sudeste,75.58,73.38,76.91,10580.0,0.9174,0.0826,Dentro do patamar,Baixo,-3.53
4002,2106201,Luís Domingues,MA,Nordeste,76.93,84.97,77.84,7161.0,0.9182,0.0818,Dentro do patamar,Baixo,7.13
4003,4113502,Loanda,PR,Sul,72.42,73.8,74.76,23225.0,0.9192,0.0808,Dentro do patamar,Baixo,-0.96
4004,3110806,Campanário,MG,Sudeste,61.46,47.62,67.47,2923.0,0.9192,0.0808,Dentro do patamar,Baixo,-19.85
4005,4128534,Ventania,PR,Sul,74.1,77.17,75.89,9681.0,0.9192,0.0808,Dentro do patamar,Baixo,1.28
4006,4123907,Santa Mariana,PR,Sul,73.65,83.73,75.59,11066.0,0.9192,0.0808,Dentro do patamar,Baixo,8.14
4007,3119302,Coromandel,MG,Sudeste,41.88,63.22,54.04,28894.0,0.9192,0.0808,Dentro do patamar,Baixo,9.18
4008,4119202,Pinhalão,PR,Sul,73.96,76.88,75.8,6566.0,0.9192,0.0808,Dentro do patamar,Baixo,1.08
4009,4102406,Bandeirantes,PR,Sul,75.41,72.78,76.79,31273.0,0.9192,0.0808,Dentro do patamar,Baixo,-4.01
4010,4117701,Palmeira,PR,Sul,71.64,65.93,74.23,33855.0,0.9192,0.0808,Dentro do patamar,Baixo,-8.3
4011,4119608,Pitanga,PR,Sul,72.99,73.42,75.14,33567.0,0.9192,0.0808,Dentro do patamar,Baixo,-1.72
4012,3101201,Aiuruoca,MG,Sudeste,55.3,85.71,63.37,6233.0,0.9198,0.0802,Dentro do patamar,Baixo,22.34
4013,2106375,Maranhãozinho,MA,Nordeste,76.41,97.62,77.48,13761.0,0.92,0.08,Dentro do patamar,Baixo,20.14
4014,3155801,Rio Pomba,MG,Sudeste,65.31,78.55,70.01,17443.0,0.9205,0.0795,Dentro do patamar,Baixo,8.54
4015,3131307,Ipatinga,MG,Sudeste,64.66,70.92,69.58,227731.0,0.9205,0.0795,Dentro do patamar,Baixo,1.34
4016,3170602,Vargem Bonita,MG,Sudeste,58.82,69.23,65.72,2158.0,0.9205,0.0795,Dentro do patamar,Baixo,3.51
4017,3109600,Cachoeira da Prata,MG,Sudeste,52.4,80.0,61.41,3693.0,0.9205,0.0795,Dentro do patamar,Baixo,18.59
4018,3169208,Tombos,MG,Sudeste,56.82,80.55,64.39,8609.0,0.9205,0.0795,Dentro do patamar,Baixo,16.16
4019,3114550,Carneirinho,MG,Sudeste,52.21,64.51,61.28,9422.0,0.9205,0.0795,Dentro do patamar,Baixo,3.23
4020,3147907,Passos,MG,Sudeste,65.45,86.17,70.11,111939.0,0.9205,0.0795,Dentro do patamar,Baixo,16.06
4021,3154903,Rio Casca,MG,Sudeste,59.63,62.76,66.26,12789.0,0.9205,0.0795,Dentro do patamar,Baixo,-3.5
4022,3136405,Joaquim Felício,MG,Sudeste,52.38,71.38,61.4,3854.0,0.9205,0.0795,Dentro do patamar,Baixo,9.98
4023,3145877,Orizânia,MG,Sudeste,62.75,75.97,68.32,8437.0,0.9205,0.0795,Dentro do patamar,Baixo,7.65
4024,3543105,Ribeirão Corrente,SP,Sudeste,71.89,74.51,74.4,4608.0,0.9205,0.0795,Dentro do patamar,Baixo,0.11
4025,3165404,Sapucaí-Mirim,MG,Sudeste,52.93,75.07,61.77,6311.0,0.9205,0.0795,Dentro do patamar,Baixo,13.3
4026,3156304,Rodeiro,MG,Sudeste,44.73,81.95,56.09,8664.0,0.9205,0.0795,Dentro do patamar,Baixo,25.86
4027,3147303,Paraisópolis,MG,Sudeste,60.77,81.68,67.01,20445.0,0.9205,0.0795,Dentro do patamar,Baixo,14.67
4028,3132503,Itamarandiba,MG,Sudeste,59.11,81.25,65.91,32948.0,0.9205,0.0795,Dentro do patamar,Baixo,15.34
4029,3135704,Jequitibá,MG,Sudeste,52.44,65.96,61.44,5883.0,0.9205,0.0795,Dentro do patamar,Baixo,4.52
4030,4128708,Vitorino,PR,Sul,71.38,70.19,74.06,9706.0,0.9205,0.0795,Dentro do patamar,Baixo,-3.87
4031,3105103,Bambuí,MG,Sudeste,65.95,80.48,70.44,23546.0,0.9205,0.0795,Dentro do patamar,Baixo,10.04
4032,3149101,Pedralva,MG,Sudeste,50.09,85.5,59.84,10760.0,0.9205,0.0795,Dentro do patamar,Baixo,25.66
4033,3157302,Santa Bárbara do Tugúrio,MG,Sudeste,50.6,90.92,60.19,4208.0,0.9205,0.0795,Dentro do patamar,Baixo,30.73
4034,3171709,Virgínia,MG,Sudeste,57.94,74.66,65.13,8908.0,0.9205,0.0795,Dentro do patamar,Baixo,9.53
4035,3169109,Toledo,MG,Sudeste,63.11,89.2,68.56,7214.0,0.9205,0.0795,Dentro do patamar,Baixo,20.64
4036,3170800,Várzea da Palma,MG,Sudeste,61.71,70.34,67.63,33744.0,0.9205,0.0795,Dentro do patamar,Baixo,2.71
4037,3123106,Dores de Guanhães,MG,Sudeste,42.55,72.49,54.53,5029.0,0.9205,0.0795,Dentro do patamar,Baixo,17.96
4038,3130556,Imbé de Minas,MG,Sudeste,65.59,88.46,70.2,6986.0,0.9205,0.0795,Dentro do patamar,Baixo,18.26
4039,4117057,Nova Laranjeiras,PR,Sul,77.48,68.33,78.22,12074.0,0.9205,0.0795,Dentro do patamar,Baixo,-9.89
4040,4212205,Papanduva,SC,Sul,70.53,64.15,73.49,19150.0,0.9205,0.0795,Dentro do patamar,Baixo,-9.34
4041,3170479,Uruana de Minas,MG,Sudeste,54.25,80.0,62.66,3282.0,0.9205,0.0795,Dentro do patamar,Baixo,17.34
4042,3142601,Monsenhor Paulo,MG,Sudeste,62.69,78.89,68.28,8340.0,0.9205,0.0795,Dentro do patamar,Baixo,10.61
4043,3519006,Herculândia,SP,Sudeste,85.15,81.08,80.0,9125.0,0.9205,0.0795,Dentro do patamar,Baixo,1.08
4044,3117801,Conceição dos Ouros,MG,Sudeste,61.94,77.03,67.79,10880.0,0.9205,0.0795,Dentro do patamar,Baixo,9.24
4045,3152204,Porteirinha,MG,Sudeste,63.54,70.05,68.84,37438.0,0.9205,0.0795,Dentro do patamar,Baixo,1.21
4046,3161601,São Geraldo da Piedade,MG,Sudeste,69.23,70.0,72.62,3305.0,0.9205,0.0795,Dentro do patamar,Baixo,-2.62
4047,3128907,Guimarânia,MG,Sudeste,60.59,85.1,66.89,8478.0,0.9205,0.0795,Dentro do patamar,Baixo,18.21
4048,3128105,Guapé,MG,Sudeste,58.55,80.4,65.54,13772.0,0.9205,0.0795,Dentro do patamar,Baixo,14.86
4049,3119500,Coronel Murta,MG,Sudeste,65.72,67.56,70.29,8200.0,0.9205,0.0795,Dentro do patamar,Baixo,-2.73
4050,3111606,Campos Gerais,MG,Sudeste,65.56,71.94,70.18,26105.0,0.9205,0.0795,Dentro do patamar,Baixo,1.76
4051,4104709,Carlópolis,PR,Sul,73.7,66.18,75.62,16905.0,0.9205,0.0795,Dentro do patamar,Baixo,-9.44
4052,3103702,Araponga,MG,Sudeste,47.06,91.67,57.74,8048.0,0.9205,0.0795,Dentro do patamar,Baixo,33.93
4053,3102209,Alvarenga,MG,Sudeste,39.52,87.5,52.3,3975.0,0.9213,0.0787,Dentro do patamar,Baixo,35.2
4054,5007976,Taquarussu,MS,Centro-Oeste,78.85,85.45,79.18,3625.0,0.9215,0.0785,Dentro do patamar,Baixo,6.27
4055,3104452,Aricanduva,MG,Sudeste,56.47,84.87,64.15,4719.0,0.9215,0.0785,Dentro do patamar,Baixo,20.72
4056,3168002,Taiobeiras,MG,Sudeste,69.28,86.34,72.65,33050.0,0.9223,0.0777,Dentro do patamar,Baixo,13.69
4057,2608503,Lagoa de Itaenga,PE,Nordeste,70.34,79.42,73.36,19003.0,0.923,0.077,Dentro do patamar,Baixo,6.06
4058,3162658,São João do Pacuí,MG,Sudeste,74.18,86.4,75.95,3972.0,0.923,0.077,Dentro do patamar,Baixo,10.45
4059,5103106,Cocalinho,MT,Centro-Oeste,78.71,52.39,79.08,6220.0,0.923,0.077,Dentro do patamar,Baixo,-26.69
4060,4217956,Tigrinhos,SC,Sul,79.06,91.64,79.33,2329.0,0.9233,0.0767,Dentro do patamar,Baixo,12.31
4061,2615706,Triunfo,PE,Nordeste,82.65,80.64,80.0,14705.0,0.9233,0.0767,Dentro do patamar,Baixo,0.64
4062,5107156,Reserva do Cabaçal,MT,Centro-Oeste,76.26,83.86,77.38,2122.0,0.9233,0.0767,Dentro do patamar,Baixo,6.48
4063,5214804,Nova Aurora,GO,Centro-Oeste,14.29,84.21,29.25,2101.0,0.9239,0.0761,Dentro do patamar,Baixo,54.96
4064,3519105,Iacanga,SP,Sudeste,100.0,97.67,80.0,10437.0,0.9239,0.0761,Dentro do patamar,Baixo,17.67
4065,5208004,Formosa,GO,Centro-Oeste,63.28,64.02,68.67,115901.0,0.9239,0.0761,Dentro do patamar,Baixo,-4.65
4066,1100155,Ouro Preto do Oeste,RO,Norte,72.39,66.4,74.74,35044.0,0.9242,0.0758,Dentro do patamar,Baixo,-8.34
4067,2101103,Axixá,MA,Nordeste,81.88,71.88,80.0,11790.0,0.9247,0.0753,Dentro do patamar,Baixo,-8.12
4068,3145604,Oliveira,MG,Sudeste,49.74,80.67,59.6,39262.0,0.9248,0.0752,Dentro do patamar,Baixo,21.07
4069,4210605,Massaranduba,SC,Sul,70.98,77.07,73.79,17162.0,0.9248,0.0752,Dentro do patamar,Baixo,3.28
4070,2603405,Calumbi,PE,Nordeste,74.41,86.03,76.11,5228.0,0.925,0.075,Dentro do patamar,Baixo,9.92
4071,5203575,Bonópolis,GO,Centro-Oeste,48.9,61.76,59.02,3299.0,0.925,0.075,Dentro do patamar,Baixo,2.74
4072,3124807,Estrela do Sul,MG,Sudeste,46.84,69.36,57.58,6840.0,0.9259,0.0741,Dentro do patamar,Baixo,11.78
4073,3533700,Ocauçu,SP,Sudeste,83.74,90.38,80.0,4331.0,0.9259,0.0741,Dentro do patamar,Baixo,10.38
4074,3540101,Pongaí,SP,Sudeste,87.14,91.45,80.0,3395.0,0.9259,0.0741,Dentro do patamar,Baixo,11.45
4075,2209856,São João da Canabrava,PI,Nordeste,82.0,96.34,80.0,4242.0,0.9259,0.0741,Dentro do patamar,Baixo,16.34
4076,2104099,Formosa da Serra Negra,MA,Nordeste,85.6,84.29,80.0,17719.0,0.9259,0.0741,Dentro do patamar,Baixo,4.29
4077,3149408,Pedro Teixeira,MG,Sudeste,80.0,100.0,80.0,1810.0,0.9259,0.0741,Dentro do patamar,Baixo,20.0
4078,3528205,Macedônia,SP,Sudeste,82.52,72.5,80.0,3963.0,0.9259,0.0741,Dentro do patamar,Baixo,-7.5
4079,3130903,Inhapim,MG,Sudeste,68.56,84.81,72.17,22692.0,0.926,0.074,Dentro do patamar,Baixo,12.64
4080,3166907,Serrania,MG,Sudeste,63.81,80.88,69.02,7621.0,0.926,0.074,Dentro do patamar,Baixo,11.86
4081,4100459,Altamira do Paraná,PR,Sul,79.08,74.47,79.35,3590.0,0.926,0.074,Dentro do patamar,Baixo,-4.88
4082,3118304,Conselheiro Lafaiete,MG,Sudeste,64.98,82.19,69.8,131621.0,0.926,0.074,Dentro do patamar,Baixo,12.39
4083,4107900,Floresta,PR,Sul,76.39,74.01,77.47,10458.0,0.926,0.074,Dentro do patamar,Baixo,-3.46
4084,3164407,São Sebastião da Bela Vista,MG,Sudeste,66.97,90.92,71.11,6387.0,0.926,0.074,Dentro do patamar,Baixo,19.81
4085,3130804,Ingaí,MG,Sudeste,52.26,87.27,61.32,2580.0,0.926,0.074,Dentro do patamar,Baixo,25.95
4086,5107768,Santa Rita do Trivelato,MT,Centro-Oeste,64.77,62.63,69.66,3276.0,0.926,0.074,Dentro do patamar,Baixo,-7.03
4087,3116803,Coluna,MG,Sudeste,64.06,91.21,69.19,8163.0,0.926,0.074,Dentro do patamar,Baixo,22.02
4088,4107546,Espigão Alto do Iguaçu,PR,Sul,71.95,81.78,74.44,4797.0,0.926,0.074,Dentro do patamar,Baixo,7.34
4089,4101606,Arapoti,PR,Sul,75.42,67.63,76.8,25777.0,0.926,0.074,Dentro do patamar,Baixo,-9.17
4090,3101508,Além Paraíba,MG,Sudeste,68.94,55.1,72.42,30717.0,0.926,0.074,Dentro do patamar,Baixo,-17.32
4091,3105400,Barão de Cocais,MG,Sudeste,58.76,62.71,65.68,30778.0,0.926,0.074,Dentro do patamar,Baixo,-2.97
4092,3166303,Sericita,MG,Sudeste,68.55,84.85,72.16,7345.0,0.926,0.074,Dentro do patamar,Baixo,12.69
4093,4114302,Mandirituba,PR,Sul,79.38,64.48,79.56,27439.0,0.926,0.074,Dentro do patamar,Baixo,-15.08
4094,4114807,Marialva,PR,Sul,73.24,73.09,75.31,41851.0,0.926,0.074,Dentro do patamar,Baixo,-2.22
4095,4106407,Cornélio Procópio,PR,Sul,76.78,73.21,77.74,45206.0,0.926,0.074,Dentro do patamar,Baixo,-4.53
4096,3519501,Ibirarema,SP,Sudeste,89.02,71.85,80.0,6385.0,0.926,0.074,Dentro do patamar,Baixo,-8.15
4097,3139904,Maria da Fé,MG,Sudeste,60.99,78.16,67.16,14247.0,0.926,0.074,Dentro do patamar,Baixo,11.0
4098,3521903,Itajobi,SP,Sudeste,85.09,82.74,80.0,16989.0,0.926,0.074,Dentro do patamar,Baixo,2.74
4099,4114906,Marilândia do Sul,PR,Sul,72.1,84.99,74.54,8677.0,0.926,0.074,Dentro do patamar,Baixo,10.45
4100,3164431,São Sebastião da Vargem Alegre,MG,Sudeste,53.38,93.1,62.08,3113.0,0.926,0.074,Dentro do patamar,Baixo,31.02
4101,3535408,Panorama,SP,Sudeste,85.96,92.54,80.0,14964.0,0.926,0.074,Dentro do patamar,Baixo,12.54
4102,4207809,Irani,SC,Sul,73.89,71.4,75.75,10195.0,0.926,0.074,Dentro do patamar,Baixo,-4.35
4103,3125804,Fernandes Tourinho,MG,Sudeste,63.45,52.38,68.78,2789.0,0.926,0.074,Dentro do patamar,Baixo,-16.4
4104,4123857,Santa Maria do Oeste,PR,Sul,76.25,70.26,77.37,9934.0,0.926,0.074,Dentro do patamar,Baixo,-7.11
4105,4114005,Mamborê,PR,Sul,93.95,74.68,80.0,13452.0,0.926,0.074,Dentro do patamar,Baixo,-5.32
4106,3124302,Espinosa,MG,Sudeste,64.25,62.4,69.31,30443.0,0.926,0.074,Dentro do patamar,Baixo,-6.91
4107,4104428,Candói,PR,Sul,73.37,64.69,75.4,14973.0,0.926,0.074,Dentro do patamar,Baixo,-10.71
4108,3118908,Cordisburgo,MG,Sudeste,69.28,79.85,72.65,7547.0,0.9263,0.0737,Dentro do patamar,Baixo,7.2
4109,3169406,Três Pontas,MG,Sudeste,61.16,81.66,67.27,55255.0,0.9263,0.0737,Dentro do patamar,Baixo,14.39
4110,3154002,Raul Soares,MG,Sudeste,67.06,84.96,71.17,23423.0,0.9263,0.0737,Dentro do patamar,Baixo,13.79
4111,3104007,Araxá,MG,Sudeste,68.79,75.35,72.32,111691.0,0.9263,0.0737,Dentro do patamar,Baixo,3.03
4112,3125903,Ferros,MG,Sudeste,38.1,70.78,51.24,9590.0,0.9265,0.0735,Dentro do patamar,Baixo,19.54
4113,3113503,Carbonita,MG,Sudeste,64.55,70.78,69.51,8512.0,0.9269,0.0731,Dentro do patamar,Baixo,1.27
4114,1100379,Alto Alegre dos Parecis,RO,Norte,69.52,79.54,72.81,11479.0,0.9294,0.0706,Dentro do patamar,Baixo,6.73
4115,2206506,Monsenhor Hipólito,PI,Nordeste,100.0,97.7,80.0,7577.0,0.9294,0.0706,Dentro do patamar,Baixo,17.7
4116,3515905,Floreal,SP,Sudeste,100.0,96.19,80.0,2733.0,0.9294,0.0706,Dentro do patamar,Baixo,16.19
4117,3134905,Jacutinga,MG,Sudeste,59.84,79.14,66.39,25525.0,0.9299,0.0701,Dentro do patamar,Baixo,12.75
4118,3154408,Ressaquinha,MG,Sudeste,55.59,82.0,63.56,4548.0,0.931,0.069,Dentro do patamar,Baixo,18.44
4119,3160603,Santo Hipólito,MG,Sudeste,58.82,93.33,65.72,2717.0,0.9312,0.0688,Dentro do patamar,Baixo,27.61
4120,3148004,Patos de Minas,MG,Sudeste,69.14,76.9,72.56,159235.0,0.9315,0.0685,Dentro do patamar,Baixo,4.34
4121,4204152,Celso Ramos,SC,Sul,77.35,75.67,78.13,2805.0,0.9336,0.0664,Dentro do patamar,Baixo,-2.46
4122,2611408,Primavera,PE,Nordeste,77.53,50.41,78.26,13838.0,0.9336,0.0664,Dentro do patamar,Baixo,-27.85
4123,3123205,Dores do Indaiá,MG,Sudeste,65.78,85.44,70.33,12630.0,0.934,0.066,Dentro do patamar,Baixo,15.11
4124,5200134,Acreúna,GO,Centro-Oeste,58.49,81.48,65.5,21568.0,0.9348,0.0652,Dentro do patamar,Baixo,15.98
4125,4215075,Riqueza,SC,Sul,83.43,72.07,80.0,4768.0,0.9349,0.0651,Dentro do patamar,Baixo,-7.93
4126,4212007,Palma Sola,SC,Sul,80.08,79.92,80.0,7605.0,0.9353,0.0647,Dentro do patamar,Baixo,-0.08
4127,5107404,São Pedro da Cipa,MT,Centro-Oeste,72.89,76.26,75.07,4191.0,0.9354,0.0646,Dentro do patamar,Baixo,1.19
4128,4208401,Itapiranga,SC,Sul,71.58,78.16,74.19,16638.0,0.9354,0.0646,Dentro do patamar,Baixo,3.97
4129,2604908,Cumaru,PE,Nordeste,76.43,95.06,77.49,15920.0,0.9354,0.0646,Dentro do patamar,Baixo,17.57
4130,2601508,Belém de Maria,PE,Nordeste,71.24,79.67,73.96,10378.0,0.9354,0.0646,Dentro do patamar,Baixo,5.71
4131,2616183,Vertente do Lério,PE,Nordeste,83.71,82.94,80.0,7558.0,0.9354,0.0646,Dentro do patamar,Baixo,2.94
4132,4110300,Inajá,PR,Sul,73.73,69.71,75.64,2536.0,0.9366,0.0634,Dentro do patamar,Baixo,-5.93
4133,3115003,Cascalho Rico,MG,Sudeste,63.9,85.84,69.08,2712.0,0.9366,0.0634,Dentro do patamar,Baixo,16.76
4134,2209104,Santa Cruz do Piauí,PI,Nordeste,95.61,98.15,80.0,5831.0,0.9366,0.0634,Dentro do patamar,Baixo,18.15
4135,3151107,Pirapetinga,MG,Sudeste,62.67,66.15,68.27,11077.0,0.9366,0.0634,Dentro do patamar,Baixo,-2.12
4136,5108956,Nova Monte Verde,MT,Centro-Oeste,77.16,92.37,78.0,8313.0,0.9366,0.0634,Dentro do patamar,Baixo,14.37
4137,3536257,Parisi,SP,Sudeste,76.74,90.72,77.71,2892.0,0.9366,0.0634,Dentro do patamar,Baixo,13.01
4138,4215679,Santa Terezinha,SC,Sul,83.61,69.26,80.0,8066.0,0.9366,0.0634,Dentro do patamar,Baixo,-10.74
4139,2612471,Santa Cruz da Baixa Verde,PE,Nordeste,75.38,87.09,76.77,11567.0,0.9366,0.0634,Dentro do patamar,Baixo,10.32
4140,3125705,Felixlândia,MG,Sudeste,52.03,75.1,61.16,13978.0,0.9366,0.0634,Dentro do patamar,Baixo,13.94
4141,3136108,Joanésia,MG,Sudeste,95.06,85.58,80.0,4329.0,0.9366,0.0634,Dentro do patamar,Baixo,5.58
4142,3118403,Conselheiro Pena,MG,Sudeste,66.9,57.14,71.07,20824.0,0.9366,0.0634,Dentro do patamar,Baixo,-13.93
4143,3120839,Cuparaque,MG,Sudeste,98.0,69.0,80.0,3983.0,0.9366,0.0634,Dentro do patamar,Baixo,-11.0
4144,3154457,Riachinho,MG,Sudeste,69.58,72.81,72.85,6863.0,0.9366,0.0634,Dentro do patamar,Baixo,-0.04
4145,4100707,Alto Piquiri,PR,Sul,74.73,64.66,76.32,9727.0,0.9366,0.0634,Dentro do patamar,Baixo,-11.66
4146,3171071,Veredinha,MG,Sudeste,62.13,77.02,67.91,5181.0,0.9366,0.0634,Dentro do patamar,Baixo,9.11
4147,4118501,Pato Branco,PR,Sul,78.22,71.14,78.74,91836.0,0.9366,0.0634,Dentro do patamar,Baixo,-7.6
4148,4112306,Japira,PR,Sul,75.69,64.46,76.98,4972.0,0.9366,0.0634,Dentro do patamar,Baixo,-12.52
4149,2604155,Casinhas,PE,Nordeste,79.46,84.85,79.62,12967.0,0.9366,0.0634,Dentro do patamar,Baixo,5.23
4150,3122405,Divisa Nova,MG,Sudeste,64.28,67.64,69.33,5851.0,0.9366,0.0634,Dentro do patamar,Baixo,-1.69
4151,2100105,Afonso Cunha,MA,Nordeste,72.13,93.1,74.56,6144.0,0.9366,0.0634,Dentro do patamar,Baixo,18.54
4152,3532504,Neves Paulista,SP,Sudeste,90.57,74.47,80.0,9699.0,0.9366,0.0634,Dentro do patamar,Baixo,-5.53
4153,4127700,Toledo,PR,Sul,79.58,81.69,79.7,150470.0,0.9366,0.0634,Dentro do patamar,Baixo,1.99
4154,3145307,Novo Cruzeiro,MG,Sudeste,75.6,81.88,76.92,26975.0,0.9366,0.0634,Dentro do patamar,Baixo,4.96
4155,3135357,Japonvar,MG,Sudeste,74.95,60.75,76.48,8127.0,0.9366,0.0634,Dentro do patamar,Baixo,-15.73
4156,2614402,Solidão,PE,Nordeste,74.63,93.99,76.26,5210.0,0.9366,0.0634,Dentro do patamar,Baixo,17.73
4157,4127502,Tibagi,PR,Sul,77.76,77.79,78.42,19961.0,0.9366,0.0634,Dentro do patamar,Baixo,-0.63
4158,4212908,Pinhalzinho,SC,Sul,78.25,78.35,78.76,21972.0,0.9366,0.0634,Dentro do patamar,Baixo,-0.41
4159,3547700,Santo Anastácio,SP,Sudeste,79.99,79.01,79.99,17963.0,0.9366,0.0634,Dentro do patamar,Baixo,-0.98
4160,5100359,Alto Boa Vista,MT,Centro-Oeste,93.68,48.84,80.0,5715.0,0.9366,0.0634,Dentro do patamar,Baixo,-31.16
4161,4101705,Araruna,PR,Sul,76.05,77.54,77.23,14485.0,0.9366,0.0634,Dentro do patamar,Baixo,0.31
4162,4125753,São Pedro do Iguaçu,PR,Sul,74.73,80.66,76.32,5784.0,0.9366,0.0634,Dentro do patamar,Baixo,4.34
4163,4128401,Uraí,PR,Sul,76.55,66.07,77.58,10406.0,0.9366,0.0634,Dentro do patamar,Baixo,-11.51
4164,2209757,São Gonçalo do Gurguéia,PI,Nordeste,76.47,60.71,77.52,2947.0,0.9366,0.0634,Dentro do patamar,Baixo,-16.81
4165,4218509,Treze Tílias,SC,Sul,74.33,71.92,76.05,8787.0,0.9366,0.0634,Dentro do patamar,Baixo,-4.13
4166,2207207,Padre Marcos,PI,Nordeste,86.44,100.0,80.0,6382.0,0.9366,0.0634,Dentro do patamar,Baixo,20.0
4167,5106851,Porto Estrela,MT,Centro-Oeste,89.12,77.75,80.0,3224.0,0.9366,0.0634,Dentro do patamar,Baixo,-2.25
4168,4105706,Clevelândia,PR,Sul,73.11,74.84,75.22,15070.0,0.9366,0.0634,Dentro do patamar,Baixo,-0.38
4169,3149002,Pedra Dourada,MG,Sudeste,53.74,80.0,62.32,2757.0,0.9366,0.0634,Dentro do patamar,Baixo,17.68
4170,3527504,Lucianópolis,SP,Sudeste,74.86,75.0,76.41,2372.0,0.9366,0.0634,Dentro do patamar,Baixo,-1.41
4171,4122404,Rolândia,PR,Sul,73.4,71.84,75.42,71670.0,0.9366,0.0634,Dentro do patamar,Baixo,-3.58
4172,4108502,General Carneiro,PR,Sul,79.05,55.52,79.32,11062.0,0.9366,0.0634,Dentro do patamar,Baixo,-23.8
4173,3527009,Lindóia,SP,Sudeste,77.11,61.13,77.96,7014.0,0.9366,0.0634,Dentro do patamar,Baixo,-16.83
4174,2615904,Tuparetama,PE,Nordeste,77.11,82.52,77.96,8005.0,0.9366,0.0634,Dentro do patamar,Baixo,4.56
4175,3152131,Ponto Chique,MG,Sudeste,61.32,76.36,67.38,3747.0,0.9366,0.0634,Dentro do patamar,Baixo,8.98
4176,3539004,Pirangi,SP,Sudeste,83.68,75.61,80.0,10885.0,0.9366,0.0634,Dentro do patamar,Baixo,-4.39
4177,4104600,Capitão Leônidas Marques,PR,Sul,72.97,78.04,75.13,14648.0,0.9366,0.0634,Dentro do patamar,Baixo,2.91
4178,4104808,Cascavel,PR,Sul,80.11,74.34,80.0,348051.0,0.9366,0.0634,Dentro do patamar,Baixo,-5.66
4179,4111308,Itaúna do Sul,PR,Sul,77.38,40.32,78.15,3572.0,0.9366,0.0634,Dentro do patamar,Baixo,-37.83
4180,2603926,Carnaubeira da Penha,PE,Nordeste,84.31,100.0,80.0,12239.0,0.9366,0.0634,Dentro do patamar,Baixo,20.0
4181,3144201,Nacip Raydan,MG,Sudeste,58.67,62.86,65.62,2459.0,0.9366,0.0634,Dentro do patamar,Baixo,-2.76
4182,4201273,Arabutã,SC,Sul,79.39,96.31,79.57,4378.0,0.9366,0.0634,Dentro do patamar,Baixo,16.74
4183,4104659,Carambeí,PR,Sul,75.09,69.2,76.57,23283.0,0.9366,0.0634,Dentro do patamar,Baixo,-7.37
4184,3544202,Riolândia,SP,Sudeste,85.73,84.72,80.0,10309.0,0.9366,0.0634,Dentro do patamar,Baixo,4.72
4185,2202133,Campo Grande do Piauí,PI,Nordeste,85.6,95.8,80.0,6020.0,0.9366,0.0634,Dentro do patamar,Baixo,15.8
4186,5212709,Mambaí,GO,Centro-Oeste,50.41,68.27,60.06,8124.0,0.9366,0.0634,Dentro do patamar,Baixo,8.21
4187,4108908,Guairaçá,PR,Sul,72.56,80.71,74.85,6587.0,0.9366,0.0634,Dentro do patamar,Baixo,5.86
4188,3148400,Paulistas,MG,Sudeste,70.37,90.14,73.38,4389.0,0.9366,0.0634,Dentro do patamar,Baixo,16.76
4189,4104907,Castro,PR,Sul,74.26,74.56,76.0,73075.0,0.9366,0.0634,Dentro do patamar,Baixo,-1.44
4190,3120904,Curvelo,MG,Sudeste,65.34,71.71,70.03,80665.0,0.9366,0.0634,Dentro do patamar,Baixo,1.68
4191,5107925,Sorriso,MT,Centro-Oeste,79.08,81.05,79.35,110635.0,0.9366,0.0634,Dentro do patamar,Baixo,1.7
4192,5211008,Itapirapuã,GO,Centro-Oeste,34.36,73.21,48.34,8007.0,0.9366,0.0634,Dentro do patamar,Baixo,24.87
4193,4201802,Atalanta,SC,Sul,71.12,64.79,73.88,3227.0,0.9366,0.0634,Dentro do patamar,Baixo,-9.09
4194,3505401,Barra do Turvo,SP,Sudeste,87.5,34.89,80.0,6876.0,0.9366,0.0634,Dentro do patamar,Baixo,-45.11
4195,3118502,Consolação,MG,Sudeste,62.5,38.89,68.16,1563.0,0.9366,0.0634,Dentro do patamar,Baixo,-29.27
4196,4213104,Piratuba,SC,Sul,81.43,83.99,80.0,5769.0,0.9366,0.0634,Dentro do patamar,Baixo,3.99
4197,4106605,Cruzeiro do Oeste,PR,Sul,74.06,73.47,75.87,23831.0,0.9366,0.0634,Dentro do patamar,Baixo,-2.4
4198,3111804,Canápolis,MG,Sudeste,45.48,76.49,56.63,10608.0,0.9366,0.0634,Dentro do patamar,Baixo,19.86
4199,4121208,Quitandinha,PR,Sul,71.76,75.8,74.31,18398.0,0.9366,0.0634,Dentro do patamar,Baixo,1.49
4200,3153806,Queluzito,MG,Sudeste,61.54,95.0,67.52,1770.0,0.9366,0.0634,Dentro do patamar,Baixo,27.48
4201,4107108,Diamante do Norte,PR,Sul,72.99,78.26,75.14,5142.0,0.9366,0.0634,Dentro do patamar,Baixo,3.12
4202,3100104,Abadia dos Dourados,MG,Sudeste,61.41,96.07,67.44,6272.0,0.9366,0.0634,Dentro do patamar,Baixo,28.63
4203,4103040,Boa Ventura de São Roque,PR,Sul,74.78,60.49,76.36,6378.0,0.9366,0.0634,Dentro do patamar,Baixo,-15.87
4204,4201653,Arvoredo,SC,Sul,75.71,77.94,77.0,2510.0,0.9366,0.0634,Dentro do patamar,Baixo,0.94
4205,3108800,Braúnas,MG,Sudeste,72.23,63.3,74.63,4441.0,0.9366,0.0634,Dentro do patamar,Baixo,-11.33
4206,3134103,Itueta,MG,Sudeste,55.54,79.92,63.53,6055.0,0.9366,0.0634,Dentro do patamar,Baixo,16.39
4207,3101607,Alfenas,MG,Sudeste,59.05,76.61,65.87,78970.0,0.9366,0.0634,Dentro do patamar,Baixo,10.74
4208,4114609,Marechal Cândido Rondon,PR,Sul,75.3,76.44,76.71,55836.0,0.9366,0.0634,Dentro do patamar,Baixo,-0.27
4209,3145851,Oratórios,MG,Sudeste,73.86,82.24,75.73,4917.0,0.9366,0.0634,Dentro do patamar,Baixo,6.51
4210,3131802,Itabirinha,MG,Sudeste,64.78,83.44,69.66,10362.0,0.9366,0.0634,Dentro do patamar,Baixo,13.78
4211,5103957,Glória D'Oeste,MT,Centro-Oeste,90.57,83.78,80.0,2905.0,0.9366,0.0634,Dentro do patamar,Baixo,3.78
4212,4127957,Tupãssi,PR,Sul,70.71,79.06,73.61,8077.0,0.9366,0.0634,Dentro do patamar,Baixo,5.45
4213,4210506,Maravilha,SC,Sul,84.42,76.03,80.0,28251.0,0.9366,0.0634,Dentro do patamar,Baixo,-3.97
4214,4115903,Mirador,PR,Sul,70.36,56.0,73.37,2238.0,0.9366,0.0634,Dentro do patamar,Baixo,-17.37
4215,3110004,Caeté,MG,Sudeste,73.48,70.95,75.47,38776.0,0.9366,0.0634,Dentro do patamar,Baixo,-4.52
4216,5104542,Itanhangá,MT,Centro-Oeste,89.0,77.99,80.0,7539.0,0.9366,0.0634,Dentro do patamar,Baixo,-2.01
4217,3517307,Guaimbê,SP,Sudeste,82.7,83.39,80.0,5512.0,0.9366,0.0634,Dentro do patamar,Baixo,3.39
4218,3140555,Mata Verde,MG,Sudeste,54.87,70.1,63.08,9112.0,0.9366,0.0634,Dentro do patamar,Baixo,7.02
4219,4115804,Medianeira,PR,Sul,79.22,79.1,79.45,54369.0,0.9366,0.0634,Dentro do patamar,Baixo,-0.35
4220,3535705,Paraíso,SP,Sudeste,76.84,87.14,77.78,6099.0,0.9366,0.0634,Dentro do patamar,Baixo,9.36
4221,4127908,Tuneiras do Oeste,PR,Sul,71.46,68.12,74.11,8067.0,0.9366,0.0634,Dentro do patamar,Baixo,-5.99
4222,3134608,Jaboticatubas,MG,Sudeste,69.36,75.36,72.7,20406.0,0.9366,0.0634,Dentro do patamar,Baixo,2.66
4223,4101408,Apucarana,PR,Sul,82.14,78.78,80.0,130134.0,0.9366,0.0634,Dentro do patamar,Baixo,-1.22
4224,3145505,Olímpio Noronha,MG,Sudeste,62.27,94.29,68.0,2555.0,0.9366,0.0634,Dentro do patamar,Baixo,26.29
4225,3549300,São João do Pau d'Alho,SP,Sudeste,81.03,100.0,80.0,2242.0,0.9366,0.0634,Dentro do patamar,Baixo,20.0
4226,4217550,Serra Alta,SC,Sul,92.21,97.43,80.0,3303.0,0.9366,0.0634,Dentro do patamar,Baixo,17.43
4227,3537701,Piacatu,SP,Sudeste,83.2,76.68,80.0,5519.0,0.9366,0.0634,Dentro do patamar,Baixo,-3.32
4228,3141801,Minas Novas,MG,Sudeste,70.15,78.82,73.23,24405.0,0.9366,0.0634,Dentro do patamar,Baixo,5.59
4229,4215307,Salete,SC,Sul,78.0,68.23,78.59,7489.0,0.9366,0.0634,Dentro do patamar,Baixo,-10.36
4230,3153608,Prudente de Morais,MG,Sudeste,52.93,60.98,61.77,11466.0,0.9366,0.0634,Dentro do patamar,Baixo,-0.79
4231,3168705,Timóteo,MG,Sudeste,55.91,70.28,63.78,81579.0,0.9366,0.0634,Dentro do patamar,Baixo,6.5
4232,2605004,Cupira,PE,Nordeste,77.97,88.96,78.56,23518.0,0.9366,0.0634,Dentro do patamar,Baixo,10.4
4233,4115309,Mariópolis,PR,Sul,76.4,66.98,77.47,6371.0,0.9366,0.0634,Dentro do patamar,Baixo,-10.49
4234,4214151,Princesa,SC,Sul,89.34,64.05,80.0,2964.0,0.9366,0.0634,Dentro do patamar,Baixo,-15.95
4235,3165909,Senador Modestino Gonçalves,MG,Sudeste,75.41,90.34,76.79,4008.0,0.9366,0.0634,Dentro do patamar,Baixo,13.55
4236,4100301,Agudos do Sul,PR,Sul,75.84,87.51,77.09,10233.0,0.9367,0.0633,Dentro do patamar,Baixo,10.42
4237,3148301,Paula Cândido,MG,Sudeste,53.79,89.89,62.35,8659.0,0.9367,0.0633,Dentro do patamar,Baixo,27.54
4238,5006275,Paraíso das Águas,MS,Centro-Oeste,76.38,78.5,77.46,5510.0,0.9368,0.0632,Dentro do patamar,Baixo,1.04
4239,4102109,Astorga,PR,Sul,79.57,75.21,79.69,25475.0,0.9368,0.0632,Dentro do patamar,Baixo,-4.48
4240,3111200,Campo Belo,MG,Sudeste,69.49,85.57,72.79,52277.0,0.9368,0.0632,Dentro do patamar,Baixo,12.78
4241,3110608,Cambuí,MG,Sudeste,65.17,81.94,69.92,29536.0,0.9368,0.0632,Dentro do patamar,Baixo,12.02
4242,4124400,Santo Antônio do Sudoeste,PR,Sul,79.51,81.43,79.65,23673.0,0.9369,0.0631,Dentro do patamar,Baixo,1.78
4243,3166402,Seritinga,MG,Sudeste,64.0,75.0,69.15,1819.0,0.9369,0.0631,Dentro do patamar,Baixo,5.85
4244,2106672,Milagres do Maranhão,MA,Nordeste,100.0,96.86,80.0,8818.0,0.9369,0.0631,Dentro do patamar,Baixo,16.86
4245,2211605,Vila Nova do Piauí,PI,Nordeste,100.0,100.0,80.0,2935.0,0.9369,0.0631,Dentro do patamar,Baixo,20.0
4246,3137502,Lagoa Formosa,MG,Sudeste,60.53,82.01,66.85,18904.0,0.9369,0.0631,Dentro do patamar,Baixo,15.16
4247,4124004,Santana do Itararé,PR,Sul,78.27,54.43,78.78,5514.0,0.9369,0.0631,Dentro do patamar,Baixo,-24.35
4248,3117504,Conceição do Mato Dentro,MG,Sudeste,58.74,82.33,65.66,23163.0,0.9369,0.0631,Dentro do patamar,Baixo,16.67
4249,3123403,Doresópolis,MG,Sudeste,38.46,66.67,51.51,1461.0,0.9369,0.0631,Dentro do patamar,Baixo,15.16
4250,4116802,Nova Cantu,PR,Sul,79.5,88.03,79.64,6790.0,0.9369,0.0631,Dentro do patamar,Baixo,8.39
4251,2200202,Água Branca,PI,Nordeste,90.64,91.98,80.0,17573.0,0.9369,0.0631,Dentro do patamar,Baixo,11.98
4252,3165305,São Vicente de Minas,MG,Sudeste,60.1,81.64,66.57,6804.0,0.9369,0.0631,Dentro do patamar,Baixo,15.07
4253,3109709,Cachoeira de Minas,MG,Sudeste,61.69,81.11,67.62,11883.0,0.9369,0.0631,Dentro do patamar,Baixo,13.49
4254,4109203,Guaraci,PR,Sul,72.75,72.67,74.98,4748.0,0.9369,0.0631,Dentro do patamar,Baixo,-2.31
4255,4111902,Jaguapitã,PR,Sul,76.25,62.26,77.37,15122.0,0.9369,0.0631,Dentro do patamar,Baixo,-15.11
4256,3110103,Caiana,MG,Sudeste,58.54,76.5,65.53,5304.0,0.9369,0.0631,Dentro do patamar,Baixo,10.97
4257,4108551,Godoy Moreira,PR,Sul,94.55,74.07,80.0,2977.0,0.9369,0.0631,Dentro do patamar,Baixo,-5.93
4258,4112108,Jandaia do Sul,PR,Sul,76.99,68.64,77.88,21408.0,0.9369,0.0631,Dentro do patamar,Baixo,-9.24
4259,4101903,Assaí,PR,Sul,88.72,80.24,80.0,13797.0,0.9369,0.0631,Dentro do patamar,Baixo,0.24
4260,3139003,Machado,MG,Sudeste,59.94,87.02,66.46,37684.0,0.9369,0.0631,Dentro do patamar,Baixo,20.56
4261,4217105,São Martinho,SC,Sul,68.0,70.0,71.8,3405.0,0.9369,0.0631,Dentro do patamar,Baixo,-1.8
4262,3123007,Dores de Campos,MG,Sudeste,54.67,76.43,62.95,10007.0,0.9369,0.0631,Dentro do patamar,Baixo,13.48
4263,4123600,Santa Inês,PR,Sul,96.75,100.0,80.0,1748.0,0.9369,0.0631,Dentro do patamar,Baixo,20.0
4264,4123956,Santa Mônica,PR,Sul,78.67,80.22,79.06,3356.0,0.9369,0.0631,Dentro do patamar,Baixo,1.16
4265,3116605,Cláudio,MG,Sudeste,61.05,82.99,67.2,30159.0,0.9369,0.0631,Dentro do patamar,Baixo,15.79
4266,4126900,Tapira,PR,Sul,90.52,77.42,80.0,5745.0,0.9369,0.0631,Dentro do patamar,Baixo,-2.58
4267,2203602,Eliseu Martins,PI,Nordeste,82.88,65.85,80.0,4377.0,0.9369,0.0631,Dentro do patamar,Baixo,-14.15
4268,3114204,Carmo do Cajuru,MG,Sudeste,67.21,72.37,71.27,23479.0,0.9369,0.0631,Dentro do patamar,Baixo,1.1
4269,3157203,Santa Bárbara,MG,Sudeste,69.91,66.55,73.07,30466.0,0.9369,0.0631,Dentro do patamar,Baixo,-6.52
4270,3512902,Cosmorama,SP,Sudeste,94.57,56.46,80.0,8719.0,0.9369,0.0631,Dentro do patamar,Baixo,-23.54
4271,3520806,Inúbia Paulista,SP,Sudeste,89.16,94.72,80.0,3615.0,0.9369,0.0631,Dentro do patamar,Baixo,14.72
4272,3170651,Vargem Grande do Rio Pardo,MG,Sudeste,61.64,89.89,67.59,4633.0,0.9369,0.0631,Dentro do patamar,Baixo,22.3
4273,3160801,São Bento Abade,MG,Sudeste,58.23,76.67,65.33,4713.0,0.9369,0.0631,Dentro do patamar,Baixo,11.34
4274,3161056,São Félix de Minas,MG,Sudeste,68.09,67.09,71.86,3200.0,0.9369,0.0631,Dentro do patamar,Baixo,-4.77
4275,3135902,Jesuânia,MG,Sudeste,62.05,81.14,67.86,5138.0,0.9369,0.0631,Dentro do patamar,Baixo,13.28
4276,3523701,Itirapuã,SP,Sudeste,73.92,82.38,75.77,5779.0,0.9369,0.0631,Dentro do patamar,Baixo,6.61
4277,4109906,Icaraíma,PR,Sul,73.26,51.76,75.32,8991.0,0.9369,0.0631,Dentro do patamar,Baixo,-23.56
4278,3133402,Itapagipe,MG,Sudeste,63.86,77.3,69.06,13690.0,0.9369,0.0631,Dentro do patamar,Baixo,8.24
4279,3137809,Lambari,MG,Sudeste,65.73,74.76,70.29,20414.0,0.9369,0.0631,Dentro do patamar,Baixo,4.47
4280,4206603,Guarujá do Sul,SC,Sul,88.63,59.9,80.0,4829.0,0.9369,0.0631,Dentro do patamar,Baixo,-20.1
4281,3138500,Liberdade,MG,Sudeste,56.17,71.21,63.95,4737.0,0.9369,0.0631,Dentro do patamar,Baixo,7.26
4282,3109105,Bueno Brandão,MG,Sudeste,63.01,82.56,68.49,10911.0,0.9369,0.0631,Dentro do patamar,Baixo,14.07
4283,3122207,Divinolândia de Minas,MG,Sudeste,67.53,87.1,71.49,6516.0,0.9369,0.0631,Dentro do patamar,Baixo,15.61
4284,3135506,Jequeri,MG,Sudeste,57.46,84.89,64.81,12419.0,0.9369,0.0631,Dentro do patamar,Baixo,20.08
4285,3121100,Delfim Moreira,MG,Sudeste,63.46,93.02,68.79,7952.0,0.9369,0.0631,Dentro do patamar,Baixo,24.23
4286,3168309,Taquaraçu de Minas,MG,Sudeste,66.07,94.4,70.52,4224.0,0.9369,0.0631,Dentro do patamar,Baixo,23.88
4287,3111309,Campo do Meio,MG,Sudeste,67.54,76.54,71.49,11377.0,0.9369,0.0631,Dentro do patamar,Baixo,5.05
4288,4123501,Santa Helena,PR,Sul,79.21,79.37,79.44,25492.0,0.9369,0.0631,Dentro do patamar,Baixo,-0.07
4289,4117206,Nova Olímpia,PR,Sul,79.22,91.63,79.45,5833.0,0.9369,0.0631,Dentro do patamar,Baixo,12.18
4290,3112109,Caparaó,MG,Sudeste,60.15,67.92,66.6,5048.0,0.9369,0.0631,Dentro do patamar,Baixo,1.32
4291,3134301,Itumirim,MG,Sudeste,59.21,73.75,65.98,6638.0,0.9369,0.0631,Dentro do patamar,Baixo,7.77
4292,3132909,Itamogi,MG,Sudeste,61.13,80.11,67.25,10770.0,0.9369,0.0631,Dentro do patamar,Baixo,12.86
4293,4106308,Corbélia,PR,Sul,74.62,85.26,76.25,17470.0,0.9369,0.0631,Dentro do patamar,Baixo,9.01
4294,4104501,Capanema,PR,Sul,78.46,79.5,78.91,20481.0,0.9369,0.0631,Dentro do patamar,Baixo,0.59
4295,3120508,Cristina,MG,Sudeste,55.83,81.73,63.72,10374.0,0.9369,0.0631,Dentro do patamar,Baixo,18.01
4296,5211909,Jataí,GO,Centro-Oeste,64.01,69.92,69.15,105729.0,0.937,0.063,Dentro do patamar,Baixo,0.77
4297,5221403,Trindade,GO,Centro-Oeste,66.34,77.21,70.7,142431.0,0.937,0.063,Dentro do patamar,Baixo,6.51
4298,4219101,Vargeão,SC,Sul,80.87,52.72,80.0,3634.0,0.937,0.063,Dentro do patamar,Baixo,-27.28
4299,4207577,Iomerê,SC,Sul,74.46,97.09,76.14,2877.0,0.937,0.063,Dentro do patamar,Baixo,20.95
4300,3132800,Itambé do Mato Dentro,MG,Sudeste,77.78,83.33,78.43,2142.0,0.937,0.063,Dentro do patamar,Baixo,4.9
4301,4200754,Alto Bela Vista,SC,Sul,87.39,85.18,80.0,1856.0,0.937,0.063,Dentro do patamar,Baixo,5.18
4302,4219408,Witmarsum,SC,Sul,79.96,77.27,79.97,4255.0,0.937,0.063,Dentro do patamar,Baixo,-2.7
4303,5204508,Caldas Novas,GO,Centro-Oeste,58.83,62.94,65.72,98622.0,0.937,0.063,Dentro do patamar,Baixo,-2.78
4304,4205605,Galvão,SC,Sul,80.83,70.47,80.0,3210.0,0.937,0.063,Dentro do patamar,Baixo,-9.53
4305,5106315,Novo Santo Antônio,MT,Centro-Oeste,71.23,58.27,73.96,2015.0,0.937,0.063,Dentro do patamar,Baixo,-15.69
4306,5212204,Jussara,GO,Centro-Oeste,58.98,79.77,65.82,19620.0,0.937,0.063,Dentro do patamar,Baixo,13.95
4307,5204201,Cachoeira de Goiás,GO,Centro-Oeste,65.0,64.29,69.81,1405.0,0.937,0.063,Dentro do patamar,Baixo,-5.52
4308,5214838,Nova Crixás,GO,Centro-Oeste,64.36,71.87,69.39,12815.0,0.937,0.063,Dentro do patamar,Baixo,2.48
4309,5208905,Goiás,GO,Centro-Oeste,67.46,87.52,71.44,24071.0,0.937,0.063,Dentro do patamar,Baixo,16.08
4310,5209903,Iaciara,GO,Centro-Oeste,64.01,65.45,69.15,10584.0,0.937,0.063,Dentro do patamar,Baixo,-3.7
4311,5221080,Teresina de Goiás,GO,Centro-Oeste,56.82,62.3,64.39,2701.0,0.937,0.063,Dentro do patamar,Baixo,-2.09
4312,2105203,Igarapé Grande,MA,Nordeste,97.77,89.11,80.0,10231.0,0.937,0.063,Dentro do patamar,Baixo,9.11
4313,5217104,Piracanjuba,GO,Centro-Oeste,67.96,71.69,71.77,24883.0,0.937,0.063,Dentro do patamar,Baixo,-0.08
4314,5214002,Mozarlândia,GO,Centro-Oeste,51.21,66.57,60.6,14750.0,0.937,0.063,Dentro do patamar,Baixo,5.97
4315,5212501,Luziânia,GO,Centro-Oeste,64.05,66.27,69.18,209129.0,0.937,0.063,Dentro do patamar,Baixo,-2.91
4316,2105963,Lagoa Grande do Maranhão,MA,Nordeste,81.68,97.12,80.0,11411.0,0.937,0.063,Dentro do patamar,Baixo,17.12
4317,5200050,Abadia de Goiás,GO,Centro-Oeste,59.84,64.46,66.39,19128.0,0.937,0.063,Dentro do patamar,Baixo,-1.93
4318,5220702,Sítio d'Abadia,GO,Centro-Oeste,57.64,79.41,64.93,2927.0,0.937,0.063,Dentro do patamar,Baixo,14.48
4319,3141405,Medina,MG,Sudeste,70.27,65.7,73.31,20156.0,0.937,0.063,Dentro do patamar,Baixo,-7.61
4320,5201702,Aragarças,GO,Centro-Oeste,63.56,72.16,68.86,18390.0,0.937,0.063,Dentro do patamar,Baixo,3.3
4321,5213806,Morrinhos,GO,Centro-Oeste,62.28,65.87,68.01,51351.0,0.937,0.063,Dentro do patamar,Baixo,-2.14
4322,2107258,Nova Colinas,MA,Nordeste,85.65,77.14,80.0,5021.0,0.937,0.063,Dentro do patamar,Baixo,-2.86
4323,3125200,Fama,MG,Sudeste,71.98,86.96,74.46,2578.0,0.937,0.063,Dentro do patamar,Baixo,12.5
4324,5209200,Guapó,GO,Centro-Oeste,64.19,70.28,69.27,19545.0,0.937,0.063,Dentro do patamar,Baixo,1.01
4325,2111953,Sucupira do Riachão,MA,Nordeste,75.39,80.65,76.78,4985.0,0.937,0.063,Dentro do patamar,Baixo,3.87
4326,4202156,Belmonte,SC,Sul,72.9,80.41,75.08,2658.0,0.937,0.063,Dentro do patamar,Baixo,5.33
4327,5221577,Uirapuru,GO,Centro-Oeste,38.84,66.67,51.79,2798.0,0.937,0.063,Dentro do patamar,Baixo,14.88
4328,5204953,Campos Verdes,GO,Centro-Oeste,63.71,82.8,68.96,4005.0,0.937,0.063,Dentro do patamar,Baixo,13.84
4329,4205357,Flor do Sertão,SC,Sul,81.41,58.33,80.0,1783.0,0.937,0.063,Dentro do patamar,Baixo,-21.67
4330,5221197,Terezópolis de Goiás,GO,Centro-Oeste,57.84,71.39,65.07,7944.0,0.937,0.063,Dentro do patamar,Baixo,6.32
4331,5203302,Bela Vista de Goiás,GO,Centro-Oeste,61.22,62.27,67.31,34445.0,0.937,0.063,Dentro do patamar,Baixo,-5.04
4332,5205307,Cavalcante,GO,Centro-Oeste,60.19,84.5,66.63,9583.0,0.937,0.063,Dentro do patamar,Baixo,17.87
4333,5204904,Campos Belos,GO,Centro-Oeste,65.21,75.75,69.95,18108.0,0.9371,0.0629,Dentro do patamar,Baixo,5.8
4334,4214904,Rio Fortuna,SC,Sul,78.36,68.78,78.84,4847.0,0.9371,0.0629,Dentro do patamar,Baixo,-10.06
4335,4116406,Nossa Senhora das Graças,PR,Sul,79.15,94.81,79.4,3669.0,0.9372,0.0628,Dentro do patamar,Baixo,15.41
4336,3516507,Gabriel Monteiro,SP,Sudeste,85.16,85.45,80.0,2763.0,0.9372,0.0628,Dentro do patamar,Baixo,5.45
4337,5205521,Colinas do Sul,GO,Centro-Oeste,62.72,58.9,68.3,4030.0,0.9372,0.0628,Dentro do patamar,Baixo,-9.4
4338,5210109,Ipameri,GO,Centro-Oeste,64.1,74.13,69.21,25548.0,0.9372,0.0628,Dentro do patamar,Baixo,4.92
4339,5107107,São José dos Quatro Marcos,MT,Centro-Oeste,90.1,68.7,80.0,17849.0,0.9372,0.0628,Dentro do patamar,Baixo,-11.3
4340,1101708,Urupá,RO,Norte,70.92,61.28,73.75,10725.0,0.9372,0.0628,Dentro do patamar,Baixo,-12.47
4341,2607109,Ingazeira,PE,Nordeste,78.57,89.89,78.99,4765.0,0.9372,0.0628,Dentro do patamar,Baixo,10.9
4342,3556008,Urupês,SP,Sudeste,80.62,65.68,80.0,13744.0,0.9372,0.0628,Dentro do patamar,Baixo,-14.32
4343,2101350,Bacurituba,MA,Nordeste,88.89,100.0,80.0,5252.0,0.9372,0.0628,Dentro do patamar,Baixo,20.0
4344,4104303,Campo Mourão,PR,Sul,77.59,76.77,78.3,99432.0,0.9372,0.0628,Dentro do patamar,Baixo,-1.53
4345,3118106,Congonhas do Norte,MG,Sudeste,91.99,60.49,80.0,4831.0,0.9372,0.0628,Dentro do patamar,Baixo,-19.51
4346,3204906,São Mateus,ES,Sudeste,67.19,69.53,71.26,123752.0,0.9372,0.0628,Dentro do patamar,Baixo,-1.73
4347,3202207,Fundão,ES,Sudeste,61.33,62.28,67.38,18014.0,0.9372,0.0628,Dentro do patamar,Baixo,-5.1
4348,5219902,São Francisco de Goiás,GO,Centro-Oeste,58.94,75.57,65.8,6378.0,0.9372,0.0628,Dentro do patamar,Baixo,9.77
4349,4207601,Ipira,SC,Sul,83.23,84.43,80.0,4578.0,0.9372,0.0628,Dentro do patamar,Baixo,4.43
4350,3546504,Santa Ernestina,SP,Sudeste,83.66,92.26,80.0,6118.0,0.9372,0.0628,Dentro do patamar,Baixo,12.26
4351,5209705,Hidrolândia,GO,Centro-Oeste,68.97,65.56,72.44,27742.0,0.9372,0.0628,Dentro do patamar,Baixo,-6.88
4352,5216809,Petrolina de Goiás,GO,Centro-Oeste,59.28,85.41,66.02,9573.0,0.9372,0.0628,Dentro do patamar,Baixo,19.39
4353,5209606,Heitoraí,GO,Centro-Oeste,53.58,83.54,62.21,3354.0,0.9372,0.0628,Dentro do patamar,Baixo,21.33
4354,5106240,Nova Ubiratã,MT,Centro-Oeste,73.23,58.41,75.3,11530.0,0.9372,0.0628,Dentro do patamar,Baixo,-16.89
4355,5209457,Guarinos,GO,Centro-Oeste,52.38,95.65,61.4,2161.0,0.9372,0.0628,Dentro do patamar,Baixo,34.25
4356,5216403,Paraúna,GO,Centro-Oeste,61.83,67.88,67.71,10659.0,0.9373,0.0627,Dentro do patamar,Baixo,0.17
4357,3159357,Santa Rita de Minas,MG,Sudeste,61.31,58.94,67.37,6773.0,0.9386,0.0614,Dentro do patamar,Baixo,-8.43
4358,5208806,Goianira,GO,Centro-Oeste,69.12,81.01,72.54,71916.0,0.9397,0.0603,Dentro do patamar,Baixo,8.47
4359,3141900,Minduri,MG,Sudeste,51.89,76.32,61.07,3741.0,0.9412,0.0588,Dentro do patamar,Baixo,15.25
4360,2210052,São José do Divino,PI,Nordeste,100.0,92.65,80.0,4841.0,0.9421,0.0579,Dentro do patamar,Baixo,12.65
4361,4101309,Antônio Olinto,PR,Sul,91.41,88.26,80.0,7018.0,0.9421,0.0579,Dentro do patamar,Baixo,8.26
4362,2205904,Manoel Emídio,PI,Nordeste,100.0,82.38,80.0,5209.0,0.9421,0.0579,Dentro do patamar,Baixo,2.38
4363,3530201,Mirante do Paranapanema,SP,Sudeste,98.04,87.52,80.0,15917.0,0.9421,0.0579,Dentro do patamar,Baixo,7.52
4364,3163706,São Lourenço,MG,Sudeste,64.13,85.37,69.23,44798.0,0.9421,0.0579,Dentro do patamar,Baixo,16.14
4365,2209807,São Gonçalo do Piauí,PI,Nordeste,94.18,64.04,80.0,4837.0,0.9421,0.0579,Dentro do patamar,Baixo,-15.96
4366,3131901,Itabirito,MG,Sudeste,59.98,80.44,66.49,53365.0,0.9421,0.0579,Dentro do patamar,Baixo,13.95
4367,3165701,Senador Firmino,MG,Sudeste,66.34,91.79,70.7,7716.0,0.9421,0.0579,Dentro do patamar,Baixo,21.09
4368,3102001,Alterosa,MG,Sudeste,61.55,85.54,67.53,13915.0,0.9421,0.0579,Dentro do patamar,Baixo,18.01
4369,4114351,Manfrinópolis,PR,Sul,91.01,70.91,80.0,2770.0,0.9421,0.0579,Dentro do patamar,Baixo,-9.09
4370,4102703,Barra do Jacaré,PR,Sul,62.96,72.41,68.46,2814.0,0.9421,0.0579,Dentro do patamar,Baixo,3.95
4371,3117876,Confins,MG,Sudeste,52.52,69.15,61.49,7350.0,0.9421,0.0579,Dentro do patamar,Baixo,7.66
4372,3131158,Ipaba,MG,Sudeste,62.96,77.71,68.46,17136.0,0.9421,0.0579,Dentro do patamar,Baixo,9.25
4373,3140308,Marliéria,MG,Sudeste,61.76,70.98,67.67,4592.0,0.9421,0.0579,Dentro do patamar,Baixo,3.31
4374,3172103,Volta Grande,MG,Sudeste,50.77,76.28,60.3,4443.0,0.9421,0.0579,Dentro do patamar,Baixo,15.98
4375,3152006,Pompéu,MG,Sudeste,65.2,56.14,69.94,31047.0,0.9421,0.0579,Dentro do patamar,Baixo,-13.8
4376,3140100,Marilac,MG,Sudeste,63.09,56.14,68.55,4224.0,0.9421,0.0579,Dentro do patamar,Baixo,-12.41
4377,2305506,Iguatu,CE,Nordeste,56.55,63.35,64.21,98064.0,0.9421,0.0579,Dentro do patamar,Baixo,-0.86
4378,3144706,Nova Era,MG,Sudeste,60.32,72.22,66.71,17438.0,0.9421,0.0579,Dentro do patamar,Baixo,5.51
4379,4127809,Tomazina,PR,Sul,91.65,83.7,80.0,8426.0,0.9421,0.0579,Dentro do patamar,Baixo,3.7
4380,3147204,Paraguaçu,MG,Sudeste,62.45,69.21,68.12,21723.0,0.9421,0.0579,Dentro do patamar,Baixo,1.09
4381,2208858,Riacho Frio,PI,Nordeste,98.41,92.42,80.0,4165.0,0.9421,0.0579,Dentro do patamar,Baixo,12.42
4382,5005251,Laguna Carapã,MS,Centro-Oeste,83.01,77.47,80.0,6799.0,0.9421,0.0579,Dentro do patamar,Baixo,-2.53
4383,3112059,Cantagalo,MG,Sudeste,60.18,65.99,66.62,3974.0,0.9421,0.0579,Dentro do patamar,Baixo,-0.63
4384,4115457,Marquinho,PR,Sul,73.99,82.18,75.82,4504.0,0.9421,0.0579,Dentro do patamar,Baixo,6.36
4385,3105202,Bandeira,MG,Sudeste,62.73,77.5,68.31,4741.0,0.9421,0.0579,Dentro do patamar,Baixo,9.19
4386,3132206,Itaguara,MG,Sudeste,56.99,90.91,64.5,13846.0,0.9421,0.0579,Dentro do patamar,Baixo,26.41
4387,4106852,Cruzmaltina,PR,Sul,95.74,94.52,80.0,2892.0,0.9421,0.0579,Dentro do patamar,Baixo,14.52
4388,3122470,Dom Bosco,MG,Sudeste,55.56,84.62,63.54,3697.0,0.9421,0.0579,Dentro do patamar,Baixo,21.08
4389,3149200,Pedrinópolis,MG,Sudeste,59.7,79.95,66.3,3344.0,0.9421,0.0579,Dentro do patamar,Baixo,13.65
4390,3138807,Luz,MG,Sudeste,54.44,87.21,62.79,17875.0,0.9421,0.0579,Dentro do patamar,Baixo,24.42
4391,3127404,Gonçalves,MG,Sudeste,62.15,77.02,67.92,4727.0,0.9421,0.0579,Dentro do patamar,Baixo,9.1
4392,4116950,Nova Esperança do Sudoeste,PR,Sul,97.38,88.59,80.0,5597.0,0.9421,0.0579,Dentro do patamar,Baixo,8.59
4393,3126000,Florestal,MG,Sudeste,57.15,85.73,64.61,8045.0,0.9421,0.0579,Dentro do patamar,Baixo,21.12
4394,3138625,Limeira do Oeste,MG,Sudeste,65.19,59.7,69.94,8687.0,0.9421,0.0579,Dentro do patamar,Baixo,-10.24
4395,3542107,Rafard,SP,Sudeste,84.05,70.8,80.0,8965.0,0.9421,0.0579,Dentro do patamar,Baixo,-9.2
4396,3106655,Berizal,MG,Sudeste,68.3,83.33,72.0,4201.0,0.9421,0.0579,Dentro do patamar,Baixo,11.33
4397,3151008,Piranguinho,MG,Sudeste,69.35,85.01,72.7,9120.0,0.9421,0.0579,Dentro do patamar,Baixo,12.31
4398,3136306,João Pinheiro,MG,Sudeste,60.09,69.87,66.56,46801.0,0.9423,0.0577,Dentro do patamar,Baixo,3.31
4399,3146008,Ouro Fino,MG,Sudeste,63.84,84.81,69.04,32094.0,0.9424,0.0576,Dentro do patamar,Baixo,15.77
4400,3205309,Vitória,ES,Sudeste,65.88,73.2,70.39,322869.0,0.9425,0.0575,Dentro do patamar,Baixo,2.81
4401,1100031,Cabixi,RO,Norte,69.1,75.88,72.53,5351.0,0.9425,0.0575,Dentro do patamar,Baixo,3.35
4402,2203420,Domingos Mourão,PI,Nordeste,91.43,82.22,80.0,4075.0,0.9425,0.0575,Dentro do patamar,Baixo,2.22
4403,4125555,São Manoel do Paraná,PR,Sul,95.44,73.08,80.0,2138.0,0.9425,0.0575,Dentro do patamar,Baixo,-6.92
4404,3138351,Leme do Prado,MG,Sudeste,52.94,92.39,61.78,4341.0,0.9425,0.0575,Dentro do patamar,Baixo,30.61
4405,5000856,Angélica,MS,Centro-Oeste,92.96,86.52,80.0,10729.0,0.9425,0.0575,Dentro do patamar,Baixo,6.52
4406,1101401,Monte Negro,RO,Norte,72.19,69.92,74.6,11548.0,0.9425,0.0575,Dentro do patamar,Baixo,-4.68
4407,3148103,Patrocínio,MG,Sudeste,61.83,76.21,67.71,89826.0,0.9425,0.0575,Dentro do patamar,Baixo,8.5
4408,3160504,Santo Antônio do Rio Abaixo,MG,Sudeste,60.0,91.67,66.5,1808.0,0.9425,0.0575,Dentro do patamar,Baixo,25.17
4409,5200175,Água Fria de Goiás,GO,Centro-Oeste,55.81,87.44,63.71,4954.0,0.9425,0.0575,Dentro do patamar,Baixo,23.73
4410,2111722,Satubinha,MA,Nordeste,100.0,79.32,80.0,8784.0,0.9425,0.0575,Dentro do patamar,Baixo,-0.68
4411,3158607,Santana do Deserto,MG,Sudeste,58.32,80.09,65.39,3747.0,0.9425,0.0575,Dentro do patamar,Baixo,14.7
4412,1101559,Teixeirópolis,RO,Norte,71.95,65.3,74.44,4256.0,0.9425,0.0575,Dentro do patamar,Baixo,-9.14
4413,2203230,Currais,PI,Nordeste,93.16,92.5,80.0,4854.0,0.9425,0.0575,Dentro do patamar,Baixo,12.5
4414,2202091,Caldeirão Grande do Piauí,PI,Nordeste,100.0,100.0,80.0,5503.0,0.9425,0.0575,Dentro do patamar,Baixo,20.0
4415,5213772,Montividiu do Norte,GO,Centro-Oeste,59.37,65.74,66.08,3779.0,0.9425,0.0575,Dentro do patamar,Baixo,-0.34
4416,3136207,João Monlevade,MG,Sudeste,60.91,79.74,67.1,80187.0,0.9425,0.0575,Dentro do patamar,Baixo,12.64
4417,3126406,Fortuna de Minas,MG,Sudeste,59.25,90.83,66.0,3093.0,0.9425,0.0575,Dentro do patamar,Baixo,24.83
4418,2105807,Lago do Junco,MA,Nordeste,100.0,97.1,80.0,9506.0,0.9425,0.0575,Dentro do patamar,Baixo,17.1
4419,3126109,Formiga,MG,Sudeste,66.93,86.89,71.09,68248.0,0.9425,0.0575,Dentro do patamar,Baixo,15.8
4420,4108403,Francisco Beltrão,PR,Sul,79.67,76.41,79.76,96666.0,0.9425,0.0575,Dentro do patamar,Baixo,-3.35
4421,5211503,Itumbiara,GO,Centro-Oeste,69.78,74.44,72.98,107970.0,0.9425,0.0575,Dentro do patamar,Baixo,1.46
4422,4120408,Presidente Castelo Branco,PR,Sul,76.24,62.98,77.36,4336.0,0.9425,0.0575,Dentro do patamar,Baixo,-14.38
4423,2200806,Antônio Almeida,PI,Nordeste,95.63,73.81,80.0,3152.0,0.9425,0.0575,Dentro do patamar,Baixo,-6.19
4424,3104403,Argirita,MG,Sudeste,55.13,89.33,63.26,2688.0,0.9425,0.0575,Dentro do patamar,Baixo,26.07
4425,3205200,Vila Velha,ES,Sudeste,68.08,67.75,71.85,467722.0,0.9425,0.0575,Dentro do patamar,Baixo,-4.1
4426,4123824,Santa Lúcia,PR,Sul,79.5,85.71,79.64,3644.0,0.9425,0.0575,Dentro do patamar,Baixo,6.07
4427,3114105,Carmo de Minas,MG,Sudeste,56.53,71.02,64.19,13797.0,0.9425,0.0575,Dentro do patamar,Baixo,6.83
4428,3201209,Cachoeiro de Itapemirim,ES,Sudeste,65.3,71.69,70.01,185786.0,0.9425,0.0575,Dentro do patamar,Baixo,1.68
4429,3107604,Bom Jesus da Penha,MG,Sudeste,51.25,87.21,60.63,4474.0,0.9425,0.0575,Dentro do patamar,Baixo,26.58
4430,3146107,Ouro Preto,MG,Sudeste,55.48,71.36,63.49,74821.0,0.9425,0.0575,Dentro do patamar,Baixo,7.87
4431,4120333,Prado Ferreira,PR,Sul,76.64,73.85,77.64,3709.0,0.9426,0.0574,Dentro do patamar,Baixo,-3.79
4432,4201208,Antônio Carlos,SC,Sul,74.47,74.89,76.15,11224.0,0.943,0.057,Dentro do patamar,Baixo,-1.26
4433,4202578,Bom Jesus do Oeste,SC,Sul,73.31,95.99,75.36,2187.0,0.943,0.057,Dentro do patamar,Baixo,20.63
4434,4206405,Guaraciaba,SC,Sul,83.28,83.69,80.0,10796.0,0.943,0.057,Dentro do patamar,Baixo,3.69
4435,4104402,Cândido de Abreu,PR,Sul,83.34,85.54,80.0,15244.0,0.9433,0.0567,Dentro do patamar,Baixo,5.54
4436,4128807,Xambrê,PR,Sul,73.84,55.19,75.72,5798.0,0.9433,0.0567,Dentro do patamar,Baixo,-20.53
4437,4216701,São José do Cedro,SC,Sul,76.38,82.26,77.46,14167.0,0.9433,0.0567,Dentro do patamar,Baixo,4.8
4438,3124203,Espera Feliz,MG,Sudeste,71.63,61.52,74.22,24102.0,0.9433,0.0567,Dentro do patamar,Baixo,-12.7
4439,4209458,Lajeado Grande,SC,Sul,78.57,66.07,78.99,1702.0,0.9433,0.0567,Dentro do patamar,Baixo,-12.92
4440,3155603,Rio Pardo de Minas,MG,Sudeste,73.36,85.31,75.39,28271.0,0.9433,0.0567,Dentro do patamar,Baixo,9.92
4441,4109302,Guaraniaçu,PR,Sul,80.03,71.17,80.0,13735.0,0.9433,0.0567,Dentro do patamar,Baixo,-8.83
4442,4110102,Imbituva,PR,Sul,80.43,78.04,80.0,29924.0,0.9433,0.0567,Dentro do patamar,Baixo,-1.96
4443,2300309,Acopiara,CE,Nordeste,62.63,64.59,68.24,44962.0,0.9433,0.0567,Dentro do patamar,Baixo,-3.65
4444,4215695,Santiago do Sul,SC,Sul,73.68,81.82,75.61,1651.0,0.9433,0.0567,Dentro do patamar,Baixo,6.21
4445,4104105,Campo do Tenente,PR,Sul,80.36,80.98,80.0,7508.0,0.9433,0.0567,Dentro do patamar,Baixo,0.98
4446,4124053,Santa Terezinha de Itaipu,PR,Sul,81.3,79.46,80.0,24262.0,0.9433,0.0567,Dentro do patamar,Baixo,-0.54
4447,4112207,Janiópolis,PR,Sul,82.58,77.3,80.0,5870.0,0.9433,0.0567,Dentro do patamar,Baixo,-2.7
4448,4105409,Chopinzinho,PR,Sul,80.73,70.85,80.0,21085.0,0.9433,0.0567,Dentro do patamar,Baixo,-9.15
4449,3154101,Recreio,MG,Sudeste,72.18,64.51,74.59,11007.0,0.9433,0.0567,Dentro do patamar,Baixo,-10.08
4450,4213153,Planalto Alegre,SC,Sul,79.57,90.38,79.69,2946.0,0.9433,0.0567,Dentro do patamar,Baixo,10.69
4451,4124202,Santo Antônio do Caiuá,PR,Sul,82.83,88.04,80.0,2493.0,0.9433,0.0567,Dentro do patamar,Baixo,8.04
4452,5207535,Faina,GO,Centro-Oeste,73.62,70.81,75.57,7070.0,0.9434,0.0566,Dentro do patamar,Baixo,-4.76
4453,2609105,Machados,PE,Nordeste,86.88,96.75,80.0,11333.0,0.9434,0.0566,Dentro do patamar,Baixo,16.75
4454,2611533,Quixaba,PE,Nordeste,80.26,87.04,80.0,6554.0,0.9434,0.0566,Dentro do patamar,Baixo,7.04
4455,3115706,Central de Minas,MG,Sudeste,71.27,72.79,73.98,6171.0,0.9434,0.0566,Dentro do patamar,Baixo,-1.19
4456,2601300,Barra de Guabiraba,PE,Nordeste,80.78,86.54,80.0,12263.0,0.9434,0.0566,Dentro do patamar,Baixo,6.54
4457,4201703,Ascurra,SC,Sul,81.99,94.83,80.0,8319.0,0.9434,0.0566,Dentro do patamar,Baixo,14.83
4458,3145703,Oliveira Fortes,MG,Sudeste,71.43,83.33,74.09,2027.0,0.9434,0.0566,Dentro do patamar,Baixo,9.24
4459,3170438,União de Minas,MG,Sudeste,72.25,72.68,74.64,3828.0,0.9435,0.0565,Dentro do patamar,Baixo,-1.96
4460,5212105,Joviânia,GO,Centro-Oeste,57.9,67.17,65.11,7159.0,0.9437,0.0563,Dentro do patamar,Baixo,2.06
4461,5200803,Alvorada do Norte,GO,Centro-Oeste,64.57,64.99,69.53,8446.0,0.9437,0.0563,Dentro do patamar,Baixo,-4.54
4462,3121704,Diogo de Vasconcelos,MG,Sudeste,78.42,76.25,78.88,3549.0,0.9437,0.0563,Dentro do patamar,Baixo,-2.63
4463,5100607,Alto Taquari,MT,Centro-Oeste,72.32,70.01,74.69,10904.0,0.9437,0.0563,Dentro do patamar,Baixo,-4.68
4464,4218954,Urupema,SC,Sul,80.15,36.34,80.0,2656.0,0.9437,0.0563,Dentro do patamar,Baixo,-43.66
4465,2512309,Princesa Isabel,PB,Nordeste,97.47,86.29,80.0,21114.0,0.9439,0.0561,Dentro do patamar,Baixo,6.29
4466,2201903,Bom Jesus,PI,Nordeste,99.08,98.95,80.0,28796.0,0.9439,0.0561,Dentro do patamar,Baixo,18.95
4467,1100122,Ji-Paraná,RO,Norte,81.83,72.81,80.0,124333.0,0.9439,0.0561,Dentro do patamar,Baixo,-7.19
4468,1100262,Rio Crespo,RO,Norte,83.84,62.81,80.0,3471.0,0.9439,0.0561,Dentro do patamar,Baixo,-17.19
4469,3534757,Ouroeste,SP,Sudeste,99.27,89.21,80.0,10294.0,0.9439,0.0561,Dentro do patamar,Baixo,9.21
4470,3170578,Vargem Alegre,MG,Sudeste,82.74,83.44,80.0,5780.0,0.944,0.056,Dentro do patamar,Baixo,3.44
4471,3204203,Piúma,ES,Sudeste,62.47,70.65,68.14,22300.0,0.9447,0.0553,Dentro do patamar,Baixo,2.51
4472,3200805,Baixo Guandu,ES,Sudeste,68.83,74.59,72.35,30674.0,0.9449,0.0551,Dentro do patamar,Baixo,2.24
4473,3140159,Mário Campos,MG,Sudeste,70.35,74.09,73.37,15900.0,0.946,0.054,Dentro do patamar,Baixo,0.72
4474,3201803,Divino de São Lourenço,ES,Sudeste,46.09,82.15,57.06,5083.0,0.9461,0.0539,Dentro do patamar,Baixo,25.09
4475,3140506,Martinho Campos,MG,Sudeste,56.02,70.72,63.85,14003.0,0.9461,0.0539,Dentro do patamar,Baixo,6.87
4476,5212956,Matrinchã,GO,Centro-Oeste,59.71,52.82,66.31,4042.0,0.9468,0.0532,Dentro do patamar,Baixo,-13.49
4477,3156502,Rubelita,MG,Sudeste,100.0,76.83,80.0,5679.0,0.9485,0.0515,Dentro do patamar,Baixo,-3.17
4478,4201604,Arroio Trinta,SC,Sul,92.0,76.24,80.0,3556.0,0.9485,0.0515,Dentro do patamar,Baixo,-3.76
4479,4217154,São Miguel da Boa Vista,SC,Sul,87.5,84.21,80.0,1781.0,0.9485,0.0515,Dentro do patamar,Baixo,4.21
4480,4105508,Cianorte,PR,Sul,79.56,74.95,79.69,79527.0,0.9485,0.0515,Dentro do patamar,Baixo,-4.74
4481,4214300,Rancho Queimado,SC,Sul,72.73,80.38,74.97,3279.0,0.9485,0.0515,Dentro do patamar,Baixo,5.41
4482,4216255,São João do Oeste,SC,Sul,96.02,92.42,80.0,6295.0,0.9485,0.0515,Dentro do patamar,Baixo,12.42
4483,3145901,Ouro Branco,MG,Sudeste,65.37,81.33,70.05,38724.0,0.9486,0.0514,Dentro do patamar,Baixo,11.28
4484,3140209,Maripá de Minas,MG,Sudeste,65.47,59.26,70.12,3387.0,0.9486,0.0514,Dentro do patamar,Baixo,-10.86
4485,4127601,Tijucas do Sul,PR,Sul,78.76,68.4,79.12,17621.0,0.9486,0.0514,Dentro do patamar,Baixo,-10.72
4486,3124401,Espírito Santo do Dourado,MG,Sudeste,66.49,66.53,70.8,6611.0,0.9486,0.0514,Dentro do patamar,Baixo,-4.27
4487,3305133,São José de Ubá,RJ,Sudeste,75.12,80.39,76.59,7070.0,0.9486,0.0514,Dentro do patamar,Baixo,3.8
4488,3115359,Catas Altas,MG,Sudeste,67.35,71.35,71.37,5473.0,0.9486,0.0514,Dentro do patamar,Baixo,-0.02
4489,4125605,São Mateus do Sul,PR,Sul,83.07,70.57,80.0,42366.0,0.9486,0.0514,Dentro do patamar,Baixo,-9.43
4490,4120606,Prudentópolis,PR,Sul,82.7,82.91,80.0,49393.0,0.9486,0.0514,Dentro do patamar,Baixo,2.91
4491,3157708,Santa Juliana,MG,Sudeste,62.9,58.13,68.42,15734.0,0.9486,0.0514,Dentro do patamar,Baixo,-10.29
4492,4112009,Jaguariaíva,PR,Sul,80.92,79.14,80.0,35141.0,0.9486,0.0514,Dentro do patamar,Baixo,-0.86
4493,4110805,Iretama,PR,Sul,87.59,80.07,80.0,10684.0,0.9486,0.0514,Dentro do patamar,Baixo,0.07
4494,3143104,Monte Carmelo,MG,Sudeste,63.64,84.51,68.91,47692.0,0.9486,0.0514,Dentro do patamar,Baixo,15.6
4495,3102100,Alto Rio Doce,MG,Sudeste,78.1,85.26,,10891.0,0.9486,0.0514,Dentro do patamar,Baixo,
4496,3117603,Conceição do Pará,MG,Sudeste,73.98,100.0,,5415.0,0.9486,0.0514,Dentro do patamar,Baixo,
4497,5108204,Torixoréu,MT,Centro-Oeste,95.14,88.61,80.0,4164.0,0.9489,0.0511,Dentro do patamar,Baixo,8.61
4498,4102901,Bituruna,PR,Sul,80.76,70.06,80.0,15533.0,0.9489,0.0511,Dentro do patamar,Baixo,-9.94
4499,4117008,Nova Fátima,PR,Sul,81.68,79.65,80.0,7225.0,0.9489,0.0511,Dentro do patamar,Baixo,-0.35
4500,5218508,Quirinópolis,GO,Centro-Oeste,66.97,80.29,71.11,48447.0,0.9489,0.0511,Dentro do patamar,Baixo,9.18
4501,3107802,Bom Jesus do Galho,MG,Sudeste,93.18,75.91,80.0,14536.0,0.9489,0.0511,Dentro do patamar,Baixo,-4.09
4502,4107801,Floraí,PR,Sul,77.34,85.2,78.12,4792.0,0.9489,0.0511,Dentro do patamar,Baixo,7.08
4503,4118402,Paranavaí,PR,Sul,80.45,74.3,80.0,92001.0,0.9489,0.0511,Dentro do patamar,Baixo,-5.7
4504,4123709,Santa Isabel do Ivaí,PR,Sul,84.22,75.13,80.0,8912.0,0.9489,0.0511,Dentro do patamar,Baixo,-4.87
4505,3156106,Ritápolis,MG,Sudeste,64.3,81.94,69.35,4994.0,0.9489,0.0511,Dentro do patamar,Baixo,12.59
4506,3124609,Estrela Dalva,MG,Sudeste,87.26,66.67,80.0,2186.0,0.9489,0.0511,Dentro do patamar,Baixo,-13.33
4507,3122801,Dom Viçoso,MG,Sudeste,94.28,84.85,80.0,3095.0,0.9489,0.0511,Dentro do patamar,Baixo,4.85
4508,4121356,Rancho Alegre D'Oeste,PR,Sul,78.04,56.92,78.61,2618.0,0.9489,0.0511,Dentro do patamar,Baixo,-21.69
4509,3155702,Rio Piracicaba,MG,Sudeste,77.01,76.96,77.9,14631.0,0.9489,0.0511,Dentro do patamar,Baixo,-0.94
4510,4122800,Salgado Filho,PR,Sul,89.42,93.11,80.0,4075.0,0.9489,0.0511,Dentro do patamar,Baixo,13.11
4511,3305901,Trajano de Moraes,RJ,Sudeste,77.24,79.23,78.06,10302.0,0.9489,0.0511,Dentro do patamar,Baixo,1.17
4512,3130002,Ibituruna,MG,Sudeste,60.59,83.33,66.89,2698.0,0.9489,0.0511,Dentro do patamar,Baixo,16.44
4513,4113734,Luiziana,PR,Sul,85.27,86.61,80.0,6690.0,0.9489,0.0511,Dentro do patamar,Baixo,6.61
4514,5209101,Goiatuba,GO,Centro-Oeste,68.19,77.63,71.92,35664.0,0.9489,0.0511,Dentro do patamar,Baixo,5.71
4515,4114203,Mandaguari,PR,Sul,85.06,81.53,80.0,36716.0,0.9489,0.0511,Dentro do patamar,Baixo,1.53
4516,4125902,São Pedro do Paraná,PR,Sul,71.94,75.0,74.43,2661.0,0.9489,0.0511,Dentro do patamar,Baixo,0.57
4517,5106158,Nova Bandeirantes,MT,Centro-Oeste,73.3,76.59,75.35,13635.0,0.9489,0.0511,Dentro do patamar,Baixo,1.24
4518,4117404,Ourizona,PR,Sul,88.82,57.5,80.0,3187.0,0.9489,0.0511,Dentro do patamar,Baixo,-22.5
4519,3145372,Novorizonte,MG,Sudeste,68.05,92.71,71.83,4571.0,0.9489,0.0511,Dentro do patamar,Baixo,20.88
4520,5201454,Aparecida do Rio Doce,GO,Centro-Oeste,59.59,87.09,66.23,2907.0,0.9489,0.0511,Dentro do patamar,Baixo,20.86
4521,3149606,Pequi,MG,Sudeste,64.18,81.37,69.27,4155.0,0.9489,0.0511,Dentro do patamar,Baixo,12.1
4522,4106506,Coronel Vivida,PR,Sul,80.52,74.6,80.0,23331.0,0.9489,0.0511,Dentro do patamar,Baixo,-5.4
4523,4125456,São José das Palmeiras,PR,Sul,83.2,74.36,80.0,3957.0,0.9489,0.0511,Dentro do patamar,Baixo,-5.64
4524,2106003,Lima Campos,MA,Nordeste,86.67,90.91,80.0,11297.0,0.9489,0.0511,Dentro do patamar,Baixo,10.91
4525,3106804,Bias Fortes,MG,Sudeste,68.75,100.0,72.3,3361.0,0.9489,0.0511,Dentro do patamar,Baixo,27.7
4526,4107009,Curiúva,PR,Sul,80.2,68.88,80.0,13647.0,0.9489,0.0511,Dentro do patamar,Baixo,-11.12
4527,3133808,Itaúna,MG,Sudeste,69.8,88.76,73.0,97669.0,0.9489,0.0511,Dentro do patamar,Baixo,15.76
4528,3111705,Canaã,MG,Sudeste,75.97,87.5,77.18,4715.0,0.9489,0.0511,Dentro do patamar,Baixo,10.32
4529,4107207,Dois Vizinhos,PR,Sul,83.75,82.56,80.0,44869.0,0.9489,0.0511,Dentro do patamar,Baixo,2.56
4530,5220108,São Luís de Montes Belos,GO,Centro-Oeste,66.51,76.27,70.81,33852.0,0.9489,0.0511,Dentro do patamar,Baixo,5.46
4531,4112405,Japurá,PR,Sul,73.42,80.87,75.43,9144.0,0.9489,0.0511,Dentro do patamar,Baixo,5.44
4532,4119806,Planalto,PR,Sul,87.64,78.93,80.0,14374.0,0.9489,0.0511,Dentro do patamar,Baixo,-1.07
4533,3500600,Águas de São Pedro,SP,Sudeste,81.85,80.89,80.0,2780.0,0.9489,0.0511,Dentro do patamar,Baixo,0.89
4534,4126603,Siqueira Campos,PR,Sul,85.7,82.88,80.0,22811.0,0.9489,0.0511,Dentro do patamar,Baixo,2.88
4535,2104305,Godofredo Viana,MA,Nordeste,82.97,88.4,80.0,10186.0,0.9489,0.0511,Dentro do patamar,Baixo,8.4
4536,4117255,Nova Prata do Iguaçu,PR,Sul,80.81,72.83,80.0,12699.0,0.9489,0.0511,Dentro do patamar,Baixo,-7.17
4537,3108701,Brás Pires,MG,Sudeste,53.68,81.16,62.28,4260.0,0.9489,0.0511,Dentro do patamar,Baixo,18.88
4538,5215702,Palmeiras de Goiás,GO,Centro-Oeste,67.97,81.01,71.78,31858.0,0.9489,0.0511,Dentro do patamar,Baixo,9.23
4539,5213707,Montes Claros de Goiás,GO,Centro-Oeste,66.57,75.02,70.85,8756.0,0.9489,0.0511,Dentro do patamar,Baixo,4.17
4540,4121257,Ramilândia,PR,Sul,88.1,77.23,80.0,4221.0,0.9489,0.0511,Dentro do patamar,Baixo,-2.77
4541,3165578,Senador Amaral,MG,Sudeste,70.19,76.97,73.26,6206.0,0.9489,0.0511,Dentro do patamar,Baixo,3.71
4542,2607752,Itapissuma,PE,Nordeste,77.69,82.95,78.37,27749.0,0.9489,0.0511,Dentro do patamar,Baixo,4.58
4543,4105904,Colorado,PR,Sul,84.01,78.22,80.0,22896.0,0.9489,0.0511,Dentro do patamar,Baixo,-1.78
4544,3108305,Borda da Mata,MG,Sudeste,65.55,81.21,70.17,17404.0,0.9489,0.0511,Dentro do patamar,Baixo,11.04
4545,2208908,Ribeiro Gonçalves,PI,Nordeste,88.78,85.26,80.0,6164.0,0.9489,0.0511,Dentro do patamar,Baixo,5.26
4546,4106571,Cruzeiro do Iguaçu,PR,Sul,81.66,86.52,80.0,4133.0,0.9489,0.0511,Dentro do patamar,Baixo,6.52
4547,4125209,São Jorge d'Oeste,PR,Sul,88.28,84.59,80.0,9378.0,0.9489,0.0511,Dentro do patamar,Baixo,4.59
4548,3136801,Juramento,MG,Sudeste,63.23,55.56,68.64,3768.0,0.9489,0.0511,Dentro do patamar,Baixo,-13.08
4549,4128500,Wenceslau Braz,PR,Sul,81.05,74.37,80.0,19188.0,0.9489,0.0511,Dentro do patamar,Baixo,-5.63
4550,4117107,Nova Londrina,PR,Sul,77.67,74.05,78.35,12923.0,0.9489,0.0511,Dentro do patamar,Baixo,-4.3
4551,5217401,Pires do Rio,GO,Centro-Oeste,67.36,80.88,71.37,32373.0,0.9489,0.0511,Dentro do patamar,Baixo,9.51
4552,4107603,Faxinal,PR,Sul,83.44,71.76,80.0,16389.0,0.9489,0.0511,Dentro do patamar,Baixo,-8.24
4553,4115002,Marilena,PR,Sul,84.46,75.36,80.0,7253.0,0.9489,0.0511,Dentro do patamar,Baixo,-4.64
4554,4127858,Três Barras do Paraná,PR,Sul,79.37,75.42,79.55,11135.0,0.9489,0.0511,Dentro do patamar,Baixo,-4.13
4555,4118006,Paraíso do Norte,PR,Sul,74.89,67.76,76.43,13245.0,0.9489,0.0511,Dentro do patamar,Baixo,-8.67
4556,4102000,Assis Chateaubriand,PR,Sul,80.21,80.31,80.0,36808.0,0.9489,0.0511,Dentro do patamar,Baixo,0.31
4557,4101150,Ângulo,PR,Sul,90.09,86.15,80.0,3235.0,0.9489,0.0511,Dentro do patamar,Baixo,6.15
4558,3166204,Senhora dos Remédios,MG,Sudeste,100.0,77.94,80.0,10384.0,0.9489,0.0511,Dentro do patamar,Baixo,-2.06
4559,2307304,Juazeiro do Norte,CE,Nordeste,60.56,59.48,66.87,286120.0,0.9489,0.0511,Dentro do patamar,Baixo,-7.39
4560,4113205,Lapa,PR,Sul,81.08,74.83,80.0,45003.0,0.9489,0.0511,Dentro do patamar,Baixo,-5.17
4561,3109006,Brumadinho,MG,Sudeste,70.28,87.73,73.32,38915.0,0.9489,0.0511,Dentro do patamar,Baixo,14.41
4562,4103156,Bom Jesus do Sul,PR,Sul,87.35,93.48,80.0,3980.0,0.9489,0.0511,Dentro do patamar,Baixo,13.48
4563,3101300,Alagoa,MG,Sudeste,67.0,89.66,71.13,2749.0,0.9489,0.0511,Dentro do patamar,Baixo,18.53
4564,3113206,Carandaí,MG,Sudeste,71.8,80.43,74.34,23812.0,0.9489,0.0511,Dentro do patamar,Baixo,6.09
4565,4113809,Lupionópolis,PR,Sul,86.97,77.71,80.0,4813.0,0.9489,0.0511,Dentro do patamar,Baixo,-2.29
4566,3551306,Sebastianópolis do Sul,SP,Sudeste,83.75,75.86,80.0,3130.0,0.9489,0.0511,Dentro do patamar,Baixo,-4.14
4567,4122305,Rio Negro,PR,Sul,85.17,88.56,80.0,31324.0,0.9489,0.0511,Dentro do patamar,Baixo,8.56
4568,4106209,Contenda,PR,Sul,78.38,77.37,78.85,19128.0,0.9489,0.0511,Dentro do patamar,Baixo,-1.48
4569,4109005,Guapirama,PR,Sul,87.9,75.09,80.0,4626.0,0.9489,0.0511,Dentro do patamar,Baixo,-4.91
4570,4109104,Guaporema,PR,Sul,84.38,66.67,80.0,2191.0,0.9489,0.0511,Dentro do patamar,Baixo,-13.33
4571,4112751,Jesuítas,PR,Sul,85.83,89.98,80.0,10506.0,0.9489,0.0511,Dentro do patamar,Baixo,9.98
4572,4103354,Braganey,PR,Sul,84.89,85.11,80.0,4854.0,0.9489,0.0511,Dentro do patamar,Baixo,5.11
4573,4113403,Leópolis,PR,Sul,91.11,89.7,80.0,3752.0,0.9489,0.0511,Dentro do patamar,Baixo,9.7
4574,5207907,Flores de Goiás,GO,Centro-Oeste,66.75,65.41,70.97,13744.0,0.9489,0.0511,Dentro do patamar,Baixo,-5.56
4575,3164803,São Sebastião do Rio Preto,MG,Sudeste,66.67,100.0,70.92,1259.0,0.9489,0.0511,Dentro do patamar,Baixo,29.08
4576,3169802,Turvolândia,MG,Sudeste,61.67,67.31,67.61,4935.0,0.9489,0.0511,Dentro do patamar,Baixo,-0.3
4577,3152170,Ponto dos Volantes,MG,Sudeste,72.63,67.71,74.9,10883.0,0.9491,0.0509,Dentro do patamar,Baixo,-7.19
4578,3150703,Pirajuba,MG,Sudeste,63.4,76.8,68.75,5537.0,0.9491,0.0509,Dentro do patamar,Baixo,8.05
4579,3161205,São Francisco de Paula,MG,Sudeste,78.67,90.73,79.06,6187.0,0.9494,0.0506,Dentro do patamar,Baixo,11.67
4580,4103370,Brasilândia do Sul,PR,Sul,74.32,77.7,76.04,3708.0,0.9495,0.0505,Dentro do patamar,Baixo,1.66
4581,3141504,Mendes Pimentel,MG,Sudeste,79.65,60.0,79.75,5606.0,0.9497,0.0503,Dentro do patamar,Baixo,-19.75
4582,3161304,São Francisco de Sales,MG,Sudeste,76.55,73.5,77.58,5732.0,0.9498,0.0502,Dentro do patamar,Baixo,-4.08
4583,3163805,São Miguel do Anta,MG,Sudeste,74.87,78.02,76.42,6334.0,0.9498,0.0502,Dentro do patamar,Baixo,1.6
4584,3116506,Claro dos Poções,MG,Sudeste,70.05,68.63,73.16,7166.0,0.9498,0.0502,Dentro do patamar,Baixo,-4.53
4585,3162575,São João do Manteninha,MG,Sudeste,79.89,71.7,79.92,5331.0,0.9498,0.0502,Dentro do patamar,Baixo,-8.22
4586,3144359,Naque,MG,Sudeste,79.54,64.96,79.67,6303.0,0.9498,0.0502,Dentro do patamar,Baixo,-14.71
4587,3155900,Rio Preto,MG,Sudeste,71.16,62.04,73.91,5141.0,0.9498,0.0502,Dentro do patamar,Baixo,-11.87
4588,3168101,Tapira,MG,Sudeste,56.1,79.68,63.9,4118.0,0.9501,0.0499,Dentro do patamar,Baixo,15.78
4589,4125100,São João do Triunfo,PR,Sul,78.58,79.45,78.99,13726.0,0.9502,0.0498,Dentro do patamar,Baixo,0.46
4590,3169356,Três Marias,MG,Sudeste,68.34,83.86,72.02,28895.0,0.9504,0.0496,Dentro do patamar,Baixo,11.84
4591,4115200,Maringá,PR,Sul,80.49,78.37,80.0,409657.0,0.9504,0.0496,Dentro do patamar,Baixo,-1.63
4592,3140902,Matipó,MG,Sudeste,85.52,65.0,80.0,18552.0,0.9504,0.0496,Dentro do patamar,Baixo,-15.0
4593,3115508,Caxambu,MG,Sudeste,76.39,78.2,77.47,21056.0,0.9505,0.0495,Dentro do patamar,Baixo,0.73
4594,4103503,Califórnia,PR,Sul,81.85,69.28,80.0,8710.0,0.9509,0.0491,Dentro do patamar,Baixo,-10.72
4595,4204905,Descanso,SC,Sul,80.41,70.31,80.0,8530.0,0.9513,0.0487,Dentro do patamar,Baixo,-9.69
4596,5201504,Aporé,GO,Centro-Oeste,61.96,65.8,67.8,4325.0,0.9514,0.0486,Dentro do patamar,Baixo,-2.0
4597,5214507,Nerópolis,GO,Centro-Oeste,68.08,71.18,71.85,31932.0,0.9514,0.0486,Dentro do patamar,Baixo,-0.67
4598,5221601,Uruaçu,GO,Centro-Oeste,69.31,76.87,72.67,42546.0,0.9514,0.0486,Dentro do patamar,Baixo,4.2
4599,4125308,São Jorge do Ivaí,PR,Sul,82.98,70.73,80.0,5168.0,0.9522,0.0478,Dentro do patamar,Baixo,-9.27
4600,5208400,Goianápolis,GO,Centro-Oeste,74.4,68.02,76.1,13967.0,0.9523,0.0477,Dentro do patamar,Baixo,-8.08
4601,1101104,Itapuã do Oeste,RO,Norte,98.79,70.62,80.0,8548.0,0.9524,0.0476,Dentro do patamar,Baixo,-9.38
4602,4121752,Reserva do Iguaçu,PR,Sul,77.91,83.13,78.52,6553.0,0.9526,0.0474,Dentro do patamar,Baixo,4.61
4603,3137403,Lagoa Dourada,MG,Sudeste,63.91,87.23,69.09,12769.0,0.9529,0.0471,Dentro do patamar,Baixo,18.14
4604,3147006,Paracatu,MG,Sudeste,65.69,63.56,70.27,94023.0,0.953,0.047,Dentro do patamar,Baixo,-6.71
4605,4125407,São José da Boa Vista,PR,Sul,80.7,76.15,80.0,6040.0,0.9532,0.0468,Dentro do patamar,Baixo,-3.85
4606,4115358,Maripá,PR,Sul,80.97,76.69,80.0,6555.0,0.9532,0.0468,Dentro do patamar,Baixo,-3.31
4607,3160900,São Brás do Suaçuí,MG,Sudeste,68.37,81.31,72.04,3989.0,0.9536,0.0464,Dentro do patamar,Baixo,9.27
4608,4107850,Flor da Serra do Sul,PR,Sul,85.72,85.55,80.0,4364.0,0.954,0.046,Dentro do patamar,Baixo,5.55
4609,3139102,Madre de Deus de Minas,MG,Sudeste,69.45,71.05,72.76,5191.0,0.9541,0.0459,Dentro do patamar,Baixo,-1.71
4610,3120201,Cristais,MG,Sudeste,67.27,86.07,71.31,12197.0,0.9541,0.0459,Dentro do patamar,Baixo,14.76
4611,3127503,Gonzaga,MG,Sudeste,66.42,82.31,70.75,5230.0,0.9547,0.0453,Dentro do patamar,Baixo,11.56
4612,4118907,Pérola,PR,Sul,78.4,62.28,78.87,11878.0,0.9547,0.0453,Dentro do patamar,Baixo,-16.59
4613,3148608,Peçanha,MG,Sudeste,64.65,61.48,69.58,17446.0,0.9547,0.0453,Dentro do patamar,Baixo,-8.1
4614,3158201,Santa Maria do Suaçuí,MG,Sudeste,61.58,66.73,67.55,12788.0,0.9547,0.0453,Dentro do patamar,Baixo,-0.82
4615,4214607,Rio do Oeste,SC,Sul,81.39,70.6,80.0,7747.0,0.9547,0.0453,Dentro do patamar,Baixo,-9.4
4616,3150604,Piracema,MG,Sudeste,66.97,76.35,71.11,6700.0,0.9548,0.0452,Dentro do patamar,Baixo,5.24
4617,3170008,Ubaí,MG,Sudeste,70.25,58.55,73.3,11708.0,0.955,0.045,Dentro do patamar,Baixo,-14.75
4618,3127800,Grão Mogol,MG,Sudeste,71.57,86.04,74.18,13901.0,0.955,0.045,Dentro do patamar,Baixo,11.86
4619,3116209,Chiador,MG,Sudeste,77.53,76.01,78.26,2800.0,0.955,0.045,Dentro do patamar,Baixo,-2.25
4620,3162807,São João Evangelista,MG,Sudeste,92.58,70.27,80.0,15315.0,0.955,0.045,Dentro do patamar,Baixo,-9.73
4621,3116308,Cipotânea,MG,Sudeste,73.1,92.31,75.22,5581.0,0.955,0.045,Dentro do patamar,Baixo,17.09
4622,4116109,Moreira Sales,PR,Sul,79.33,78.01,79.52,11175.0,0.955,0.045,Dentro do patamar,Baixo,-1.51
4623,3146503,Pains,MG,Sudeste,67.53,86.83,71.49,8142.0,0.955,0.045,Dentro do patamar,Baixo,15.34
4624,3153301,Presidente Kubitschek,MG,Sudeste,75.75,79.86,77.02,3071.0,0.955,0.045,Dentro do patamar,Baixo,2.84
4625,3109204,Buenópolis,MG,Sudeste,82.01,75.91,80.0,9150.0,0.955,0.045,Dentro do patamar,Baixo,-4.09
4626,3155306,Rio Manso,MG,Sudeste,71.24,98.05,73.96,5568.0,0.955,0.045,Dentro do patamar,Baixo,24.09
4627,4103305,Borrazópolis,PR,Sul,87.15,75.03,80.0,7735.0,0.955,0.045,Dentro do patamar,Baixo,-4.97
4628,5104203,Guiratinga,MT,Centro-Oeste,86.43,84.49,80.0,10966.0,0.955,0.045,Dentro do patamar,Baixo,4.49
4629,3167707,Sobrália,MG,Sudeste,66.54,75.93,70.83,5137.0,0.955,0.045,Dentro do patamar,Baixo,5.1
4630,3157906,Santa Margarida,MG,Sudeste,71.98,60.93,74.46,16395.0,0.955,0.045,Dentro do patamar,Baixo,-13.53
4631,3128501,Guarará,MG,Sudeste,88.16,72.73,80.0,3149.0,0.955,0.045,Dentro do patamar,Baixo,-7.27
4632,4211256,Morro Grande,SC,Sul,71.43,81.82,74.09,3010.0,0.955,0.045,Dentro do patamar,Baixo,7.73
4633,4217501,Seara,SC,Sul,83.55,70.92,80.0,18620.0,0.955,0.045,Dentro do patamar,Baixo,-9.08
4634,3153400,Presidente Olegário,MG,Sudeste,77.37,78.27,78.15,18765.0,0.955,0.045,Dentro do patamar,Baixo,0.12
4635,3130200,Igaratinga,MG,Sudeste,68.89,79.48,72.39,10830.0,0.955,0.045,Dentro do patamar,Baixo,7.09
4636,3140530,Martins Soares,MG,Sudeste,76.55,83.69,77.58,8396.0,0.955,0.045,Dentro do patamar,Baixo,6.11
4637,3141009,Mato Verde,MG,Sudeste,69.02,61.37,72.48,12038.0,0.955,0.045,Dentro do patamar,Baixo,-11.11
4638,3157377,Santa Cruz de Salinas,MG,Sudeste,83.36,72.73,80.0,3910.0,0.955,0.045,Dentro do patamar,Baixo,-7.27
4639,4121802,Ribeirão Claro,PR,Sul,74.58,85.68,76.22,12364.0,0.955,0.045,Dentro do patamar,Baixo,9.46
4640,3102050,Alto Caparaó,MG,Sudeste,93.75,87.17,80.0,5795.0,0.955,0.045,Dentro do patamar,Baixo,7.17
4641,4128005,Ubiratã,PR,Sul,85.59,77.6,80.0,24749.0,0.955,0.045,Dentro do patamar,Baixo,-2.4
4642,3164605,São Sebastião do Oeste,MG,Sudeste,71.5,76.46,74.14,8815.0,0.955,0.045,Dentro do patamar,Baixo,2.32
4643,3161007,São Domingos do Prata,MG,Sudeste,69.05,84.25,72.5,17392.0,0.955,0.045,Dentro do patamar,Baixo,11.75
4644,4217303,Saudades,SC,Sul,81.64,80.9,80.0,10265.0,0.955,0.045,Dentro do patamar,Baixo,0.9
4645,4115408,Marmeleiro,PR,Sul,78.32,85.08,78.81,15901.0,0.955,0.045,Dentro do patamar,Baixo,6.27
4646,3157005,Salinas,MG,Sudeste,73.01,77.08,75.15,40178.0,0.955,0.045,Dentro do patamar,Baixo,1.93
4647,3138674,Luisburgo,MG,Sudeste,81.62,87.7,80.0,6956.0,0.955,0.045,Dentro do patamar,Baixo,7.7
4648,3159100,Santana dos Montes,MG,Sudeste,61.36,94.44,67.4,3469.0,0.955,0.045,Dentro do patamar,Baixo,27.04
4649,4125357,São Jorge do Patrocínio,PR,Sul,74.33,90.23,76.05,6504.0,0.955,0.045,Dentro do patamar,Baixo,14.18
4650,3156601,Rubim,MG,Sudeste,86.74,63.6,80.0,10298.0,0.955,0.045,Dentro do patamar,Baixo,-16.4
4651,3101631,Alfredo Vasconcelos,MG,Sudeste,72.01,78.08,74.48,6931.0,0.955,0.045,Dentro do patamar,Baixo,3.6
4652,4107306,Doutor Camargo,PR,Sul,79.12,60.84,79.37,6327.0,0.955,0.045,Dentro do patamar,Baixo,-18.53
4653,3105905,Barroso,MG,Sudeste,73.7,83.24,75.62,20080.0,0.955,0.045,Dentro do patamar,Baixo,7.62
4654,3162609,São João do Oriente,MG,Sudeste,83.42,67.66,80.0,7070.0,0.955,0.045,Dentro do patamar,Baixo,-12.34
4655,4101853,Ariranha do Ivaí,PR,Sul,75.6,69.82,76.92,2329.0,0.955,0.045,Dentro do patamar,Baixo,-7.1
4656,3158904,Santana do Manhuaçu,MG,Sudeste,90.59,77.24,80.0,8987.0,0.955,0.045,Dentro do patamar,Baixo,-2.76
4657,3112208,Capela Nova,MG,Sudeste,83.06,77.37,80.0,4362.0,0.955,0.045,Dentro do patamar,Baixo,-2.63
4658,4107553,Farol,PR,Sul,75.96,96.3,77.17,3039.0,0.955,0.045,Dentro do patamar,Baixo,19.13
4659,3106002,Bela Vista de Minas,MG,Sudeste,63.8,73.62,69.02,10167.0,0.955,0.045,Dentro do patamar,Baixo,4.6
4660,4121901,Ribeirão do Pinhal,PR,Sul,86.67,84.51,80.0,13060.0,0.955,0.045,Dentro do patamar,Baixo,4.51
4661,3104908,Baependi,MG,Sudeste,70.29,77.43,73.33,18366.0,0.955,0.045,Dentro do patamar,Baixo,4.1
4662,3158300,Santana da Vargem,MG,Sudeste,64.87,87.45,69.72,6691.0,0.955,0.045,Dentro do patamar,Baixo,17.73
4663,3154309,Resplendor,MG,Sudeste,71.54,61.12,74.16,17226.0,0.955,0.045,Dentro do patamar,Baixo,-13.04
4664,3150000,Pescador,MG,Sudeste,88.06,77.59,80.0,3570.0,0.955,0.045,Dentro do patamar,Baixo,-2.41
4665,3161809,São Gonçalo do Pará,MG,Sudeste,61.12,78.82,67.24,11770.0,0.955,0.045,Dentro do patamar,Baixo,11.58
4666,3149903,Perdões,MG,Sudeste,71.24,79.12,73.96,21384.0,0.955,0.045,Dentro do patamar,Baixo,5.16
4667,3145109,Nova Resende,MG,Sudeste,69.3,86.57,72.66,16387.0,0.955,0.045,Dentro do patamar,Baixo,13.91
4668,3129400,Ibertioga,MG,Sudeste,89.43,87.87,80.0,5198.0,0.955,0.045,Dentro do patamar,Baixo,7.87
4669,3150406,Piedade dos Gerais,MG,Sudeste,71.95,83.86,74.44,5019.0,0.955,0.045,Dentro do patamar,Baixo,9.42
4670,3165107,São Tomás de Aquino,MG,Sudeste,68.13,82.09,71.89,6740.0,0.955,0.045,Dentro do patamar,Baixo,10.2
4671,4110953,Itaipulândia,PR,Sul,86.91,84.64,80.0,11485.0,0.955,0.045,Dentro do patamar,Baixo,4.64
4672,4121505,Rebouças,PR,Sul,86.33,77.0,80.0,14514.0,0.955,0.045,Dentro do patamar,Baixo,-3.0
4673,3127602,Gouveia,MG,Sudeste,74.24,91.11,75.99,11331.0,0.955,0.045,Dentro do patamar,Baixo,15.12
4674,4123808,Santa Izabel do Oeste,PR,Sul,82.42,82.63,80.0,14070.0,0.955,0.045,Dentro do patamar,Baixo,2.63
4675,4200804,Anchieta,SC,Sul,77.52,91.81,78.25,5943.0,0.955,0.045,Dentro do patamar,Baixo,13.56
4676,3143807,Munhoz,MG,Sudeste,77.93,82.36,78.54,7451.0,0.955,0.045,Dentro do patamar,Baixo,3.82
4677,4120002,Porecatu,PR,Sul,74.34,87.25,76.06,11624.0,0.955,0.045,Dentro do patamar,Baixo,11.19
4678,3131208,Ipanema,MG,Sudeste,78.85,77.67,79.18,19522.0,0.955,0.045,Dentro do patamar,Baixo,-1.51
4679,4108957,Guamiranga,PR,Sul,79.53,71.55,79.67,7856.0,0.955,0.045,Dentro do patamar,Baixo,-8.12
4680,3119906,Córrego do Bom Jesus,MG,Sudeste,73.8,100.0,75.69,4272.0,0.955,0.045,Dentro do patamar,Baixo,24.31
4681,5107248,Santa Carmem,MT,Centro-Oeste,71.5,93.91,74.14,5374.0,0.955,0.045,Dentro do patamar,Baixo,19.77
4682,4118600,Paula Freitas,PR,Sul,77.55,74.56,78.27,5666.0,0.955,0.045,Dentro do patamar,Baixo,-3.71
4683,3120409,Cristiano Otoni,MG,Sudeste,72.12,89.96,74.55,4667.0,0.955,0.045,Dentro do patamar,Baixo,15.41
4684,3159803,Santa Vitória,MG,Sudeste,70.78,59.6,73.65,20973.0,0.955,0.045,Dentro do patamar,Baixo,-14.05
4685,3105004,Baldim,MG,Sudeste,74.25,89.89,76.0,7492.0,0.955,0.045,Dentro do patamar,Baixo,13.89
4686,3163201,São José do Alegre,MG,Sudeste,77.36,86.26,78.14,4133.0,0.955,0.045,Dentro do patamar,Baixo,8.12
4687,3109501,Cabo Verde,MG,Sudeste,71.99,86.58,74.47,11410.0,0.955,0.045,Dentro do patamar,Baixo,12.11
4688,3103751,Araporã,MG,Sudeste,62.72,73.61,68.3,8479.0,0.955,0.045,Dentro do patamar,Baixo,5.31
4689,4120705,Quatiguá,PR,Sul,91.58,90.26,80.0,8099.0,0.955,0.045,Dentro do patamar,Baixo,10.26
4690,3134806,Jacuí,MG,Sudeste,70.85,85.13,73.7,7495.0,0.955,0.045,Dentro do patamar,Baixo,11.43
4691,3159407,Santa Rita de Ibitipoca,MG,Sudeste,65.38,88.22,70.06,3301.0,0.955,0.045,Dentro do patamar,Baixo,18.16
4692,4111209,Itapejara d'Oeste,PR,Sul,75.48,75.37,76.84,12344.0,0.955,0.045,Dentro do patamar,Baixo,-1.47
4693,5106802,Porto dos Gaúchos,MT,Centro-Oeste,75.58,74.29,76.91,5593.0,0.955,0.045,Dentro do patamar,Baixo,-2.62
4694,3112000,Candeias,MG,Sudeste,88.88,90.37,80.0,14001.0,0.955,0.045,Dentro do patamar,Baixo,10.37
4695,4121109,Quinta do Sol,PR,Sul,76.75,74.15,77.71,5001.0,0.955,0.045,Dentro do patamar,Baixo,-3.56
4696,4124301,Santo Antônio do Paraíso,PR,Sul,82.31,81.17,80.0,2125.0,0.955,0.045,Dentro do patamar,Baixo,1.17
4697,5103601,Dom Aquino,MT,Centro-Oeste,88.28,71.45,80.0,7872.0,0.955,0.045,Dentro do patamar,Baixo,-8.55
4698,3104601,Astolfo Dutra,MG,Sudeste,74.88,88.29,76.43,14138.0,0.955,0.045,Dentro do patamar,Baixo,11.86
4699,3128303,Guaranésia,MG,Sudeste,73.63,65.21,75.58,19150.0,0.955,0.045,Dentro do patamar,Baixo,-10.37
4700,4111407,Ivaí,PR,Sul,84.6,82.65,80.0,13229.0,0.955,0.045,Dentro do patamar,Baixo,2.65
4701,4117271,Nova Tebas,PR,Sul,89.19,84.88,80.0,6848.0,0.955,0.045,Dentro do patamar,Baixo,4.88
4702,3151701,Poço Fundo,MG,Sudeste,81.87,70.92,80.0,16390.0,0.955,0.045,Dentro do patamar,Baixo,-9.08
4703,3113909,Carmo da Cachoeira,MG,Sudeste,74.34,78.88,76.06,11547.0,0.955,0.045,Dentro do patamar,Baixo,2.82
4704,3133501,Itapecerica,MG,Sudeste,72.37,84.46,74.72,21046.0,0.955,0.045,Dentro do patamar,Baixo,9.74
4705,3171907,Virgolândia,MG,Sudeste,87.28,70.97,80.0,4552.0,0.955,0.045,Dentro do patamar,Baixo,-9.03
4706,4113007,Jussara,PR,Sul,72.27,66.03,74.65,6690.0,0.955,0.045,Dentro do patamar,Baixo,-8.62
4707,4117222,Nova Santa Rosa,PR,Sul,77.8,72.16,78.45,8322.0,0.955,0.045,Dentro do patamar,Baixo,-6.29
4708,3118700,Coqueiral,MG,Sudeste,71.3,82.47,74.0,9023.0,0.955,0.045,Dentro do patamar,Baixo,8.47
4709,4118105,Paranacity,PR,Sul,83.27,80.03,80.0,9557.0,0.955,0.045,Dentro do patamar,Baixo,0.03
4710,5220504,Serranópolis,GO,Centro-Oeste,54.47,66.65,62.81,8027.0,0.955,0.045,Dentro do patamar,Baixo,3.84
4711,3125507,São Gonçalo do Rio Preto,MG,Sudeste,80.13,83.33,80.0,3032.0,0.955,0.045,Dentro do patamar,Baixo,3.33
4712,3123304,Dores do Turvo,MG,Sudeste,76.7,95.99,77.68,4987.0,0.955,0.045,Dentro do patamar,Baixo,18.31
4713,3144409,Natércia,MG,Sudeste,70.18,86.3,73.25,4691.0,0.955,0.045,Dentro do patamar,Baixo,13.05
4714,3121209,Delfinópolis,MG,Sudeste,79.23,68.3,79.45,8393.0,0.955,0.045,Dentro do patamar,Baixo,-11.15
4715,4107751,Figueira,PR,Sul,82.1,77.82,80.0,8062.0,0.955,0.045,Dentro do patamar,Baixo,-2.18
4716,3117108,Conceição da Aparecida,MG,Sudeste,70.87,78.53,73.71,10371.0,0.955,0.045,Dentro do patamar,Baixo,4.82
4717,4119004,Pérola d'Oeste,PR,Sul,88.85,88.78,80.0,6221.0,0.955,0.045,Dentro do patamar,Baixo,8.78
4718,4122107,Rio Bom,PR,Sul,94.5,69.55,80.0,3197.0,0.955,0.045,Dentro do patamar,Baixo,-10.45
4719,3159506,Santa Rita do Itueto,MG,Sudeste,83.38,87.19,80.0,5826.0,0.955,0.045,Dentro do patamar,Baixo,7.19
4720,4110706,Irati,PR,Sul,82.74,88.31,80.0,59250.0,0.955,0.045,Dentro do patamar,Baixo,8.31
4721,3158409,Santana de Cataguases,MG,Sudeste,85.23,73.26,80.0,3489.0,0.955,0.045,Dentro do patamar,Baixo,-6.74
4722,4205100,Dona Emma,SC,Sul,87.24,88.51,80.0,4221.0,0.955,0.045,Dentro do patamar,Baixo,8.51
4723,3108008,Bom Sucesso,MG,Sudeste,67.28,83.73,71.32,17151.0,0.955,0.045,Dentro do patamar,Baixo,12.41
4724,4212403,Pedras Grandes,SC,Sul,81.73,69.2,80.0,4245.0,0.955,0.045,Dentro do patamar,Baixo,-10.8
4725,3123528,Durandé,MG,Sudeste,78.2,71.43,78.73,7817.0,0.955,0.045,Dentro do patamar,Baixo,-7.3
4726,3122702,Dom Silvério,MG,Sudeste,66.83,92.48,71.02,5228.0,0.955,0.045,Dentro do patamar,Baixo,21.46
4727,4102307,Balsa Nova,PR,Sul,75.83,75.18,77.08,13395.0,0.955,0.045,Dentro do patamar,Baixo,-1.9
4728,3123858,Entre Folhas,MG,Sudeste,78.64,77.45,79.04,5179.0,0.955,0.045,Dentro do patamar,Baixo,-1.59
4729,4208955,Jardinópolis,SC,Sul,81.82,77.08,80.0,1776.0,0.955,0.045,Dentro do patamar,Baixo,-2.92
4730,4116000,Miraselva,PR,Sul,77.05,51.38,77.92,1966.0,0.955,0.045,Dentro do patamar,Baixo,-26.54
4731,3164308,São Roque de Minas,MG,Sudeste,71.16,77.02,73.91,7129.0,0.955,0.045,Dentro do patamar,Baixo,3.11
4732,4128658,Virmond,PR,Sul,78.69,81.54,79.07,3811.0,0.955,0.045,Dentro do patamar,Baixo,2.47
4733,4107405,Enéas Marques,PR,Sul,83.61,85.24,80.0,5999.0,0.955,0.045,Dentro do patamar,Baixo,5.24
4734,4121406,Realeza,PR,Sul,88.32,79.84,80.0,19247.0,0.955,0.045,Dentro do patamar,Baixo,-0.16
4735,3153202,Presidente Juscelino,MG,Sudeste,80.9,54.55,80.0,3465.0,0.955,0.045,Dentro do patamar,Baixo,-25.45
4736,3162559,São João do Manhuaçu,MG,Sudeste,76.73,71.72,77.7,11246.0,0.955,0.045,Dentro do patamar,Baixo,-5.98
4737,3152600,Pouso Alto,MG,Sudeste,78.44,79.55,78.89,6566.0,0.955,0.045,Dentro do patamar,Baixo,0.66
4738,3142809,Monte Alegre de Minas,MG,Sudeste,74.78,56.72,76.36,20170.0,0.955,0.045,Dentro do patamar,Baixo,-19.64
4739,4122503,Roncador,PR,Sul,83.73,76.32,80.0,11251.0,0.955,0.045,Dentro do patamar,Baixo,-3.68
4740,3160959,São Domingos das Dores,MG,Sudeste,90.7,93.62,80.0,5626.0,0.955,0.045,Dentro do patamar,Baixo,13.62
4741,4123006,Salto do Lontra,PR,Sul,85.46,76.46,80.0,15223.0,0.955,0.045,Dentro do patamar,Baixo,-3.54
4742,4215406,Salto Veloso,SC,Sul,85.44,72.08,80.0,4390.0,0.955,0.045,Dentro do patamar,Baixo,-7.92
4743,3166956,Serranópolis de Minas,MG,Sudeste,95.35,95.99,80.0,4399.0,0.955,0.045,Dentro do patamar,Baixo,15.99
4744,3167806,Soledade de Minas,MG,Sudeste,73.12,88.35,75.23,5613.0,0.955,0.045,Dentro do patamar,Baixo,13.12
4745,3109808,Cachoeira Dourada,MG,Sudeste,80.57,94.74,80.0,2315.0,0.9555,0.0445,Dentro do patamar,Baixo,14.74
4746,4111100,Itambé,PR,Sul,89.72,86.9,80.0,6111.0,0.956,0.044,Dentro do patamar,Baixo,6.9
4747,4112801,Joaquim Távora,PR,Sul,85.53,85.12,80.0,11945.0,0.9561,0.0439,Dentro do patamar,Baixo,5.12
4748,4128609,Verê,PR,Sul,81.02,67.29,80.0,7932.0,0.9563,0.0437,Dentro do patamar,Baixo,-12.71
4749,4126272,Saudade do Iguaçu,PR,Sul,92.53,85.49,80.0,6108.0,0.9564,0.0436,Dentro do patamar,Baixo,5.49
4750,4124905,São João do Caiuá,PR,Sul,93.33,93.06,80.0,5586.0,0.9564,0.0436,Dentro do patamar,Baixo,13.06
4751,4122008,Rio Azul,PR,Sul,89.62,89.22,80.0,14025.0,0.9564,0.0436,Dentro do patamar,Baixo,9.22
4752,1100502,Novo Horizonte do Oeste,RO,Norte,72.53,70.67,74.83,7667.0,0.9564,0.0436,Dentro do patamar,Baixo,-4.16
4753,3120706,Cruzeiro da Fortaleza,MG,Sudeste,62.42,80.92,68.1,3521.0,0.9564,0.0436,Dentro do patamar,Baixo,12.82
4754,4103008,Boa Esperança,PR,Sul,93.75,92.95,80.0,4558.0,0.9564,0.0436,Dentro do patamar,Baixo,12.95
4755,4111704,Jaboti,PR,Sul,82.7,73.86,80.0,5427.0,0.9564,0.0436,Dentro do patamar,Baixo,-6.14
4756,3148509,Pavão,MG,Sudeste,86.92,81.4,80.0,8047.0,0.9564,0.0436,Dentro do patamar,Baixo,1.4
4757,4107504,Engenheiro Beltrão,PR,Sul,87.33,82.06,80.0,12454.0,0.9564,0.0436,Dentro do patamar,Baixo,2.06
4758,4127007,Teixeira Soares,PR,Sul,77.31,88.2,78.1,9547.0,0.9564,0.0436,Dentro do patamar,Baixo,10.1
4759,5107750,Salto do Céu,MT,Centro-Oeste,95.24,97.49,80.0,3679.0,0.9564,0.0436,Dentro do patamar,Baixo,17.49
4760,3142908,Monte Azul,MG,Sudeste,80.0,66.67,80.0,20328.0,0.9564,0.0436,Dentro do patamar,Baixo,-13.33
4761,3110707,Cambuquira,MG,Sudeste,69.29,85.08,72.66,12313.0,0.9564,0.0436,Dentro do patamar,Baixo,12.42
4762,4102505,Barbosa Ferraz,PR,Sul,91.0,77.65,80.0,10795.0,0.9564,0.0436,Dentro do patamar,Baixo,-2.35
4763,5005681,Mundo Novo,MS,Centro-Oeste,83.81,46.46,80.0,19193.0,0.9564,0.0436,Dentro do patamar,Baixo,-33.54
4764,3164902,São Sebastião do Rio Verde,MG,Sudeste,68.42,91.3,72.08,2300.0,0.9564,0.0436,Dentro do patamar,Baixo,19.22
4765,3139201,Malacacheta,MG,Sudeste,77.21,77.47,78.03,17516.0,0.9564,0.0436,Dentro do patamar,Baixo,-0.56
4766,4120150,Porto Barreiro,PR,Sul,100.0,86.29,80.0,3110.0,0.9564,0.0436,Dentro do patamar,Baixo,6.29
4767,3110202,Cajuri,MG,Sudeste,64.21,69.57,69.29,4088.0,0.9564,0.0436,Dentro do patamar,Baixo,0.28
4768,4124608,São Carlos do Ivaí,PR,Sul,78.29,73.36,78.79,6587.0,0.9564,0.0436,Dentro do patamar,Baixo,-5.43
4769,4126355,Serranópolis do Iguaçu,PR,Sul,100.0,82.66,80.0,5007.0,0.9564,0.0436,Dentro do patamar,Baixo,2.66
4770,4106803,Cruz Machado,PR,Sul,80.66,84.49,80.0,15978.0,0.9564,0.0436,Dentro do patamar,Baixo,4.49
4771,4107736,Fernandes Pinheiro,PR,Sul,80.92,79.81,80.0,6255.0,0.9564,0.0436,Dentro do patamar,Baixo,-0.19
4772,4105300,Céu Azul,PR,Sul,81.6,84.56,80.0,11087.0,0.9564,0.0436,Dentro do patamar,Baixo,4.56
4773,4126306,Sengés,PR,Sul,80.66,81.96,80.0,17270.0,0.9564,0.0436,Dentro do patamar,Baixo,1.96
4774,3132008,Itacambira,MG,Sudeste,78.57,100.0,78.99,4252.0,0.9564,0.0436,Dentro do patamar,Baixo,21.01
4775,4117453,Ouro Verde do Oeste,PR,Sul,86.73,90.05,80.0,6785.0,0.9564,0.0436,Dentro do patamar,Baixo,10.05
4776,4210001,Luiz Alves,SC,Sul,80.43,76.19,80.0,11684.0,0.9564,0.0436,Dentro do patamar,Baixo,-3.81
4777,3160009,Santo Antônio do Aventureiro,MG,Sudeste,80.0,45.65,80.0,3769.0,0.9564,0.0436,Dentro do patamar,Baixo,-34.35
4778,3164100,São Pedro do Suaçuí,MG,Sudeste,67.03,90.0,71.15,5103.0,0.9564,0.0436,Dentro do patamar,Baixo,18.85
4779,4119251,Pinhal de São Bento,PR,Sul,91.12,97.14,80.0,2761.0,0.9564,0.0436,Dentro do patamar,Baixo,17.14
4780,3149804,Perdizes,MG,Sudeste,67.9,83.41,71.73,17151.0,0.9564,0.0436,Dentro do patamar,Baixo,11.68
4781,3141207,Matutina,MG,Sudeste,91.3,91.94,80.0,3814.0,0.9564,0.0436,Dentro do patamar,Baixo,11.94
4782,4117297,Novo Itacolomi,PR,Sul,87.42,97.3,80.0,3125.0,0.9564,0.0436,Dentro do patamar,Baixo,17.3
4783,4123303,Santa Cruz de Monte Castelo,PR,Sul,85.79,59.1,80.0,8613.0,0.9564,0.0436,Dentro do patamar,Baixo,-20.9
4784,3114907,Casa Grande,MG,Sudeste,68.75,94.12,72.3,2214.0,0.9564,0.0436,Dentro do patamar,Baixo,21.82
4785,3117207,Conceição das Pedras,MG,Sudeste,57.92,76.67,65.12,2772.0,0.9564,0.0436,Dentro do patamar,Baixo,11.55
4786,4102208,Atalaia,PR,Sul,91.91,88.32,80.0,3980.0,0.9564,0.0436,Dentro do patamar,Baixo,8.32
4787,3152907,Pratápolis,MG,Sudeste,62.59,88.36,68.22,8406.0,0.9564,0.0436,Dentro do patamar,Baixo,20.14
4788,3156403,Romaria,MG,Sudeste,57.73,70.69,64.99,3386.0,0.9564,0.0436,Dentro do patamar,Baixo,5.7
4789,4103453,Cafelândia,PR,Sul,87.02,78.14,80.0,18997.0,0.9564,0.0436,Dentro do patamar,Baixo,-1.86
4790,3148806,Pedra do Anta,MG,Sudeste,85.38,85.51,80.0,3311.0,0.9564,0.0436,Dentro do patamar,Baixo,5.51
4791,4119707,Planaltina do Paraná,PR,Sul,79.79,80.42,79.85,4070.0,0.9564,0.0436,Dentro do patamar,Baixo,0.57
4792,4108650,Goioxim,PR,Sul,92.63,90.42,80.0,6566.0,0.9564,0.0436,Dentro do patamar,Baixo,10.42
4793,3137106,Lagamar,MG,Sudeste,91.73,56.25,80.0,6631.0,0.9564,0.0436,Dentro do patamar,Baixo,-23.75
4794,4103958,Campina do Simão,PR,Sul,85.54,84.25,80.0,3936.0,0.9564,0.0436,Dentro do patamar,Baixo,4.25
4795,4110508,Ipiranga,PR,Sul,88.2,82.28,80.0,14142.0,0.9564,0.0436,Dentro do patamar,Baixo,2.28
4796,4106555,Corumbataí do Sul,PR,Sul,87.28,87.98,80.0,3760.0,0.9564,0.0436,Dentro do patamar,Baixo,7.98
4797,3147808,Passa Vinte,MG,Sudeste,61.11,77.27,67.24,2233.0,0.9564,0.0436,Dentro do patamar,Baixo,10.03
4798,4111555,Ivaté,PR,Sul,84.34,77.24,80.0,6831.0,0.9564,0.0436,Dentro do patamar,Baixo,-2.76
4799,3101409,Albertina,MG,Sudeste,69.57,92.62,72.84,2952.0,0.9564,0.0436,Dentro do patamar,Baixo,19.78
4800,3113602,Careaçu,MG,Sudeste,97.42,74.18,80.0,6816.0,0.9564,0.0436,Dentro do patamar,Baixo,-5.82
4801,3124500,Estiva,MG,Sudeste,72.45,91.03,74.78,11502.0,0.9564,0.0436,Dentro do patamar,Baixo,16.25
4802,3108404,Botelhos,MG,Sudeste,65.49,87.53,70.13,14828.0,0.9564,0.0436,Dentro do patamar,Baixo,17.4
4803,3135001,Jaguaraçu,MG,Sudeste,62.35,84.51,68.06,3092.0,0.9564,0.0436,Dentro do patamar,Baixo,16.45
4804,3121506,Desterro do Melo,MG,Sudeste,68.18,96.43,71.92,2994.0,0.9564,0.0436,Dentro do patamar,Baixo,24.51
4805,4115754,Mauá da Serra,PR,Sul,81.13,80.48,80.0,9383.0,0.9564,0.0436,Dentro do patamar,Baixo,0.48
4806,4103909,Campina da Lagoa,PR,Sul,80.15,77.67,80.0,15723.0,0.9564,0.0436,Dentro do patamar,Baixo,-2.33
4807,4124806,São João,PR,Sul,87.03,87.16,80.0,11886.0,0.9564,0.0436,Dentro do patamar,Baixo,7.16
4808,4122156,Rio Bonito do Iguaçu,PR,Sul,81.41,80.25,80.0,13929.0,0.9564,0.0436,Dentro do patamar,Baixo,0.25
4809,3168507,Teixeiras,MG,Sudeste,75.5,75.97,76.85,12255.0,0.9564,0.0436,Dentro do patamar,Baixo,-0.88
4810,4127965,Turvo,PR,Sul,82.63,84.81,80.0,14231.0,0.9564,0.0436,Dentro do patamar,Baixo,4.81
4811,4108452,Foz do Jordão,PR,Sul,83.19,78.1,80.0,4926.0,0.9564,0.0436,Dentro do patamar,Baixo,-1.9
4812,3115201,Conceição da Barra de Minas,MG,Sudeste,68.75,70.43,72.3,3560.0,0.9564,0.0436,Dentro do patamar,Baixo,-1.87
4813,4116703,Nova Aurora,PR,Sul,82.25,74.99,80.0,13765.0,0.9564,0.0436,Dentro do patamar,Baixo,-5.01
4814,4127205,Terra Boa,PR,Sul,85.98,89.1,80.0,17568.0,0.9564,0.0436,Dentro do patamar,Baixo,9.1
4815,4124509,Santo Inácio,PR,Sul,91.05,80.07,80.0,6181.0,0.9564,0.0436,Dentro do patamar,Baixo,0.07
4816,3119955,Córrego Fundo,MG,Sudeste,69.55,96.07,72.83,6133.0,0.9564,0.0436,Dentro do patamar,Baixo,23.24
4817,4116059,Missal,PR,Sul,88.67,83.28,80.0,11064.0,0.9564,0.0436,Dentro do patamar,Baixo,3.28
4818,4123105,Santa Amélia,PR,Sul,100.0,91.5,80.0,3394.0,0.9564,0.0436,Dentro do patamar,Baixo,11.5
4819,3202652,Irupi,ES,Sudeste,67.41,81.49,71.41,13710.0,0.9574,0.0426,Dentro do patamar,Baixo,10.08
4820,3202801,Itapemirim,ES,Sudeste,60.92,75.42,67.11,39832.0,0.9574,0.0426,Dentro do patamar,Baixo,8.31
4821,5212808,Mara Rosa,GO,Centro-Oeste,69.6,87.78,72.86,10700.0,0.9574,0.0426,Dentro do patamar,Baixo,14.92
4822,3205010,Sooretama,ES,Sudeste,67.21,70.81,71.27,26502.0,0.9574,0.0426,Dentro do patamar,Baixo,-0.46
4823,3202405,Guarapari,ES,Sudeste,71.81,75.99,74.35,124656.0,0.9574,0.0426,Dentro do patamar,Baixo,1.64
4824,3202504,Ibiraçu,ES,Sudeste,67.71,81.16,71.61,11723.0,0.9574,0.0426,Dentro do patamar,Baixo,9.55
4825,5205208,Caturaí,GO,Centro-Oeste,68.4,87.17,72.06,5184.0,0.9574,0.0426,Dentro do patamar,Baixo,15.11
4826,5206404,Crixás,GO,Centro-Oeste,66.73,78.62,70.96,17065.0,0.9574,0.0426,Dentro do patamar,Baixo,7.66
4827,3200359,Alto Rio Novo,ES,Sudeste,64.65,83.48,69.58,7434.0,0.9574,0.0426,Dentro do patamar,Baixo,13.9
4828,3203403,Mimoso do Sul,ES,Sudeste,68.04,65.32,71.83,24475.0,0.9574,0.0426,Dentro do patamar,Baixo,-6.51
4829,3200508,Apiacá,ES,Sudeste,58.4,62.88,65.44,7223.0,0.9574,0.0426,Dentro do patamar,Baixo,-2.56
4830,3104205,Arcos,MG,Sudeste,78.83,88.86,79.17,41416.0,0.9576,0.0424,Dentro do patamar,Baixo,9.69
4831,3169059,Tocos do Moji,MG,Sudeste,78.4,93.75,78.87,3826.0,0.9576,0.0424,Dentro do patamar,Baixo,14.88
4832,3201100,Bom Jesus do Norte,ES,Sudeste,67.14,67.33,71.23,10254.0,0.958,0.042,Dentro do patamar,Baixo,-3.9
4833,4126405,Sertaneja,PR,Sul,92.04,90.98,80.0,5616.0,0.9581,0.0419,Dentro do patamar,Baixo,10.98
4834,3109253,Bugre,MG,Sudeste,100.0,85.0,80.0,4041.0,0.9589,0.0411,Dentro do patamar,Baixo,5.0
4835,1100908,Castanheiras,RO,Norte,70.14,65.42,73.22,3233.0,0.9589,0.0411,Dentro do patamar,Baixo,-7.8
4836,2201572,Belém do Piauí,PI,Nordeste,100.0,100.0,80.0,3423.0,0.9589,0.0411,Dentro do patamar,Baixo,20.0
4837,4102752,Bela Vista da Caroba,PR,Sul,76.84,88.13,77.78,4031.0,0.9589,0.0411,Dentro do patamar,Baixo,10.35
4838,3167301,Silveirânia,MG,Sudeste,91.67,86.36,80.0,2323.0,0.9589,0.0411,Dentro do patamar,Baixo,6.36
4839,5101001,Araguaiana,MT,Centro-Oeste,100.0,91.53,80.0,3795.0,0.9589,0.0411,Dentro do patamar,Baixo,11.53
4840,5106190,Nova Santa Helena,MT,Centro-Oeste,79.22,75.07,79.45,4239.0,0.9589,0.0411,Dentro do patamar,Baixo,-4.38
4841,3200607,Aracruz,ES,Sudeste,70.92,74.36,73.75,94765.0,0.9589,0.0411,Dentro do patamar,Baixo,0.61
4842,1100940,Cujubim,RO,Norte,77.47,67.6,78.22,14863.0,0.9589,0.0411,Dentro do patamar,Baixo,-10.62
4843,1100296,Santa Luzia D'Oeste,RO,Norte,76.11,83.36,77.27,7419.0,0.9589,0.0411,Dentro do patamar,Baixo,6.09
4844,3202108,Ecoporanga,ES,Sudeste,69.21,94.7,72.6,21992.0,0.9589,0.0411,Dentro do patamar,Baixo,22.1
4845,3111150,Campo Azul,MG,Sudeste,84.73,73.26,80.0,3714.0,0.9589,0.0411,Dentro do patamar,Baixo,-6.74
4846,1100148,Nova Brasilândia D'Oeste,RO,Norte,74.81,75.61,76.38,15679.0,0.9589,0.0411,Dentro do patamar,Baixo,-0.77
4847,3200201,Alegre,ES,Sudeste,66.87,83.48,71.05,29177.0,0.9589,0.0411,Dentro do patamar,Baixo,12.43
4848,4111605,Ivatuba,PR,Sul,78.82,86.72,79.16,2708.0,0.9589,0.0411,Dentro do patamar,Baixo,7.56
4849,3137205,Lagoa da Prata,MG,Sudeste,72.57,79.9,74.86,51412.0,0.9589,0.0411,Dentro do patamar,Baixo,5.04
4850,4118451,Pato Bragado,PR,Sul,90.47,90.41,80.0,5733.0,0.9589,0.0411,Dentro do patamar,Baixo,10.41
4851,3110400,Camacho,MG,Sudeste,91.3,86.64,80.0,2838.0,0.9589,0.0411,Dentro do patamar,Baixo,6.64
4852,3203809,Muqui,ES,Sudeste,63.47,75.56,68.8,13745.0,0.9589,0.0411,Dentro do patamar,Baixo,6.76
4853,3202256,Governador Lindenberg,ES,Sudeste,64.12,77.12,69.23,11009.0,0.9589,0.0411,Dentro do patamar,Baixo,7.89
4854,3204054,Pedro Canário,ES,Sudeste,69.28,80.91,72.65,21522.0,0.9589,0.0411,Dentro do patamar,Baixo,8.26
4855,4103024,Boa Esperança do Iguaçu,PR,Sul,75.0,93.1,76.51,2455.0,0.9589,0.0411,Dentro do patamar,Baixo,16.59
4856,3201159,Brejetuba,ES,Sudeste,67.35,87.96,71.37,12985.0,0.9589,0.0411,Dentro do patamar,Baixo,16.59
4857,3148905,Pedra do Indaiá,MG,Sudeste,81.43,100.0,80.0,4112.0,0.9597,0.0403,Dentro do patamar,Baixo,20.0
4858,3159704,Santa Rosa da Serra,MG,Sudeste,72.97,79.88,75.13,3382.0,0.9598,0.0402,Dentro do patamar,Baixo,4.75
4859,3111408,Campo Florido,MG,Sudeste,75.96,52.14,77.17,8466.0,0.9603,0.0397,Dentro do patamar,Baixo,-25.03
4860,3162203,São João Batista do Glória,MG,Sudeste,82.43,84.26,80.0,7652.0,0.9603,0.0397,Dentro do patamar,Baixo,4.26
4861,3129103,Gurinhatã,MG,Sudeste,76.93,86.09,77.84,5192.0,0.9603,0.0397,Dentro do patamar,Baixo,8.25
4862,3148202,Patrocínio do Muriaé,MG,Sudeste,72.64,80.53,74.9,5576.0,0.9603,0.0397,Dentro do patamar,Baixo,5.63
4863,3164001,São Pedro dos Ferros,MG,Sudeste,81.45,68.34,80.0,7166.0,0.9603,0.0397,Dentro do patamar,Baixo,-11.66
4864,3166006,Senhora de Oliveira,MG,Sudeste,79.29,86.42,79.49,5483.0,0.9603,0.0397,Dentro do patamar,Baixo,6.93
4865,3142304,Moeda,MG,Sudeste,77.89,90.58,78.51,5125.0,0.9603,0.0397,Dentro do patamar,Baixo,12.07
4866,3139706,Maravilhas,MG,Sudeste,70.06,76.79,73.17,7333.0,0.9618,0.0382,Dentro do patamar,Baixo,3.62
4867,3122504,Dom Cavati,MG,Sudeste,74.74,73.35,76.33,4904.0,0.9618,0.0382,Dentro do patamar,Baixo,-2.98
4868,4118709,Paulo Frontin,PR,Sul,90.71,84.51,80.0,6343.0,0.9618,0.0382,Dentro do patamar,Baixo,4.51
4869,3136900,Juruaia,MG,Sudeste,78.5,82.69,78.94,11084.0,0.9618,0.0382,Dentro do patamar,Baixo,3.75
4870,3107000,Biquinhas,MG,Sudeste,88.0,58.22,80.0,2383.0,0.9618,0.0382,Dentro do patamar,Baixo,-21.78
4871,3108602,Brasília de Minas,MG,Sudeste,75.06,76.32,76.55,32025.0,0.9618,0.0382,Dentro do patamar,Baixo,-0.23
4872,3144508,Nazareno,MG,Sudeste,87.42,85.36,80.0,8179.0,0.9618,0.0382,Dentro do patamar,Baixo,5.36
4873,3114303,Carmo do Paranaíba,MG,Sudeste,70.42,86.19,73.41,29011.0,0.9618,0.0382,Dentro do patamar,Baixo,12.78
4874,4126108,São Tomé,PR,Sul,88.97,69.88,80.0,5232.0,0.9618,0.0382,Dentro do patamar,Baixo,-10.12
4875,3104304,Areado,MG,Sudeste,70.75,88.09,73.63,13881.0,0.9618,0.0382,Dentro do patamar,Baixo,14.46
4876,2304400,Fortaleza,CE,Nordeste,74.03,74.81,75.85,2428708.0,0.9618,0.0382,Dentro do patamar,Baixo,-1.04
4877,3165008,São Tiago,MG,Sudeste,90.52,94.92,80.0,11192.0,0.9618,0.0382,Dentro do patamar,Baixo,14.92
4878,3135407,Jeceaba,MG,Sudeste,67.57,88.66,71.51,6197.0,0.9618,0.0382,Dentro do patamar,Baixo,17.15
4879,3105301,Bandeira do Sul,MG,Sudeste,73.41,94.51,75.43,5943.0,0.9618,0.0382,Dentro do patamar,Baixo,19.08
4880,4103800,Cambira,PR,Sul,86.17,83.63,80.0,9460.0,0.9618,0.0382,Dentro do patamar,Baixo,3.63
4881,4207650,Iporã do Oeste,SC,Sul,86.65,92.28,80.0,9335.0,0.9618,0.0382,Dentro do patamar,Baixo,12.28
4882,3130408,Ijaci,MG,Sudeste,72.8,82.9,75.01,7003.0,0.9618,0.0382,Dentro do patamar,Baixo,7.89
4883,4119103,Piên,PR,Sul,85.9,83.34,80.0,13655.0,0.9618,0.0382,Dentro do patamar,Baixo,3.34
4884,4122701,Sabáudia,PR,Sul,81.51,78.98,80.0,8822.0,0.9618,0.0382,Dentro do patamar,Baixo,-1.02
4885,5206206,Cristalina,GO,Centro-Oeste,67.92,69.1,71.75,62337.0,0.9621,0.0379,Dentro do patamar,Baixo,-2.65
4886,5202601,Aurilândia,GO,Centro-Oeste,75.98,93.75,77.18,3284.0,0.9628,0.0372,Dentro do patamar,Baixo,16.57
4887,5218300,Posse,GO,Centro-Oeste,76.16,80.95,77.31,34914.0,0.9628,0.0372,Dentro do patamar,Baixo,3.64
4888,5209291,Guaraíta,GO,Centro-Oeste,72.59,95.32,74.87,2188.0,0.9628,0.0372,Dentro do patamar,Baixo,20.45
4889,5218607,Rialma,GO,Centro-Oeste,68.21,97.03,71.94,12165.0,0.9628,0.0372,Dentro do patamar,Baixo,25.09
4890,5221304,Três Ranchos,GO,Centro-Oeste,79.46,84.05,79.62,2921.0,0.9628,0.0372,Dentro do patamar,Baixo,4.43
4891,5217302,Pirenópolis,GO,Centro-Oeste,72.91,64.06,75.09,26690.0,0.9628,0.0372,Dentro do patamar,Baixo,-11.03
4892,5200308,Alexânia,GO,Centro-Oeste,76.28,75.79,77.39,27008.0,0.9628,0.0372,Dentro do patamar,Baixo,-1.6
4893,5214606,Niquelândia,GO,Centro-Oeste,72.84,80.22,75.04,34964.0,0.9628,0.0372,Dentro do patamar,Baixo,5.18
4894,5204409,Caiapônia,GO,Centro-Oeste,76.59,84.82,77.6,16513.0,0.9628,0.0372,Dentro do patamar,Baixo,7.22
4895,5219001,Sanclerlândia,GO,Centro-Oeste,78.09,91.82,78.65,7918.0,0.9628,0.0372,Dentro do patamar,Baixo,13.17
4896,5202809,Avelinópolis,GO,Centro-Oeste,71.44,100.0,74.1,2868.0,0.9628,0.0372,Dentro do patamar,Baixo,25.9
4897,5206701,Damianópolis,GO,Centro-Oeste,70.55,83.93,73.5,3770.0,0.9628,0.0372,Dentro do patamar,Baixo,10.43
4898,5209952,Indiara,GO,Centro-Oeste,67.15,82.75,71.23,17061.0,0.9628,0.0372,Dentro do patamar,Baixo,11.52
4899,5219704,Santa Terezinha de Goiás,GO,Centro-Oeste,84.75,96.08,80.0,10645.0,0.9628,0.0372,Dentro do patamar,Baixo,16.08
4900,5218102,Portelândia,GO,Centro-Oeste,71.68,76.08,74.26,3280.0,0.9628,0.0372,Dentro do patamar,Baixo,1.82
4901,5212303,Leopoldo de Bulhões,GO,Centro-Oeste,77.67,75.41,78.35,8745.0,0.9628,0.0372,Dentro do patamar,Baixo,-2.94
4902,5213087,Minaçu,GO,Centro-Oeste,75.66,81.44,76.96,27075.0,0.9628,0.0372,Dentro do patamar,Baixo,4.48
4903,5208103,Formoso,GO,Centro-Oeste,70.81,86.67,73.67,4660.0,0.9628,0.0372,Dentro do patamar,Baixo,13.0
4904,5200100,Abadiânia,GO,Centro-Oeste,78.96,79.39,79.26,17232.0,0.9628,0.0372,Dentro do patamar,Baixo,0.13
4905,5213756,Montividiu,GO,Centro-Oeste,65.97,78.69,70.45,12521.0,0.9628,0.0372,Dentro do patamar,Baixo,8.24
4906,3168200,Tapiraí,MG,Sudeste,76.47,100.0,77.52,1690.0,0.9632,0.0368,Dentro do patamar,Baixo,22.48
4907,5215504,Ouvidor,GO,Centro-Oeste,65.43,90.09,70.09,7200.0,0.9639,0.0361,Dentro do patamar,Baixo,20.0
4908,3155504,Rio Paranaíba,MG,Sudeste,78.7,60.21,79.08,14532.0,0.9642,0.0358,Dentro do patamar,Baixo,-18.87
4909,3126752,Franciscópolis,MG,Sudeste,88.58,63.78,80.0,5034.0,0.9642,0.0358,Dentro do patamar,Baixo,-16.22
4910,1100080,Costa Marques,RO,Norte,80.68,59.63,80.0,12627.0,0.9642,0.0358,Dentro do patamar,Baixo,-20.37
4911,3119609,Coronel Pacheco,MG,Sudeste,100.0,59.91,80.0,2762.0,0.9642,0.0358,Dentro do patamar,Baixo,-20.09
4912,1100924,Chupinguaia,RO,Norte,80.72,71.99,80.0,9324.0,0.9642,0.0358,Dentro do patamar,Baixo,-8.01
4913,5221700,Uruana,GO,Centro-Oeste,75.58,97.73,76.91,13729.0,0.9642,0.0358,Dentro do patamar,Baixo,20.82
4914,5204102,Cachoeira Alta,GO,Centro-Oeste,73.19,78.35,75.28,11513.0,0.9642,0.0358,Dentro do patamar,Baixo,3.07
4915,3130309,Iguatama,MG,Sudeste,98.44,94.08,80.0,6826.0,0.9642,0.0358,Dentro do patamar,Baixo,14.08
4916,3108552,Brasilândia de Minas,MG,Sudeste,76.74,76.71,77.71,15020.0,0.9642,0.0358,Dentro do patamar,Baixo,-1.0
4917,3136579,Josenópolis,MG,Sudeste,90.34,90.91,80.0,3630.0,0.9642,0.0358,Dentro do patamar,Baixo,10.91
4918,4119657,Pitangueiras,PR,Sul,94.13,83.19,80.0,3046.0,0.9642,0.0358,Dentro do patamar,Baixo,3.19
4919,5221007,Taquaral de Goiás,GO,Centro-Oeste,69.59,75.0,72.86,4026.0,0.9642,0.0358,Dentro do patamar,Baixo,2.14
4920,5201108,Anápolis,GO,Centro-Oeste,72.21,73.22,74.61,398869.0,0.9642,0.0358,Dentro do patamar,Baixo,-1.39
4921,3507407,Borborema,SP,Sudeste,93.18,70.83,80.0,14226.0,0.9642,0.0358,Dentro do patamar,Baixo,-9.17
4922,3120870,Curral de Dentro,MG,Sudeste,79.25,80.36,79.47,7406.0,0.9642,0.0358,Dentro do patamar,Baixo,0.89
4923,5221908,Varjão,GO,Centro-Oeste,97.74,84.78,80.0,3716.0,0.9642,0.0358,Dentro do patamar,Baixo,4.78
4924,3100807,Aguanil,MG,Sudeste,100.0,88.68,80.0,4357.0,0.9642,0.0358,Dentro do patamar,Baixo,8.68
4925,3151404,Pitangui,MG,Sudeste,92.14,85.71,80.0,26685.0,0.9642,0.0358,Dentro do patamar,Baixo,5.71
4926,3146404,Paineiras,MG,Sudeste,78.95,82.34,79.25,4224.0,0.9642,0.0358,Dentro do patamar,Baixo,3.09
4927,1101476,Primavera de Rondônia,RO,Norte,86.09,57.63,80.0,3076.0,0.9642,0.0358,Dentro do patamar,Baixo,-22.37
4928,5204003,Cabeceiras,GO,Centro-Oeste,69.66,93.81,72.9,7560.0,0.9642,0.0358,Dentro do patamar,Baixo,20.91
4929,3117900,Congonhal,MG,Sudeste,73.46,83.44,75.46,11083.0,0.9642,0.0358,Dentro do patamar,Baixo,7.98
4930,5207501,Estrela do Norte,GO,Centro-Oeste,67.18,98.0,71.25,3205.0,0.9642,0.0358,Dentro do patamar,Baixo,26.75
4931,3117405,Conceição de Ipanema,MG,Sudeste,90.0,74.88,80.0,4409.0,0.9642,0.0358,Dentro do patamar,Baixo,-5.12
4932,3143609,Morro da Garça,MG,Sudeste,96.43,67.59,80.0,2411.0,0.9642,0.0358,Dentro do patamar,Baixo,-12.41
4933,5203906,Buriti Alegre,GO,Centro-Oeste,69.02,64.95,72.48,10495.0,0.9642,0.0358,Dentro do patamar,Baixo,-7.53
4934,3138708,Luminárias,MG,Sudeste,67.26,97.5,71.31,5586.0,0.9642,0.0358,Dentro do patamar,Baixo,26.19
4935,5221551,Turvelândia,GO,Centro-Oeste,68.16,86.88,71.9,4985.0,0.9642,0.0358,Dentro do patamar,Baixo,14.98
4936,5219605,Santa Tereza de Goiás,GO,Centro-Oeste,96.21,91.67,80.0,3293.0,0.9642,0.0358,Dentro do patamar,Baixo,11.67
4937,3103207,Araçaí,MG,Sudeste,84.62,72.22,80.0,2181.0,0.9642,0.0358,Dentro do patamar,Baixo,-7.78
4938,3103603,Arantina,MG,Sudeste,75.0,57.09,76.51,2915.0,0.9642,0.0358,Dentro do patamar,Baixo,-19.42
4939,5205513,Cocalzinho de Goiás,GO,Centro-Oeste,79.53,88.6,79.67,25016.0,0.9642,0.0358,Dentro do patamar,Baixo,8.93
4940,3171154,Vermelho Novo,MG,Sudeste,73.55,81.82,75.52,4899.0,0.9642,0.0358,Dentro do patamar,Baixo,6.3
4941,5203104,Baliza,GO,Centro-Oeste,64.29,89.49,69.34,3351.0,0.9642,0.0358,Dentro do patamar,Baixo,20.15
4942,4205191,Ermo,SC,Sul,8.81,69.96,71.82,2269.0,0.9664,0.0336,Dentro do patamar,Baixo,-1.86
4943,3147501,Passabém,MG,Sudeste,35.29,90.91,80.0,1600.0,0.9664,0.0336,Dentro do patamar,Baixo,10.91
4944,3205101,Viana,ES,Sudeste,70.14,68.8,73.22,73423.0,0.9675,0.0325,Dentro do patamar,Baixo,-4.42
4945,2302008,Barro,CE,Nordeste,67.84,63.94,71.69,19381.0,0.9695,0.0305,Dentro do patamar,Baixo,-7.75
4946,3125408,Felício dos Santos,MG,Sudeste,82.12,79.38,80.0,5133.0,0.97,0.03,Dentro do patamar,Baixo,-0.62
4947,3120607,Crucilândia,MG,Sudeste,81.48,90.23,80.0,5434.0,0.97,0.03,Dentro do patamar,Baixo,10.23
4948,3138104,Lassance,MG,Sudeste,80.16,48.0,80.0,7124.0,0.9713,0.0287,Dentro do patamar,Baixo,-32.0
4949,3130606,Inconfidentes,MG,Sudeste,81.42,86.18,80.0,7301.0,0.9714,0.0286,Dentro do patamar,Baixo,6.18
4950,3121407,Desterro de Entre Rios,MG,Sudeste,80.91,79.93,80.0,7653.0,0.9714,0.0286,Dentro do patamar,Baixo,-0.07
4951,3133105,Itanhandu,MG,Sudeste,89.82,84.24,80.0,15236.0,0.9714,0.0286,Dentro do patamar,Baixo,4.24
4952,3100302,Abre Campo,MG,Sudeste,85.71,86.67,80.0,13927.0,0.9714,0.0286,Dentro do patamar,Baixo,6.67
4953,4125803,São Pedro do Ivaí,PR,Sul,83.61,85.66,80.0,8690.0,0.9714,0.0286,Dentro do patamar,Baixo,5.66
4954,3151305,Piraúba,MG,Sudeste,74.74,87.11,76.33,11610.0,0.9714,0.0286,Dentro do patamar,Baixo,10.78
4955,5200159,Adelândia,GO,Centro-Oeste,80.95,81.99,80.0,2297.0,0.9733,0.0267,Dentro do patamar,Baixo,1.99
4956,3152709,Prados,MG,Sudeste,73.21,93.22,75.29,9048.0,0.9739,0.0261,Dentro do patamar,Baixo,17.93
4957,2307502,Lavras da Mangabeira,CE,Nordeste,75.38,74.29,76.77,30802.0,0.9739,0.0261,Dentro do patamar,Baixo,-2.48
4958,5212006,Jaupaci,GO,Centro-Oeste,97.43,100.0,80.0,2924.0,0.9739,0.0261,Dentro do patamar,Baixo,20.0
4959,3128402,Guarani,MG,Sudeste,80.48,77.84,80.0,7714.0,0.9739,0.0261,Dentro do patamar,Baixo,-2.16
4960,2303709,Caucaia,CE,Nordeste,67.04,69.01,71.16,355679.0,0.9739,0.0261,Dentro do patamar,Baixo,-2.15
4961,3135308,Japaraíba,MG,Sudeste,71.03,78.49,73.82,4506.0,0.9739,0.0261,Dentro do patamar,Baixo,4.67
4962,5200209,Água Limpa,GO,Centro-Oeste,69.57,78.26,72.84,1858.0,0.9739,0.0261,Dentro do patamar,Baixo,5.42
4963,5213905,Mossâmedes,GO,Centro-Oeste,85.24,100.0,80.0,4654.0,0.9739,0.0261,Dentro do patamar,Baixo,20.0
4964,3102902,Antônio Carlos,MG,Sudeste,78.03,71.37,78.61,11095.0,0.9739,0.0261,Dentro do patamar,Baixo,-7.24
4965,5205802,Corumbá de Goiás,GO,Centro-Oeste,72.1,80.7,74.54,10562.0,0.9739,0.0261,Dentro do patamar,Baixo,6.16
4966,3114501,Carmópolis de Minas,MG,Sudeste,76.93,81.68,77.84,18003.0,0.9739,0.0261,Dentro do patamar,Baixo,3.84
4967,5203500,Bom Jesus de Goiás,GO,Centro-Oeste,75.75,81.51,77.02,23958.0,0.9739,0.0261,Dentro do patamar,Baixo,4.49
4968,3100708,Água Comprida,MG,Sudeste,96.84,55.3,80.0,2108.0,0.9739,0.0261,Dentro do patamar,Baixo,-24.7
4969,3149705,Perdigão,MG,Sudeste,80.06,80.71,80.0,12268.0,0.9739,0.0261,Dentro do patamar,Baixo,0.71
4970,3131406,Ipiaçu,MG,Sudeste,75.16,76.42,76.62,3775.0,0.9739,0.0261,Dentro do patamar,Baixo,-0.2
4971,2311355,Quixelô,CE,Nordeste,79.3,88.46,79.5,15910.0,0.9739,0.0261,Dentro do patamar,Baixo,8.96
4972,3121803,Dionísio,MG,Sudeste,82.4,72.13,80.0,6847.0,0.9739,0.0261,Dentro do patamar,Baixo,-7.87
4973,5213400,Moiporá,GO,Centro-Oeste,68.61,84.62,80.0,1685.0,0.9739,0.0261,Dentro do patamar,Baixo,4.62
4974,4103222,Bom Sucesso do Sul,PR,Sul,82.0,71.33,80.0,3202.0,0.9739,0.0261,Dentro do patamar,Baixo,-8.67
4975,3114808,Carvalhos,MG,Sudeste,80.29,72.5,80.0,4422.0,0.9739,0.0261,Dentro do patamar,Baixo,-7.5
4976,3162302,São João da Mata,MG,Sudeste,78.13,72.0,78.68,2914.0,0.9739,0.0261,Dentro do patamar,Baixo,-6.68
4977,5217708,Pontalina,GO,Centro-Oeste,73.38,86.03,75.41,18309.0,0.9739,0.0261,Dentro do patamar,Baixo,10.62
4978,5221502,Turvânia,GO,Centro-Oeste,72.58,80.7,74.86,4480.0,0.9739,0.0261,Dentro do patamar,Baixo,5.84
4979,5211305,Itarumã,GO,Centro-Oeste,76.72,83.26,77.69,6101.0,0.9739,0.0261,Dentro do patamar,Baixo,5.57
4980,3116407,Claraval,MG,Sudeste,74.97,84.7,76.49,4658.0,0.9739,0.0261,Dentro do patamar,Baixo,8.21
4981,3103108,Antônio Prado de Minas,MG,Sudeste,78.57,86.67,78.99,1538.0,0.9739,0.0261,Dentro do patamar,Baixo,7.68
4982,3104106,Arceburgo,MG,Sudeste,86.77,82.63,80.0,9177.0,0.9739,0.0261,Dentro do patamar,Baixo,2.63
4983,3201407,Castelo,ES,Sudeste,72.21,82.7,74.61,36930.0,0.9739,0.0261,Dentro do patamar,Baixo,8.09
4984,2313757,Umirim,CE,Nordeste,67.93,82.27,71.75,17470.0,0.9739,0.0261,Dentro do patamar,Baixo,10.52
4985,3142403,Moema,MG,Sudeste,81.44,81.94,80.0,7548.0,0.9739,0.0261,Dentro do patamar,Baixo,1.94
4986,5202502,Aruanã,GO,Centro-Oeste,79.82,90.33,79.87,8300.0,0.9739,0.0261,Dentro do patamar,Baixo,10.46
4987,3127388,Goianá,MG,Sudeste,75.0,80.51,76.51,4053.0,0.9739,0.0261,Dentro do patamar,Baixo,4.0
4988,3143500,Morada Nova de Minas,MG,Sudeste,86.32,64.5,80.0,9067.0,0.9739,0.0261,Dentro do patamar,Baixo,-15.5
4989,5214705,Nova América,GO,Centro-Oeste,89.9,95.24,80.0,2337.0,0.9739,0.0261,Dentro do patamar,Baixo,15.24
4990,2302404,Boa Viagem,CE,Nordeste,80.04,90.36,80.0,50411.0,0.9739,0.0261,Dentro do patamar,Baixo,10.36
4991,5212907,Marzagão,GO,Centro-Oeste,92.15,83.33,80.0,2758.0,0.9739,0.0261,Dentro do patamar,Baixo,3.33
4992,3167905,Tabuleiro,MG,Sudeste,80.53,74.43,80.0,4014.0,0.9739,0.0261,Dentro do patamar,Baixo,-5.57
4993,3128600,Guarda-Mor,MG,Sudeste,79.05,51.62,79.32,6539.0,0.9739,0.0261,Dentro do patamar,Baixo,-27.7
4994,4126009,São Sebastião da Amoreira,PR,Sul,82.79,87.77,80.0,8063.0,0.9739,0.0261,Dentro do patamar,Baixo,7.77
4995,2308708,Morada Nova,CE,Nordeste,71.96,76.09,74.45,61443.0,0.9739,0.0261,Dentro do patamar,Baixo,1.64
4996,5204300,Caçu,GO,Centro-Oeste,73.23,91.38,75.3,13774.0,0.9739,0.0261,Dentro do patamar,Baixo,16.08
4997,4120309,Porto Vitória,PR,Sul,84.62,75.0,80.0,3562.0,0.9739,0.0261,Dentro do patamar,Baixo,-5.0
4998,3111101,Campina Verde,MG,Sudeste,77.26,75.03,78.07,18011.0,0.9739,0.0261,Dentro do patamar,Baixo,-3.04
4999,4113429,Lidianópolis,PR,Sul,92.58,83.47,80.0,3938.0,0.9739,0.0261,Dentro do patamar,Baixo,3.47
5000,4120358,Pranchita,PR,Sul,84.27,79.55,80.0,5737.0,0.9739,0.0261,Dentro do patamar,Baixo,-0.45
5001,3103306,Aracitaba,MG,Sudeste,80.0,86.96,80.0,2049.0,0.9739,0.0261,Dentro do patamar,Baixo,6.96
5002,2305407,Icó,CE,Nordeste,80.08,75.41,80.0,62642.0,0.9739,0.0261,Dentro do patamar,Baixo,-4.59
5003,3165560,Sem-Peixe,MG,Sudeste,76.47,84.62,77.52,2433.0,0.9739,0.0261,Dentro do patamar,Baixo,7.1
5004,3103801,Arapuá,MG,Sudeste,84.21,92.02,80.0,2631.0,0.9739,0.0261,Dentro do patamar,Baixo,12.02
5005,4123204,Santa Cecília do Pavão,PR,Sul,87.42,80.09,80.0,3365.0,0.9739,0.0261,Dentro do patamar,Baixo,0.09
5006,2301208,Aracoiaba,CE,Nordeste,87.25,90.87,80.0,25553.0,0.9739,0.0261,Dentro do patamar,Baixo,10.87
5007,3163904,São Pedro da União,MG,Sudeste,76.97,97.05,77.87,4885.0,0.9739,0.0261,Dentro do patamar,Baixo,19.18
5008,5204250,Cachoeira Dourada,GO,Centro-Oeste,72.51,79.19,74.82,7782.0,0.9739,0.0261,Dentro do patamar,Baixo,4.37
5009,4110409,Indianópolis,PR,Sul,80.01,69.81,80.0,4448.0,0.9739,0.0261,Dentro do patamar,Baixo,-10.19
5010,4113452,Lindoeste,PR,Sul,86.49,72.9,80.0,5175.0,0.9739,0.0261,Dentro do patamar,Baixo,-7.1
5011,5204706,Campinorte,GO,Centro-Oeste,73.78,81.71,75.68,12510.0,0.9739,0.0261,Dentro do patamar,Baixo,6.03
5012,3150505,Pimenta,MG,Sudeste,72.81,94.39,75.02,8563.0,0.9739,0.0261,Dentro do patamar,Baixo,19.37
5013,3145000,Nova Ponte,MG,Sudeste,72.34,78.86,74.7,14598.0,0.9739,0.0261,Dentro do patamar,Baixo,4.16
5014,3165206,São Tomé das Letras,MG,Sudeste,86.0,88.25,80.0,6904.0,0.9739,0.0261,Dentro do patamar,Baixo,8.25
5015,3162948,São José da Barra,MG,Sudeste,85.61,75.22,80.0,7793.0,0.9739,0.0261,Dentro do patamar,Baixo,-4.78
5016,5216908,Pilar de Goiás,GO,Centro-Oeste,96.02,80.87,80.0,2328.0,0.9739,0.0261,Dentro do patamar,Baixo,0.87
5017,3108206,Bonfinópolis de Minas,MG,Sudeste,81.81,71.88,80.0,5528.0,0.9739,0.0261,Dentro do patamar,Baixo,-8.12
5018,3159209,Santa Rita de Caldas,MG,Sudeste,86.83,92.49,80.0,8460.0,0.9739,0.0261,Dentro do patamar,Baixo,12.49
5019,3116001,Chalé,MG,Sudeste,89.1,70.09,80.0,6075.0,0.9739,0.0261,Dentro do patamar,Baixo,-9.91
5020,4110656,Iracema do Oeste,PR,Sul,92.86,85.71,80.0,2343.0,0.9739,0.0261,Dentro do patamar,Baixo,5.71
5021,2308401,Missão Velha,CE,Nordeste,74.75,82.37,76.34,36822.0,0.9739,0.0261,Dentro do patamar,Baixo,6.03
5022,3203130,João Neiva,ES,Sudeste,71.84,77.28,74.37,14079.0,0.9739,0.0261,Dentro do patamar,Baixo,2.91
5023,2312601,São Luís do Curu,CE,Nordeste,81.66,65.1,80.0,10822.0,0.9739,0.0261,Dentro do patamar,Baixo,-14.9
5024,3119708,Coronel Xavier Chaves,MG,Sudeste,72.49,92.31,74.8,3486.0,0.9739,0.0261,Dentro do patamar,Baixo,17.51
5025,3117702,Conceição do Rio Verde,MG,Sudeste,89.94,78.17,80.0,12541.0,0.9739,0.0261,Dentro do patamar,Baixo,-1.83
5026,3144904,Nova Módica,MG,Sudeste,83.33,89.37,80.0,3663.0,0.9739,0.0261,Dentro do patamar,Baixo,9.37
5027,2303204,Caririaçu,CE,Nordeste,90.05,82.61,80.0,26320.0,0.9739,0.0261,Dentro do patamar,Baixo,2.61
5028,2306405,Itapipoca,CE,Nordeste,84.81,88.96,80.0,131123.0,0.9739,0.0261,Dentro do patamar,Baixo,8.96
5029,3116704,Coimbra,MG,Sudeste,76.92,83.5,77.83,7117.0,0.9739,0.0261,Dentro do patamar,Baixo,5.67
5030,3115102,Cássia,MG,Sudeste,70.66,76.99,73.57,17155.0,0.9739,0.0261,Dentro do patamar,Baixo,3.42
5031,4103404,Cafeara,PR,Sul,80.11,63.42,80.0,2627.0,0.9739,0.0261,Dentro do patamar,Baixo,-16.58
5032,3115805,Centralina,MG,Sudeste,78.29,89.95,78.79,10207.0,0.9739,0.0261,Dentro do patamar,Baixo,11.16
5033,5209937,Inaciolândia,GO,Centro-Oeste,76.2,87.01,77.33,5954.0,0.9739,0.0261,Dentro do patamar,Baixo,9.68
5034,5209804,Hidrolina,GO,Centro-Oeste,68.26,72.5,71.97,3545.0,0.9739,0.0261,Dentro do patamar,Baixo,0.53
5035,2307700,Maranguape,CE,Nordeste,79.76,81.66,79.83,105093.0,0.9739,0.0261,Dentro do patamar,Baixo,1.83
5036,2302701,Campos Sales,CE,Nordeste,84.18,82.79,80.0,25135.0,0.9739,0.0261,Dentro do patamar,Baixo,2.79
5037,3100401,Acaiaca,MG,Sudeste,87.39,73.93,80.0,3909.0,0.9739,0.0261,Dentro do patamar,Baixo,-6.07
5038,2304954,Guaiúba,CE,Nordeste,72.74,79.83,74.97,24325.0,0.9739,0.0261,Dentro do patamar,Baixo,4.86
5039,5213053,Mimoso de Goiás,GO,Centro-Oeste,66.67,80.0,70.92,2614.0,0.9739,0.0261,Dentro do patamar,Baixo,9.08
5040,3146602,Paiva,MG,Sudeste,80.0,92.86,80.0,1474.0,0.9739,0.0261,Dentro do patamar,Baixo,12.86
5041,3160108,Santo Antônio do Grama,MG,Sudeste,82.71,94.3,80.0,4229.0,0.9739,0.0261,Dentro do patamar,Baixo,14.3
5042,3136553,José Raydan,MG,Sudeste,79.09,77.36,79.35,4268.0,0.9739,0.0261,Dentro do patamar,Baixo,-1.99
5043,3205036,Vargem Alta,ES,Sudeste,70.93,72.05,73.75,19563.0,0.9739,0.0261,Dentro do patamar,Baixo,-1.7
5044,3112802,Capitólio,MG,Sudeste,83.44,78.93,80.0,10380.0,0.9739,0.0261,Dentro do patamar,Baixo,-1.07
5045,4108205,Formosa do Oeste,PR,Sul,88.15,85.18,80.0,7635.0,0.9739,0.0261,Dentro do patamar,Baixo,5.18
5046,5218706,Rianápolis,GO,Centro-Oeste,76.56,100.0,77.58,3980.0,0.9739,0.0261,Dentro do patamar,Baixo,22.42
5047,3121001,Datas,MG,Sudeste,80.04,90.32,80.0,5465.0,0.9739,0.0261,Dentro do patamar,Baixo,10.32
5048,3160405,Santo Antônio do Monte,MG,Sudeste,82.37,81.35,80.0,27295.0,0.9739,0.0261,Dentro do patamar,Baixo,1.35
5049,3158805,Santana do Jacaré,MG,Sudeste,76.26,86.67,77.38,4214.0,0.9739,0.0261,Dentro do patamar,Baixo,9.29
5050,3165537,Sarzedo,MG,Sudeste,80.06,82.39,80.0,36844.0,0.9739,0.0261,Dentro do patamar,Baixo,2.39
5051,4113106,Kaloré,PR,Sul,83.41,77.98,80.0,4582.0,0.9739,0.0261,Dentro do patamar,Baixo,-2.02
5052,5221452,Trombas,GO,Centro-Oeste,90.94,94.47,80.0,3120.0,0.9739,0.0261,Dentro do patamar,Baixo,14.47
5053,5222302,Vila Propício,GO,Centro-Oeste,74.44,79.46,76.13,5815.0,0.9739,0.0261,Dentro do patamar,Baixo,3.33
5054,5200829,Amaralina,GO,Centro-Oeste,84.23,89.83,80.0,3268.0,0.9739,0.0261,Dentro do patamar,Baixo,9.83
5055,4113908,Mallet,PR,Sul,82.55,87.79,80.0,13428.0,0.9739,0.0261,Dentro do patamar,Baixo,7.79
5056,2308302,Milagres,CE,Nordeste,75.28,79.33,76.7,25900.0,0.9739,0.0261,Dentro do patamar,Baixo,2.63
5057,5200902,Amorinópolis,GO,Centro-Oeste,70.75,80.65,73.63,3007.0,0.9739,0.0261,Dentro do patamar,Baixo,7.02
5058,5219738,Santo Antônio de Goiás,GO,Centro-Oeste,91.99,82.91,80.0,7386.0,0.9739,0.0261,Dentro do patamar,Baixo,2.91
5059,5210208,Iporá,GO,Centro-Oeste,78.36,83.04,78.84,35684.0,0.9739,0.0261,Dentro do patamar,Baixo,4.2
5060,3159902,Santo Antônio do Amparo,MG,Sudeste,83.75,80.3,80.0,17285.0,0.9739,0.0261,Dentro do patamar,Baixo,0.3
5061,3161700,São Gonçalo do Abaeté,MG,Sudeste,86.36,82.95,80.0,7375.0,0.9739,0.0261,Dentro do patamar,Baixo,2.95
5062,3137536,Lagoa Grande,MG,Sudeste,81.75,76.48,80.0,8969.0,0.9739,0.0261,Dentro do patamar,Baixo,-3.52
5063,5208301,Divinópolis de Goiás,GO,Centro-Oeste,79.91,80.42,79.94,4457.0,0.9739,0.0261,Dentro do patamar,Baixo,0.48
5064,2307106,Jardim,CE,Nordeste,77.88,70.8,78.5,27411.0,0.9739,0.0261,Dentro do patamar,Baixo,-7.7
5065,3203056,Jaguaré,ES,Sudeste,72.19,80.31,74.6,28931.0,0.9739,0.0261,Dentro do patamar,Baixo,5.71
5066,4120853,Quatro Pontes,PR,Sul,91.8,89.52,80.0,4480.0,0.9739,0.0261,Dentro do patamar,Baixo,9.52
5067,3141306,Medeiros,MG,Sudeste,82.24,78.57,80.0,3900.0,0.9739,0.0261,Dentro do patamar,Baixo,-1.43
5068,3133758,Itaú de Minas,MG,Sudeste,74.33,89.46,76.05,14406.0,0.9739,0.0261,Dentro do patamar,Baixo,13.41
5069,2302206,Beberibe,CE,Nordeste,78.11,81.6,78.66,53114.0,0.9739,0.0261,Dentro do patamar,Baixo,2.94
5070,5213004,Maurilândia,GO,Centro-Oeste,78.46,83.79,78.91,10304.0,0.9739,0.0261,Dentro do patamar,Baixo,4.88
5071,3161502,São Geraldo,MG,Sudeste,81.24,92.77,80.0,10282.0,0.9739,0.0261,Dentro do patamar,Baixo,12.77
5072,3106408,Belo Vale,MG,Sudeste,93.05,97.32,80.0,8627.0,0.9739,0.0261,Dentro do patamar,Baixo,17.32
5073,5220405,São Simão,GO,Centro-Oeste,72.78,82.29,75.0,17020.0,0.9739,0.0261,Dentro do patamar,Baixo,7.29
5074,2302107,Baturité,CE,Nordeste,77.86,86.78,78.49,35218.0,0.9739,0.0261,Dentro do patamar,Baixo,8.29
5075,3114600,Carrancas,MG,Sudeste,70.36,89.76,73.37,4049.0,0.9739,0.0261,Dentro do patamar,Baixo,16.39
5076,3204302,Presidente Kennedy,ES,Sudeste,68.35,69.85,72.03,13696.0,0.9739,0.0261,Dentro do patamar,Baixo,-2.18
5077,2308104,Mauriti,CE,Nordeste,84.73,84.55,80.0,45561.0,0.9739,0.0261,Dentro do patamar,Baixo,4.55
5078,5200852,Americano do Brasil,GO,Centro-Oeste,74.3,78.87,76.03,5259.0,0.9739,0.0261,Dentro do patamar,Baixo,2.84
5079,3140407,Marmelópolis,MG,Sudeste,76.82,84.57,77.76,3200.0,0.9739,0.0261,Dentro do patamar,Baixo,6.81
5080,4107538,Entre Rios do Oeste,PR,Sul,88.83,96.25,80.0,4575.0,0.9739,0.0261,Dentro do patamar,Baixo,16.25
5081,5207808,Firminópolis,GO,Centro-Oeste,76.84,70.8,77.78,10419.0,0.9739,0.0261,Dentro do patamar,Baixo,-6.98
5082,3162005,São Gonçalo do Sapucaí,MG,Sudeste,76.27,76.14,77.38,23959.0,0.9739,0.0261,Dentro do patamar,Baixo,-1.24
5083,3153004,Pratinha,MG,Sudeste,85.44,52.8,80.0,3559.0,0.9739,0.0261,Dentro do patamar,Baixo,-27.2
5084,5220686,Simolândia,GO,Centro-Oeste,86.31,77.79,80.0,5742.0,0.9739,0.0261,Dentro do patamar,Baixo,-2.21
5085,3103900,Araújos,MG,Sudeste,74.0,88.5,75.83,9199.0,0.9739,0.0261,Dentro do patamar,Baixo,12.67
5086,5200555,Alto Horizonte,GO,Centro-Oeste,66.64,72.47,70.9,6072.0,0.9739,0.0261,Dentro do patamar,Baixo,1.57
5087,5211206,Itapuranga,GO,Centro-Oeste,81.61,85.1,80.0,26113.0,0.9739,0.0261,Dentro do patamar,Baixo,5.1
5088,2310308,Parambu,CE,Nordeste,83.15,88.35,80.0,31445.0,0.9739,0.0261,Dentro do patamar,Baixo,8.35
5089,3119807,Córrego Danta,MG,Sudeste,84.09,75.27,80.0,2960.0,0.9739,0.0261,Dentro do patamar,Baixo,-4.73
5090,2301703,Aurora,CE,Nordeste,72.85,73.84,75.05,23714.0,0.9739,0.0261,Dentro do patamar,Baixo,-1.21
5091,5210901,Itapaci,GO,Centro-Oeste,78.84,85.28,79.18,21087.0,0.9739,0.0261,Dentro do patamar,Baixo,6.1
5092,3155009,Rio Doce,MG,Sudeste,87.87,90.43,80.0,2484.0,0.9739,0.0261,Dentro do patamar,Baixo,10.43
5093,4120655,Quarto Centenário,PR,Sul,79.88,61.75,79.91,4201.0,0.9739,0.0261,Dentro do patamar,Baixo,-18.16
5094,3133709,Itatiaiuçu,MG,Sudeste,72.38,80.42,74.73,12966.0,0.9739,0.0261,Dentro do patamar,Baixo,5.69
5095,5219209,Santa Cruz de Goiás,GO,Centro-Oeste,72.59,85.78,74.87,3002.0,0.9739,0.0261,Dentro do patamar,Baixo,10.91
5096,4115853,Mercedes,PR,Sul,91.25,93.06,80.0,5931.0,0.9739,0.0261,Dentro do patamar,Baixo,13.06
5097,5203939,Buriti de Goiás,GO,Centro-Oeste,95.35,96.46,80.0,2732.0,0.974,0.026,Dentro do patamar,Baixo,16.46
5098,1100098,Espigão D'Oeste,RO,Norte,85.33,71.16,80.0,29414.0,0.9742,0.0258,Dentro do patamar,Baixo,-8.84
5099,5214861,Nova Glória,GO,Centro-Oeste,81.84,87.68,80.0,8310.0,0.9746,0.0254,Dentro do patamar,Baixo,7.68
5100,5206800,Damolândia,GO,Centro-Oeste,93.21,97.08,80.0,2724.0,0.9748,0.0252,Dentro do patamar,Baixo,17.08
5101,5205406,Ceres,GO,Centro-Oeste,88.1,94.51,80.0,22046.0,0.9748,0.0252,Dentro do patamar,Baixo,14.51
5102,5210562,Itaguari,GO,Centro-Oeste,85.79,77.71,80.0,4963.0,0.9751,0.0249,Dentro do patamar,Baixo,-2.29
5103,2307007,Jaguaruana,CE,Nordeste,84.18,88.24,80.0,31701.0,0.9754,0.0246,Dentro do patamar,Baixo,8.24
5104,5202353,Arenópolis,GO,Centro-Oeste,91.53,83.64,80.0,2946.0,0.9756,0.0244,Dentro do patamar,Baixo,3.64
5105,5210307,Israelândia,GO,Centro-Oeste,88.14,92.59,80.0,2560.0,0.9761,0.0239,Dentro do patamar,Baixo,12.59
5106,5220009,São João d'Aliança,GO,Centro-Oeste,81.82,89.53,80.0,14041.0,0.9765,0.0235,Dentro do patamar,Baixo,9.53
5107,5204656,Campinaçu,GO,Centro-Oeste,70.45,81.73,73.43,3708.0,0.9767,0.0233,Dentro do patamar,Baixo,8.3
5108,3203007,Iúna,ES,Sudeste,71.93,67.97,74.43,28590.0,0.9771,0.0229,Dentro do patamar,Baixo,-6.46
5109,3203320,Marataízes,ES,Sudeste,73.28,69.4,75.34,41929.0,0.9771,0.0229,Dentro do patamar,Baixo,-5.94
5110,3204708,São Gabriel da Palha,ES,Sudeste,72.46,80.69,74.78,32252.0,0.9771,0.0229,Dentro do patamar,Baixo,5.91
5111,3201506,Colatina,ES,Sudeste,73.76,77.5,75.66,120033.0,0.9771,0.0229,Dentro do patamar,Baixo,1.84
5112,5205000,Carmo do Rio Verde,GO,Centro-Oeste,78.85,85.78,79.18,9710.0,0.9778,0.0222,Dentro do patamar,Baixo,6.6
5113,5215009,Nova Veneza,GO,Centro-Oeste,86.43,76.22,80.0,9481.0,0.9779,0.0221,Dentro do patamar,Baixo,-3.78
5114,5222005,Vianópolis,GO,Centro-Oeste,89.04,89.5,80.0,14956.0,0.9785,0.0215,Dentro do patamar,Baixo,9.5
5115,5214408,Nazário,GO,Centro-Oeste,79.0,83.94,79.29,8189.0,0.9785,0.0215,Dentro do patamar,Baixo,4.65
5116,5218052,Porteirão,GO,Centro-Oeste,83.88,75.38,80.0,4070.0,0.9785,0.0215,Dentro do patamar,Baixo,-4.62
5117,5211404,Itauçu,GO,Centro-Oeste,96.95,94.51,80.0,7736.0,0.9785,0.0215,Dentro do patamar,Baixo,14.51
5118,2300754,Amontada,CE,Nordeste,83.0,82.28,80.0,42156.0,0.9785,0.0215,Dentro do patamar,Baixo,2.28
5119,5215207,Novo Brasil,GO,Centro-Oeste,84.09,54.84,80.0,3527.0,0.9785,0.0215,Dentro do patamar,Baixo,-25.16
5120,5204805,Campo Alegre de Goiás,GO,Centro-Oeste,79.9,77.6,79.93,7422.0,0.9785,0.0215,Dentro do patamar,Baixo,-2.33
5121,5218904,Rubiataba,GO,Centro-Oeste,77.53,87.69,78.26,19788.0,0.9785,0.0215,Dentro do patamar,Baixo,9.43
5122,3161908,São Gonçalo do Rio Abaixo,MG,Sudeste,80.53,91.6,80.0,11850.0,0.9785,0.0215,Dentro do patamar,Baixo,11.6
5123,2306900,Jaguaribe,CE,Nordeste,85.97,89.25,80.0,33726.0,0.9785,0.0215,Dentro do patamar,Baixo,9.25
5124,2301901,Barbalha,CE,Nordeste,85.38,87.92,80.0,75033.0,0.9785,0.0215,Dentro do patamar,Baixo,7.92
5125,5213509,Monte Alegre de Goiás,GO,Centro-Oeste,73.88,81.87,75.75,6692.0,0.9785,0.0215,Dentro do patamar,Baixo,6.12
5126,5218805,Rio Verde,GO,Centro-Oeste,86.06,89.88,80.0,225696.0,0.9785,0.0215,Dentro do patamar,Baixo,9.88
5127,5220207,São Miguel do Araguaia,GO,Centro-Oeste,86.66,91.4,80.0,21900.0,0.9785,0.0215,Dentro do patamar,Baixo,11.4
5128,5206305,Cristianópolis,GO,Centro-Oeste,88.62,82.2,80.0,3504.0,0.9785,0.0215,Dentro do patamar,Baixo,2.2
5129,5210802,Itajá,GO,Centro-Oeste,81.81,82.86,80.0,4380.0,0.9785,0.0215,Dentro do patamar,Baixo,2.86
5130,5205901,Corumbaíba,GO,Centro-Oeste,71.44,82.63,74.1,9164.0,0.9785,0.0215,Dentro do patamar,Baixo,8.53
5131,5210406,Itaberaí,GO,Centro-Oeste,78.96,81.22,79.26,44734.0,0.9785,0.0215,Dentro do patamar,Baixo,1.96
5132,2305100,Guaramiranga,CE,Nordeste,91.67,95.86,63.58,5654.0,0.9791,0.0209,Dentro do patamar,Baixo,32.28
5133,5210000,Inhumas,GO,Centro-Oeste,81.28,87.57,80.0,52204.0,0.9809,0.0191,Dentro do patamar,Baixo,7.57
5134,5213103,Mineiros,GO,Centro-Oeste,80.26,84.01,80.0,70081.0,0.9818,0.0182,Dentro do patamar,Baixo,4.01
5135,5205059,Castelândia,GO,Centro-Oeste,80.99,91.3,80.0,2985.0,0.9818,0.0182,Dentro do patamar,Baixo,11.3
5136,5220264,São Miguel do Passa Quatro,GO,Centro-Oeste,81.95,67.1,80.0,4464.0,0.9818,0.0182,Dentro do patamar,Baixo,-12.9
5137,5212055,Jesúpolis,GO,Centro-Oeste,100.0,100.0,80.0,2123.0,0.9818,0.0182,Dentro do patamar,Baixo,20.0
5138,5215405,Ouro Verde de Goiás,GO,Centro-Oeste,95.87,96.61,80.0,4057.0,0.9818,0.0182,Dentro do patamar,Baixo,16.61
5139,5219258,Santa Fé de Goiás,GO,Centro-Oeste,76.89,92.78,77.81,4951.0,0.9818,0.0182,Dentro do patamar,Baixo,14.97
5140,5211800,Jaraguá,GO,Centro-Oeste,82.9,83.96,80.0,45223.0,0.9818,0.0182,Dentro do patamar,Baixo,3.96
5141,5214101,Mutunópolis,GO,Centro-Oeste,92.95,100.0,80.0,3564.0,0.9818,0.0182,Dentro do patamar,Baixo,20.0
5142,5207352,Edealina,GO,Centro-Oeste,76.65,90.91,77.65,4001.0,0.9818,0.0182,Dentro do patamar,Baixo,13.26
5143,5215306,Orizona,GO,Centro-Oeste,86.48,77.75,80.0,16399.0,0.9818,0.0182,Dentro do patamar,Baixo,-2.25
5144,5210604,Itaguaru,GO,Centro-Oeste,81.65,89.89,80.0,4904.0,0.9818,0.0182,Dentro do patamar,Baixo,9.89
5145,5204557,Caldazinha,GO,Centro-Oeste,72.02,60.87,74.49,4507.0,0.9818,0.0182,Dentro do patamar,Baixo,-13.62
5146,5213855,Morro Agudo de Goiás,GO,Centro-Oeste,100.0,96.88,80.0,2456.0,0.9818,0.0182,Dentro do patamar,Baixo,16.88
5147,5218391,Professor Jamil,GO,Centro-Oeste,81.62,77.25,80.0,3649.0,0.9818,0.0182,Dentro do patamar,Baixo,-2.75
5148,5220157,São Luiz do Norte,GO,Centro-Oeste,75.36,85.76,76.76,4837.0,0.9818,0.0182,Dentro do patamar,Baixo,9.0
5149,5219506,Santa Rosa de Goiás,GO,Centro-Oeste,80.22,100.0,80.0,2820.0,0.9818,0.0182,Dentro do patamar,Baixo,20.0
5150,5214879,Nova Iguaçu de Goiás,GO,Centro-Oeste,92.68,95.12,80.0,3010.0,0.9818,0.0182,Dentro do patamar,Baixo,15.12
5151,5206602,Cumari,GO,Centro-Oeste,76.19,72.73,77.33,2927.0,0.9818,0.0182,Dentro do patamar,Baixo,-4.6
5152,5201603,Araçu,GO,Centro-Oeste,77.27,93.21,78.08,3799.0,0.9818,0.0182,Dentro do patamar,Baixo,15.13
5153,5216007,Panamá,GO,Centro-Oeste,75.33,84.18,76.74,2455.0,0.9818,0.0182,Dentro do patamar,Baixo,7.44
5154,5219712,Santo Antônio da Barra,GO,Centro-Oeste,82.48,91.64,80.0,4267.0,0.9818,0.0182,Dentro do patamar,Baixo,11.64
5155,2310001,Palhano,CE,Nordeste,70.54,74.59,73.49,9346.0,0.9821,0.0179,Dentro do patamar,Baixo,1.1
5156,2307205,Jati,CE,Nordeste,74.37,77.45,76.08,7861.0,0.9821,0.0179,Dentro do patamar,Baixo,1.37
5157,2301307,Araripe,CE,Nordeste,75.5,77.22,76.85,19783.0,0.9821,0.0179,Dentro do patamar,Baixo,0.37
5158,2300408,Aiuaba,CE,Nordeste,75.14,75.83,76.61,14076.0,0.9821,0.0179,Dentro do patamar,Baixo,-0.78
5159,3114006,Carmo da Mata,MG,Sudeste,79.05,68.1,79.32,11019.0,0.9821,0.0179,Dentro do patamar,Baixo,-11.22
5160,2301505,Arneiroz,CE,Nordeste,73.64,76.0,75.58,7429.0,0.9821,0.0179,Dentro do patamar,Baixo,0.42
5161,3114709,Carvalhópolis,MG,Sudeste,76.96,100.0,77.86,3341.0,0.9821,0.0179,Dentro do patamar,Baixo,22.14
5162,2311900,Saboeiro,CE,Nordeste,75.38,81.55,76.77,13854.0,0.9821,0.0179,Dentro do patamar,Baixo,4.78
5163,2303600,Catarina,CE,Nordeste,79.24,81.25,79.46,10243.0,0.9821,0.0179,Dentro do patamar,Baixo,1.79
5164,2308377,Miraíma,CE,Nordeste,86.66,85.6,80.0,14196.0,0.9821,0.0179,Dentro do patamar,Baixo,5.6
5165,2310605,Penaforte,CE,Nordeste,77.7,63.67,78.38,8972.0,0.983,0.017,Dentro do patamar,Baixo,-14.71
5166,2305266,Ibaretama,CE,Nordeste,70.3,60.53,73.33,11956.0,0.9832,0.0168,Dentro do patamar,Baixo,-12.8
5167,1101203,Ministro Andreazza,RO,Norte,72.5,69.17,74.81,6466.0,0.9839,0.0161,Dentro do patamar,Baixo,-5.64
5168,3142205,Miraí,MG,Sudeste,96.19,79.2,80.0,13633.0,0.9839,0.0161,Dentro do patamar,Baixo,-0.8
5169,3120805,Cruzília,MG,Sudeste,97.18,75.3,80.0,15362.0,0.9839,0.0161,Dentro do patamar,Baixo,-4.7
5170,3147600,Passa Quatro,MG,Sudeste,85.63,75.75,80.0,15515.0,0.9841,0.0159,Dentro do patamar,Baixo,-4.25
5171,3123908,Entre Rios de Minas,MG,Sudeste,83.15,91.72,80.0,14746.0,0.985,0.015,Dentro do patamar,Baixo,11.72
5172,3200169,Água Doce do Norte,ES,Sudeste,77.35,81.68,78.13,12042.0,0.9853,0.0147,Dentro do patamar,Baixo,3.55
5173,3203106,Jerônimo Monteiro,ES,Sudeste,70.14,77.2,73.22,11575.0,0.9853,0.0147,Dentro do patamar,Baixo,3.98
5174,3202306,Guaçuí,ES,Sudeste,74.04,76.71,75.85,29358.0,0.9853,0.0147,Dentro do patamar,Baixo,0.86
5175,3202603,Iconha,ES,Sudeste,76.34,75.87,77.43,12326.0,0.9853,0.0147,Dentro do patamar,Baixo,-1.56
5176,3204351,Rio Bananal,ES,Sudeste,74.62,83.06,76.25,19274.0,0.9853,0.0147,Dentro do patamar,Baixo,6.81
5177,3201605,Conceição da Barra,ES,Sudeste,73.7,68.12,75.62,27458.0,0.9853,0.0147,Dentro do patamar,Baixo,-7.5
5178,2313302,Tauá,CE,Nordeste,87.18,92.01,80.0,61227.0,0.9858,0.0142,Dentro do patamar,Baixo,12.01
5179,2303907,Chaval,CE,Nordeste,75.3,91.5,76.71,12462.0,0.9867,0.0133,Dentro do patamar,Baixo,14.79
5180,2300101,Abaiara,CE,Nordeste,88.3,91.49,80.0,10038.0,0.9867,0.0133,Dentro do patamar,Baixo,11.49
5181,5203401,Bom Jardim de Goiás,GO,Centro-Oeste,79.14,73.26,79.39,7826.0,0.9867,0.0133,Dentro do patamar,Baixo,-6.13
5182,2307403,Jucás,CE,Nordeste,86.69,90.28,80.0,23922.0,0.9867,0.0133,Dentro do patamar,Baixo,10.28
5183,2313807,Uruburetama,CE,Nordeste,81.36,82.16,80.0,20189.0,0.9867,0.0133,Dentro do patamar,Baixo,2.16
5184,2309458,Ocara,CE,Nordeste,89.45,84.77,80.0,24493.0,0.9881,0.0119,Dentro do patamar,Baixo,4.77
5185,5208608,Goianésia,GO,Centro-Oeste,79.79,82.28,79.85,73707.0,0.99,0.01,Dentro do patamar,Baixo,2.43
5186,5205703,Córrego do Ouro,GO,Centro-Oeste,77.4,100.0,78.17,2454.0,0.99,0.01,Dentro do patamar,Baixo,21.83
5187,5220603,Silvânia,GO,Centro-Oeste,86.01,91.2,80.0,22245.0,0.99,0.01,Dentro do patamar,Baixo,11.2
5188,5219100,Santa Bárbara de Goiás,GO,Centro-Oeste,78.28,100.0,78.78,6149.0,0.99,0.01,Dentro do patamar,Baixo,21.22
5189,5219407,Santa Rita do Araguaia,GO,Centro-Oeste,78.75,83.33,79.11,5924.0,0.99,0.01,Dentro do patamar,Baixo,4.22
5190,5215652,Palestina de Goiás,GO,Centro-Oeste,79.55,74.42,79.68,3132.0,0.99,0.01,Dentro do patamar,Baixo,-5.26
5191,5216304,Paranaiguara,GO,Centro-Oeste,85.71,97.01,80.0,7607.0,0.99,0.01,Dentro do patamar,Baixo,17.01
5192,5217203,Piranhas,GO,Centro-Oeste,78.1,68.65,78.66,11712.0,0.99,0.01,Dentro do patamar,Baixo,-10.01
5193,5211701,Jandaia,GO,Centro-Oeste,77.19,80.25,78.02,6272.0,0.99,0.01,Dentro do patamar,Baixo,2.23
5194,5204607,Campestre de Goiás,GO,Centro-Oeste,79.35,93.62,79.54,3755.0,0.99,0.01,Dentro do patamar,Baixo,14.08
5195,5212253,Lagoa Santa,GO,Centro-Oeste,80.95,76.19,80.0,1390.0,0.99,0.01,Dentro do patamar,Baixo,-3.81
5196,5206909,Davinópolis,GO,Centro-Oeste,87.08,83.12,80.0,1902.0,0.9901,0.0099,Dentro do patamar,Baixo,3.12
5197,3141603,Mercês,MG,Sudeste,98.41,84.85,80.0,10373.0,0.9921,0.0079,Dentro do patamar,Baixo,4.85
5198,3147956,Patis,MG,Sudeste,76.92,97.25,77.83,4837.0,0.9967,0.0033,Dentro do patamar,Baixo,19.42
5199,2306306,Itapajé,CE,Nordeste,90.68,89.55,80.0,46426.0,0.9967,0.0033,Dentro do patamar,Baixo,9.55
5200,2309607,Pacajus,CE,Nordeste,85.7,87.91,80.0,70983.0,0.9967,0.0033,Dentro do patamar,Baixo,7.91
5201,2306553,Itarema,CE,Nordeste,92.56,92.49,80.0,42957.0,0.9967,0.0033,Dentro do patamar,Baixo,12.49
5202,2301950,Barreira,CE,Nordeste,88.76,91.15,80.0,22392.0,0.9967,0.0033,Dentro do patamar,Baixo,11.15
5203,2311603,Redenção,CE,Nordeste,84.99,92.45,80.0,27214.0,0.9967,0.0033,Dentro do patamar,Baixo,12.45
5204,2302503,Brejo Santo,CE,Nordeste,93.05,95.4,80.0,51090.0,0.9967,0.0033,Dentro do patamar,Baixo,15.4
5205,3147709,Passa Tempo,MG,Sudeste,80.61,78.42,80.0,8473.0,0.9967,0.0033,Dentro do patamar,Baixo,-1.58
5206,2309706,Pacatuba,CE,Nordeste,76.03,78.36,77.22,81524.0,0.9967,0.0033,Dentro do patamar,Baixo,1.14
5207,2310852,Pindoretama,CE,Nordeste,90.29,88.62,80.0,23391.0,0.9967,0.0033,Dentro do patamar,Baixo,8.62
5208,2311801,Russas,CE,Nordeste,92.93,94.59,80.0,72928.0,0.9967,0.0033,Dentro do patamar,Baixo,14.59
5209,2313104,Tabuleiro do Norte,CE,Nordeste,88.99,84.32,80.0,30652.0,0.9967,0.0033,Dentro do patamar,Baixo,4.32
5210,3204807,São José do Calçado,ES,Sudeste,74.52,62.35,76.18,10878.0,0.9969,0.0031,Dentro do patamar,Baixo,-13.83
5211,2308500,Mombaça,CE,Nordeste,93.52,93.51,80.0,37735.0,0.997,0.003,Dentro do patamar,Baixo,13.51
5212,2306504,Itapiúna,CE,Nordeste,96.14,92.57,80.0,17841.0,1.0,0.0,Dentro do patamar,Baixo,12.57
5213,3204401,Rio Novo do Sul,ES,Sudeste,78.04,77.38,78.61,11069.0,1.0,0.0,Dentro do patamar,Baixo,-1.23
5214,2309300,Nova Russas,CE,Nordeste,96.69,99.64,80.0,30699.0,1.0,0.0,Dentro do patamar,Baixo,19.64
5215,5207600,Fazenda Nova,GO,Centro-Oeste,96.67,100.0,80.0,5877.0,1.0,0.0,Dentro do patamar,Baixo,20.0
5216,2306801,Jaguaribara,CE,Nordeste,89.41,93.88,80.0,10356.0,1.0,0.0,Dentro do patamar,Baixo,13.88
5217,2310803,Pereiro,CE,Nordeste,95.85,93.44,80.0,15274.0,1.0,0.0,Dentro do patamar,Baixo,13.44
5218,2306009,Iracema,CE,Nordeste,98.61,84.18,80.0,14001.0,1.0,0.0,Dentro do patamar,Baixo,4.18
5219,2310506,Pedra Branca,CE,Nordeste,99.44,99.7,80.0,40187.0,1.0,0.0,Dentro do patamar,Baixo,19.7
5220,5204854,Campo Limpo de Goiás,GO,Centro-Oeste,86.91,84.62,80.0,8081.0,1.0,0.0,Dentro do patamar,Baixo,4.62
5221,2303659,Catunda,CE,Nordeste,100.0,100.0,80.0,10444.0,1.0,0.0,Dentro do patamar,Baixo,20.0
5222,2304509,Frecheirinha,CE,Nordeste,99.67,98.18,80.0,15657.0,1.0,0.0,Dentro do patamar,Baixo,18.18
5223,2306603,Itatira,CE,Nordeste,99.62,99.06,80.0,20424.0,1.0,0.0,Dentro do patamar,Baixo,19.06
5224,3202553,Ibitirama,ES,Sudeste,73.91,79.56,75.77,9520.0,1.0,0.0,Dentro do patamar,Baixo,3.79
5225,2303501,Cascavel,CE,Nordeste,87.56,82.6,80.0,72720.0,1.0,0.0,Dentro do patamar,Baixo,2.6
5226,2302602,Camocim,CE,Nordeste,94.5,94.08,80.0,62326.0,1.0,0.0,Dentro do patamar,Baixo,14.08
5227,2300705,Alto Santo,CE,Nordeste,99.61,94.16,80.0,14155.0,1.0,0.0,Dentro do patamar,Baixo,14.16
5228,2304285,Eusébio,CE,Nordeste,92.64,93.91,80.0,74170.0,1.0,0.0,Dentro do patamar,Baixo,13.91
5229,3201001,Boa Esperança,ES,Sudeste,76.69,84.92,77.67,13608.0,1.0,0.0,Dentro do patamar,Baixo,7.25
5230,3204252,Ponto Belo,ES,Sudeste,81.8,80.01,80.0,6497.0,1.0,0.0,Dentro do patamar,Baixo,0.01
5231,2310704,Pentecoste,CE,Nordeste,93.06,91.29,80.0,37813.0,1.0,0.0,Dentro do patamar,Baixo,11.29
5232,2306108,Irauçuba,CE,Nordeste,96.53,96.76,80.0,23915.0,1.0,0.0,Dentro do patamar,Baixo,16.76
5233,5215256,Novo Planalto,GO,Centro-Oeste,84.74,94.54,80.0,3716.0,1.0,0.0,Dentro do patamar,Baixo,14.54
5234,3205069,Venda Nova do Imigrante,ES,Sudeste,83.02,82.2,80.0,23831.0,1.0,0.0,Dentro do patamar,Baixo,2.2
5235,2306207,Itaiçaba,CE,Nordeste,91.32,96.74,80.0,7536.0,1.0,0.0,Dentro do patamar,Baixo,16.74
5236,2311504,Quixeré,CE,Nordeste,86.21,93.13,80.0,20874.0,1.0,0.0,Dentro do patamar,Baixo,13.13
5237,2305308,Ibiapina,CE,Nordeste,94.97,97.38,80.0,23965.0,1.0,0.0,Dentro do patamar,Baixo,17.38
5238,3201704,Conceição do Castelo,ES,Sudeste,77.46,84.19,78.21,11937.0,1.0,0.0,Dentro do patamar,Baixo,5.98
5239,3203353,Marilândia,ES,Sudeste,78.51,78.31,78.94,12387.0,1.0,0.0,Dentro do patamar,Baixo,-0.63
5240,3204559,Santa Maria de Jetibá,ES,Sudeste,85.82,79.8,80.0,41636.0,1.0,0.0,Dentro do patamar,Baixo,-0.2
5241,2310100,Palmácia,CE,Nordeste,98.68,94.31,80.0,10242.0,1.0,0.0,Dentro do patamar,Baixo,14.31
5242,2309409,Novo Oriente,CE,Nordeste,98.72,100.0,80.0,27545.0,1.0,0.0,Dentro do patamar,Baixo,20.0
5243,2301109,Aracati,CE,Nordeste,89.12,91.16,80.0,75113.0,1.0,0.0,Dentro do patamar,Baixo,11.16
5244,3200102,Afonso Cláudio,ES,Sudeste,86.5,95.4,80.0,30684.0,1.0,0.0,Dentro do patamar,Baixo,15.4
5245,2305357,Icapuí,CE,Nordeste,82.16,76.34,80.0,21433.0,1.0,0.0,Dentro do patamar,Baixo,-3.66
5246,2300150,Acarape,CE,Nordeste,78.14,81.21,78.68,14027.0,1.0,0.0,Dentro do patamar,Baixo,2.53
5247,2309805,Pacoti,CE,Nordeste,88.89,91.18,80.0,11186.0,1.0,0.0,Dentro do patamar,Baixo,11.18
5248,2309003,Mucambo,CE,Nordeste,97.92,98.82,80.0,13666.0,1.0,0.0,Dentro do patamar,Baixo,18.82
5249,2309904,Pacujá,CE,Nordeste,97.88,100.0,80.0,6175.0,1.0,0.0,Dentro do patamar,Baixo,20.0
5250,2303931,Choró,CE,Nordeste,97.81,95.42,80.0,12113.0,1.0,0.0,Dentro do patamar,Baixo,15.42
5251,2313005,Solonópole,CE,Nordeste,98.1,98.96,80.0,18179.0,1.0,0.0,Dentro do patamar,Baixo,18.96
5252,2304202,Crato,CE,Nordeste,93.55,95.37,80.0,131050.0,1.0,0.0,Dentro do patamar,Baixo,15.37
5253,2312007,Santana do Acaraú,CE,Nordeste,99.18,98.26,80.0,30628.0,1.0,0.0,Dentro do patamar,Baixo,18.26
5254,2308906,Morrinhos,CE,Nordeste,98.9,97.77,80.0,22753.0,1.0,0.0,Dentro do patamar,Baixo,17.77
5255,2312809,Senador Sá,CE,Nordeste,99.07,99.12,80.0,7262.0,1.0,0.0,Dentro do patamar,Baixo,19.12
5256,3204005,Pancas,ES,Sudeste,83.04,85.86,80.0,18893.0,1.0,0.0,Dentro do patamar,Baixo,5.86
5257,2304350,Forquilha,CE,Nordeste,100.0,100.0,80.0,24173.0,1.0,0.0,Dentro do patamar,Baixo,20.0
5258,2312700,Senador Pompeu,CE,Nordeste,100.0,98.44,80.0,24266.0,1.0,0.0,Dentro do patamar,Baixo,18.44
5259,2303402,Carnaubal,CE,Nordeste,87.03,83.8,80.0,17210.0,1.0,0.0,Dentro do patamar,Baixo,3.8
5260,2301851,Banabuiú,CE,Nordeste,80.28,76.25,80.0,17195.0,1.0,0.0,Dentro do patamar,Baixo,-3.75
5261,5207253,Doverlândia,GO,Centro-Oeste,78.21,83.34,78.73,6956.0,1.0,0.0,Dentro do patamar,Baixo,4.61
5262,5219357,Santa Isabel,GO,Centro-Oeste,79.49,77.97,79.64,3538.0,1.0,0.0,Dentro do patamar,Baixo,-1.67
5263,2308807,Moraújo,CE,Nordeste,98.91,92.86,80.0,8254.0,1.0,0.0,Dentro do patamar,Baixo,12.86
5264,2313351,Tejuçuoca,CE,Nordeste,85.37,80.16,80.0,17154.0,1.0,0.0,Dentro do patamar,Baixo,0.16
5265,2314003,Várzea Alegre,CE,Nordeste,95.17,90.9,80.0,38984.0,1.0,0.0,Dentro do patamar,Baixo,10.9
5266,3204955,São Roque do Canaã,ES,Sudeste,74.56,89.65,76.21,10886.0,1.0,0.0,Dentro do patamar,Baixo,13.44
5267,2308203,Meruoca,CE,Nordeste,98.47,98.21,80.0,15157.0,1.0,0.0,Dentro do patamar,Baixo,18.21
5268,2301257,Ararendá,CE,Nordeste,98.92,99.34,80.0,11096.0,1.0,0.0,Dentro do patamar,Baixo,19.34
5269,5201207,Anhanguera,GO,Centro-Oeste,80.0,81.25,80.0,924.0,1.0,0.0,Dentro do patamar,Baixo,1.25
5270,2310951,Pires Ferreira,CE,Nordeste,99.14,100.0,80.0,10606.0,1.0,0.0,Dentro do patamar,Baixo,20.0
5271,2312502,São João do Jaguaribe,CE,Nordeste,79.82,95.98,79.87,5855.0,1.0,0.0,Dentro do patamar,Baixo,16.11
5272,2302909,Capistrano,CE,Nordeste,77.64,87.35,78.33,17254.0,1.0,0.0,Dentro do patamar,Baixo,9.02
5273,5222203,Vila Boa,GO,Centro-Oeste,83.76,78.69,80.0,4215.0,1.0,0.0,Dentro do patamar,Baixo,-1.31
5274,2311702,Reriutaba,CE,Nordeste,99.52,98.5,80.0,18606.0,1.0,0.0,Dentro do patamar,Baixo,18.5
5275,5210158,Ipiranga de Goiás,GO,Centro-Oeste,93.1,96.55,80.0,2919.0,1.0,0.0,Dentro do patamar,Baixo,16.55
5276,3203163,Laranja da Terra,ES,Sudeste,87.53,87.5,80.0,11094.0,1.0,0.0,Dentro do patamar,Baixo,7.5
5277,2300606,Altaneira,CE,Nordeste,100.0,88.52,80.0,6782.0,1.0,0.0,Dentro do patamar,Baixo,8.52
5278,2307635,Madalena,CE,Nordeste,97.67,95.31,80.0,16896.0,1.0,0.0,Dentro do patamar,Baixo,15.31
5279,2304103,Crateús,CE,Nordeste,97.13,97.31,80.0,76390.0,1.0,0.0,Dentro do patamar,Baixo,17.31
5280,2301000,Aquiraz,CE,Nordeste,87.89,83.99,80.0,80645.0,1.0,0.0,Dentro do patamar,Baixo,3.99
5281,2304004,Coreaú,CE,Nordeste,100.0,100.0,80.0,20953.0,1.0,0.0,Dentro do patamar,Baixo,20.0
5282,2311207,Potengi,CE,Nordeste,90.85,91.04,80.0,8833.0,1.0,0.0,Dentro do patamar,Baixo,11.04
5283,2307650,Maracanaú,CE,Nordeste,82.4,84.92,80.0,234509.0,1.0,0.0,Dentro do patamar,Baixo,4.92
5284,3205176,Vila Valério,ES,Sudeste,83.46,76.41,80.0,13728.0,1.0,0.0,Dentro do patamar,Baixo,-3.59
5285,3202702,Itaguaçu,ES,Sudeste,73.95,87.99,75.79,13589.0,1.0,0.0,Dentro do patamar,Baixo,12.2
5286,5219456,Santa Rita do Novo Destino,GO,Centro-Oeste,87.69,95.83,80.0,2689.0,1.0,0.0,Dentro do patamar,Baixo,15.83
5287,2300200,Acaraú,CE,Nordeste,95.81,97.71,80.0,65264.0,1.0,0.0,Dentro do patamar,Baixo,17.71
5288,2313559,Tururu,CE,Nordeste,89.24,95.29,80.0,15412.0,1.0,0.0,Dentro do patamar,Baixo,15.29
5289,2308609,Monsenhor Tabosa,CE,Nordeste,96.51,99.36,80.0,17149.0,1.0,0.0,Dentro do patamar,Baixo,19.36
5290,3200904,Barra de São Francisco,ES,Sudeste,78.43,87.39,78.89,42498.0,1.0,0.0,Dentro do patamar,Baixo,8.5
5291,5205471,Chapadão do Céu,GO,Centro-Oeste,80.04,87.51,80.0,12870.0,1.0,0.0,Dentro do patamar,Baixo,7.51
5292,2304459,Fortim,CE,Nordeste,97.52,93.28,80.0,17294.0,1.0,0.0,Dentro do patamar,Baixo,13.28
5293,2311264,Quiterianópolis,CE,Nordeste,98.54,99.49,80.0,20213.0,1.0,0.0,Dentro do patamar,Baixo,19.49
5294,2313708,Umari,CE,Nordeste,87.59,88.49,80.0,6871.0,1.0,0.0,Dentro do patamar,Baixo,8.49
5295,2302305,Bela Cruz,CE,Nordeste,95.85,97.83,80.0,32775.0,1.0,0.0,Dentro do patamar,Baixo,17.83
5296,2309102,Mulungu,CE,Nordeste,85.81,88.89,80.0,10569.0,1.0,0.0,Dentro do patamar,Baixo,8.89
5297,2305233,Horizonte,CE,Nordeste,93.36,96.2,80.0,74755.0,1.0,0.0,Dentro do patamar,Baixo,16.2
5298,2305001,Guaraciaba do Norte,CE,Nordeste,98.55,95.65,80.0,42053.0,1.0,0.0,Dentro do patamar,Baixo,15.65
5299,2304236,Croatá,CE,Nordeste,98.5,99.14,80.0,17481.0,1.0,0.0,Dentro do patamar,Baixo,19.14
5300,2310407,Paramoti,CE,Nordeste,98.85,94.2,80.0,10384.0,1.0,0.0,Dentro do patamar,Baixo,14.2
5301,2302057,Barroquinha,CE,Nordeste,96.36,95.7,80.0,14567.0,1.0,0.0,Dentro do patamar,Baixo,15.7
5302,2313401,Tianguá,CE,Nordeste,84.36,86.1,80.0,81506.0,1.0,0.0,Dentro do patamar,Baixo,6.1
5303,5207402,Edéia,GO,Centro-Oeste,82.36,72.29,80.0,11747.0,1.0,0.0,Dentro do patamar,Baixo,-7.71
5304,2313203,Tamboril,CE,Nordeste,97.16,98.31,80.0,24815.0,1.0,0.0,Dentro do patamar,Baixo,18.31
5305,3200300,Alfredo Chaves,ES,Sudeste,74.51,87.55,76.17,13836.0,1.0,0.0,Dentro do patamar,Baixo,11.38
5306,5218789,Rio Quente,GO,Centro-Oeste,79.26,96.08,79.47,3864.0,1.0,0.0,Dentro do patamar,Baixo,16.61
5307,3202900,Itarana,ES,Sudeste,78.04,82.15,78.61,10597.0,1.0,0.0,Dentro do patamar,Baixo,3.54
5308,2310209,Paracuru,CE,Nordeste,94.86,95.08,80.0,38980.0,1.0,0.0,Dentro do patamar,Baixo,15.08
5309,5222054,Vicentinópolis,GO,Centro-Oeste,78.24,84.21,78.75,8768.0,1.0,0.0,Dentro do patamar,Baixo,5.46
5310,3204609,Santa Teresa,ES,Sudeste,84.05,82.16,80.0,22808.0,1.0,0.0,Dentro do patamar,Baixo,2.16
5311,2304301,Farias Brito,CE,Nordeste,98.01,96.0,80.0,18217.0,1.0,0.0,Dentro do patamar,Baixo,16.0
5312,5216452,Perolândia,GO,Centro-Oeste,77.62,77.78,78.32,2964.0,1.0,0.0,Dentro do patamar,Baixo,-0.54
5313,3203304,Mantenópolis,ES,Sudeste,91.73,95.06,80.0,12770.0,1.0,0.0,Dentro do patamar,Baixo,15.06
5314,2304905,Groaíras,CE,Nordeste,99.15,96.95,80.0,10910.0,1.0,0.0,Dentro do patamar,Baixo,16.95
5315,2313609,Ubajara,CE,Nordeste,96.98,95.13,80.0,32767.0,1.0,0.0,Dentro do patamar,Baixo,15.13
5316,2304608,General Sampaio,CE,Nordeste,94.2,97.65,80.0,6734.0,1.0,0.0,Dentro do patamar,Baixo,17.65
5317,2312205,Santa Quitéria,CE,Nordeste,98.21,95.08,80.0,40183.0,1.0,0.0,Dentro do patamar,Baixo,15.08
5318,2305605,Independência,CE,Nordeste,98.8,98.62,80.0,24024.0,1.0,0.0,Dentro do patamar,Baixo,18.62
5319,3200706,Atílio Vivácqua,ES,Sudeste,74.57,77.52,76.22,10540.0,1.0,0.0,Dentro do patamar,Baixo,1.3
5320,3202009,Dores do Rio Preto,ES,Sudeste,84.32,81.34,80.0,6596.0,1.0,0.0,Dentro do patamar,Baixo,1.34
5321,2300507,Alcântaras,CE,Nordeste,97.81,99.05,80.0,11369.0,1.0,0.0,Dentro do patamar,Baixo,19.05
5322,3203908,Nova Venécia,ES,Sudeste,83.51,83.24,80.0,49065.0,1.0,0.0,Dentro do patamar,Baixo,3.24
5323,3204658,São Domingos do Norte,ES,Sudeste,88.07,84.74,80.0,8589.0,1.0,0.0,Dentro do patamar,Baixo,4.74
5324,5220058,São João da Paraúna,GO,Centro-Oeste,87.5,87.5,80.0,1774.0,1.0,0.0,Dentro do patamar,Baixo,7.5
5325,2303105,Cariré,CE,Nordeste,99.57,98.77,80.0,17632.0,1.0,0.0,Dentro do patamar,Baixo,18.77
5326,2307908,Martinópole,CE,Nordeste,98.47,99.24,80.0,10846.0,1.0,0.0,Dentro do patamar,Baixo,19.24
5327,2305803,Ipu,CE,Nordeste,94.21,86.66,80.0,41081.0,1.0,0.0,Dentro do patamar,Baixo,6.66
5328,2311108,Porteiras,CE,Nordeste,93.46,92.09,80.0,17050.0,1.0,0.0,Dentro do patamar,Baixo,12.09
5329,2305332,Ibicuitinga,CE,Nordeste,96.13,96.67,80.0,11611.0,1.0,0.0,Dentro do patamar,Baixo,16.67
5330,2312403,São Gonçalo do Amarante,CE,Nordeste,81.99,85.78,80.0,54143.0,1.0,0.0,Dentro do patamar,Baixo,5.78
5331,2300804,Antonina do Norte,CE,Nordeste,97.31,94.51,80.0,7245.0,1.0,0.0,Dentro do patamar,Baixo,14.51
5332,2306702,Jaguaretama,CE,Nordeste,94.68,93.66,80.0,17232.0,1.0,0.0,Dentro do patamar,Baixo,13.66
5333,2313252,Tarrafas,CE,Nordeste,95.11,91.6,80.0,7529.0,1.0,0.0,Dentro do patamar,Baixo,11.6
5334,2313500,Trairi,CE,Nordeste,89.87,91.78,80.0,58415.0,1.0,0.0,Dentro do patamar,Baixo,11.78
5335,2313906,Uruoca,CE,Nordeste,95.51,99.01,80.0,13746.0,1.0,0.0,Dentro do patamar,Baixo,19.01
5336,3204500,Santa Leopoldina,ES,Sudeste,83.8,74.54,80.0,13106.0,1.0,0.0,Dentro do patamar,Baixo,-5.46
5337,2313955,Varjota,CE,Nordeste,99.57,98.06,80.0,18105.0,1.0,0.0,Dentro do patamar,Baixo,18.06
5338,2306256,Itaitinga,CE,Nordeste,85.82,85.11,80.0,64650.0,1.0,0.0,Dentro do patamar,Baixo,5.11
5339,2312908,Sobral,CE,Nordeste,98.74,98.58,80.0,203023.0,1.0,0.0,Dentro do patamar,Baixo,18.58
5340,2301802,Baixio,CE,Nordeste,97.63,91.67,80.0,5704.0,1.0,0.0,Dentro do patamar,Baixo,11.67
5341,2303006,Caridade,CE,Nordeste,96.73,98.73,80.0,16377.0,1.0,0.0,Dentro do patamar,Baixo,18.73
5342,2311231,Potiretama,CE,Nordeste,100.0,97.47,80.0,5974.0,1.0,0.0,Dentro do patamar,Baixo,17.47
5343,3203601,Mucurici,ES,Sudeste,83.71,84.09,80.0,5466.0,1.0,0.0,Dentro do patamar,Baixo,4.09
5344,2305902,Ipueiras,CE,Nordeste,97.9,99.54,80.0,36798.0,1.0,0.0,Dentro do patamar,Baixo,19.54
5345,3203700,Muniz Freire,ES,Sudeste,88.17,82.24,80.0,18153.0,1.0,0.0,Dentro do patamar,Baixo,2.24
5346,5215900,Palminópolis,GO,Centro-Oeste,89.15,82.81,80.0,3851.0,1.0,0.0,Dentro do patamar,Baixo,2.81
5347,3200136,Águia Branca,ES,Sudeste,92.32,94.55,80.0,9711.0,1.0,0.0,Dentro do patamar,Baixo,14.55
5348,2302800,Canindé,CE,Nordeste,96.87,95.0,80.0,74174.0,1.0,0.0,Dentro do patamar,Baixo,15.0
5349,2304251,Cruz,CE,Nordeste,99.53,98.93,80.0,29761.0,1.0,0.0,Dentro do patamar,Baixo,18.93
5350,2308005,Massapê,CE,Nordeste,99.41,95.03,80.0,37697.0,1.0,0.0,Dentro do patamar,Baixo,15.03
5351,2309201,Nova Olinda,CE,Nordeste,100.0,99.53,80.0,15399.0,1.0,0.0,Dentro do patamar,Baixo,19.53
5352,2301604,Assaré,CE,Nordeste,90.73,98.08,80.0,21697.0,1.0,0.0,Dentro do patamar,Baixo,18.08
5353,5200605,Alto Paraíso de Goiás,GO,Centro-Oeste,82.88,60.2,80.0,10306.0,1.0,0.0,Dentro do patamar,Baixo,-19.8
5354,5212600,Mairipotaba,GO,Centro-Oeste,97.33,71.43,80.0,2561.0,1.0,0.0,Dentro do patamar,Baixo,-8.57
5355,3200409,Anchieta,ES,Sudeste,81.82,88.41,80.0,29984.0,1.0,0.0,Dentro do patamar,Baixo,8.41
5356,5220280,São Patrício,GO,Centro-Oeste,89.17,86.36,80.0,2143.0,1.0,0.0,Dentro do patamar,Baixo,6.36
5357,5208152,Gameleira de Goiás,GO,Centro-Oeste,98.15,79.76,80.0,3456.0,1.0,0.0,Dentro do patamar,Baixo,-0.24
5358,2307254,Jijoca de Jericoacoara,CE,Nordeste,99.76,98.03,80.0,25555.0,1.0,0.0,Dentro do patamar,Baixo,18.03
5359,2310258,Paraipaba,CE,Nordeste,98.24,93.78,80.0,32216.0,1.0,0.0,Dentro do patamar,Baixo,13.78
5360,2308351,Milhã,CE,Nordeste,100.0,97.92,80.0,14123.0,1.0,0.0,Dentro do patamar,Baixo,17.92
5361,5214051,Mundo Novo,GO,Centro-Oeste,96.18,94.04,80.0,6189.0,1.0,0.0,Dentro do patamar,Baixo,14.04
5362,2301406,Aratuba,CE,Nordeste,86.27,80.42,80.0,11224.0,1.0,0.0,Dentro do patamar,Baixo,0.42
5363,2312304,São Benedito,CE,Nordeste,96.93,95.11,80.0,47640.0,1.0,0.0,Dentro do patamar,Baixo,15.11
5364,2305704,Ipaumirim,CE,Nordeste,87.85,88.89,80.0,12083.0,1.0,0.0,Dentro do patamar,Baixo,8.89
5365,2303808,Cedro,CE,Nordeste,96.63,98.77,80.0,22344.0,1.0,0.0,Dentro do patamar,Baixo,18.77
5366,2303956,Chorozinho,CE,Nordeste,98.33,97.15,80.0,20163.0,1.0,0.0,Dentro do patamar,Baixo,17.15
5367,2307809,Marco,CE,Nordeste,94.18,96.66,80.0,25799.0,1.0,0.0,Dentro do patamar,Baixo,16.66
5368,2303303,Cariús,CE,Nordeste,97.11,95.26,80.0,17015.0,1.0,0.0,Dentro do patamar,Baixo,15.26
5369,5201306,Anicuns,GO,Centro-Oeste,92.26,98.09,80.0,18503.0,1.0,0.0,Dentro do patamar,Baixo,18.09
5370,2307601,Limoeiro do Norte,CE,Nordeste,87.84,89.65,80.0,59560.0,1.0,0.0,Dentro do patamar,Baixo,9.65
5371,5207105,Diorama,GO,Centro-Oeste,100.0,77.27,80.0,2062.0,1.0,0.0,Dentro do patamar,Baixo,-2.73
5372,2310902,Piquet Carneiro,CE,Nordeste,100.0,100.0,80.0,16616.0,1.0,0.0,Dentro do patamar,Baixo,20.0
5373,2305209,Hidrolândia,CE,Nordeste,99.02,96.11,80.0,17855.0,1.0,0.0,Dentro do patamar,Baixo,16.11
5374,2304806,Granjeiro,CE,Nordeste,94.87,91.59,80.0,4841.0,1.0,0.0,Dentro do patamar,Baixo,11.59
5375,5221809,Urutaí,GO,Centro-Oeste,78.1,66.86,78.66,3553.0,1.0,0.0,Dentro do patamar,Baixo,-11.8
5376,3204104,Pinheiros,ES,Sudeste,77.29,82.38,78.09,23915.0,1.0,0.0,Dentro do patamar,Baixo,4.29
5377,2311306,Quixadá,CE,Nordeste,88.36,92.49,80.0,84168.0,1.0,0.0,Dentro do patamar,Baixo,12.49
5378,3202454,Ibatiba,ES,Sudeste,80.52,82.36,80.0,25380.0,1.0,0.0,Dentro do patamar,Baixo,2.36
5379,3201902,Domingos Martins,ES,Sudeste,80.64,81.13,80.0,35416.0,1.0,0.0,Dentro do patamar,Baixo,1.13
5380,3205150,Vila Pavão,ES,Sudeste,74.58,61.4,76.22,8911.0,1.0,0.0,Dentro do patamar,Baixo,-14.82
5381,2300903,Apuiarés,CE,Nordeste,80.8,74.45,80.0,12928.0,1.0,0.0,Dentro do patamar,Baixo,-5.55
5382,2305654,Ipaporanga,CE,Nordeste,97.47,99.16,80.0,11575.0,1.0,0.0,Dentro do patamar,Baixo,19.16
5383,5203807,Britânia,GO,Centro-Oeste,82.04,92.82,80.0,5695.0,1.0,0.0,Dentro do patamar,Baixo,12.82
5384,5211602,Ivolândia,GO,Centro-Oeste,80.84,73.91,80.0,2693.0,1.0,0.0,Dentro do patamar,Baixo,-6.09
5385,2311009,Poranga,CE,Nordeste,96.02,100.0,80.0,12065.0,1.0,0.0,Dentro do patamar,Baixo,20.0
5386,2304707,Granja,CE,Nordeste,93.26,97.78,80.0,53344.0,1.0,0.0,Dentro do patamar,Baixo,17.78
5387,2314102,Viçosa do Ceará,CE,Nordeste,88.59,90.22,80.0,59712.0,1.0,0.0,Dentro do patamar,Baixo,10.22
5388,2304269,Deputado Irapuan Pinheiro,CE,Nordeste,98.65,98.82,80.0,8932.0,1.0,0.0,Dentro do patamar,Baixo,18.82
5389,2304277,Ereré,CE,Nordeste,98.58,95.0,80.0,6474.0,1.0,0.0,Dentro do patamar,Baixo,15.0
5390,2312106,Santana do Cariri,CE,Nordeste,89.48,96.45,80.0,16954.0,1.0,0.0,Dentro do patamar,Baixo,16.45
5391,2311959,Salitre,CE,Nordeste,96.62,98.39,80.0,16633.0,1.0,0.0,Dentro do patamar,Baixo,18.39
5392,2309508,Orós,CE,Nordeste,90.9,90.75,80.0,19675.0,1.0,0.0,Dentro do patamar,Baixo,10.75
5393,2304657,Graça,CE,Nordeste,98.41,100.0,80.0,13801.0,1.0,0.0,Dentro do patamar,Baixo,20.0
5394,3203346,Marechal Floriano,ES,Sudeste,78.21,86.57,78.73,17641.0,1.0,0.0,Dentro do patamar,Baixo,7.84
5395,5203203,Barro Alto,GO,Centro-Oeste,80.55,77.88,80.0,10371.0,1.0,0.0,Dentro do patamar,Baixo,-2.12
5396,2311405,Quixeramobim,CE,Nordeste,98.53,98.76,80.0,82177.0,1.0,0.0,Dentro do patamar,Baixo,18.76
