id_municipio,nome_municipio,sigla_uf,nome_uf,regiao,mesorregiao,microrregiao,regiao_intermediaria,populacao_2022,area_km2,densidade_hab_km2,taxa_alfabetizacao_15mais,pib_mil_reais,ano_pib,pib_per_capita
1100015,Alta Floresta D'Oeste,RO,Rondônia,Norte,Leste Rondoniense,Cacoal,Ji-Paraná,21494.0,7067.127,3.04,91.59,734467.0,2021.0,34170.79
1100023,Ariquemes,RO,Rondônia,Norte,Leste Rondoniense,Ariquemes,Porto Velho,96833.0,4426.571,21.88,94.08,3211294.0,2021.0,33163.22
1100031,Cabixi,RO,Rondônia,Norte,Leste Rondoniense,Colorado do Oeste,Ji-Paraná,5351.0,1314.352,4.07,89.82,238414.0,2021.0,44555.04
1100049,Cacoal,RO,Rondônia,Norte,Leste Rondoniense,Cacoal,Ji-Paraná,86887.0,3793.0,22.91,93.71,2792506.0,2021.0,32139.51
1100056,Cerejeiras,RO,Rondônia,Norte,Leste Rondoniense,Colorado do Oeste,Ji-Paraná,15890.0,2783.3,5.71,92.15,743062.0,2021.0,46762.87
1100064,Colorado do Oeste,RO,Rondônia,Norte,Leste Rondoniense,Colorado do Oeste,Ji-Paraná,15663.0,1451.06,10.79,90.47,424846.0,2021.0,27124.18
1100072,Corumbiara,RO,Rondônia,Norte,Leste Rondoniense,Colorado do Oeste,Ji-Paraná,7519.0,3060.321,2.46,91.52,396740.0,2021.0,52765.0
1100080,Costa Marques,RO,Rondônia,Norte,Madeira-Guaporé,Guajará-Mirim,Ji-Paraná,12627.0,4987.177,2.53,92.92,316672.0,2021.0,25078.96
1100098,Espigão D'Oeste,RO,Rondônia,Norte,Leste Rondoniense,Cacoal,Ji-Paraná,29414.0,4518.038,6.51,92.01,773372.0,2021.0,26292.65
1100106,Guajará-Mirim,RO,Rondônia,Norte,Madeira-Guaporé,Guajará-Mirim,Porto Velho,39387.0,24856.877,1.58,94.16,1054255.0,2021.0,26766.57
1100114,Jaru,RO,Rondônia,Norte,Leste Rondoniense,Ji-Paraná,Porto Velho,50591.0,2944.128,17.18,92.39,1764718.0,2021.0,34882.05
1100122,Ji-Paraná,RO,Rondônia,Norte,Leste Rondoniense,Ji-Paraná,Ji-Paraná,124333.0,6896.649,18.03,94.37,4230355.0,2021.0,34024.39
1100130,Machadinho D'Oeste,RO,Rondônia,Norte,Leste Rondoniense,Ariquemes,Porto Velho,30707.0,8509.27,3.61,91.65,890319.0,2021.0,28994.01
1100148,Nova Brasilândia D'Oeste,RO,Rondônia,Norte,Leste Rondoniense,Alvorada D'Oeste,Ji-Paraná,15679.0,1703.008,9.21,91.36,549853.0,2021.0,35069.39
1100155,Ouro Preto do Oeste,RO,Rondônia,Norte,Leste Rondoniense,Ji-Paraná,Ji-Paraná,35044.0,1969.85,17.79,92.81,986046.0,2021.0,28137.37
1100189,Pimenta Bueno,RO,Rondônia,Norte,Leste Rondoniense,Vilhena,Ji-Paraná,35079.0,6241.016,5.62,93.24,1642621.0,2021.0,46826.33
1100205,Porto Velho,RO,Rondônia,Norte,Madeira-Guaporé,Porto Velho,Porto Velho,460434.0,34090.952,13.51,95.64,20056138.0,2021.0,43559.2
1100254,Presidente Médici,RO,Rondônia,Norte,Leste Rondoniense,Ji-Paraná,Ji-Paraná,19327.0,1758.465,10.99,92.38,560210.0,2021.0,28985.87
1100262,Rio Crespo,RO,Rondônia,Norte,Leste Rondoniense,Ariquemes,Porto Velho,3471.0,1717.64,2.02,92.17,184428.0,2021.0,53133.97
1100288,Rolim de Moura,RO,Rondônia,Norte,Leste Rondoniense,Cacoal,Ji-Paraná,56406.0,1457.811,38.69,93.5,1565241.0,2021.0,27749.55
1100296,Santa Luzia D'Oeste,RO,Rondônia,Norte,Leste Rondoniense,Cacoal,Ji-Paraná,7419.0,1197.796,6.19,90.45,213590.0,2021.0,28789.59
1100304,Vilhena,RO,Rondônia,Norte,Leste Rondoniense,Vilhena,Ji-Paraná,95832.0,11699.15,8.19,95.25,4215442.0,2021.0,43987.83
1100320,São Miguel do Guaporé,RO,Rondônia,Norte,Leste Rondoniense,Alvorada D'Oeste,Ji-Paraná,21635.0,7460.117,2.9,92.68,905341.0,2021.0,41846.13
1100338,Nova Mamoré,RO,Rondônia,Norte,Madeira-Guaporé,Porto Velho,Porto Velho,25444.0,10070.49,2.53,90.69,742686.0,2021.0,29189.04
1100346,Alvorada D'Oeste,RO,Rondônia,Norte,Leste Rondoniense,Alvorada D'Oeste,Ji-Paraná,13117.0,3029.189,4.33,88.53,352630.0,2021.0,26883.43
1100379,Alto Alegre dos Parecis,RO,Rondônia,Norte,Leste Rondoniense,Cacoal,Ji-Paraná,11479.0,3958.273,2.9,90.79,483672.0,2021.0,42135.38
1100403,Alto Paraíso,RO,Rondônia,Norte,Leste Rondoniense,Ariquemes,Porto Velho,16320.0,2651.822,6.15,91.73,510740.0,2021.0,31295.34
1100452,Buritis,RO,Rondônia,Norte,Madeira-Guaporé,Porto Velho,Porto Velho,27992.0,3265.809,8.57,92.46,966556.0,2021.0,34529.72
1100502,Novo Horizonte do Oeste,RO,Rondônia,Norte,Leste Rondoniense,Cacoal,Ji-Paraná,7667.0,843.446,9.09,90.03,231501.0,2021.0,30194.47
1100601,Cacaulândia,RO,Rondônia,Norte,Leste Rondoniense,Ariquemes,Porto Velho,4150.0,1961.778,2.12,88.08,275338.0,2021.0,66346.51
1100700,Campo Novo de Rondônia,RO,Rondônia,Norte,Madeira-Guaporé,Porto Velho,Porto Velho,8844.0,3442.005,2.57,90.46,369127.0,2021.0,41737.56
1100809,Candeias do Jamari,RO,Rondônia,Norte,Madeira-Guaporé,Porto Velho,Porto Velho,22310.0,6843.868,3.26,91.87,655569.0,2021.0,29384.54
1100908,Castanheiras,RO,Rondônia,Norte,Leste Rondoniense,Cacoal,Ji-Paraná,3233.0,892.841,3.62,89.81,99627.0,2021.0,30815.65
1100924,Chupinguaia,RO,Rondônia,Norte,Leste Rondoniense,Vilhena,Ji-Paraná,9324.0,5126.723,1.82,92.64,468793.0,2021.0,50278.1
1100940,Cujubim,RO,Rondônia,Norte,Madeira-Guaporé,Porto Velho,Porto Velho,14863.0,3863.946,3.85,92.34,487756.0,2021.0,32816.79
1101005,Governador Jorge Teixeira,RO,Rondônia,Norte,Leste Rondoniense,Ji-Paraná,Porto Velho,8001.0,5067.384,1.58,89.21,239331.0,2021.0,29912.64
1101104,Itapuã do Oeste,RO,Rondônia,Norte,Madeira-Guaporé,Porto Velho,Porto Velho,8548.0,4081.58,2.09,90.31,209927.0,2021.0,24558.61
1101203,Ministro Andreazza,RO,Rondônia,Norte,Leste Rondoniense,Cacoal,Ji-Paraná,6466.0,798.083,8.1,88.99,297876.0,2021.0,46068.05
1101302,Mirante da Serra,RO,Rondônia,Norte,Leste Rondoniense,Ji-Paraná,Ji-Paraná,9235.0,1191.875,7.75,89.07,262627.0,2021.0,28438.22
1101401,Monte Negro,RO,Rondônia,Norte,Leste Rondoniense,Ariquemes,Porto Velho,11548.0,1931.378,5.98,89.15,389781.0,2021.0,33753.12
1101435,Nova União,RO,Rondônia,Norte,Leste Rondoniense,Ji-Paraná,Ji-Paraná,6200.0,807.125,7.68,89.7,157321.0,2021.0,25374.35
1101450,Parecis,RO,Rondônia,Norte,Leste Rondoniense,Vilhena,Ji-Paraná,4125.0,2548.683,1.62,89.53,155430.0,2021.0,37680.0
1101468,Pimenteiras do Oeste,RO,Rondônia,Norte,Leste Rondoniense,Colorado do Oeste,Ji-Paraná,2156.0,6014.733,0.36,93.15,246209.0,2021.0,114197.12
1101476,Primavera de Rondônia,RO,Rondônia,Norte,Leste Rondoniense,Vilhena,Ji-Paraná,3076.0,605.692,5.08,87.46,107030.0,2021.0,34795.19
1101484,São Felipe D'Oeste,RO,Rondônia,Norte,Leste Rondoniense,Vilhena,Ji-Paraná,5258.0,541.647,9.71,89.81,130675.0,2021.0,24852.61
1101492,São Francisco do Guaporé,RO,Rondônia,Norte,Madeira-Guaporé,Guajará-Mirim,Ji-Paraná,16286.0,10948.593,1.49,91.86,488141.0,2021.0,29973.04
1101500,Seringueiras,RO,Rondônia,Norte,Leste Rondoniense,Alvorada D'Oeste,Ji-Paraná,11171.0,3773.505,2.96,92.73,332986.0,2021.0,29808.07
1101559,Teixeirópolis,RO,Rondônia,Norte,Leste Rondoniense,Ji-Paraná,Ji-Paraná,4256.0,459.978,9.25,89.96,121304.0,2021.0,28501.88
1101609,Theobroma,RO,Rondônia,Norte,Leste Rondoniense,Ji-Paraná,Porto Velho,8113.0,2197.413,3.69,88.38,257436.0,2021.0,31731.3
1101708,Urupá,RO,Rondônia,Norte,Leste Rondoniense,Ji-Paraná,Ji-Paraná,10725.0,831.857,12.89,90.24,273505.0,2021.0,25501.63
1101757,Vale do Anari,RO,Rondônia,Norte,Leste Rondoniense,Ariquemes,Porto Velho,7788.0,3135.106,2.48,88.35,220948.0,2021.0,28370.31
1101807,Vale do Paraíso,RO,Rondônia,Norte,Leste Rondoniense,Ji-Paraná,Ji-Paraná,6479.0,965.676,6.71,89.5,185648.0,2021.0,28653.8
1200013,Acrelândia,AC,Acre,Norte,Vale do Acre,Rio Branco,Rio Branco,14021.0,1811.613,7.74,88.35,398725.0,2021.0,28437.7
1200054,Assis Brasil,AC,Acre,Norte,Vale do Acre,Brasiléia,Rio Branco,8100.0,4979.073,1.63,85.3,133916.0,2021.0,16532.84
1200104,Brasiléia,AC,Acre,Norte,Vale do Acre,Brasiléia,Rio Branco,26000.0,3928.174,6.62,89.01,685636.0,2021.0,26370.62
1200138,Bujari,AC,Acre,Norte,Vale do Acre,Rio Branco,Rio Branco,12917.0,3034.869,4.26,81.26,300830.0,2021.0,23289.46
1200179,Capixaba,AC,Acre,Norte,Vale do Acre,Rio Branco,Rio Branco,10392.0,1705.824,6.09,84.27,512353.0,2021.0,49302.64
1200203,Cruzeiro do Sul,AC,Acre,Norte,Vale do Juruá,Cruzeiro do Sul,Cruzeiro do Sul,91888.0,8783.47,10.46,86.24,2058630.0,2021.0,22403.69
1200252,Epitaciolândia,AC,Acre,Norte,Vale do Acre,Brasiléia,Rio Branco,18757.0,1652.674,11.35,88.78,644542.0,2021.0,34362.74
1200302,Feijó,AC,Acre,Norte,Vale do Juruá,Tarauacá,Cruzeiro do Sul,35426.0,27976.874,1.27,77.35,567040.0,2021.0,16006.32
1200328,Jordão,AC,Acre,Norte,Vale do Juruá,Tarauacá,Cruzeiro do Sul,9222.0,5357.227,1.72,81.88,113975.0,2021.0,12359.03
1200336,Mâncio Lima,AC,Acre,Norte,Vale do Juruá,Cruzeiro do Sul,Cruzeiro do Sul,19294.0,5451.617,3.54,84.27,269205.0,2021.0,13952.78
1200344,Manoel Urbano,AC,Acre,Norte,Vale do Acre,Sena Madureira,Rio Branco,11996.0,10630.6,1.13,77.84,184904.0,2021.0,15413.8
1200351,Marechal Thaumaturgo,AC,Acre,Norte,Vale do Juruá,Cruzeiro do Sul,Cruzeiro do Sul,17093.0,8190.953,2.09,77.17,256865.0,2021.0,15027.5
1200385,Plácido de Castro,AC,Acre,Norte,Vale do Acre,Rio Branco,Rio Branco,16560.0,1952.555,8.48,84.38,601471.0,2021.0,36320.71
1200393,Porto Walter,AC,Acre,Norte,Vale do Juruá,Cruzeiro do Sul,Cruzeiro do Sul,10735.0,6446.385,1.67,81.1,160535.0,2021.0,14954.35
1200401,Rio Branco,AC,Acre,Norte,Vale do Acre,Rio Branco,Rio Branco,364756.0,8835.154,41.28,93.04,10955675.0,2021.0,30035.63
1200427,Rodrigues Alves,AC,Acre,Norte,Vale do Juruá,Cruzeiro do Sul,Cruzeiro do Sul,14938.0,3076.342,4.86,79.96,255649.0,2021.0,17114.0
1200435,Santa Rosa do Purus,AC,Acre,Norte,Vale do Acre,Sena Madureira,Rio Branco,6723.0,6155.858,1.09,77.4,108545.0,2021.0,16145.32
1200450,Senador Guiomard,AC,Acre,Norte,Vale do Acre,Rio Branco,Rio Branco,21454.0,2320.169,9.25,87.04,779672.0,2021.0,36341.57
1200500,Sena Madureira,AC,Acre,Norte,Vale do Acre,Sena Madureira,Rio Branco,41343.0,23759.512,1.74,82.41,748094.0,2021.0,18094.82
1200609,Tarauacá,AC,Acre,Norte,Vale do Juruá,Tarauacá,Cruzeiro do Sul,43467.0,20169.485,2.16,78.51,711884.0,2021.0,16377.57
1200708,Xapuri,AC,Acre,Norte,Vale do Acre,Brasiléia,Rio Branco,18243.0,5350.586,3.41,85.39,454981.0,2021.0,24940.03
1200807,Porto Acre,AC,Acre,Norte,Vale do Acre,Rio Branco,Rio Branco,16693.0,2604.417,6.41,83.98,471315.0,2021.0,28234.29
1300029,Alvarães,AM,Amazonas,Norte,Centro Amazonense,Tefé,Tefé,15866.0,5923.461,2.68,87.63,217333.0,2021.0,13698.03
1300060,Amaturá,AM,Amazonas,Norte,Sudoeste Amazonense,Alto Solimões,Tefé,10819.0,4754.109,2.28,85.13,118872.0,2021.0,10987.34
1300086,Anamã,AM,Amazonas,Norte,Centro Amazonense,Coari,Manaus,9962.0,2446.121,4.07,87.76,138599.0,2021.0,13912.77
1300102,Anori,AM,Amazonas,Norte,Centro Amazonense,Coari,Manaus,17194.0,6036.38,2.85,86.82,248435.0,2021.0,14448.94
1300144,Apuí,AM,Amazonas,Norte,Sul Amazonense,Madeira,Lábrea,20647.0,54240.545,0.38,91.81,297810.0,2021.0,14423.89
1300201,Atalaia do Norte,AM,Amazonas,Norte,Sudoeste Amazonense,Alto Solimões,Tefé,15314.0,76507.617,0.2,77.18,184947.0,2021.0,12076.99
1300300,Autazes,AM,Amazonas,Norte,Centro Amazonense,Manaus,Manaus,41564.0,7652.852,5.43,89.87,506341.0,2021.0,12182.2
1300409,Barcelos,AM,Amazonas,Norte,Norte Amazonense,Rio Negro,Manaus,18834.0,122461.086,0.15,78.71,245622.0,2021.0,13041.41
1300508,Barreirinha,AM,Amazonas,Norte,Centro Amazonense,Parintins,Parintins,31051.0,5751.765,5.4,93.96,344890.0,2021.0,11107.21
1300607,Benjamin Constant,AM,Amazonas,Norte,Sudoeste Amazonense,Alto Solimões,Tefé,37648.0,8705.441,4.32,87.3,388781.0,2021.0,10326.74
1300631,Beruri,AM,Amazonas,Norte,Centro Amazonense,Coari,Manaus,20718.0,17472.779,1.19,82.99,211871.0,2021.0,10226.42
1300680,Boa Vista do Ramos,AM,Amazonas,Norte,Centro Amazonense,Parintins,Parintins,23785.0,2589.407,9.19,95.63,182412.0,2021.0,7669.2
1300706,Boca do Acre,AM,Amazonas,Norte,Sul Amazonense,Boca do Acre,Lábrea,35447.0,21938.583,1.62,80.16,512796.0,2021.0,14466.56
1300805,Borba,AM,Amazonas,Norte,Sul Amazonense,Madeira,Manaus,33080.0,44236.184,0.75,88.88,402131.0,2021.0,12156.32
1300839,Caapiranga,AM,Amazonas,Norte,Centro Amazonense,Coari,Manaus,13469.0,9455.539,1.42,91.71,177894.0,2021.0,13207.66
1300904,Canutama,AM,Amazonas,Norte,Sul Amazonense,Purus,Lábrea,16869.0,33642.732,0.5,81.11,154316.0,2021.0,9147.9
1301001,Carauari,AM,Amazonas,Norte,Sudoeste Amazonense,Juruá,Tefé,28742.0,25778.658,1.11,81.99,370663.0,2021.0,12896.21
1301100,Careiro,AM,Amazonas,Norte,Centro Amazonense,Manaus,Manaus,30792.0,6096.212,5.05,87.06,395194.0,2021.0,12834.31
1301159,Careiro da Várzea,AM,Amazonas,Norte,Centro Amazonense,Manaus,Manaus,19637.0,2627.474,7.47,87.09,413374.0,2021.0,21050.77
1301209,Coari,AM,Amazonas,Norte,Centro Amazonense,Coari,Manaus,70616.0,57970.768,1.22,86.34,3380325.0,2021.0,47869.11
1301308,Codajás,AM,Amazonas,Norte,Centro Amazonense,Coari,Manaus,23549.0,18700.713,1.26,86.18,531995.0,2021.0,22590.98
1301407,Eirunepé,AM,Amazonas,Norte,Sudoeste Amazonense,Juruá,Tefé,33170.0,14966.242,2.22,74.72,568036.0,2021.0,17124.99
1301506,Envira,AM,Amazonas,Norte,Sudoeste Amazonense,Juruá,Tefé,17186.0,7505.794,2.29,73.69,215527.0,2021.0,12540.85
1301605,Fonte Boa,AM,Amazonas,Norte,Sudoeste Amazonense,Alto Solimões,Tefé,25871.0,12155.427,2.13,86.07,222773.0,2021.0,8610.92
1301654,Guajará,AM,Amazonas,Norte,Sudoeste Amazonense,Juruá,Tefé,13815.0,7583.534,1.82,77.64,177320.0,2021.0,12835.32
1301704,Humaitá,AM,Amazonas,Norte,Sul Amazonense,Madeira,Lábrea,57473.0,33111.129,1.74,88.74,860168.0,2021.0,14966.47
1301803,Ipixuna,AM,Amazonas,Norte,Sudoeste Amazonense,Juruá,Tefé,24311.0,12109.779,2.01,75.84,216519.0,2021.0,8906.22
1301852,Iranduba,AM,Amazonas,Norte,Centro Amazonense,Manaus,Manaus,61163.0,2216.817,27.59,91.14,1001862.0,2021.0,16380.2
1301902,Itacoatiara,AM,Amazonas,Norte,Centro Amazonense,Itacoatiara,Parintins,103598.0,8891.906,11.65,93.93,2350463.0,2021.0,22688.3
1301951,Itamarati,AM,Amazonas,Norte,Sudoeste Amazonense,Juruá,Tefé,10937.0,25260.429,0.43,73.56,135620.0,2021.0,12400.11
1302009,Itapiranga,AM,Amazonas,Norte,Centro Amazonense,Itacoatiara,Parintins,10162.0,4335.075,2.34,94.08,152509.0,2021.0,15007.77
1302108,Japurá,AM,Amazonas,Norte,Norte Amazonense,Japurá,Tefé,8858.0,55827.203,0.16,87.61,85809.0,2021.0,9687.18
1302207,Juruá,AM,Amazonas,Norte,Sudoeste Amazonense,Juruá,Tefé,10742.0,19442.548,0.55,79.36,138074.0,2021.0,12853.66
1302306,Jutaí,AM,Amazonas,Norte,Sudoeste Amazonense,Alto Solimões,Tefé,25172.0,69457.415,0.36,84.1,266377.0,2021.0,10582.27
1302405,Lábrea,AM,Amazonas,Norte,Sul Amazonense,Purus,Lábrea,45448.0,68262.68,0.67,80.4,625198.0,2021.0,13756.34
1302504,Manacapuru,AM,Amazonas,Norte,Centro Amazonense,Manaus,Manaus,101883.0,7336.579,13.89,88.97,1544675.0,2021.0,15161.26
1302553,Manaquiri,AM,Amazonas,Norte,Centro Amazonense,Manaus,Manaus,17107.0,3973.258,4.31,88.58,311335.0,2021.0,18199.28
1302603,Manaus,AM,Amazonas,Norte,Centro Amazonense,Manaus,Manaus,2063689.0,11401.092,181.01,97.02,103281400.0,2021.0,50046.98
1302702,Manicoré,AM,Amazonas,Norte,Sul Amazonense,Madeira,Lábrea,53914.0,48315.038,1.12,89.56,686279.0,2021.0,12729.14
1302801,Maraã,AM,Amazonas,Norte,Norte Amazonense,Japurá,Tefé,15529.0,16830.827,0.92,84.33,176217.0,2021.0,11347.61
1302900,Maués,AM,Amazonas,Norte,Centro Amazonense,Parintins,Parintins,61204.0,39991.066,1.53,93.84,595826.0,2021.0,9735.08
1303007,Nhamundá,AM,Amazonas,Norte,Centro Amazonense,Parintins,Parintins,20136.0,14107.04,1.43,93.22,207005.0,2021.0,10280.34
1303106,Nova Olinda do Norte,AM,Amazonas,Norte,Centro Amazonense,Itacoatiara,Manaus,27062.0,5578.132,4.85,91.02,341652.0,2021.0,12624.79
1303205,Novo Airão,AM,Amazonas,Norte,Norte Amazonense,Rio Negro,Manaus,15761.0,37776.77,0.42,89.57,186533.0,2021.0,11835.1
1303304,Novo Aripuanã,AM,Amazonas,Norte,Sul Amazonense,Madeira,Lábrea,23818.0,41179.656,0.58,87.97,252422.0,2021.0,10597.95
1303403,Parintins,AM,Amazonas,Norte,Centro Amazonense,Parintins,Parintins,96372.0,5956.047,16.18,95.93,1426972.0,2021.0,14806.91
1303502,Pauini,AM,Amazonas,Norte,Sul Amazonense,Boca do Acre,Lábrea,19373.0,41624.664,0.47,75.88,199541.0,2021.0,10299.95
1303536,Presidente Figueiredo,AM,Amazonas,Norte,Centro Amazonense,Rio Preto da Eva,Manaus,30668.0,25459.099,1.2,91.41,1031905.0,2021.0,33647.61
1303569,Rio Preto da Eva,AM,Amazonas,Norte,Centro Amazonense,Rio Preto da Eva,Manaus,24936.0,5815.622,4.29,91.27,407146.0,2021.0,16327.64
1303601,Santa Isabel do Rio Negro,AM,Amazonas,Norte,Norte Amazonense,Rio Negro,Manaus,14164.0,62800.078,0.23,84.1,185817.0,2021.0,13118.96
1303700,Santo Antônio do Içá,AM,Amazonas,Norte,Sudoeste Amazonense,Alto Solimões,Tefé,28211.0,12366.214,2.28,85.63,237314.0,2021.0,8412.11
1303809,São Gabriel da Cachoeira,AM,Amazonas,Norte,Norte Amazonense,Rio Negro,Manaus,51795.0,109192.562,0.47,90.6,423055.0,2021.0,8167.87
1303908,São Paulo de Olivença,AM,Amazonas,Norte,Sudoeste Amazonense,Alto Solimões,Tefé,32967.0,19658.502,1.68,85.2,334131.0,2021.0,10135.32
1303957,São Sebastião do Uatumã,AM,Amazonas,Norte,Centro Amazonense,Parintins,Parintins,11670.0,10647.463,1.1,94.06,136609.0,2021.0,11706.0
1304005,Silves,AM,Amazonas,Norte,Centro Amazonense,Itacoatiara,Parintins,11559.0,3723.382,3.1,94.49,175042.0,2021.0,15143.35
1304062,Tabatinga,AM,Amazonas,Norte,Sudoeste Amazonense,Alto Solimões,Tefé,66764.0,3260.103,20.48,90.45,758035.0,2021.0,11353.95
1304104,Tapauá,AM,Amazonas,Norte,Sul Amazonense,Purus,Lábrea,19599.0,84946.035,0.23,79.19,239944.0,2021.0,12242.67
1304203,Tefé,AM,Amazonas,Norte,Centro Amazonense,Tefé,Tefé,73669.0,23692.223,3.11,90.16,1098392.0,2021.0,14909.83
1304237,Tonantins,AM,Amazonas,Norte,Sudoeste Amazonense,Alto Solimões,Tefé,19247.0,6446.894,2.99,86.88,185410.0,2021.0,9633.19
1304260,Uarini,AM,Amazonas,Norte,Centro Amazonense,Tefé,Tefé,14431.0,10274.677,1.4,88.07,229209.0,2021.0,15883.1
1304302,Urucará,AM,Amazonas,Norte,Centro Amazonense,Parintins,Parintins,18631.0,27901.962,0.67,94.23,205656.0,2021.0,11038.38
1304401,Urucurituba,AM,Amazonas,Norte,Centro Amazonense,Itacoatiara,Parintins,23945.0,2886.494,8.3,93.7,232661.0,2021.0,9716.48
1400027,Amajari,RR,Roraima,Norte,Norte de Roraima,Boa Vista,Boa Vista,13927.0,28473.45,0.49,68.17,240826.0,2021.0,17292.02
1400050,Alto Alegre,RR,Roraima,Norte,Norte de Roraima,Boa Vista,Boa Vista,21096.0,25454.297,0.83,63.19,385507.0,2021.0,18273.94
1400100,Boa Vista,RR,Roraima,Norte,Norte de Roraima,Boa Vista,Boa Vista,413486.0,5687.037,72.71,96.43,13493364.0,2021.0,32633.18
1400159,Bonfim,RR,Roraima,Norte,Norte de Roraima,Nordeste de Roraima,Boa Vista,13923.0,8079.914,1.72,91.31,522405.0,2021.0,37521.01
1400175,Cantá,RR,Roraima,Norte,Norte de Roraima,Nordeste de Roraima,Boa Vista,18682.0,7664.831,2.44,90.81,353071.0,2021.0,18898.99
1400209,Caracaraí,RR,Roraima,Norte,Sul de Roraima,Caracaraí,Rorainópolis - Caracaraí,20957.0,47379.903,0.44,87.01,453298.0,2021.0,21629.91
1400233,Caroebe,RR,Roraima,Norte,Sul de Roraima,Sudeste de Roraima,Rorainópolis - Caracaraí,10656.0,12065.896,0.88,91.69,236788.0,2021.0,22221.1
1400282,Iracema,RR,Roraima,Norte,Sul de Roraima,Caracaraí,Rorainópolis - Caracaraí,10023.0,14011.695,0.72,79.97,208477.0,2021.0,20799.86
1400308,Mucajaí,RR,Roraima,Norte,Sul de Roraima,Caracaraí,Boa Vista,18095.0,12337.851,1.47,87.67,393852.0,2021.0,21765.79
1400407,Normandia,RR,Roraima,Norte,Norte de Roraima,Nordeste de Roraima,Boa Vista,13986.0,6959.868,2.01,91.82,202859.0,2021.0,14504.43
1400456,Pacaraima,RR,Roraima,Norte,Norte de Roraima,Boa Vista,Boa Vista,19305.0,8025.045,2.41,94.09,329092.0,2021.0,17046.98
1400472,Rorainópolis,RR,Roraima,Norte,Sul de Roraima,Sudeste de Roraima,Rorainópolis - Caracaraí,32647.0,33579.739,0.97,90.5,732356.0,2021.0,22432.57
1400506,São João da Baliza,RR,Roraima,Norte,Sul de Roraima,Sudeste de Roraima,Rorainópolis - Caracaraí,8858.0,4284.505,2.07,90.37,327768.0,2021.0,37002.48
1400605,São Luiz do Anauá,RR,Roraima,Norte,Sul de Roraima,Sudeste de Roraima,Rorainópolis - Caracaraí,7315.0,1526.898,4.79,90.0,178972.0,2021.0,24466.44
1400704,Uiramutã,RR,Roraima,Norte,Norte de Roraima,Nordeste de Roraima,Boa Vista,13751.0,8113.598,1.69,87.53,143945.0,2021.0,10467.97
1500107,Abaetetuba,PA,Pará,Norte,Nordeste Paraense,Cametá,Belém,158188.0,1610.654,98.21,89.91,1947974.0,2021.0,12314.3
1500131,Abel Figueiredo,PA,Pará,Norte,Sudeste Paraense,Paragominas,Marabá,6136.0,614.131,9.99,86.16,105404.0,2021.0,17177.97
1500206,Acará,PA,Pará,Norte,Nordeste Paraense,Tomé-Açu,Belém,59023.0,4344.384,13.59,84.1,1432521.0,2021.0,24270.56
1500305,Afuá,PA,Pará,Norte,Marajó,Furos de Breves,Breves,37765.0,8338.438,4.53,77.98,443759.0,2021.0,11750.54
1500347,Água Azul do Norte,PA,Pará,Norte,Sudeste Paraense,Parauapebas,Redenção,18080.0,7113.955,2.54,88.32,642853.0,2021.0,35556.03
1500404,Alenquer,PA,Pará,Norte,Baixo Amazonas,Santarém,Santarém,69377.0,23645.452,2.93,89.18,744811.0,2021.0,10735.7
1500503,Almeirim,PA,Pará,Norte,Baixo Amazonas,Almeirim,Altamira,34280.0,72954.798,0.47,87.42,687773.0,2021.0,20063.39
1500602,Altamira,PA,Pará,Norte,Sudoeste Paraense,Altamira,Altamira,126279.0,159533.306,0.79,90.34,3118777.0,2021.0,24697.51
1500701,Anajás,PA,Pará,Norte,Marajó,Furos de Breves,Breves,28011.0,6913.64,4.05,77.42,258574.0,2021.0,9231.16
1500800,Ananindeua,PA,Pará,Norte,Metropolitana de Belém,Belém,Belém,478778.0,190.581,2512.2,97.2,8937579.0,2021.0,18667.48
1500859,Anapu,PA,Pará,Norte,Sudoeste Paraense,Altamira,Altamira,31850.0,11895.27,2.68,85.05,587647.0,2021.0,18450.46
1500909,Augusto Corrêa,PA,Pará,Norte,Nordeste Paraense,Bragantina,Castanhal,44573.0,1099.619,40.53,82.54,363265.0,2021.0,8149.89
1500958,Aurora do Pará,PA,Pará,Norte,Nordeste Paraense,Guamá,Castanhal,23774.0,1811.84,13.12,81.75,308260.0,2021.0,12966.27
1501006,Aveiro,PA,Pará,Norte,Sudoeste Paraense,Itaituba,Santarém,18290.0,17074.053,1.07,90.96,151776.0,2021.0,8298.31
1501105,Bagre,PA,Pará,Norte,Marajó,Portel,Breves,31892.0,4397.321,7.25,82.55,250290.0,2021.0,7848.05
1501204,Baião,PA,Pará,Norte,Nordeste Paraense,Cametá,Marabá,51641.0,3759.834,13.73,91.96,561719.0,2021.0,10877.38
1501253,Bannach,PA,Pará,Norte,Sudeste Paraense,São Félix do Xingu,Redenção,4031.0,2956.649,1.36,87.22,128925.0,2021.0,31983.38
1501303,Barcarena,PA,Pará,Norte,Metropolitana de Belém,Belém,Belém,126650.0,1310.338,96.65,93.85,9242378.0,2021.0,72975.74
1501402,Belém,PA,Pará,Norte,Metropolitana de Belém,Belém,Belém,1303403.0,1059.466,1230.25,97.05,33567695.0,2021.0,25753.89
1501451,Belterra,PA,Pará,Norte,Baixo Amazonas,Santarém,Santarém,18099.0,4398.418,4.11,91.14,236958.0,2021.0,13092.33
1501501,Benevides,PA,Pará,Norte,Metropolitana de Belém,Belém,Belém,63567.0,187.826,338.44,94.44,1986152.0,2021.0,31245.02
1501576,Bom Jesus do Tocantins,PA,Pará,Norte,Sudeste Paraense,Paragominas,Marabá,18005.0,2816.604,6.39,87.91,243654.0,2021.0,13532.57
1501600,Bonito,PA,Pará,Norte,Nordeste Paraense,Bragantina,Castanhal,12622.0,586.976,21.5,79.83,206570.0,2021.0,16365.87
1501709,Bragança,PA,Pará,Norte,Nordeste Paraense,Bragantina,Castanhal,123082.0,2124.734,57.93,88.14,1388411.0,2021.0,11280.37
1501725,Brasil Novo,PA,Pará,Norte,Sudoeste Paraense,Altamira,Altamira,24718.0,6362.575,3.88,88.86,379575.0,2021.0,15356.22
1501758,Brejo Grande do Araguaia,PA,Pará,Norte,Sudeste Paraense,Marabá,Marabá,6783.0,1288.477,5.26,86.14,114974.0,2021.0,16950.32
1501782,Breu Branco,PA,Pará,Norte,Sudeste Paraense,Tucuruí,Marabá,45712.0,3941.904,11.6,84.9,793768.0,2021.0,17364.54
1501808,Breves,PA,Pará,Norte,Marajó,Furos de Breves,Breves,106968.0,9566.572,11.18,81.1,892630.0,2021.0,8344.83
1501907,Bujaru,PA,Pará,Norte,Metropolitana de Belém,Castanhal,Belém,24383.0,994.691,24.51,88.52,536456.0,2021.0,22001.23
1501956,Cachoeira do Piriá,PA,Pará,Norte,Nordeste Paraense,Guamá,Castanhal,19630.0,2419.6,8.11,79.78,227354.0,2021.0,11581.97
1502004,Cachoeira do Arari,PA,Pará,Norte,Marajó,Arari,Breves,23981.0,3100.261,7.74,91.63,255901.0,2021.0,10670.99
1502103,Cametá,PA,Pará,Norte,Nordeste Paraense,Cametá,Belém,134184.0,3081.367,43.55,91.67,1392449.0,2021.0,10377.16
1502152,Canaã dos Carajás,PA,Pará,Norte,Sudeste Paraense,Parauapebas,Marabá,77079.0,3146.821,24.49,94.85,34987915.0,2021.0,453922.79
1502202,Capanema,PA,Pará,Norte,Nordeste Paraense,Bragantina,Castanhal,70394.0,621.483,113.27,90.06,1426639.0,2021.0,20266.49
1502301,Capitão Poço,PA,Pará,Norte,Nordeste Paraense,Guamá,Castanhal,56506.0,2901.026,19.48,81.77,615256.0,2021.0,10888.33
1502400,Castanhal,PA,Pará,Norte,Metropolitana de Belém,Castanhal,Castanhal,192256.0,1029.3,186.78,94.12,4707381.0,2021.0,24484.96
1502509,Chaves,PA,Pará,Norte,Marajó,Arari,Breves,20757.0,12534.995,1.66,80.86,247974.0,2021.0,11946.52
1502608,Colares,PA,Pará,Norte,Nordeste Paraense,Salgado,Belém,12868.0,384.068,33.5,92.21,100826.0,2021.0,7835.41
1502707,Conceição do Araguaia,PA,Pará,Norte,Sudeste Paraense,Conceição do Araguaia,Redenção,44617.0,5829.482,7.65,89.5,662415.0,2021.0,14846.7
1502756,Concórdia do Pará,PA,Pará,Norte,Nordeste Paraense,Tomé-Açu,Belém,26881.0,700.59,38.37,86.39,419795.0,2021.0,15616.79
1502764,Cumaru do Norte,PA,Pará,Norte,Sudeste Paraense,São Félix do Xingu,Redenção,14036.0,17085.001,0.82,83.75,406772.0,2021.0,28980.62
1502772,Curionópolis,PA,Pará,Norte,Sudeste Paraense,Parauapebas,Marabá,19950.0,2369.096,8.42,87.15,3666991.0,2021.0,183809.07
1502806,Curralinho,PA,Pará,Norte,Marajó,Furos de Breves,Breves,33903.0,3617.252,9.37,83.14,282042.0,2021.0,8319.09
1502855,Curuá,PA,Pará,Norte,Baixo Amazonas,Santarém,Santarém,14117.0,1431.134,9.86,91.96,149514.0,2021.0,10591.06
1502905,Curuçá,PA,Pará,Norte,Nordeste Paraense,Salgado,Castanhal,41262.0,676.322,61.01,93.15,369391.0,2021.0,8952.33
1502939,Dom Eliseu,PA,Pará,Norte,Sudeste Paraense,Paragominas,Castanhal,58484.0,5268.809,11.1,88.97,940080.0,2021.0,16074.14
1502954,Eldorado do Carajás,PA,Pará,Norte,Sudeste Paraense,Parauapebas,Marabá,28192.0,2956.691,9.53,85.92,555637.0,2021.0,19709.03
1503002,Faro,PA,Pará,Norte,Baixo Amazonas,Óbidos,Santarém,8728.0,11771.669,0.74,92.74,76574.0,2021.0,8773.37
1503044,Floresta do Araguaia,PA,Pará,Norte,Sudeste Paraense,Conceição do Araguaia,Redenção,17898.0,3444.285,5.2,87.04,602377.0,2021.0,33656.11
1503077,Garrafão do Norte,PA,Pará,Norte,Nordeste Paraense,Guamá,Castanhal,24703.0,1608.014,15.36,78.13,275694.0,2021.0,11160.34
1503093,Goianésia do Pará,PA,Pará,Norte,Sudeste Paraense,Paragominas,Marabá,26362.0,7023.948,3.75,84.44,506230.0,2021.0,19203.02
1503101,Gurupá,PA,Pará,Norte,Marajó,Portel,Breves,31786.0,8570.286,3.71,82.03,333716.0,2021.0,10498.84
1503200,Igarapé-Açu,PA,Pará,Norte,Nordeste Paraense,Bragantina,Castanhal,35797.0,785.983,45.54,87.75,415581.0,2021.0,11609.38
1503309,Igarapé-Miri,PA,Pará,Norte,Nordeste Paraense,Cametá,Belém,64831.0,1996.79,32.47,84.59,690510.0,2021.0,10650.92
1503408,Inhangapi,PA,Pará,Norte,Metropolitana de Belém,Castanhal,Castanhal,10325.0,472.605,21.85,87.91,174530.0,2021.0,16903.63
1503457,Ipixuna do Pará,PA,Pará,Norte,Nordeste Paraense,Guamá,Castanhal,30329.0,5215.555,5.82,82.45,624646.0,2021.0,20595.67
1503507,Irituia,PA,Pará,Norte,Nordeste Paraense,Guamá,Castanhal,30955.0,1385.209,22.35,85.76,277699.0,2021.0,8971.05
1503606,Itaituba,PA,Pará,Norte,Sudoeste Paraense,Itaituba,Santarém,123314.0,62042.472,1.99,91.81,3077344.0,2021.0,24955.35
1503705,Itupiranga,PA,Pará,Norte,Sudeste Paraense,Tucuruí,Marabá,49754.0,7880.109,6.31,84.77,841410.0,2021.0,16911.4
1503754,Jacareacanga,PA,Pará,Norte,Sudoeste Paraense,Itaituba,Santarém,24042.0,53304.563,0.45,88.79,625353.0,2021.0,26010.86
1503804,Jacundá,PA,Pará,Norte,Sudeste Paraense,Tucuruí,Marabá,37707.0,2008.315,18.78,85.48,615189.0,2021.0,16314.98
1503903,Juruti,PA,Pará,Norte,Baixo Amazonas,Óbidos,Santarém,50881.0,8305.454,6.13,93.76,1450846.0,2021.0,28514.49
1504000,Limoeiro do Ajuru,PA,Pará,Norte,Nordeste Paraense,Cametá,Belém,29569.0,1490.186,19.84,89.35,502725.0,2021.0,17001.76
1504059,Mãe do Rio,PA,Pará,Norte,Nordeste Paraense,Guamá,Castanhal,34353.0,469.341,73.19,87.47,339947.0,2021.0,9895.7
1504109,Magalhães Barata,PA,Pará,Norte,Nordeste Paraense,Salgado,Castanhal,8115.0,323.984,25.05,91.9,98319.0,2021.0,12115.71
1504208,Marabá,PA,Pará,Norte,Sudeste Paraense,Marabá,Marabá,266533.0,15128.058,17.62,92.2,13519525.0,2021.0,50723.64
1504307,Maracanã,PA,Pará,Norte,Nordeste Paraense,Salgado,Castanhal,25971.0,807.628,32.16,90.65,289582.0,2021.0,11150.21
1504406,Marapanim,PA,Pará,Norte,Nordeste Paraense,Salgado,Castanhal,26573.0,804.625,33.03,92.72,263294.0,2021.0,9908.33
1504422,Marituba,PA,Pará,Norte,Metropolitana de Belém,Belém,Belém,111785.0,103.214,1083.04,95.61,2577121.0,2021.0,23054.26
1504455,Medicilândia,PA,Pará,Norte,Sudoeste Paraense,Altamira,Altamira,27094.0,8272.629,3.28,87.13,1023645.0,2021.0,37781.24
1504505,Melgaço,PA,Pará,Norte,Marajó,Portel,Breves,27881.0,6774.065,4.12,80.12,216421.0,2021.0,7762.31
1504604,Mocajuba,PA,Pará,Norte,Nordeste Paraense,Cametá,Belém,27198.0,871.171,31.22,91.78,451566.0,2021.0,16602.91
1504703,Moju,PA,Pará,Norte,Nordeste Paraense,Tomé-Açu,Belém,84094.0,9094.139,9.25,87.53,1333107.0,2021.0,15852.58
1504752,Mojuí dos Campos,PA,Pará,Norte,Baixo Amazonas,Santarém,Santarém,23501.0,4988.236,4.71,86.18,288393.0,2021.0,12271.52
1504802,Monte Alegre,PA,Pará,Norte,Baixo Amazonas,Santarém,Santarém,60012.0,18152.559,3.31,88.84,806682.0,2021.0,13442.01
1504901,Muaná,PA,Pará,Norte,Marajó,Arari,Breves,45368.0,3763.337,12.06,89.99,338390.0,2021.0,7458.78
1504950,Nova Esperança do Piriá,PA,Pará,Norte,Nordeste Paraense,Guamá,Castanhal,20478.0,2808.195,7.29,77.07,350593.0,2021.0,17120.47
1504976,Nova Ipixuna,PA,Pará,Norte,Sudeste Paraense,Tucuruí,Marabá,13955.0,1564.184,8.92,85.71,192412.0,2021.0,13788.03
1505007,Nova Timboteua,PA,Pará,Norte,Nordeste Paraense,Bragantina,Castanhal,12806.0,489.853,26.14,86.35,147341.0,2021.0,11505.62
1505031,Novo Progresso,PA,Pará,Norte,Sudoeste Paraense,Itaituba,Santarém,33638.0,38162.002,0.88,93.59,971105.0,2021.0,28869.28
1505064,Novo Repartimento,PA,Pará,Norte,Sudeste Paraense,Tucuruí,Marabá,60732.0,15398.723,3.94,85.22,1116164.0,2021.0,18378.52
1505106,Óbidos,PA,Pará,Norte,Baixo Amazonas,Óbidos,Santarém,52229.0,28011.041,1.86,90.74,965319.0,2021.0,18482.43
1505205,Oeiras do Pará,PA,Pará,Norte,Nordeste Paraense,Cametá,Belém,33844.0,3852.291,8.79,85.65,418634.0,2021.0,12369.52
1505304,Oriximiná,PA,Pará,Norte,Baixo Amazonas,Óbidos,Santarém,68294.0,107613.838,0.63,92.67,2277390.0,2021.0,33346.85
1505403,Ourém,PA,Pará,Norte,Nordeste Paraense,Guamá,Castanhal,17855.0,561.71,31.79,86.17,200487.0,2021.0,11228.62
1505437,Ourilândia do Norte,PA,Pará,Norte,Sudeste Paraense,São Félix do Xingu,Redenção,32467.0,14410.567,2.25,88.43,1301994.0,2021.0,40102.07
1505486,Pacajá,PA,Pará,Norte,Sudoeste Paraense,Altamira,Marabá,41097.0,11832.323,3.47,86.61,867036.0,2021.0,21097.31
1505494,Palestina do Pará,PA,Pará,Norte,Sudeste Paraense,Marabá,Marabá,6885.0,984.362,6.99,80.11,98673.0,2021.0,14331.59
1505502,Paragominas,PA,Pará,Norte,Sudeste Paraense,Paragominas,Castanhal,105550.0,19342.565,5.46,91.51,4279105.0,2021.0,40541.02
1505536,Parauapebas,PA,Pará,Norte,Sudeste Paraense,Parauapebas,Marabá,267836.0,6885.794,38.9,94.56,49756255.0,2021.0,185771.35
1505551,Pau D'Arco,PA,Pará,Norte,Sudeste Paraense,Redenção,Redenção,6931.0,1671.419,4.15,83.63,114746.0,2021.0,16555.48
1505601,Peixe-Boi,PA,Pará,Norte,Nordeste Paraense,Bragantina,Castanhal,8285.0,450.224,18.4,82.07,72240.0,2021.0,8719.37
1505635,Piçarra,PA,Pará,Norte,Sudeste Paraense,Redenção,Marabá,12832.0,3312.708,3.87,87.89,292566.0,2021.0,22799.72
1505650,Placas,PA,Pará,Norte,Baixo Amazonas,Santarém,Santarém,18668.0,7173.194,2.6,87.93,322977.0,2021.0,17301.1
1505700,Ponta de Pedras,PA,Pará,Norte,Marajó,Arari,Breves,24984.0,3363.749,7.43,87.94,274903.0,2021.0,11003.16
1505809,Portel,PA,Pará,Norte,Marajó,Portel,Breves,62503.0,25384.96,2.46,79.45,944900.0,2021.0,15117.67
1505908,Porto de Moz,PA,Pará,Norte,Baixo Amazonas,Almeirim,Altamira,40597.0,17423.017,2.33,86.46,404115.0,2021.0,9954.31
1506005,Prainha,PA,Pará,Norte,Baixo Amazonas,Santarém,Santarém,35577.0,14786.953,2.41,88.56,437647.0,2021.0,12301.4
1506104,Primavera,PA,Pará,Norte,Nordeste Paraense,Bragantina,Castanhal,10851.0,258.6,41.96,86.48,321570.0,2021.0,29635.06
1506112,Quatipuru,PA,Pará,Norte,Nordeste Paraense,Bragantina,Castanhal,11524.0,302.939,38.04,81.63,120746.0,2021.0,10477.79
1506138,Redenção,PA,Pará,Norte,Sudeste Paraense,Redenção,Redenção,85597.0,3823.809,22.39,91.96,2551566.0,2021.0,29809.06
1506161,Rio Maria,PA,Pará,Norte,Sudeste Paraense,Redenção,Redenção,18384.0,4114.627,4.47,87.82,601635.0,2021.0,32726.01
1506187,Rondon do Pará,PA,Pará,Norte,Sudeste Paraense,Paragominas,Marabá,53143.0,8246.394,6.44,89.54,733550.0,2021.0,13803.32
1506195,Rurópolis,PA,Pará,Norte,Sudoeste Paraense,Itaituba,Santarém,35769.0,7021.321,5.09,87.93,496483.0,2021.0,13880.26
1506203,Salinópolis,PA,Pará,Norte,Nordeste Paraense,Salgado,Castanhal,44772.0,226.12,198.0,91.71,641473.0,2021.0,14327.55
1506302,Salvaterra,PA,Pará,Norte,Marajó,Arari,Breves,24129.0,918.563,26.27,93.02,210115.0,2021.0,8707.99
1506351,Santa Bárbara do Pará,PA,Pará,Norte,Metropolitana de Belém,Belém,Belém,21087.0,278.154,75.81,91.84,240288.0,2021.0,11395.08
1506401,Santa Cruz do Arari,PA,Pará,Norte,Marajó,Arari,Breves,7445.0,1076.652,6.91,92.37,95936.0,2021.0,12885.96
1506500,Santa Izabel do Pará,PA,Pará,Norte,Metropolitana de Belém,Castanhal,Belém,73019.0,717.662,101.75,92.91,934543.0,2021.0,12798.63
1506559,Santa Luzia do Pará,PA,Pará,Norte,Nordeste Paraense,Guamá,Castanhal,20370.0,1346.502,15.13,82.4,195899.0,2021.0,9617.03
1506583,Santa Maria das Barreiras,PA,Pará,Norte,Sudeste Paraense,Conceição do Araguaia,Redenção,16548.0,10330.214,1.6,88.03,1071990.0,2021.0,64780.64
1506609,Santa Maria do Pará,PA,Pará,Norte,Nordeste Paraense,Bragantina,Castanhal,24624.0,457.724,53.8,84.05,371437.0,2021.0,15084.35
1506708,Santana do Araguaia,PA,Pará,Norte,Sudeste Paraense,Conceição do Araguaia,Redenção,32413.0,11591.441,2.8,89.51,1381466.0,2021.0,42620.74
1506807,Santarém,PA,Pará,Norte,Baixo Amazonas,Santarém,Santarém,331942.0,17898.389,18.55,95.39,6387634.0,2021.0,19243.22
1506906,Santarém Novo,PA,Pará,Norte,Nordeste Paraense,Bragantina,Castanhal,6116.0,229.51,26.65,88.28,59961.0,2021.0,9803.96
1507003,Santo Antônio do Tauá,PA,Pará,Norte,Metropolitana de Belém,Castanhal,Belém,27461.0,537.618,51.08,91.18,475226.0,2021.0,17305.49
1507102,São Caetano de Odivelas,PA,Pará,Norte,Nordeste Paraense,Salgado,Belém,16666.0,464.166,35.91,91.01,182987.0,2021.0,10979.66
1507151,São Domingos do Araguaia,PA,Pará,Norte,Sudeste Paraense,Marabá,Marabá,21092.0,1392.464,15.15,84.77,358711.0,2021.0,17006.97
1507201,São Domingos do Capim,PA,Pará,Norte,Nordeste Paraense,Guamá,Castanhal,30599.0,1686.765,18.14,83.7,438000.0,2021.0,14314.19
1507300,São Félix do Xingu,PA,Pará,Norte,Sudeste Paraense,São Félix do Xingu,Redenção,65418.0,84212.903,0.78,89.01,2008369.0,2021.0,30700.56
1507409,São Francisco do Pará,PA,Pará,Norte,Nordeste Paraense,Bragantina,Castanhal,14894.0,479.441,31.07,88.66,264186.0,2021.0,17737.75
1507458,São Geraldo do Araguaia,PA,Pará,Norte,Sudeste Paraense,Redenção,Marabá,24255.0,3168.384,7.66,87.72,710322.0,2021.0,29285.59
1507466,São João da Ponta,PA,Pará,Norte,Nordeste Paraense,Salgado,Castanhal,4430.0,195.918,22.61,90.83,57326.0,2021.0,12940.41
1507474,São João de Pirabas,PA,Pará,Norte,Nordeste Paraense,Salgado,Castanhal,20689.0,668.434,30.95,83.79,181939.0,2021.0,8794.0
1507508,São João do Araguaia,PA,Pará,Norte,Sudeste Paraense,Marabá,Marabá,13664.0,1279.889,10.68,80.62,186695.0,2021.0,13663.28
1507607,São Miguel do Guamá,PA,Pará,Norte,Nordeste Paraense,Guamá,Castanhal,52894.0,1094.564,48.32,88.35,792510.0,2021.0,14982.98
1507706,São Sebastião da Boa Vista,PA,Pará,Norte,Marajó,Furos de Breves,Breves,25643.0,1632.251,15.71,90.48,244688.0,2021.0,9542.1
1507755,Sapucaia,PA,Pará,Norte,Sudeste Paraense,Redenção,Redenção,5847.0,1298.19,4.5,86.61,141045.0,2021.0,24122.63
1507805,Senador José Porfírio,PA,Pará,Norte,Sudoeste Paraense,Altamira,Altamira,22576.0,14419.916,1.57,84.77,246022.0,2021.0,10897.5
1507904,Soure,PA,Pará,Norte,Marajó,Arari,Breves,24204.0,2857.349,8.47,94.37,241545.0,2021.0,9979.55
1507953,Tailândia,PA,Pará,Norte,Nordeste Paraense,Tomé-Açu,Belém,72493.0,4430.477,16.36,88.62,1291017.0,2021.0,17808.85
1507961,Terra Alta,PA,Pará,Norte,Nordeste Paraense,Salgado,Castanhal,10400.0,204.97,50.74,90.77,82919.0,2021.0,7972.98
1507979,Terra Santa,PA,Pará,Norte,Baixo Amazonas,Óbidos,Santarém,18782.0,1895.883,9.91,94.94,519258.0,2021.0,27646.58
1508001,Tomé-Açu,PA,Pará,Norte,Nordeste Paraense,Tomé-Açu,Belém,67585.0,5145.361,13.14,88.63,1039721.0,2021.0,15383.9
1508035,Tracuateua,PA,Pará,Norte,Nordeste Paraense,Bragantina,Castanhal,28595.0,868.025,32.94,83.06,285004.0,2021.0,9966.92
1508050,Trairão,PA,Pará,Norte,Sudoeste Paraense,Itaituba,Santarém,15242.0,11991.085,1.27,88.18,327330.0,2021.0,21475.53
1508084,Tucumã,PA,Pará,Norte,Sudeste Paraense,São Félix do Xingu,Redenção,39550.0,2512.594,15.74,90.43,984036.0,2021.0,24880.81
1508100,Tucuruí,PA,Pará,Norte,Sudeste Paraense,Tucuruí,Marabá,91306.0,2084.289,43.81,91.83,5612935.0,2021.0,61473.89
1508126,Ulianópolis,PA,Pará,Norte,Sudeste Paraense,Paragominas,Castanhal,37972.0,5088.468,7.46,89.2,1995463.0,2021.0,52550.91
1508159,Uruará,PA,Pará,Norte,Sudoeste Paraense,Altamira,Altamira,43558.0,10791.406,4.04,87.81,774004.0,2021.0,17769.5
1508209,Vigia,PA,Pará,Norte,Nordeste Paraense,Salgado,Belém,50832.0,401.589,126.58,91.6,476447.0,2021.0,9372.97
1508308,Viseu,PA,Pará,Norte,Nordeste Paraense,Guamá,Castanhal,58692.0,4972.897,11.8,80.78,617944.0,2021.0,10528.59
1508357,Vitória do Xingu,PA,Pará,Norte,Sudoeste Paraense,Altamira,Altamira,15607.0,3089.537,5.05,85.81,4230225.0,2021.0,271046.65
1508407,Xinguara,PA,Pará,Norte,Sudeste Paraense,Redenção,Redenção,52893.0,3779.348,14.0,90.68,1604337.0,2021.0,30331.75
1600055,Serra do Navio,AP,Amapá,Norte,Sul do Amapá,Macapá,Oiapoque - Porto Grande,4673.0,7713.046,0.61,93.71,92139.0,2021.0,19717.31
1600105,Amapá,AP,Amapá,Norte,Norte do Amapá,Amapá,Oiapoque - Porto Grande,7943.0,8454.847,0.94,89.53,159528.0,2021.0,20084.1
1600154,Pedra Branca do Amapari,AP,Amapá,Norte,Sul do Amapá,Macapá,Oiapoque - Porto Grande,12847.0,9622.29,1.34,91.3,453333.0,2021.0,35287.07
1600204,Calçoene,AP,Amapá,Norte,Norte do Amapá,Oiapoque,Oiapoque - Porto Grande,10612.0,14117.297,0.75,89.9,186852.0,2021.0,17607.61
1600212,Cutias,AP,Amapá,Norte,Sul do Amapá,Macapá,Oiapoque - Porto Grande,4461.0,2179.114,2.05,89.41,94992.0,2021.0,21293.88
1600238,Ferreira Gomes,AP,Amapá,Norte,Sul do Amapá,Macapá,Oiapoque - Porto Grande,6666.0,4973.855,1.34,90.71,578737.0,2021.0,86819.23
1600253,Itaubal,AP,Amapá,Norte,Sul do Amapá,Macapá,Macapá,5599.0,1622.867,3.45,89.11,87878.0,2021.0,15695.3
1600279,Laranjal do Jari,AP,Amapá,Norte,Sul do Amapá,Mazagão,Macapá,35114.0,30782.998,1.14,89.75,1134544.0,2021.0,32310.3
1600303,Macapá,AP,Amapá,Norte,Sul do Amapá,Macapá,Macapá,442933.0,6563.849,67.48,95.1,12938091.0,2021.0,29210.04
1600402,Mazagão,AP,Amapá,Norte,Sul do Amapá,Mazagão,Macapá,21924.0,13294.778,1.65,87.56,374987.0,2021.0,17103.95
1600501,Oiapoque,AP,Amapá,Norte,Norte do Amapá,Oiapoque,Oiapoque - Porto Grande,27482.0,23034.392,1.19,93.63,529043.0,2021.0,19250.53
1600535,Porto Grande,AP,Amapá,Norte,Sul do Amapá,Macapá,Oiapoque - Porto Grande,17848.0,4428.013,4.03,90.15,374265.0,2021.0,20969.58
1600550,Pracuúba,AP,Amapá,Norte,Norte do Amapá,Amapá,Oiapoque - Porto Grande,3803.0,4948.508,0.77,89.87,84579.0,2021.0,22240.07
1600600,Santana,AP,Amapá,Norte,Sul do Amapá,Macapá,Macapá,107618.0,1541.224,69.83,92.44,2512916.0,2021.0,23350.33
1600709,Tartarugalzinho,AP,Amapá,Norte,Norte do Amapá,Amapá,Oiapoque - Porto Grande,12945.0,6684.705,1.94,88.79,261070.0,2021.0,20167.63
1600808,Vitória do Jari,AP,Amapá,Norte,Sul do Amapá,Mazagão,Macapá,11291.0,2508.979,4.5,87.4,236897.0,2021.0,20981.05
1700251,Abreulândia,TO,Tocantins,Norte,Ocidental do Tocantins,Miracema do Tocantins,Palmas,2576.0,1906.295,1.35,87.87,112135.0,2021.0,43530.67
1700301,Aguiarnópolis,TO,Tocantins,Norte,Ocidental do Tocantins,Bico do Papagaio,Araguaína,4497.0,236.792,18.99,90.33,165480.0,2021.0,36797.87
1700350,Aliança do Tocantins,TO,Tocantins,Norte,Ocidental do Tocantins,Gurupi,Gurupi,5147.0,1580.999,3.26,89.71,616571.0,2021.0,119792.31
1700400,Almas,TO,Tocantins,Norte,Oriental do Tocantins,Dianópolis,Gurupi,6499.0,4007.152,1.62,84.63,273741.0,2021.0,42120.48
1700707,Alvorada,TO,Tocantins,Norte,Ocidental do Tocantins,Gurupi,Gurupi,8802.0,1207.201,7.29,91.23,474111.0,2021.0,53864.01
1701002,Ananás,TO,Tocantins,Norte,Ocidental do Tocantins,Bico do Papagaio,Araguaína,10325.0,1581.058,6.53,86.39,159769.0,2021.0,15474.0
1701051,Angico,TO,Tocantins,Norte,Ocidental do Tocantins,Bico do Papagaio,Araguaína,2876.0,447.549,6.43,89.4,48276.0,2021.0,16785.81
1701101,Aparecida do Rio Negro,TO,Tocantins,Norte,Oriental do Tocantins,Porto Nacional,Palmas,4856.0,1159.034,4.19,88.97,255912.0,2021.0,52700.16
1701309,Aragominas,TO,Tocantins,Norte,Ocidental do Tocantins,Araguaína,Araguaína,5290.0,1168.213,4.53,82.75,98441.0,2021.0,18608.88
1701903,Araguacema,TO,Tocantins,Norte,Ocidental do Tocantins,Miracema do Tocantins,Palmas,5927.0,2774.505,2.14,87.36,240246.0,2021.0,40534.17
1702000,Araguaçu,TO,Tocantins,Norte,Ocidental do Tocantins,Rio Formoso,Gurupi,8133.0,5155.223,1.58,88.89,349050.0,2021.0,42917.74
1702109,Araguaína,TO,Tocantins,Norte,Ocidental do Tocantins,Araguaína,Araguaína,171301.0,4004.646,42.78,93.67,5239050.0,2021.0,30583.88
1702158,Araguanã,TO,Tocantins,Norte,Ocidental do Tocantins,Araguaína,Araguaína,4310.0,834.834,5.16,87.33,101858.0,2021.0,23632.95
1702208,Araguatins,TO,Tocantins,Norte,Ocidental do Tocantins,Bico do Papagaio,Araguaína,31918.0,2633.278,12.12,85.26,529290.0,2021.0,16582.81
1702307,Arapoema,TO,Tocantins,Norte,Ocidental do Tocantins,Araguaína,Araguaína,5550.0,1558.138,3.56,87.21,324523.0,2021.0,58472.61
1702406,Arraias,TO,Tocantins,Norte,Oriental do Tocantins,Dianópolis,Gurupi,10287.0,5803.085,1.77,83.72,223310.0,2021.0,21707.98
1702554,Augustinópolis,TO,Tocantins,Norte,Ocidental do Tocantins,Bico do Papagaio,Araguaína,17484.0,388.81,44.97,86.65,305118.0,2021.0,17451.27
1702703,Aurora do Tocantins,TO,Tocantins,Norte,Oriental do Tocantins,Dianópolis,Gurupi,3342.0,696.194,4.8,83.75,58806.0,2021.0,17596.05
1702901,Axixá do Tocantins,TO,Tocantins,Norte,Ocidental do Tocantins,Bico do Papagaio,Araguaína,10262.0,153.539,66.84,84.69,141092.0,2021.0,13748.98
1703008,Babaçulândia,TO,Tocantins,Norte,Ocidental do Tocantins,Araguaína,Araguaína,7880.0,1790.297,4.4,83.0,158741.0,2021.0,20144.8
1703057,Bandeirantes do Tocantins,TO,Tocantins,Norte,Ocidental do Tocantins,Araguaína,Araguaína,3407.0,1540.541,2.21,88.86,178654.0,2021.0,52437.33
1703073,Barra do Ouro,TO,Tocantins,Norte,Oriental do Tocantins,Jalapão,Araguaína,4476.0,1105.84,4.05,84.02,113260.0,2021.0,25303.84
1703107,Barrolândia,TO,Tocantins,Norte,Ocidental do Tocantins,Miracema do Tocantins,Palmas,4846.0,697.759,6.95,85.84,122016.0,2021.0,25178.7
1703206,Bernardo Sayão,TO,Tocantins,Norte,Ocidental do Tocantins,Miracema do Tocantins,Araguaína,4229.0,924.045,4.58,86.41,102684.0,2021.0,24280.92
1703305,Bom Jesus do Tocantins,TO,Tocantins,Norte,Oriental do Tocantins,Porto Nacional,Araguaína,4038.0,1326.947,3.04,87.86,139410.0,2021.0,34524.52
1703602,Brasilândia do Tocantins,TO,Tocantins,Norte,Ocidental do Tocantins,Miracema do Tocantins,Araguaína,1974.0,645.908,3.06,86.59,75634.0,2021.0,38315.1
1703701,Brejinho de Nazaré,TO,Tocantins,Norte,Ocidental do Tocantins,Gurupi,Palmas,4725.0,1722.59,2.74,85.95,272945.0,2021.0,57766.14
1703800,Buriti do Tocantins,TO,Tocantins,Norte,Ocidental do Tocantins,Bico do Papagaio,Araguaína,10307.0,252.73,40.78,80.68,161641.0,2021.0,15682.64
1703826,Cachoeirinha,TO,Tocantins,Norte,Ocidental do Tocantins,Bico do Papagaio,Araguaína,1961.0,351.535,5.58,85.25,58547.0,2021.0,29855.69
1703842,Campos Lindos,TO,Tocantins,Norte,Oriental do Tocantins,Jalapão,Araguaína,8653.0,3234.445,2.68,86.86,1004931.0,2021.0,116136.72
1703867,Cariri do Tocantins,TO,Tocantins,Norte,Ocidental do Tocantins,Gurupi,Gurupi,4007.0,1126.291,3.56,91.15,517715.0,2021.0,129202.65
1703883,Carmolândia,TO,Tocantins,Norte,Ocidental do Tocantins,Araguaína,Araguaína,2201.0,339.366,6.49,86.07,69222.0,2021.0,31450.25
1703891,Carrasco Bonito,TO,Tocantins,Norte,Ocidental do Tocantins,Bico do Papagaio,Araguaína,3318.0,190.352,17.43,79.25,50561.0,2021.0,15238.4
1703909,Caseara,TO,Tocantins,Norte,Ocidental do Tocantins,Miracema do Tocantins,Palmas,4847.0,1680.014,2.89,89.38,389493.0,2021.0,80357.54
1704105,Centenário,TO,Tocantins,Norte,Oriental do Tocantins,Jalapão,Araguaína,2131.0,1953.134,1.09,84.77,64557.0,2021.0,30294.23
1704600,Chapada de Areia,TO,Tocantins,Norte,Ocidental do Tocantins,Rio Formoso,Palmas,1501.0,658.564,2.28,84.93,39824.0,2021.0,26531.65
1705102,Chapada da Natividade,TO,Tocantins,Norte,Oriental do Tocantins,Dianópolis,Palmas,3117.0,1640.833,1.9,85.99,148973.0,2021.0,47793.71
1705508,Colinas do Tocantins,TO,Tocantins,Norte,Ocidental do Tocantins,Araguaína,Araguaína,34233.0,842.488,40.63,91.1,862139.0,2021.0,25184.44
1705557,Combinado,TO,Tocantins,Norte,Oriental do Tocantins,Dianópolis,Gurupi,4756.0,208.791,22.78,88.47,76524.0,2021.0,16089.99
1705607,Conceição do Tocantins,TO,Tocantins,Norte,Oriental do Tocantins,Dianópolis,Gurupi,3887.0,2530.647,1.54,83.45,67829.0,2021.0,17450.22
1706001,Couto Magalhães,TO,Tocantins,Norte,Ocidental do Tocantins,Miracema do Tocantins,Araguaína,5331.0,1584.196,3.37,86.16,203473.0,2021.0,38167.89
1706100,Cristalândia,TO,Tocantins,Norte,Ocidental do Tocantins,Rio Formoso,Palmas,6371.0,1850.75,3.44,88.94,177294.0,2021.0,27828.28
1706258,Crixás do Tocantins,TO,Tocantins,Norte,Ocidental do Tocantins,Gurupi,Gurupi,1470.0,983.766,1.49,91.06,78645.0,2021.0,53500.0
1706506,Darcinópolis,TO,Tocantins,Norte,Ocidental do Tocantins,Bico do Papagaio,Araguaína,5827.0,1641.77,3.55,89.85,241932.0,2021.0,41519.14
1707009,Dianópolis,TO,Tocantins,Norte,Oriental do Tocantins,Dianópolis,Gurupi,17739.0,3318.094,5.35,89.83,644829.0,2021.0,36350.92
1707108,Divinópolis do Tocantins,TO,Tocantins,Norte,Ocidental do Tocantins,Miracema do Tocantins,Palmas,7024.0,2358.282,2.98,89.69,249235.0,2021.0,35483.34
1707207,Dois Irmãos do Tocantins,TO,Tocantins,Norte,Ocidental do Tocantins,Miracema do Tocantins,Palmas,6327.0,3747.645,1.69,87.02,216149.0,2021.0,34162.95
1707306,Dueré,TO,Tocantins,Norte,Ocidental do Tocantins,Rio Formoso,Gurupi,4248.0,3420.657,1.24,88.69,204765.0,2021.0,48202.68
1707405,Esperantina,TO,Tocantins,Norte,Ocidental do Tocantins,Bico do Papagaio,Araguaína,7530.0,506.175,14.88,78.21,118724.0,2021.0,15766.8
1707553,Fátima,TO,Tocantins,Norte,Ocidental do Tocantins,Rio Formoso,Palmas,3467.0,380.373,9.11,90.12,89100.0,2021.0,25699.45
1707652,Figueirópolis,TO,Tocantins,Norte,Ocidental do Tocantins,Gurupi,Gurupi,5211.0,1935.709,2.69,88.3,256752.0,2021.0,49271.16
1707702,Filadélfia,TO,Tocantins,Norte,Ocidental do Tocantins,Araguaína,Araguaína,7712.0,1991.258,3.87,87.23,129323.0,2021.0,16769.06
1708205,Formoso do Araguaia,TO,Tocantins,Norte,Ocidental do Tocantins,Rio Formoso,Gurupi,18881.0,13431.861,1.41,89.84,1414038.0,2021.0,74892.11
1708254,Tabocão,TO,Tocantins,Norte,Ocidental do Tocantins,Miracema do Tocantins,Araguaína,3455.0,624.463,5.53,90.96,232898.0,2021.0,67408.97
1708304,Goianorte,TO,Tocantins,Norte,Ocidental do Tocantins,Miracema do Tocantins,Araguaína,4738.0,1797.229,2.64,86.41,193502.0,2021.0,40840.44
1709005,Goiatins,TO,Tocantins,Norte,Oriental do Tocantins,Jalapão,Araguaína,12433.0,6414.846,1.94,82.26,230924.0,2021.0,18573.47
1709302,Guaraí,TO,Tocantins,Norte,Ocidental do Tocantins,Miracema do Tocantins,Araguaína,24775.0,2106.753,11.76,92.25,880403.0,2021.0,35535.94
1709500,Gurupi,TO,Tocantins,Norte,Ocidental do Tocantins,Gurupi,Gurupi,85125.0,1844.164,46.16,95.57,2648420.0,2021.0,31112.13
1709807,Ipueiras,TO,Tocantins,Norte,Oriental do Tocantins,Porto Nacional,Palmas,1590.0,821.152,1.94,83.81,47772.0,2021.0,30045.28
1710508,Itacajá,TO,Tocantins,Norte,Oriental do Tocantins,Jalapão,Araguaína,6819.0,3047.204,2.24,86.64,186260.0,2021.0,27314.86
1710706,Itaguatins,TO,Tocantins,Norte,Ocidental do Tocantins,Bico do Papagaio,Araguaína,5172.0,730.163,7.08,82.38,82611.0,2021.0,15972.74
1710904,Itapiratins,TO,Tocantins,Norte,Oriental do Tocantins,Jalapão,Araguaína,3577.0,1246.349,2.87,84.1,171522.0,2021.0,47951.36
1711100,Itaporã do Tocantins,TO,Tocantins,Norte,Ocidental do Tocantins,Miracema do Tocantins,Araguaína,2404.0,969.794,2.48,88.73,69980.0,2021.0,29109.82
1711506,Jaú do Tocantins,TO,Tocantins,Norte,Ocidental do Tocantins,Gurupi,Gurupi,3334.0,2167.201,1.54,89.52,97865.0,2021.0,29353.63
1711803,Juarina,TO,Tocantins,Norte,Ocidental do Tocantins,Miracema do Tocantins,Araguaína,2243.0,483.452,4.64,86.51,44395.0,2021.0,19792.69
1711902,Lagoa da Confusão,TO,Tocantins,Norte,Ocidental do Tocantins,Rio Formoso,Palmas,15288.0,10563.181,1.45,92.82,998445.0,2021.0,65309.07
1711951,Lagoa do Tocantins,TO,Tocantins,Norte,Oriental do Tocantins,Jalapão,Palmas,3516.0,917.632,3.83,85.7,89429.0,2021.0,25434.87
1712009,Lajeado,TO,Tocantins,Norte,Oriental do Tocantins,Porto Nacional,Palmas,3357.0,318.292,10.55,93.57,64405.0,2021.0,19185.28
1712157,Lavandeira,TO,Tocantins,Norte,Oriental do Tocantins,Dianópolis,Gurupi,1626.0,468.006,3.47,80.89,37870.0,2021.0,23290.28
1712405,Lizarda,TO,Tocantins,Norte,Oriental do Tocantins,Jalapão,Palmas,2999.0,5716.641,0.52,83.29,66332.0,2021.0,22118.04
1712454,Luzinópolis,TO,Tocantins,Norte,Ocidental do Tocantins,Bico do Papagaio,Araguaína,2717.0,281.543,9.65,86.97,71180.0,2021.0,26198.01
1712504,Marianópolis do Tocantins,TO,Tocantins,Norte,Ocidental do Tocantins,Miracema do Tocantins,Palmas,4615.0,2089.575,2.21,91.4,252331.0,2021.0,54676.27
1712702,Mateiros,TO,Tocantins,Norte,Oriental do Tocantins,Jalapão,Palmas,2748.0,9589.273,0.29,83.19,252360.0,2021.0,91834.06
1712801,Maurilândia do Tocantins,TO,Tocantins,Norte,Ocidental do Tocantins,Bico do Papagaio,Araguaína,3095.0,736.303,4.2,83.11,55911.0,2021.0,18064.94
1713205,Miracema do Tocantins,TO,Tocantins,Norte,Ocidental do Tocantins,Miracema do Tocantins,Palmas,18566.0,2663.745,6.97,90.71,642003.0,2021.0,34579.5
1713304,Miranorte,TO,Tocantins,Norte,Ocidental do Tocantins,Miracema do Tocantins,Palmas,12701.0,1033.301,12.29,90.81,390325.0,2021.0,30731.83
1713601,Monte do Carmo,TO,Tocantins,Norte,Oriental do Tocantins,Porto Nacional,Palmas,5694.0,3601.205,1.58,85.57,296288.0,2021.0,52035.12
1713700,Monte Santo do Tocantins,TO,Tocantins,Norte,Ocidental do Tocantins,Miracema do Tocantins,Palmas,2396.0,1072.92,2.23,89.39,75004.0,2021.0,31303.84
1713809,Palmeiras do Tocantins,TO,Tocantins,Norte,Ocidental do Tocantins,Bico do Papagaio,Araguaína,4872.0,743.407,6.55,84.62,95357.0,2021.0,19572.45
1713957,Muricilândia,TO,Tocantins,Norte,Ocidental do Tocantins,Araguaína,Araguaína,3367.0,1194.368,2.82,86.19,69465.0,2021.0,20631.13
1714203,Natividade,TO,Tocantins,Norte,Oriental do Tocantins,Dianópolis,Palmas,8754.0,3241.672,2.7,86.33,247340.0,2021.0,28254.51
1714302,Nazaré,TO,Tocantins,Norte,Ocidental do Tocantins,Bico do Papagaio,Araguaína,4521.0,395.997,11.42,84.58,58139.0,2021.0,12859.77
1714880,Nova Olinda,TO,Tocantins,Norte,Ocidental do Tocantins,Araguaína,Araguaína,10367.0,1567.834,6.61,87.66,320311.0,2021.0,30897.17
1715002,Nova Rosalândia,TO,Tocantins,Norte,Ocidental do Tocantins,Rio Formoso,Palmas,3362.0,514.791,6.53,89.82,100915.0,2021.0,30016.36
1715101,Novo Acordo,TO,Tocantins,Norte,Oriental do Tocantins,Jalapão,Palmas,3969.0,2678.262,1.48,90.53,84723.0,2021.0,21346.18
1715150,Novo Alegre,TO,Tocantins,Norte,Oriental do Tocantins,Dianópolis,Gurupi,1846.0,200.412,9.21,87.68,35521.0,2021.0,19242.15
1715259,Novo Jardim,TO,Tocantins,Norte,Oriental do Tocantins,Dianópolis,Gurupi,2230.0,1213.893,1.84,82.5,42672.0,2021.0,19135.43
1715507,Oliveira de Fátima,TO,Tocantins,Norte,Ocidental do Tocantins,Rio Formoso,Palmas,1164.0,209.292,5.56,88.67,29469.0,2021.0,25317.01
1715705,Palmeirante,TO,Tocantins,Norte,Ocidental do Tocantins,Araguaína,Araguaína,4798.0,2638.465,1.82,83.52,185349.0,2021.0,38630.47
1715754,Palmeirópolis,TO,Tocantins,Norte,Ocidental do Tocantins,Gurupi,Gurupi,6975.0,1708.981,4.08,88.38,170118.0,2021.0,24389.68
1716109,Paraíso do Tocantins,TO,Tocantins,Norte,Ocidental do Tocantins,Rio Formoso,Palmas,52360.0,1292.267,40.52,94.9,1513693.0,2021.0,28909.34
1716208,Paranã,TO,Tocantins,Norte,Oriental do Tocantins,Dianópolis,Gurupi,10542.0,11217.373,0.94,82.14,315397.0,2021.0,29918.14
1716307,Pau D'Arco,TO,Tocantins,Norte,Ocidental do Tocantins,Araguaína,Araguaína,4043.0,1375.551,2.94,86.38,91169.0,2021.0,22549.84
1716505,Pedro Afonso,TO,Tocantins,Norte,Oriental do Tocantins,Porto Nacional,Araguaína,14055.0,2019.556,6.96,92.56,848671.0,2021.0,60382.14
1716604,Peixe,TO,Tocantins,Norte,Ocidental do Tocantins,Gurupi,Gurupi,9317.0,5303.612,1.76,84.58,733929.0,2021.0,78773.1
1716653,Pequizeiro,TO,Tocantins,Norte,Ocidental do Tocantins,Miracema do Tocantins,Araguaína,4921.0,1206.118,4.08,85.28,107606.0,2021.0,21866.69
1716703,Colméia,TO,Tocantins,Norte,Ocidental do Tocantins,Miracema do Tocantins,Araguaína,8941.0,1161.03,7.7,88.22,182796.0,2021.0,20444.69
1717008,Pindorama do Tocantins,TO,Tocantins,Norte,Oriental do Tocantins,Dianópolis,Palmas,4478.0,1560.551,2.87,87.33,85006.0,2021.0,18983.03
1717206,Piraquê,TO,Tocantins,Norte,Ocidental do Tocantins,Araguaína,Araguaína,2282.0,1363.412,1.67,84.47,89940.0,2021.0,39412.8
1717503,Pium,TO,Tocantins,Norte,Ocidental do Tocantins,Rio Formoso,Palmas,7128.0,10003.549,0.71,86.58,361915.0,2021.0,50773.71
1717800,Ponte Alta do Bom Jesus,TO,Tocantins,Norte,Oriental do Tocantins,Dianópolis,Gurupi,4220.0,1718.791,2.46,83.37,66158.0,2021.0,15677.25
1717909,Ponte Alta do Tocantins,TO,Tocantins,Norte,Oriental do Tocantins,Jalapão,Palmas,7586.0,6542.838,1.16,87.09,121170.0,2021.0,15972.84
1718006,Porto Alegre do Tocantins,TO,Tocantins,Norte,Oriental do Tocantins,Dianópolis,Gurupi,2866.0,506.717,5.66,84.11,47043.0,2021.0,16414.17
1718204,Porto Nacional,TO,Tocantins,Norte,Oriental do Tocantins,Porto Nacional,Palmas,64418.0,4434.68,14.53,93.54,3649421.0,2021.0,56652.19
1718303,Praia Norte,TO,Tocantins,Norte,Ocidental do Tocantins,Bico do Papagaio,Araguaína,9044.0,300.999,30.05,83.86,93139.0,2021.0,10298.43
1718402,Presidente Kennedy,TO,Tocantins,Norte,Ocidental do Tocantins,Miracema do Tocantins,Araguaína,3047.0,771.716,3.95,88.73,65165.0,2021.0,21386.61
1718451,Pugmil,TO,Tocantins,Norte,Ocidental do Tocantins,Rio Formoso,Palmas,2193.0,401.174,5.47,90.03,82663.0,2021.0,37694.03
1718501,Recursolândia,TO,Tocantins,Norte,Oriental do Tocantins,Jalapão,Araguaína,3421.0,2215.669,1.54,78.46,91480.0,2021.0,26740.72
1718550,Riachinho,TO,Tocantins,Norte,Ocidental do Tocantins,Bico do Papagaio,Araguaína,3960.0,512.156,7.73,84.32,68536.0,2021.0,17307.07
1718659,Rio da Conceição,TO,Tocantins,Norte,Oriental do Tocantins,Dianópolis,Gurupi,1768.0,845.823,2.09,89.47,29142.0,2021.0,16483.03
1718709,Rio dos Bois,TO,Tocantins,Norte,Ocidental do Tocantins,Miracema do Tocantins,Palmas,2738.0,847.255,3.23,86.13,85928.0,2021.0,31383.49
1718758,Rio Sono,TO,Tocantins,Norte,Oriental do Tocantins,Jalapão,Palmas,4841.0,6346.279,0.76,88.1,111443.0,2021.0,23020.66
1718808,Sampaio,TO,Tocantins,Norte,Ocidental do Tocantins,Bico do Papagaio,Araguaína,4215.0,222.435,18.95,83.07,145863.0,2021.0,34605.69
1718840,Sandolândia,TO,Tocantins,Norte,Ocidental do Tocantins,Rio Formoso,Gurupi,3723.0,3535.135,1.05,88.69,116736.0,2021.0,31355.36
1718865,Santa Fé do Araguaia,TO,Tocantins,Norte,Ocidental do Tocantins,Araguaína,Araguaína,7216.0,1671.239,4.32,86.67,175927.0,2021.0,24380.13
1718881,Santa Maria do Tocantins,TO,Tocantins,Norte,Oriental do Tocantins,Porto Nacional,Araguaína,2680.0,1412.318,1.9,88.09,139630.0,2021.0,52100.75
1718899,Santa Rita do Tocantins,TO,Tocantins,Norte,Ocidental do Tocantins,Gurupi,Palmas,2219.0,3281.219,0.68,88.98,180273.0,2021.0,81240.65
1718907,Santa Rosa do Tocantins,TO,Tocantins,Norte,Oriental do Tocantins,Dianópolis,Palmas,4653.0,1804.687,2.58,86.02,307685.0,2021.0,66126.16
1719004,Santa Tereza do Tocantins,TO,Tocantins,Norte,Oriental do Tocantins,Jalapão,Palmas,2781.0,539.511,5.15,86.83,48098.0,2021.0,17295.22
1720002,Santa Terezinha do Tocantins,TO,Tocantins,Norte,Ocidental do Tocantins,Bico do Papagaio,Araguaína,2406.0,274.104,8.78,84.69,41931.0,2021.0,17427.68
1720101,São Bento do Tocantins,TO,Tocantins,Norte,Ocidental do Tocantins,Bico do Papagaio,Araguaína,5654.0,1099.58,5.14,86.34,73590.0,2021.0,13015.56
1720150,São Félix do Tocantins,TO,Tocantins,Norte,Oriental do Tocantins,Jalapão,Palmas,1783.0,1913.11,0.93,88.32,36541.0,2021.0,20494.11
1720200,São Miguel do Tocantins,TO,Tocantins,Norte,Ocidental do Tocantins,Bico do Papagaio,Araguaína,13241.0,406.957,32.54,84.37,255814.0,2021.0,19319.84
1720259,São Salvador do Tocantins,TO,Tocantins,Norte,Ocidental do Tocantins,Gurupi,Gurupi,2385.0,1424.753,1.67,83.41,49467.0,2021.0,20740.88
1720309,São Sebastião do Tocantins,TO,Tocantins,Norte,Ocidental do Tocantins,Bico do Papagaio,Araguaína,4100.0,289.597,14.16,82.88,61804.0,2021.0,15074.15
1720499,São Valério,TO,Tocantins,Norte,Oriental do Tocantins,Dianópolis,Gurupi,4422.0,2520.465,1.75,86.31,156734.0,2021.0,35444.14
1720655,Silvanópolis,TO,Tocantins,Norte,Oriental do Tocantins,Porto Nacional,Palmas,5108.0,1258.771,4.06,88.78,240329.0,2021.0,47049.53
1720804,Sítio Novo do Tocantins,TO,Tocantins,Norte,Ocidental do Tocantins,Bico do Papagaio,Araguaína,10830.0,307.095,35.27,84.23,132862.0,2021.0,12267.96
1720853,Sucupira,TO,Tocantins,Norte,Ocidental do Tocantins,Gurupi,Gurupi,1577.0,1018.222,1.55,87.57,532374.0,2021.0,337586.56
1720903,Taguatinga,TO,Tocantins,Norte,Oriental do Tocantins,Dianópolis,Gurupi,14011.0,2341.919,5.98,87.26,318253.0,2021.0,22714.51
1720937,Taipas do Tocantins,TO,Tocantins,Norte,Oriental do Tocantins,Dianópolis,Gurupi,2021.0,1105.303,1.83,85.9,35246.0,2021.0,17439.88
1720978,Talismã,TO,Tocantins,Norte,Ocidental do Tocantins,Gurupi,Gurupi,2456.0,2155.503,1.14,88.55,146708.0,2021.0,59734.53
1721000,Palmas,TO,Tocantins,Norte,Oriental do Tocantins,Porto Nacional,Palmas,302692.0,2227.329,135.9,96.89,10333419.0,2021.0,34138.39
1721109,Tocantínia,TO,Tocantins,Norte,Oriental do Tocantins,Porto Nacional,Palmas,7459.0,2609.775,2.86,89.95,191373.0,2021.0,25656.66
1721208,Tocantinópolis,TO,Tocantins,Norte,Ocidental do Tocantins,Bico do Papagaio,Araguaína,22615.0,1083.6,20.87,90.04,372642.0,2021.0,16477.65
1721257,Tupirama,TO,Tocantins,Norte,Ocidental do Tocantins,Miracema do Tocantins,Araguaína,1909.0,706.883,2.7,87.97,118839.0,2021.0,62251.96
1721307,Tupiratins,TO,Tocantins,Norte,Ocidental do Tocantins,Miracema do Tocantins,Araguaína,1874.0,889.126,2.11,84.89,38619.0,2021.0,20607.79
1722081,Wanderlândia,TO,Tocantins,Norte,Ocidental do Tocantins,Araguaína,Araguaína,10522.0,1365.431,7.71,86.39,183424.0,2021.0,17432.43
1722107,Xambioá,TO,Tocantins,Norte,Ocidental do Tocantins,Araguaína,Araguaína,10517.0,1190.489,8.83,86.38,471020.0,2021.0,44786.54
2100055,Açailândia,MA,Maranhão,Nordeste,Oeste Maranhense,Imperatriz,Imperatriz,106550.0,5805.159,18.35,87.14,3828533.0,2021.0,35931.8
2100105,Afonso Cunha,MA,Maranhão,Nordeste,Leste Maranhense,Coelho Neto,Caxias,6144.0,371.338,16.55,76.78,85052.0,2021.0,13843.1
2100154,Água Doce do Maranhão,MA,Maranhão,Nordeste,Leste Maranhense,Baixo Parnaíba Maranhense,São Luís,12142.0,442.292,27.45,74.3,101642.0,2021.0,8371.11
2100204,Alcântara,MA,Maranhão,Nordeste,Norte Maranhense,Litoral Ocidental Maranhense,São Luís,18467.0,1167.964,15.81,81.52,148763.0,2021.0,8055.61
2100303,Aldeias Altas,MA,Maranhão,Nordeste,Leste Maranhense,Coelho Neto,Caxias,23286.0,1942.121,11.99,71.54,249396.0,2021.0,10710.13
2100402,Altamira do Maranhão,MA,Maranhão,Nordeste,Oeste Maranhense,Pindaré,Santa Inês - Bacabal,6447.0,524.374,12.29,75.3,71512.0,2021.0,11092.29
2100436,Alto Alegre do Maranhão,MA,Maranhão,Nordeste,Leste Maranhense,Codó,Santa Inês - Bacabal,24048.0,392.75,61.23,76.25,303118.0,2021.0,12604.71
2100477,Alto Alegre do Pindaré,MA,Maranhão,Nordeste,Oeste Maranhense,Pindaré,Santa Inês - Bacabal,25710.0,1875.901,13.71,77.84,251719.0,2021.0,9790.7
2100501,Alto Parnaíba,MA,Maranhão,Nordeste,Sul Maranhense,Gerais de Balsas,Imperatriz,11109.0,11127.384,1.0,87.06,578961.0,2021.0,52116.39
2100550,Amapá do Maranhão,MA,Maranhão,Nordeste,Oeste Maranhense,Gurupi,Santa Inês - Bacabal,7170.0,502.402,14.27,79.24,70198.0,2021.0,9790.52
2100600,Amarante do Maranhão,MA,Maranhão,Nordeste,Oeste Maranhense,Imperatriz,Imperatriz,37085.0,7439.615,4.98,80.4,388636.0,2021.0,10479.6
2100709,Anajatuba,MA,Maranhão,Nordeste,Norte Maranhense,Baixada Maranhense,São Luís,25322.0,940.489,26.92,78.02,207606.0,2021.0,8198.64
2100808,Anapurus,MA,Maranhão,Nordeste,Leste Maranhense,Chapadinha,São Luís,13793.0,608.903,22.65,78.29,149102.0,2021.0,10809.98
2100832,Apicum-Açu,MA,Maranhão,Nordeste,Norte Maranhense,Litoral Ocidental Maranhense,São Luís,17519.0,341.12,51.36,84.45,133946.0,2021.0,7645.76
2100873,Araguanã,MA,Maranhão,Nordeste,Oeste Maranhense,Pindaré,Santa Inês - Bacabal,11181.0,805.194,13.89,79.85,101728.0,2021.0,9098.29
2100907,Araioses,MA,Maranhão,Nordeste,Leste Maranhense,Baixo Parnaíba Maranhense,São Luís,39052.0,1789.73,21.82,72.38,282769.0,2021.0,7240.83
2100956,Arame,MA,Maranhão,Nordeste,Centro Maranhense,Alto Mearim e Grajaú,Imperatriz,25517.0,2976.039,8.57,75.01,290315.0,2021.0,11377.32
2101004,Arari,MA,Maranhão,Nordeste,Norte Maranhense,Baixada Maranhense,São Luís,29472.0,1100.275,26.79,84.46,313251.0,2021.0,10628.77
2101103,Axixá,MA,Maranhão,Nordeste,Norte Maranhense,Rosário,São Luís,11790.0,160.462,73.48,87.5,97422.0,2021.0,8263.1
2101202,Bacabal,MA,Maranhão,Nordeste,Centro Maranhense,Médio Mearim,Santa Inês - Bacabal,103711.0,1656.736,62.6,85.13,1514560.0,2021.0,14603.66
2101251,Bacabeira,MA,Maranhão,Nordeste,Norte Maranhense,Rosário,São Luís,16966.0,542.962,31.25,85.98,599285.0,2021.0,35322.7
2101301,Bacuri,MA,Maranhão,Nordeste,Norte Maranhense,Litoral Ocidental Maranhense,São Luís,16290.0,850.491,19.15,80.93,122872.0,2021.0,7542.79
2101350,Bacurituba,MA,Maranhão,Nordeste,Norte Maranhense,Litoral Ocidental Maranhense,São Luís,5252.0,413.651,12.7,83.02,39590.0,2021.0,7538.08
2101400,Balsas,MA,Maranhão,Nordeste,Sul Maranhense,Gerais de Balsas,Imperatriz,101767.0,13141.162,7.74,91.59,6307425.0,2021.0,61979.08
2101509,Barão de Grajaú,MA,Maranhão,Nordeste,Leste Maranhense,Chapadas do Alto Itapecuru,Presidente Dutra,18984.0,2209.414,8.59,83.48,268538.0,2021.0,14145.49
2101608,Barra do Corda,MA,Maranhão,Nordeste,Centro Maranhense,Alto Mearim e Grajaú,Imperatriz,84532.0,5187.673,16.29,79.76,889190.0,2021.0,10518.98
2101707,Barreirinhas,MA,Maranhão,Nordeste,Norte Maranhense,Lençóis Maranhenses,São Luís,65589.0,3046.308,21.53,83.11,635711.0,2021.0,9692.34
2101731,Belágua,MA,Maranhão,Nordeste,Leste Maranhense,Chapadinha,São Luís,8460.0,569.606,14.85,76.35,60711.0,2021.0,7176.24
2101772,Bela Vista do Maranhão,MA,Maranhão,Nordeste,Norte Maranhense,Baixada Maranhense,Santa Inês - Bacabal,11750.0,147.954,79.42,79.49,107543.0,2021.0,9152.6
2101806,Benedito Leite,MA,Maranhão,Nordeste,Sul Maranhense,Chapadas das Mangabeiras,Presidente Dutra,5469.0,1784.64,3.06,78.44,73150.0,2021.0,13375.39
2101905,Bequimão,MA,Maranhão,Nordeste,Norte Maranhense,Litoral Ocidental Maranhense,São Luís,19584.0,790.222,24.78,81.47,138114.0,2021.0,7052.39
2101939,Bernardo do Mearim,MA,Maranhão,Nordeste,Centro Maranhense,Médio Mearim,Santa Inês - Bacabal,5840.0,247.186,23.63,82.33,105114.0,2021.0,17998.97
2101970,Boa Vista do Gurupi,MA,Maranhão,Nordeste,Oeste Maranhense,Gurupi,Santa Inês - Bacabal,7574.0,400.35,18.92,80.9,67540.0,2021.0,8917.35
2102002,Bom Jardim,MA,Maranhão,Nordeste,Oeste Maranhense,Pindaré,Santa Inês - Bacabal,33100.0,6588.38,5.02,75.07,411352.0,2021.0,12427.55
2102036,Bom Jesus das Selvas,MA,Maranhão,Nordeste,Oeste Maranhense,Pindaré,Imperatriz,28599.0,2676.98,10.68,77.67,375665.0,2021.0,13135.6
2102077,Bom Lugar,MA,Maranhão,Nordeste,Centro Maranhense,Médio Mearim,Santa Inês - Bacabal,12212.0,445.171,27.43,73.11,117960.0,2021.0,9659.35
2102101,Brejo,MA,Maranhão,Nordeste,Leste Maranhense,Chapadinha,São Luís,34120.0,1073.258,31.79,76.82,328633.0,2021.0,9631.68
2102150,Brejo de Areia,MA,Maranhão,Nordeste,Oeste Maranhense,Pindaré,Santa Inês - Bacabal,9218.0,986.036,9.35,74.58,71065.0,2021.0,7709.37
2102200,Buriti,MA,Maranhão,Nordeste,Leste Maranhense,Chapadinha,São Luís,29685.0,1475.779,20.11,76.36,277919.0,2021.0,9362.27
2102309,Buriti Bravo,MA,Maranhão,Nordeste,Leste Maranhense,Caxias,Caxias,22455.0,1582.552,14.19,76.57,238673.0,2021.0,10628.95
2102325,Buriticupu,MA,Maranhão,Nordeste,Oeste Maranhense,Pindaré,Imperatriz,55499.0,2544.857,21.81,79.45,748028.0,2021.0,13478.22
2102358,Buritirana,MA,Maranhão,Nordeste,Oeste Maranhense,Imperatriz,Imperatriz,12918.0,820.968,15.74,79.45,122474.0,2021.0,9480.88
2102374,Cachoeira Grande,MA,Maranhão,Nordeste,Norte Maranhense,Rosário,São Luís,9732.0,707.236,13.76,77.8,60974.0,2021.0,6265.31
2102408,Cajapió,MA,Maranhão,Nordeste,Norte Maranhense,Litoral Ocidental Maranhense,São Luís,10121.0,545.244,18.56,79.79,70653.0,2021.0,6980.83
2102507,Cajari,MA,Maranhão,Nordeste,Norte Maranhense,Baixada Maranhense,São Luís,16412.0,662.066,24.79,85.35,128078.0,2021.0,7803.92
2102556,Campestre do Maranhão,MA,Maranhão,Nordeste,Sul Maranhense,Porto Franco,Imperatriz,12301.0,613.529,20.05,84.45,214011.0,2021.0,17397.85
2102606,Cândido Mendes,MA,Maranhão,Nordeste,Oeste Maranhense,Gurupi,Santa Inês - Bacabal,19932.0,1634.861,12.19,82.87,146788.0,2021.0,7364.44
2102705,Cantanhede,MA,Maranhão,Nordeste,Norte Maranhense,Itapecuru Mirim,São Luís,24303.0,773.01,31.44,82.95,153398.0,2021.0,6311.9
2102754,Capinzal do Norte,MA,Maranhão,Nordeste,Leste Maranhense,Codó,Santa Inês - Bacabal,11374.0,590.267,19.27,75.17,283976.0,2021.0,24967.12
2102804,Carolina,MA,Maranhão,Nordeste,Sul Maranhense,Porto Franco,Imperatriz,24062.0,6267.675,3.84,87.75,525893.0,2021.0,21855.75
2102903,Carutapera,MA,Maranhão,Nordeste,Oeste Maranhense,Gurupi,Santa Inês - Bacabal,24238.0,1260.977,19.22,85.7,201999.0,2021.0,8333.98
2103000,Caxias,MA,Maranhão,Nordeste,Leste Maranhense,Caxias,Caxias,156973.0,5201.927,30.18,82.48,2112638.0,2021.0,13458.61
2103109,Cedral,MA,Maranhão,Nordeste,Norte Maranhense,Litoral Ocidental Maranhense,São Luís,10208.0,285.211,35.79,86.8,78583.0,2021.0,7698.18
2103125,Central do Maranhão,MA,Maranhão,Nordeste,Norte Maranhense,Litoral Ocidental Maranhense,São Luís,7094.0,319.538,22.2,79.26,58347.0,2021.0,8224.84
2103158,Centro do Guilherme,MA,Maranhão,Nordeste,Oeste Maranhense,Gurupi,Santa Inês - Bacabal,12342.0,1167.848,10.57,79.86,103737.0,2021.0,8405.2
2103174,Centro Novo do Maranhão,MA,Maranhão,Nordeste,Oeste Maranhense,Gurupi,Santa Inês - Bacabal,16267.0,8401.003,1.94,79.73,200757.0,2021.0,12341.37
2103208,Chapadinha,MA,Maranhão,Nordeste,Leste Maranhense,Chapadinha,São Luís,81386.0,3247.385,25.06,80.88,894366.0,2021.0,10989.19
2103257,Cidelândia,MA,Maranhão,Nordeste,Oeste Maranhense,Imperatriz,Imperatriz,12878.0,1462.809,8.8,80.95,183560.0,2021.0,14253.77
2103307,Codó,MA,Maranhão,Nordeste,Leste Maranhense,Codó,Caxias,114275.0,4361.606,26.2,77.7,1648585.0,2021.0,14426.47
2103406,Coelho Neto,MA,Maranhão,Nordeste,Leste Maranhense,Coelho Neto,Caxias,41658.0,977.079,42.64,78.46,465859.0,2021.0,11182.94
2103505,Colinas,MA,Maranhão,Nordeste,Leste Maranhense,Chapadas do Alto Itapecuru,Presidente Dutra,40316.0,1978.695,20.38,78.29,553171.0,2021.0,13720.88
2103554,Conceição do Lago-Açu,MA,Maranhão,Nordeste,Norte Maranhense,Baixada Maranhense,Santa Inês - Bacabal,14915.0,725.664,20.55,76.99,147189.0,2021.0,9868.52
2103604,Coroatá,MA,Maranhão,Nordeste,Leste Maranhense,Codó,Caxias,59566.0,2263.692,26.31,76.24,533579.0,2021.0,8957.78
2103703,Cururupu,MA,Maranhão,Nordeste,Norte Maranhense,Litoral Ocidental Maranhense,São Luís,31558.0,1257.608,25.09,85.49,264536.0,2021.0,8382.53
2103752,Davinópolis,MA,Maranhão,Nordeste,Oeste Maranhense,Imperatriz,Imperatriz,14404.0,332.249,43.35,85.74,190193.0,2021.0,13204.18
2103802,Dom Pedro,MA,Maranhão,Nordeste,Centro Maranhense,Presidente Dutra,Presidente Dutra,23053.0,358.493,64.31,83.75,262555.0,2021.0,11389.19
2103901,Duque Bacelar,MA,Maranhão,Nordeste,Leste Maranhense,Coelho Neto,Caxias,10223.0,317.494,32.2,73.31,86904.0,2021.0,8500.83
2104008,Esperantinópolis,MA,Maranhão,Nordeste,Centro Maranhense,Médio Mearim,Santa Inês - Bacabal,18311.0,452.411,40.47,78.83,158978.0,2021.0,8682.1
2104057,Estreito,MA,Maranhão,Nordeste,Sul Maranhense,Porto Franco,Imperatriz,33294.0,2720.266,12.24,88.51,1134821.0,2021.0,34084.85
2104073,Feira Nova do Maranhão,MA,Maranhão,Nordeste,Sul Maranhense,Gerais de Balsas,Imperatriz,8048.0,1625.822,4.95,83.94,118004.0,2021.0,14662.52
2104081,Fernando Falcão,MA,Maranhão,Nordeste,Centro Maranhense,Alto Mearim e Grajaú,Imperatriz,10873.0,5086.589,2.14,73.77,100418.0,2021.0,9235.54
2104099,Formosa da Serra Negra,MA,Maranhão,Nordeste,Centro Maranhense,Alto Mearim e Grajaú,Imperatriz,17719.0,3690.61,4.8,85.92,202149.0,2021.0,11408.6
2104107,Fortaleza dos Nogueiras,MA,Maranhão,Nordeste,Sul Maranhense,Chapadas das Mangabeiras,Imperatriz,12640.0,1853.406,6.82,89.06,346695.0,2021.0,27428.4
2104206,Fortuna,MA,Maranhão,Nordeste,Centro Maranhense,Presidente Dutra,Presidente Dutra,16976.0,834.83,20.33,79.52,143297.0,2021.0,8441.15
2104305,Godofredo Viana,MA,Maranhão,Nordeste,Oeste Maranhense,Gurupi,Santa Inês - Bacabal,10186.0,720.129,14.14,86.55,2658688.0,2021.0,261013.94
2104404,Gonçalves Dias,MA,Maranhão,Nordeste,Centro Maranhense,Presidente Dutra,Presidente Dutra,17206.0,883.588,19.47,75.77,150061.0,2021.0,8721.43
2104503,Governador Archer,MA,Maranhão,Nordeste,Centro Maranhense,Presidente Dutra,Presidente Dutra,10231.0,445.856,22.95,79.08,91904.0,2021.0,8982.9
2104552,Governador Edison Lobão,MA,Maranhão,Nordeste,Oeste Maranhense,Imperatriz,Imperatriz,18411.0,615.957,29.89,84.58,374988.0,2021.0,20367.61
2104602,Governador Eugênio Barros,MA,Maranhão,Nordeste,Centro Maranhense,Presidente Dutra,Presidente Dutra,13930.0,647.989,21.5,76.05,118426.0,2021.0,8501.51
2104628,Governador Luiz Rocha,MA,Maranhão,Nordeste,Centro Maranhense,Presidente Dutra,Presidente Dutra,7063.0,401.587,17.59,77.49,71080.0,2021.0,10063.71
2104651,Governador Newton Bello,MA,Maranhão,Nordeste,Oeste Maranhense,Pindaré,Santa Inês - Bacabal,10713.0,1144.146,9.36,81.39,84172.0,2021.0,7857.0
2104677,Governador Nunes Freire,MA,Maranhão,Nordeste,Oeste Maranhense,Gurupi,Santa Inês - Bacabal,23128.0,1037.13,22.3,81.96,257972.0,2021.0,11154.1
2104701,Graça Aranha,MA,Maranhão,Nordeste,Centro Maranhense,Presidente Dutra,Presidente Dutra,6023.0,271.445,22.19,79.36,54153.0,2021.0,8991.03
2104800,Grajaú,MA,Maranhão,Nordeste,Centro Maranhense,Alto Mearim e Grajaú,Imperatriz,73872.0,8861.717,8.34,82.84,1149733.0,2021.0,15563.85
2104909,Guimarães,MA,Maranhão,Nordeste,Norte Maranhense,Litoral Ocidental Maranhense,São Luís,10290.0,478.857,21.49,88.95,93393.0,2021.0,9076.09
2105005,Humberto de Campos,MA,Maranhão,Nordeste,Norte Maranhense,Lençóis Maranhenses,São Luís,25680.0,1714.625,14.98,81.57,184363.0,2021.0,7179.24
2105104,Icatu,MA,Maranhão,Nordeste,Norte Maranhense,Rosário,São Luís,24794.0,1124.445,22.05,82.05,178923.0,2021.0,7216.38
2105153,Igarapé do Meio,MA,Maranhão,Nordeste,Norte Maranhense,Baixada Maranhense,Santa Inês - Bacabal,13974.0,368.685,37.9,78.74,370653.0,2021.0,26524.47
2105203,Igarapé Grande,MA,Maranhão,Nordeste,Centro Maranhense,Médio Mearim,Santa Inês - Bacabal,10231.0,346.218,29.55,76.63,117728.0,2021.0,11506.99
2105302,Imperatriz,MA,Maranhão,Nordeste,Oeste Maranhense,Imperatriz,Imperatriz,273110.0,1369.039,199.49,93.22,7692904.0,2021.0,28167.79
2105351,Itaipava do Grajaú,MA,Maranhão,Nordeste,Centro Maranhense,Alto Mearim e Grajaú,Imperatriz,13828.0,1244.398,11.11,74.55,107285.0,2021.0,7758.53
2105401,Itapecuru Mirim,MA,Maranhão,Nordeste,Norte Maranhense,Itapecuru Mirim,São Luís,60440.0,1480.641,40.82,81.99,772830.0,2021.0,12786.73
2105427,Itinga do Maranhão,MA,Maranhão,Nordeste,Oeste Maranhense,Imperatriz,Imperatriz,22513.0,3583.423,6.28,85.12,489226.0,2021.0,21730.82
2105450,Jatobá,MA,Maranhão,Nordeste,Leste Maranhense,Chapadas do Alto Itapecuru,Presidente Dutra,7471.0,591.616,12.63,77.64,75689.0,2021.0,10131.04
2105476,Jenipapo dos Vieiras,MA,Maranhão,Nordeste,Centro Maranhense,Alto Mearim e Grajaú,Imperatriz,17076.0,1962.362,8.7,72.09,125733.0,2021.0,7363.14
2105500,João Lisboa,MA,Maranhão,Nordeste,Oeste Maranhense,Imperatriz,Imperatriz,24709.0,1137.104,21.73,85.19,270611.0,2021.0,10951.92
2105609,Joselândia,MA,Maranhão,Nordeste,Centro Maranhense,Alto Mearim e Grajaú,Santa Inês - Bacabal,14924.0,703.081,21.23,75.06,116543.0,2021.0,7809.1
2105658,Junco do Maranhão,MA,Maranhão,Nordeste,Oeste Maranhense,Gurupi,Santa Inês - Bacabal,5146.0,568.499,9.05,80.37,61701.0,2021.0,11990.09
2105708,Lago da Pedra,MA,Maranhão,Nordeste,Oeste Maranhense,Pindaré,Santa Inês - Bacabal,44403.0,1240.444,35.8,76.21,550404.0,2021.0,12395.65
2105807,Lago do Junco,MA,Maranhão,Nordeste,Centro Maranhense,Médio Mearim,Santa Inês - Bacabal,9506.0,328.525,28.94,74.59,86638.0,2021.0,9114.03
2105906,Lago Verde,MA,Maranhão,Nordeste,Centro Maranhense,Médio Mearim,Santa Inês - Bacabal,14769.0,631.455,23.39,73.33,135733.0,2021.0,9190.4
2105922,Lagoa do Mato,MA,Maranhão,Nordeste,Leste Maranhense,Chapadas do Alto Itapecuru,Presidente Dutra,10572.0,1512.985,6.99,77.24,97006.0,2021.0,9175.75
2105948,Lago dos Rodrigues,MA,Maranhão,Nordeste,Centro Maranhense,Médio Mearim,Santa Inês - Bacabal,8758.0,220.776,39.67,76.2,83983.0,2021.0,9589.29
2105963,Lagoa Grande do Maranhão,MA,Maranhão,Nordeste,Oeste Maranhense,Pindaré,Santa Inês - Bacabal,11411.0,744.199,15.33,71.45,102432.0,2021.0,8976.6
2105989,Lajeado Novo,MA,Maranhão,Nordeste,Oeste Maranhense,Imperatriz,Imperatriz,7057.0,1063.619,6.63,83.63,101467.0,2021.0,14378.21
2106003,Lima Campos,MA,Maranhão,Nordeste,Centro Maranhense,Médio Mearim,Santa Inês - Bacabal,11297.0,321.932,35.09,78.3,274539.0,2021.0,24301.94
2106102,Loreto,MA,Maranhão,Nordeste,Sul Maranhense,Chapadas das Mangabeiras,Imperatriz,11597.0,3597.231,3.22,86.56,413263.0,2021.0,35635.34
2106201,Luís Domingues,MA,Maranhão,Nordeste,Oeste Maranhense,Gurupi,Santa Inês - Bacabal,7161.0,472.296,15.16,86.03,57337.0,2021.0,8006.84
2106300,Magalhães de Almeida,MA,Maranhão,Nordeste,Leste Maranhense,Baixo Parnaíba Maranhense,São Luís,13807.0,434.433,31.78,76.24,140962.0,2021.0,10209.46
2106326,Maracaçumé,MA,Maranhão,Nordeste,Oeste Maranhense,Gurupi,Santa Inês - Bacabal,21149.0,635.758,33.27,81.79,208574.0,2021.0,9862.12
2106359,Marajá do Sena,MA,Maranhão,Nordeste,Oeste Maranhense,Pindaré,Santa Inês - Bacabal,7027.0,1402.593,5.01,71.27,90804.0,2021.0,12922.16
2106375,Maranhãozinho,MA,Maranhão,Nordeste,Oeste Maranhense,Gurupi,Santa Inês - Bacabal,13761.0,760.947,18.08,77.52,120910.0,2021.0,8786.43
2106409,Mata Roma,MA,Maranhão,Nordeste,Leste Maranhense,Chapadinha,São Luís,17090.0,548.548,31.15,79.03,179196.0,2021.0,10485.43
2106508,Matinha,MA,Maranhão,Nordeste,Norte Maranhense,Baixada Maranhense,São Luís,22034.0,410.632,53.66,84.67,196744.0,2021.0,8929.11
2106607,Matões,MA,Maranhão,Nordeste,Leste Maranhense,Caxias,Caxias,32174.0,2108.671,15.26,75.39,256347.0,2021.0,7967.52
2106631,Matões do Norte,MA,Maranhão,Nordeste,Norte Maranhense,Itapecuru Mirim,São Luís,17432.0,794.454,21.94,80.8,99315.0,2021.0,5697.28
2106672,Milagres do Maranhão,MA,Maranhão,Nordeste,Leste Maranhense,Chapadinha,São Luís,8818.0,634.818,13.89,70.66,64341.0,2021.0,7296.55
2106706,Mirador,MA,Maranhão,Nordeste,Leste Maranhense,Chapadas do Alto Itapecuru,Presidente Dutra,21030.0,8522.351,2.47,76.05,277811.0,2021.0,13210.22
2106755,Miranda do Norte,MA,Maranhão,Nordeste,Norte Maranhense,Itapecuru Mirim,São Luís,23864.0,341.107,69.96,85.55,788580.0,2021.0,33044.75
2106805,Mirinzal,MA,Maranhão,Nordeste,Norte Maranhense,Litoral Ocidental Maranhense,São Luís,13978.0,686.942,20.35,87.74,112050.0,2021.0,8016.17
2106904,Monção,MA,Maranhão,Nordeste,Norte Maranhense,Baixada Maranhense,Santa Inês - Bacabal,27751.0,1245.548,22.28,79.55,257635.0,2021.0,9283.81
2107001,Montes Altos,MA,Maranhão,Nordeste,Oeste Maranhense,Imperatriz,Imperatriz,9106.0,1488.513,6.12,84.12,86487.0,2021.0,9497.8
2107100,Morros,MA,Maranhão,Nordeste,Norte Maranhense,Rosário,São Luís,18554.0,1712.121,10.84,81.23,149899.0,2021.0,8079.07
2107209,Nina Rodrigues,MA,Maranhão,Nordeste,Norte Maranhense,Itapecuru Mirim,São Luís,14176.0,570.938,24.83,80.37,88513.0,2021.0,6243.86
2107258,Nova Colinas,MA,Maranhão,Nordeste,Sul Maranhense,Chapadas das Mangabeiras,Imperatriz,5021.0,743.085,6.76,82.33,86427.0,2021.0,17213.1
2107308,Nova Iorque,MA,Maranhão,Nordeste,Leste Maranhense,Chapadas do Alto Itapecuru,Presidente Dutra,4320.0,978.34,4.42,80.57,50966.0,2021.0,11797.69
2107357,Nova Olinda do Maranhão,MA,Maranhão,Nordeste,Oeste Maranhense,Pindaré,Santa Inês - Bacabal,14314.0,2452.615,5.84,78.67,183142.0,2021.0,12794.61
2107407,Olho d'Água das Cunhãs,MA,Maranhão,Nordeste,Centro Maranhense,Médio Mearim,Santa Inês - Bacabal,17919.0,695.333,25.77,73.82,188363.0,2021.0,10511.91
2107456,Olinda Nova do Maranhão,MA,Maranhão,Nordeste,Norte Maranhense,Baixada Maranhense,São Luís,13577.0,199.879,67.93,81.45,107282.0,2021.0,7901.75
2107506,Paço do Lumiar,MA,Maranhão,Nordeste,Norte Maranhense,Aglomeração Urbana de São Luís,São Luís,145643.0,127.193,1145.06,95.87,1240349.0,2021.0,8516.37
2107605,Palmeirândia,MA,Maranhão,Nordeste,Norte Maranhense,Baixada Maranhense,São Luís,21059.0,532.161,39.57,80.16,139099.0,2021.0,6605.2
2107704,Paraibano,MA,Maranhão,Nordeste,Leste Maranhense,Chapadas do Alto Itapecuru,Presidente Dutra,18274.0,530.517,34.45,76.38,183353.0,2021.0,10033.54
2107803,Parnarama,MA,Maranhão,Nordeste,Leste Maranhense,Caxias,Caxias,31250.0,3245.525,9.63,74.3,322943.0,2021.0,10334.18
2107902,Passagem Franca,MA,Maranhão,Nordeste,Leste Maranhense,Chapadas do Alto Itapecuru,Presidente Dutra,17220.0,1358.327,12.68,74.87,200088.0,2021.0,11619.51
2108009,Pastos Bons,MA,Maranhão,Nordeste,Leste Maranhense,Chapadas do Alto Itapecuru,Presidente Dutra,18802.0,1635.181,11.5,82.91,309499.0,2021.0,16460.96
2108058,Paulino Neves,MA,Maranhão,Nordeste,Norte Maranhense,Lençóis Maranhenses,São Luís,17056.0,979.482,17.41,78.92,118326.0,2021.0,6937.5
2108108,Paulo Ramos,MA,Maranhão,Nordeste,Oeste Maranhense,Pindaré,Santa Inês - Bacabal,20341.0,1168.609,17.41,73.21,194140.0,2021.0,9544.27
2108207,Pedreiras,MA,Maranhão,Nordeste,Centro Maranhense,Médio Mearim,Santa Inês - Bacabal,37050.0,262.066,141.38,84.7,787660.0,2021.0,21259.38
2108256,Pedro do Rosário,MA,Maranhão,Nordeste,Norte Maranhense,Baixada Maranhense,São Luís,24320.0,1753.867,13.87,79.58,157863.0,2021.0,6491.08
2108306,Penalva,MA,Maranhão,Nordeste,Norte Maranhense,Baixada Maranhense,São Luís,32511.0,800.916,40.59,83.19,253736.0,2021.0,7804.62
2108405,Peri Mirim,MA,Maranhão,Nordeste,Norte Maranhense,Baixada Maranhense,São Luís,11108.0,397.994,27.91,84.68,95936.0,2021.0,8636.66
2108454,Peritoró,MA,Maranhão,Nordeste,Leste Maranhense,Codó,Caxias,20479.0,824.725,24.83,74.95,230427.0,2021.0,11251.87
2108504,Pindaré-Mirim,MA,Maranhão,Nordeste,Oeste Maranhense,Pindaré,Santa Inês - Bacabal,31429.0,268.285,117.15,84.27,296184.0,2021.0,9423.91
2108603,Pinheiro,MA,Maranhão,Nordeste,Norte Maranhense,Baixada Maranhense,São Luís,84621.0,1512.969,55.93,85.91,1039933.0,2021.0,12289.3
2108702,Pio XII,MA,Maranhão,Nordeste,Centro Maranhense,Médio Mearim,Santa Inês - Bacabal,21886.0,545.14,40.15,75.13,191327.0,2021.0,8741.98
2108801,Pirapemas,MA,Maranhão,Nordeste,Norte Maranhense,Itapecuru Mirim,São Luís,17714.0,688.761,25.72,76.46,130764.0,2021.0,7381.96
2108900,Poção de Pedras,MA,Maranhão,Nordeste,Centro Maranhense,Médio Mearim,Santa Inês - Bacabal,17161.0,990.415,17.33,74.66,163076.0,2021.0,9502.71
2109007,Porto Franco,MA,Maranhão,Nordeste,Sul Maranhense,Porto Franco,Imperatriz,23903.0,1420.51,16.83,89.05,1026076.0,2021.0,42926.66
2109056,Porto Rico do Maranhão,MA,Maranhão,Nordeste,Norte Maranhense,Litoral Ocidental Maranhense,São Luís,5954.0,244.979,24.3,86.98,45856.0,2021.0,7701.71
2109106,Presidente Dutra,MA,Maranhão,Nordeste,Centro Maranhense,Presidente Dutra,Presidente Dutra,45155.0,771.574,58.52,83.73,755699.0,2021.0,16735.67
2109205,Presidente Juscelino,MA,Maranhão,Nordeste,Norte Maranhense,Rosário,São Luís,11356.0,355.568,31.94,79.3,84479.0,2021.0,7439.15
2109239,Presidente Médici,MA,Maranhão,Nordeste,Oeste Maranhense,Pindaré,Santa Inês - Bacabal,4696.0,437.687,10.73,81.2,60682.0,2021.0,12922.06
2109270,Presidente Sarney,MA,Maranhão,Nordeste,Norte Maranhense,Baixada Maranhense,São Luís,17511.0,726.172,24.11,79.65,164968.0,2021.0,9420.82
2109304,Presidente Vargas,MA,Maranhão,Nordeste,Norte Maranhense,Itapecuru Mirim,São Luís,10549.0,460.004,22.93,80.29,76166.0,2021.0,7220.21
2109403,Primeira Cruz,MA,Maranhão,Nordeste,Norte Maranhense,Lençóis Maranhenses,São Luís,13614.0,1337.161,10.18,79.69,89083.0,2021.0,6543.48
2109452,Raposa,MA,Maranhão,Nordeste,Norte Maranhense,Aglomeração Urbana de São Luís,São Luís,30839.0,79.213,389.32,89.72,286153.0,2021.0,9278.93
2109502,Riachão,MA,Maranhão,Nordeste,Sul Maranhense,Gerais de Balsas,Imperatriz,22145.0,6402.83,3.46,84.99,673197.0,2021.0,30399.5
2109551,Ribamar Fiquene,MA,Maranhão,Nordeste,Oeste Maranhense,Imperatriz,Imperatriz,7420.0,733.458,10.12,83.47,124192.0,2021.0,16737.47
2109601,Rosário,MA,Maranhão,Nordeste,Norte Maranhense,Rosário,São Luís,38475.0,647.998,59.38,86.6,443176.0,2021.0,11518.54
2109700,Sambaíba,MA,Maranhão,Nordeste,Sul Maranhense,Chapadas das Mangabeiras,Imperatriz,5568.0,2476.132,2.25,80.3,474703.0,2021.0,85255.57
2109759,Santa Filomena do Maranhão,MA,Maranhão,Nordeste,Centro Maranhense,Alto Mearim e Grajaú,Presidente Dutra,6697.0,623.213,10.75,76.39,60203.0,2021.0,8989.55
2109809,Santa Helena,MA,Maranhão,Nordeste,Norte Maranhense,Baixada Maranhense,São Luís,41561.0,2191.168,18.97,82.17,357951.0,2021.0,8612.67
2109908,Santa Inês,MA,Maranhão,Nordeste,Oeste Maranhense,Pindaré,Santa Inês - Bacabal,85014.0,786.689,108.07,87.59,1465933.0,2021.0,17243.43
2110005,Santa Luzia,MA,Maranhão,Nordeste,Oeste Maranhense,Pindaré,Santa Inês - Bacabal,57635.0,4837.169,11.92,76.92,743420.0,2021.0,12898.76
2110039,Santa Luzia do Paruá,MA,Maranhão,Nordeste,Oeste Maranhense,Pindaré,Santa Inês - Bacabal,24307.0,1010.483,24.05,83.93,253332.0,2021.0,10422.18
2110104,Santa Quitéria do Maranhão,MA,Maranhão,Nordeste,Leste Maranhense,Baixo Parnaíba Maranhense,São Luís,23957.0,1430.33,16.75,75.91,218445.0,2021.0,9118.21
2110203,Santa Rita,MA,Maranhão,Nordeste,Norte Maranhense,Rosário,São Luís,37035.0,756.797,48.94,84.42,354631.0,2021.0,9575.56
2110237,Santana do Maranhão,MA,Maranhão,Nordeste,Leste Maranhense,Baixo Parnaíba Maranhense,São Luís,10567.0,932.03,11.34,71.8,74090.0,2021.0,7011.45
2110278,Santo Amaro do Maranhão,MA,Maranhão,Nordeste,Norte Maranhense,Lençóis Maranhenses,São Luís,13949.0,1582.806,8.81,82.32,95932.0,2021.0,6877.34
2110302,Santo Antônio dos Lopes,MA,Maranhão,Nordeste,Centro Maranhense,Médio Mearim,Santa Inês - Bacabal,14304.0,770.923,18.55,76.92,3055535.0,2021.0,213614.02
2110401,São Benedito do Rio Preto,MA,Maranhão,Nordeste,Leste Maranhense,Chapadinha,São Luís,18364.0,931.485,19.71,79.04,143437.0,2021.0,7810.77
2110500,São Bento,MA,Maranhão,Nordeste,Norte Maranhense,Baixada Maranhense,São Luís,46395.0,456.997,101.52,84.23,312160.0,2021.0,6728.31
2110609,São Bernardo,MA,Maranhão,Nordeste,Leste Maranhense,Baixo Parnaíba Maranhense,São Luís,26943.0,1005.824,26.79,77.54,281177.0,2021.0,10435.99
2110658,São Domingos do Azeitão,MA,Maranhão,Nordeste,Sul Maranhense,Chapadas das Mangabeiras,Presidente Dutra,7992.0,961.249,8.31,79.36,320522.0,2021.0,40105.36
2110708,São Domingos do Maranhão,MA,Maranhão,Nordeste,Centro Maranhense,Presidente Dutra,Presidente Dutra,34034.0,1151.978,29.54,78.91,355916.0,2021.0,10457.66
2110807,São Félix de Balsas,MA,Maranhão,Nordeste,Sul Maranhense,Chapadas das Mangabeiras,Imperatriz,4402.0,2032.599,2.17,77.44,86158.0,2021.0,19572.47
2110856,São Francisco do Brejão,MA,Maranhão,Nordeste,Oeste Maranhense,Imperatriz,Imperatriz,9051.0,745.357,12.14,80.98,121253.0,2021.0,13396.64
2110906,São Francisco do Maranhão,MA,Maranhão,Nordeste,Leste Maranhense,Chapadas do Alto Itapecuru,Presidente Dutra,12064.0,2284.217,5.28,74.84,98973.0,2021.0,8204.0
2111003,São João Batista,MA,Maranhão,Nordeste,Norte Maranhense,Baixada Maranhense,São Luís,18544.0,649.956,28.53,81.74,135595.0,2021.0,7312.07
2111029,São João do Carú,MA,Maranhão,Nordeste,Oeste Maranhense,Pindaré,Santa Inês - Bacabal,12251.0,910.065,13.46,71.79,123006.0,2021.0,10040.49
2111052,São João do Paraíso,MA,Maranhão,Nordeste,Sul Maranhense,Porto Franco,Imperatriz,9904.0,2052.328,4.83,86.65,151458.0,2021.0,15292.61
2111078,São João do Soter,MA,Maranhão,Nordeste,Leste Maranhense,Caxias,Caxias,16889.0,1438.067,11.74,72.85,156360.0,2021.0,9258.1
2111102,São João dos Patos,MA,Maranhão,Nordeste,Leste Maranhense,Chapadas do Alto Itapecuru,Presidente Dutra,25020.0,1483.255,16.87,83.23,340970.0,2021.0,13627.9
2111201,São José de Ribamar,MA,Maranhão,Nordeste,Norte Maranhense,Aglomeração Urbana de São Luís,São Luís,244579.0,180.363,1356.04,95.16,2293735.0,2021.0,9378.3
2111250,São José dos Basílios,MA,Maranhão,Nordeste,Centro Maranhense,Presidente Dutra,Presidente Dutra,6957.0,353.72,19.67,75.3,61940.0,2021.0,8903.26
2111300,São Luís,MA,Maranhão,Nordeste,Norte Maranhense,Aglomeração Urbana de São Luís,São Luís,1037775.0,583.063,1779.87,96.01,36533730.0,2021.0,35203.9
2111409,São Luís Gonzaga do Maranhão,MA,Maranhão,Nordeste,Centro Maranhense,Médio Mearim,Santa Inês - Bacabal,17818.0,909.164,19.6,73.3,170048.0,2021.0,9543.61
2111508,São Mateus do Maranhão,MA,Maranhão,Nordeste,Centro Maranhense,Médio Mearim,Santa Inês - Bacabal,38829.0,800.045,48.53,78.47,429232.0,2021.0,11054.42
2111532,São Pedro da Água Branca,MA,Maranhão,Nordeste,Oeste Maranhense,Imperatriz,Imperatriz,14338.0,720.461,19.9,80.54,127603.0,2021.0,8899.64
2111573,São Pedro dos Crentes,MA,Maranhão,Nordeste,Sul Maranhense,Porto Franco,Imperatriz,5783.0,979.915,5.9,91.07,83541.0,2021.0,14445.96
2111607,São Raimundo das Mangabeiras,MA,Maranhão,Nordeste,Sul Maranhense,Chapadas das Mangabeiras,Imperatriz,18672.0,3524.501,5.3,86.22,739621.0,2021.0,39611.24
2111631,São Raimundo do Doca Bezerra,MA,Maranhão,Nordeste,Centro Maranhense,Médio Mearim,Santa Inês - Bacabal,5650.0,419.55,13.47,77.63,43955.0,2021.0,7779.65
2111672,São Roberto,MA,Maranhão,Nordeste,Centro Maranhense,Médio Mearim,Santa Inês - Bacabal,4544.0,226.811,20.03,74.69,45766.0,2021.0,10071.74
2111706,São Vicente Ferrer,MA,Maranhão,Nordeste,Norte Maranhense,Baixada Maranhense,São Luís,19498.0,393.928,49.5,78.72,145752.0,2021.0,7475.23
2111722,Satubinha,MA,Maranhão,Nordeste,Centro Maranhense,Médio Mearim,Santa Inês - Bacabal,8784.0,441.811,19.88,74.43,93076.0,2021.0,10596.08
2111748,Senador Alexandre Costa,MA,Maranhão,Nordeste,Centro Maranhense,Presidente Dutra,Presidente Dutra,10207.0,426.437,23.94,75.07,101830.0,2021.0,9976.49
2111763,Senador La Rocque,MA,Maranhão,Nordeste,Oeste Maranhense,Imperatriz,Imperatriz,14700.0,738.187,19.91,79.92,187130.0,2021.0,12729.93
2111789,Serrano do Maranhão,MA,Maranhão,Nordeste,Norte Maranhense,Litoral Ocidental Maranhense,São Luís,10202.0,1165.318,8.75,79.3,72441.0,2021.0,7100.67
2111805,Sítio Novo,MA,Maranhão,Nordeste,Centro Maranhense,Alto Mearim e Grajaú,Imperatriz,17074.0,3114.683,5.48,82.99,221499.0,2021.0,12972.88
2111904,Sucupira do Norte,MA,Maranhão,Nordeste,Leste Maranhense,Chapadas do Alto Itapecuru,Presidente Dutra,10238.0,1074.435,9.53,80.06,126217.0,2021.0,12328.29
2111953,Sucupira do Riachão,MA,Maranhão,Nordeste,Leste Maranhense,Chapadas do Alto Itapecuru,Presidente Dutra,4985.0,862.226,5.78,76.19,47999.0,2021.0,9628.69
2112001,Tasso Fragoso,MA,Maranhão,Nordeste,Sul Maranhense,Gerais de Balsas,Imperatriz,8862.0,4369.159,2.03,86.72,2351422.0,2021.0,265337.62
2112100,Timbiras,MA,Maranhão,Nordeste,Leste Maranhense,Codó,Caxias,26484.0,1486.584,17.82,71.2,196337.0,2021.0,7413.42
2112209,Timon,MA,Maranhão,Nordeste,Leste Maranhense,Caxias,Caxias,174465.0,1763.22,98.95,88.32,2320671.0,2021.0,13301.64
2112233,Trizidela do Vale,MA,Maranhão,Nordeste,Centro Maranhense,Médio Mearim,Santa Inês - Bacabal,22484.0,291.61,77.1,83.31,525500.0,2021.0,23372.18
2112274,Tufilândia,MA,Maranhão,Nordeste,Oeste Maranhense,Pindaré,Santa Inês - Bacabal,5507.0,270.934,20.33,76.32,60049.0,2021.0,10904.12
2112308,Tuntum,MA,Maranhão,Nordeste,Centro Maranhense,Alto Mearim e Grajaú,Presidente Dutra,36251.0,3369.121,10.76,78.11,365192.0,2021.0,10073.98
2112407,Turiaçu,MA,Maranhão,Nordeste,Oeste Maranhense,Gurupi,São Luís,37491.0,2622.281,14.3,84.28,295916.0,2021.0,7892.99
2112456,Turilândia,MA,Maranhão,Nordeste,Oeste Maranhense,Gurupi,São Luís,31638.0,1507.622,20.99,82.45,223067.0,2021.0,7050.6
2112506,Tutóia,MA,Maranhão,Nordeste,Norte Maranhense,Lençóis Maranhenses,São Luís,53356.0,1566.08,34.07,77.66,546155.0,2021.0,10236.06
2112605,Urbano Santos,MA,Maranhão,Nordeste,Leste Maranhense,Chapadinha,São Luís,32812.0,1707.621,19.22,78.53,247485.0,2021.0,7542.51
2112704,Vargem Grande,MA,Maranhão,Nordeste,Norte Maranhense,Itapecuru Mirim,São Luís,43261.0,1958.702,22.09,77.57,433473.0,2021.0,10019.95
2112803,Viana,MA,Maranhão,Nordeste,Norte Maranhense,Baixada Maranhense,São Luís,51442.0,1166.745,44.09,86.21,501710.0,2021.0,9752.93
2112852,Vila Nova dos Martírios,MA,Maranhão,Nordeste,Oeste Maranhense,Imperatriz,Imperatriz,10362.0,1190.008,8.71,79.29,156914.0,2021.0,15143.22
2112902,Vitória do Mearim,MA,Maranhão,Nordeste,Norte Maranhense,Baixada Maranhense,São Luís,30805.0,716.719,42.98,81.39,318163.0,2021.0,10328.29
2113009,Vitorino Freire,MA,Maranhão,Nordeste,Oeste Maranhense,Pindaré,Santa Inês - Bacabal,30845.0,1193.385,25.85,76.6,325509.0,2021.0,10553.06
2114007,Zé Doca,MA,Maranhão,Nordeste,Oeste Maranhense,Pindaré,Santa Inês - Bacabal,40801.0,2140.109,19.06,80.77,567070.0,2021.0,13898.43
2200053,Acauã,PI,Piauí,Nordeste,Sudeste Piauiense,Alto Médio Canindé,Picos,6420.0,1280.838,5.01,83.11,73623.0,2021.0,11467.76
2200103,Agricolândia,PI,Piauí,Nordeste,Centro-Norte Piauiense,Médio Parnaíba Piauiense,Teresina,4940.0,112.392,43.95,78.97,47283.0,2021.0,9571.46
2200202,Água Branca,PI,Piauí,Nordeste,Centro-Norte Piauiense,Médio Parnaíba Piauiense,Teresina,17573.0,96.843,181.46,84.94,244027.0,2021.0,13886.47
2200251,Alagoinha do Piauí,PI,Piauí,Nordeste,Sudeste Piauiense,Pio IX,Picos,6819.0,535.89,12.72,66.39,65442.0,2021.0,9597.01
2200277,Alegrete do Piauí,PI,Piauí,Nordeste,Sudeste Piauiense,Pio IX,Picos,4634.0,243.732,19.01,70.79,48184.0,2021.0,10397.93
2200301,Alto Longá,PI,Piauí,Nordeste,Centro-Norte Piauiense,Campo Maior,Teresina,13479.0,1743.331,7.73,71.75,130958.0,2021.0,9715.71
2200400,Altos,PI,Piauí,Nordeste,Centro-Norte Piauiense,Teresina,Teresina,47453.0,957.232,49.57,83.02,538140.0,2021.0,11340.48
2200459,Alvorada do Gurguéia,PI,Piauí,Nordeste,Sudoeste Piauiense,Alto Médio Gurguéia,Corrente - Bom Jesus,5322.0,2131.506,2.5,82.52,82125.0,2021.0,15431.23
2200509,Amarante,PI,Piauí,Nordeste,Centro-Norte Piauiense,Médio Parnaíba Piauiense,Teresina,17234.0,1152.127,14.96,77.91,192594.0,2021.0,11175.24
2200608,Angical do Piauí,PI,Piauí,Nordeste,Centro-Norte Piauiense,Médio Parnaíba Piauiense,Teresina,6827.0,222.008,30.75,81.85,66749.0,2021.0,9777.21
2200707,Anísio de Abreu,PI,Piauí,Nordeste,Sudoeste Piauiense,São Raimundo Nonato,São Raimundo Nonato,9407.0,337.877,27.84,77.16,98552.0,2021.0,10476.45
2200806,Antônio Almeida,PI,Piauí,Nordeste,Sudoeste Piauiense,Bertolínia,Floriano,3152.0,644.8,4.89,83.05,140157.0,2021.0,44466.05
2200905,Aroazes,PI,Piauí,Nordeste,Centro-Norte Piauiense,Valença do Piauí,Teresina,5369.0,821.212,6.54,75.91,57305.0,2021.0,10673.31
2200954,Aroeiras do Itaim,PI,Piauí,Nordeste,Sudeste Piauiense,Picos,Picos,2690.0,316.235,8.51,65.37,24630.0,2021.0,9156.13
2201002,Arraial,PI,Piauí,Nordeste,Centro-Norte Piauiense,Médio Parnaíba Piauiense,Floriano,4520.0,682.727,6.62,76.25,48922.0,2021.0,10823.45
2201051,Assunção do Piauí,PI,Piauí,Nordeste,Centro-Norte Piauiense,Campo Maior,Teresina,7452.0,1690.703,4.41,68.7,64266.0,2021.0,8623.99
2201101,Avelino Lopes,PI,Piauí,Nordeste,Sudoeste Piauiense,Chapadas do Extremo Sul Piauiense,Corrente - Bom Jesus,10866.0,1220.371,8.9,81.1,97602.0,2021.0,8982.33
2201150,Baixa Grande do Ribeiro,PI,Piauí,Nordeste,Sudoeste Piauiense,Alto Parnaíba Piauiense,Floriano,13272.0,7808.915,1.7,85.09,1768705.0,2021.0,133265.9
2201176,Barra D'Alcântara,PI,Piauí,Nordeste,Centro-Norte Piauiense,Valença do Piauí,Teresina,3995.0,263.943,15.14,78.09,38963.0,2021.0,9752.94
2201200,Barras,PI,Piauí,Nordeste,Norte Piauiense,Baixo Parnaíba Piauiense,Teresina,47938.0,1722.507,27.83,75.04,497742.0,2021.0,10383.04
2201309,Barreiras do Piauí,PI,Piauí,Nordeste,Sudoeste Piauiense,Alto Médio Gurguéia,Corrente - Bom Jesus,3264.0,2168.713,1.51,83.83,163172.0,2021.0,49991.42
2201408,Barro Duro,PI,Piauí,Nordeste,Centro-Norte Piauiense,Médio Parnaíba Piauiense,Teresina,6640.0,159.436,41.65,76.64,90192.0,2021.0,13583.13
2201507,Batalha,PI,Piauí,Nordeste,Norte Piauiense,Baixo Parnaíba Piauiense,Parnaíba,26300.0,1589.01,16.55,74.75,250807.0,2021.0,9536.39
2201556,Bela Vista do Piauí,PI,Piauí,Nordeste,Sudeste Piauiense,Alto Médio Canindé,Picos,4091.0,499.092,8.2,84.28,46876.0,2021.0,11458.32
2201572,Belém do Piauí,PI,Piauí,Nordeste,Sudeste Piauiense,Alto Médio Canindé,Picos,3423.0,243.234,14.07,70.68,41264.0,2021.0,12054.92
2201606,Beneditinos,PI,Piauí,Nordeste,Centro-Norte Piauiense,Teresina,Teresina,9929.0,937.098,10.6,73.81,91898.0,2021.0,9255.51
2201705,Bertolínia,PI,Piauí,Nordeste,Sudoeste Piauiense,Bertolínia,Floriano,5562.0,1216.116,4.57,83.36,72471.0,2021.0,13029.67
2201739,Betânia do Piauí,PI,Piauí,Nordeste,Sudeste Piauiense,Alto Médio Canindé,Picos,6220.0,579.576,10.73,71.36,62570.0,2021.0,10059.49
2201770,Boa Hora,PI,Piauí,Nordeste,Norte Piauiense,Baixo Parnaíba Piauiense,Teresina,6902.0,336.954,20.48,71.66,62507.0,2021.0,9056.36
2201804,Bocaina,PI,Piauí,Nordeste,Sudeste Piauiense,Picos,Picos,4078.0,261.651,15.59,82.47,47772.0,2021.0,11714.57
2201903,Bom Jesus,PI,Piauí,Nordeste,Sudoeste Piauiense,Alto Médio Gurguéia,Corrente - Bom Jesus,28796.0,5471.024,5.26,88.1,1411005.0,2021.0,49000.03
2201919,Bom Princípio do Piauí,PI,Piauí,Nordeste,Norte Piauiense,Litoral Piauiense,Parnaíba,5636.0,523.142,10.77,77.32,70166.0,2021.0,12449.61
2201929,Bonfim do Piauí,PI,Piauí,Nordeste,Sudoeste Piauiense,São Raimundo Nonato,São Raimundo Nonato,5913.0,289.149,20.45,70.53,52945.0,2021.0,8954.0
2201945,Boqueirão do Piauí,PI,Piauí,Nordeste,Centro-Norte Piauiense,Campo Maior,Teresina,6545.0,269.786,24.26,78.43,51725.0,2021.0,7902.98
2201960,Brasileira,PI,Piauí,Nordeste,Norte Piauiense,Baixo Parnaíba Piauiense,Parnaíba,8436.0,880.836,9.58,75.24,69325.0,2021.0,8217.76
2201988,Brejo do Piauí,PI,Piauí,Nordeste,Sudoeste Piauiense,São Raimundo Nonato,Floriano,3904.0,2267.327,1.72,74.17,43979.0,2021.0,11265.11
2202000,Buriti dos Lopes,PI,Piauí,Nordeste,Norte Piauiense,Litoral Piauiense,Parnaíba,19654.0,690.54,28.46,76.54,214793.0,2021.0,10928.72
2202026,Buriti dos Montes,PI,Piauí,Nordeste,Centro-Norte Piauiense,Campo Maior,Teresina,7434.0,2437.326,3.05,76.57,69690.0,2021.0,9374.5
2202059,Cabeceiras do Piauí,PI,Piauí,Nordeste,Norte Piauiense,Baixo Parnaíba Piauiense,Teresina,10212.0,608.747,16.78,73.21,86140.0,2021.0,8435.17
2202075,Cajazeiras do Piauí,PI,Piauí,Nordeste,Sudeste Piauiense,Picos,Picos,3108.0,514.106,6.05,80.96,34182.0,2021.0,10998.07
2202083,Cajueiro da Praia,PI,Piauí,Nordeste,Norte Piauiense,Litoral Piauiense,Parnaíba,7957.0,271.165,29.34,80.86,115379.0,2021.0,14500.31
2202091,Caldeirão Grande do Piauí,PI,Piauí,Nordeste,Sudeste Piauiense,Alto Médio Canindé,Picos,5503.0,467.083,11.78,74.03,195079.0,2021.0,35449.57
2202109,Campinas do Piauí,PI,Piauí,Nordeste,Sudeste Piauiense,Alto Médio Canindé,Picos,4938.0,783.842,6.3,77.4,57498.0,2021.0,11643.99
2202117,Campo Alegre do Fidalgo,PI,Piauí,Nordeste,Sudeste Piauiense,Alto Médio Canindé,São Raimundo Nonato,4616.0,657.796,7.02,69.65,51328.0,2021.0,11119.58
2202133,Campo Grande do Piauí,PI,Piauí,Nordeste,Sudeste Piauiense,Alto Médio Canindé,Picos,6020.0,311.682,19.31,74.45,62139.0,2021.0,10322.09
2202174,Campo Largo do Piauí,PI,Piauí,Nordeste,Norte Piauiense,Baixo Parnaíba Piauiense,Teresina,7419.0,478.078,15.52,71.8,56554.0,2021.0,7622.86
2202208,Campo Maior,PI,Piauí,Nordeste,Centro-Norte Piauiense,Campo Maior,Teresina,45793.0,1680.861,27.24,84.11,706324.0,2021.0,15424.28
2202251,Canavieira,PI,Piauí,Nordeste,Sudoeste Piauiense,Floriano,Floriano,3414.0,2165.277,1.58,79.53,41948.0,2021.0,12287.05
2202307,Canto do Buriti,PI,Piauí,Nordeste,Sudoeste Piauiense,São Raimundo Nonato,Floriano,19365.0,4325.643,4.48,78.63,271402.0,2021.0,14015.08
2202406,Capitão de Campos,PI,Piauí,Nordeste,Centro-Norte Piauiense,Campo Maior,Parnaíba,11100.0,571.658,19.42,77.06,106411.0,2021.0,9586.58
2202455,Capitão Gervásio Oliveira,PI,Piauí,Nordeste,Sudeste Piauiense,Alto Médio Canindé,São Raimundo Nonato,3974.0,1132.995,3.51,76.49,43672.0,2021.0,10989.43
2202505,Caracol,PI,Piauí,Nordeste,Sudoeste Piauiense,São Raimundo Nonato,São Raimundo Nonato,10318.0,1610.959,6.4,70.49,97485.0,2021.0,9448.05
2202539,Caraúbas do Piauí,PI,Piauí,Nordeste,Norte Piauiense,Litoral Piauiense,Parnaíba,5630.0,471.217,11.95,68.74,57437.0,2021.0,10201.95
2202554,Caridade do Piauí,PI,Piauí,Nordeste,Sudeste Piauiense,Alto Médio Canindé,Picos,5033.0,498.793,10.09,75.15,50032.0,2021.0,9940.79
2202604,Castelo do Piauí,PI,Piauí,Nordeste,Centro-Norte Piauiense,Campo Maior,Teresina,19288.0,2378.847,8.11,76.96,202304.0,2021.0,10488.59
2202653,Caxingó,PI,Piauí,Nordeste,Norte Piauiense,Litoral Piauiense,Parnaíba,5496.0,491.093,11.19,70.4,53144.0,2021.0,9669.58
2202703,Cocal,PI,Piauí,Nordeste,Norte Piauiense,Litoral Piauiense,Parnaíba,28212.0,1294.133,21.8,73.29,272775.0,2021.0,9668.76
2202711,Cocal de Telha,PI,Piauí,Nordeste,Centro-Norte Piauiense,Campo Maior,Teresina,4911.0,310.291,15.83,75.37,46961.0,2021.0,9562.41
2202729,Cocal dos Alves,PI,Piauí,Nordeste,Norte Piauiense,Litoral Piauiense,Parnaíba,6386.0,324.856,19.66,69.24,56962.0,2021.0,8919.82
2202737,Coivaras,PI,Piauí,Nordeste,Centro-Norte Piauiense,Teresina,Teresina,4117.0,484.46,8.5,77.95,37708.0,2021.0,9159.1
2202752,Colônia do Gurguéia,PI,Piauí,Nordeste,Sudoeste Piauiense,Bertolínia,Corrente - Bom Jesus,6150.0,429.591,14.32,83.69,70560.0,2021.0,11473.17
2202778,Colônia do Piauí,PI,Piauí,Nordeste,Sudeste Piauiense,Picos,Picos,6994.0,950.193,7.36,74.89,68111.0,2021.0,9738.49
2202802,Conceição do Canindé,PI,Piauí,Nordeste,Sudeste Piauiense,Alto Médio Canindé,Picos,4932.0,824.729,5.98,77.35,60446.0,2021.0,12255.88
2202851,Coronel José Dias,PI,Piauí,Nordeste,Sudoeste Piauiense,São Raimundo Nonato,São Raimundo Nonato,4250.0,1926.103,2.21,75.22,40770.0,2021.0,9592.94
2202901,Corrente,PI,Piauí,Nordeste,Sudoeste Piauiense,Chapadas do Extremo Sul Piauiense,Corrente - Bom Jesus,27278.0,3048.747,8.95,86.72,680737.0,2021.0,24955.53
2203008,Cristalândia do Piauí,PI,Piauí,Nordeste,Sudoeste Piauiense,Chapadas do Extremo Sul Piauiense,Corrente - Bom Jesus,7356.0,1202.896,6.12,79.27,75069.0,2021.0,10205.14
2203107,Cristino Castro,PI,Piauí,Nordeste,Sudoeste Piauiense,Alto Médio Gurguéia,Corrente - Bom Jesus,10503.0,1845.698,5.69,82.02,121468.0,2021.0,11565.08
2203206,Curimatá,PI,Piauí,Nordeste,Sudoeste Piauiense,Chapadas do Extremo Sul Piauiense,Corrente - Bom Jesus,11270.0,2344.949,4.81,87.41,140861.0,2021.0,12498.76
2203230,Currais,PI,Piauí,Nordeste,Sudoeste Piauiense,Alto Médio Gurguéia,Corrente - Bom Jesus,4854.0,3156.657,1.54,79.39,409013.0,2021.0,84263.08
2203255,Curralinhos,PI,Piauí,Nordeste,Centro-Norte Piauiense,Teresina,Teresina,4413.0,345.811,12.76,78.62,39660.0,2021.0,8987.08
2203271,Curral Novo do Piauí,PI,Piauí,Nordeste,Sudeste Piauiense,Alto Médio Canindé,Picos,5073.0,755.251,6.72,73.78,78414.0,2021.0,15457.13
2203305,Demerval Lobão,PI,Piauí,Nordeste,Centro-Norte Piauiense,Teresina,Teresina,16352.0,216.807,75.42,85.44,215834.0,2021.0,13199.24
2203354,Dirceu Arcoverde,PI,Piauí,Nordeste,Sudoeste Piauiense,São Raimundo Nonato,São Raimundo Nonato,7054.0,1005.571,7.01,76.19,67493.0,2021.0,9568.05
2203404,Dom Expedito Lopes,PI,Piauí,Nordeste,Sudeste Piauiense,Picos,Picos,6320.0,218.808,28.88,81.03,78053.0,2021.0,12350.16
2203420,Domingos Mourão,PI,Piauí,Nordeste,Centro-Norte Piauiense,Campo Maior,Parnaíba,4075.0,848.705,4.8,76.45,46532.0,2021.0,11418.9
2203453,Dom Inocêncio,PI,Piauí,Nordeste,Sudoeste Piauiense,São Raimundo Nonato,São Raimundo Nonato,9159.0,3871.824,2.37,80.71,164347.0,2021.0,17943.77
2203503,Elesbão Veloso,PI,Piauí,Nordeste,Centro-Norte Piauiense,Valença do Piauí,Teresina,13607.0,1383.976,9.83,75.14,164745.0,2021.0,12107.37
2203602,Eliseu Martins,PI,Piauí,Nordeste,Sudoeste Piauiense,Bertolínia,Floriano,4377.0,1097.79,3.99,80.56,55592.0,2021.0,12700.94
2203701,Esperantina,PI,Piauí,Nordeste,Norte Piauiense,Baixo Parnaíba Piauiense,Parnaíba,40970.0,908.748,45.08,78.04,456615.0,2021.0,11145.11
2203750,Fartura do Piauí,PI,Piauí,Nordeste,Sudoeste Piauiense,São Raimundo Nonato,São Raimundo Nonato,5284.0,713.046,7.41,74.23,46774.0,2021.0,8852.01
2203800,Flores do Piauí,PI,Piauí,Nordeste,Sudoeste Piauiense,Floriano,Floriano,4414.0,946.719,4.66,74.15,48120.0,2021.0,10901.68
2203859,Floresta do Piauí,PI,Piauí,Nordeste,Sudeste Piauiense,Alto Médio Canindé,Picos,2333.0,223.199,10.45,65.32,25258.0,2021.0,10826.4
2203909,Floriano,PI,Piauí,Nordeste,Sudoeste Piauiense,Floriano,Floriano,62036.0,3407.979,18.2,89.8,1375704.0,2021.0,22175.9
2204006,Francinópolis,PI,Piauí,Nordeste,Centro-Norte Piauiense,Valença do Piauí,Teresina,4505.0,268.704,16.77,70.96,44797.0,2021.0,9943.84
2204105,Francisco Ayres,PI,Piauí,Nordeste,Centro-Norte Piauiense,Médio Parnaíba Piauiense,Floriano,4412.0,656.475,6.72,73.82,46763.0,2021.0,10599.05
2204154,Francisco Macedo,PI,Piauí,Nordeste,Sudeste Piauiense,Alto Médio Canindé,Picos,2929.0,179.245,16.34,72.66,30662.0,2021.0,10468.42
2204204,Francisco Santos,PI,Piauí,Nordeste,Sudeste Piauiense,Pio IX,Picos,8237.0,492.191,16.74,77.49,83053.0,2021.0,10082.92
2204303,Fronteiras,PI,Piauí,Nordeste,Sudeste Piauiense,Alto Médio Canindé,Picos,10259.0,777.179,13.2,76.33,124838.0,2021.0,12168.63
2204352,Geminiano,PI,Piauí,Nordeste,Sudeste Piauiense,Picos,Picos,5445.0,440.606,12.36,73.37,59302.0,2021.0,10891.09
2204402,Gilbués,PI,Piauí,Nordeste,Sudoeste Piauiense,Alto Médio Gurguéia,Corrente - Bom Jesus,10892.0,3495.692,3.12,82.65,416900.0,2021.0,38275.8
2204501,Guadalupe,PI,Piauí,Nordeste,Sudoeste Piauiense,Floriano,Floriano,10270.0,1026.538,10.0,86.56,637210.0,2021.0,62045.76
2204550,Guaribas,PI,Piauí,Nordeste,Sudoeste Piauiense,São Raimundo Nonato,São Raimundo Nonato,4276.0,3118.231,1.37,73.39,45099.0,2021.0,10547.01
2204600,Hugo Napoleão,PI,Piauí,Nordeste,Centro-Norte Piauiense,Médio Parnaíba Piauiense,Teresina,3518.0,224.573,15.67,74.28,34066.0,2021.0,9683.34
2204659,Ilha Grande,PI,Piauí,Nordeste,Norte Piauiense,Litoral Piauiense,Parnaíba,9274.0,129.696,71.51,80.17,119727.0,2021.0,12909.96
2204709,Inhuma,PI,Piauí,Nordeste,Centro-Norte Piauiense,Valença do Piauí,Teresina,14958.0,978.222,15.29,76.73,163649.0,2021.0,10940.57
2204808,Ipiranga do Piauí,PI,Piauí,Nordeste,Sudeste Piauiense,Picos,Teresina,9420.0,529.417,17.79,81.87,82428.0,2021.0,8750.32
2204907,Isaías Coelho,PI,Piauí,Nordeste,Sudeste Piauiense,Alto Médio Canindé,Picos,7774.0,800.688,9.71,72.33,80798.0,2021.0,10393.36
2205003,Itainópolis,PI,Piauí,Nordeste,Sudeste Piauiense,Alto Médio Canindé,Picos,10790.0,827.62,13.04,71.56,108203.0,2021.0,10028.08
2205102,Itaueira,PI,Piauí,Nordeste,Sudoeste Piauiense,Floriano,Floriano,10323.0,2554.179,4.04,78.78,131859.0,2021.0,12773.32
2205151,Jacobina do Piauí,PI,Piauí,Nordeste,Sudeste Piauiense,Alto Médio Canindé,Picos,5613.0,1333.796,4.21,71.82,69073.0,2021.0,12305.9
2205201,Jaicós,PI,Piauí,Nordeste,Sudeste Piauiense,Alto Médio Canindé,Picos,17527.0,866.788,20.22,68.92,191773.0,2021.0,10941.58
2205250,Jardim do Mulato,PI,Piauí,Nordeste,Centro-Norte Piauiense,Médio Parnaíba Piauiense,Teresina,4180.0,510.226,8.19,72.7,39633.0,2021.0,9481.58
2205276,Jatobá do Piauí,PI,Piauí,Nordeste,Centro-Norte Piauiense,Campo Maior,Teresina,4494.0,650.393,6.91,76.04,58752.0,2021.0,13073.43
2205300,Jerumenha,PI,Piauí,Nordeste,Sudoeste Piauiense,Floriano,Floriano,4497.0,1865.94,2.41,80.84,63533.0,2021.0,14127.86
2205359,João Costa,PI,Piauí,Nordeste,Sudeste Piauiense,Alto Médio Canindé,São Raimundo Nonato,2970.0,1800.23,1.65,77.11,69289.0,2021.0,23329.63
2205409,Joaquim Pires,PI,Piauí,Nordeste,Norte Piauiense,Baixo Parnaíba Piauiense,Parnaíba,13886.0,740.561,18.75,73.31,118898.0,2021.0,8562.44
2205458,Joca Marques,PI,Piauí,Nordeste,Norte Piauiense,Baixo Parnaíba Piauiense,Parnaíba,5394.0,169.005,31.92,69.18,46226.0,2021.0,8569.89
2205508,José de Freitas,PI,Piauí,Nordeste,Centro-Norte Piauiense,Teresina,Teresina,42559.0,1538.172,27.67,81.1,390737.0,2021.0,9181.07
2205516,Juazeiro do Piauí,PI,Piauí,Nordeste,Centro-Norte Piauiense,Campo Maior,Teresina,5214.0,935.404,5.57,77.51,55948.0,2021.0,10730.34
2205524,Júlio Borges,PI,Piauí,Nordeste,Sudoeste Piauiense,Chapadas do Extremo Sul Piauiense,Corrente - Bom Jesus,5388.0,1283.916,4.2,86.6,78729.0,2021.0,14611.92
2205532,Jurema,PI,Piauí,Nordeste,Sudoeste Piauiense,São Raimundo Nonato,São Raimundo Nonato,4425.0,1271.881,3.48,71.9,43566.0,2021.0,9845.42
2205540,Lagoinha do Piauí,PI,Piauí,Nordeste,Centro-Norte Piauiense,Médio Parnaíba Piauiense,Teresina,2939.0,67.649,43.44,79.92,40519.0,2021.0,13786.66
2205557,Lagoa Alegre,PI,Piauí,Nordeste,Centro-Norte Piauiense,Teresina,Teresina,8256.0,394.205,20.94,77.46,77320.0,2021.0,9365.31
2205565,Lagoa do Barro do Piauí,PI,Piauí,Nordeste,Sudeste Piauiense,Alto Médio Canindé,São Raimundo Nonato,4995.0,1331.025,3.75,78.92,537525.0,2021.0,107612.61
2205573,Lagoa de São Francisco,PI,Piauí,Nordeste,Centro-Norte Piauiense,Campo Maior,Parnaíba,6331.0,155.86,40.62,75.88,54980.0,2021.0,8684.25
2205581,Lagoa do Piauí,PI,Piauí,Nordeste,Centro-Norte Piauiense,Teresina,Teresina,4810.0,427.841,11.24,82.26,74653.0,2021.0,15520.37
2205599,Lagoa do Sítio,PI,Piauí,Nordeste,Centro-Norte Piauiense,Valença do Piauí,Teresina,4520.0,805.018,5.61,69.09,48595.0,2021.0,10751.11
2205607,Landri Sales,PI,Piauí,Nordeste,Sudoeste Piauiense,Bertolínia,Floriano,5213.0,1088.583,4.79,83.09,109799.0,2021.0,21062.54
2205706,Luís Correia,PI,Piauí,Nordeste,Norte Piauiense,Litoral Piauiense,Parnaíba,30641.0,1074.132,28.53,77.58,378632.0,2021.0,12357.04
2205805,Luzilândia,PI,Piauí,Nordeste,Norte Piauiense,Baixo Parnaíba Piauiense,Parnaíba,25375.0,705.599,35.96,74.29,241246.0,2021.0,9507.23
2205854,Madeiro,PI,Piauí,Nordeste,Norte Piauiense,Baixo Parnaíba Piauiense,Parnaíba,8032.0,178.842,44.91,74.32,75141.0,2021.0,9355.2
2205904,Manoel Emídio,PI,Piauí,Nordeste,Sudoeste Piauiense,Bertolínia,Floriano,5209.0,1620.413,3.21,80.57,54807.0,2021.0,10521.6
2205953,Marcolândia,PI,Piauí,Nordeste,Sudeste Piauiense,Alto Médio Canindé,Picos,8533.0,136.785,62.38,77.05,198363.0,2021.0,23246.57
2206001,Marcos Parente,PI,Piauí,Nordeste,Sudoeste Piauiense,Bertolínia,Floriano,4724.0,677.416,6.97,82.69,54884.0,2021.0,11618.12
2206050,Massapê do Piauí,PI,Piauí,Nordeste,Sudeste Piauiense,Alto Médio Canindé,Picos,5218.0,530.169,9.84,65.7,52130.0,2021.0,9990.42
2206100,Matias Olímpio,PI,Piauí,Nordeste,Norte Piauiense,Baixo Parnaíba Piauiense,Parnaíba,10641.0,226.785,46.92,74.13,95557.0,2021.0,8980.08
2206209,Miguel Alves,PI,Piauí,Nordeste,Norte Piauiense,Baixo Parnaíba Piauiense,Teresina,32150.0,1392.123,23.09,70.57,312836.0,2021.0,9730.51
2206308,Miguel Leão,PI,Piauí,Nordeste,Centro-Norte Piauiense,Teresina,Teresina,1318.0,93.412,14.11,79.21,23618.0,2021.0,17919.58
2206357,Milton Brandão,PI,Piauí,Nordeste,Centro-Norte Piauiense,Campo Maior,Parnaíba,6542.0,1309.128,5.0,69.89,53563.0,2021.0,8187.56
2206407,Monsenhor Gil,PI,Piauí,Nordeste,Centro-Norte Piauiense,Teresina,Teresina,10255.0,567.86,18.06,81.93,127395.0,2021.0,12422.72
2206506,Monsenhor Hipólito,PI,Piauí,Nordeste,Sudeste Piauiense,Pio IX,Picos,7577.0,401.568,18.87,73.13,72882.0,2021.0,9618.85
2206605,Monte Alegre do Piauí,PI,Piauí,Nordeste,Sudoeste Piauiense,Alto Médio Gurguéia,Corrente - Bom Jesus,10660.0,2417.382,4.41,80.93,298089.0,2021.0,27963.32
2206654,Morro Cabeça no Tempo,PI,Piauí,Nordeste,Sudoeste Piauiense,Chapadas do Extremo Sul Piauiense,Corrente - Bom Jesus,4377.0,2207.658,1.98,80.78,39149.0,2021.0,8944.25
2206670,Morro do Chapéu do Piauí,PI,Piauí,Nordeste,Norte Piauiense,Baixo Parnaíba Piauiense,Parnaíba,6425.0,328.408,19.56,72.26,62450.0,2021.0,9719.84
2206696,Murici dos Portelas,PI,Piauí,Nordeste,Norte Piauiense,Litoral Piauiense,Parnaíba,9797.0,475.72,20.59,69.75,74909.0,2021.0,7646.12
2206704,Nazaré do Piauí,PI,Piauí,Nordeste,Sudoeste Piauiense,Floriano,Floriano,6665.0,1315.841,5.07,76.21,67047.0,2021.0,10059.56
2206720,Nazária,PI,Piauí,Nordeste,Centro-Norte Piauiense,Teresina,Teresina,10262.0,362.376,28.32,76.42,94898.0,2021.0,9247.52
2206753,Nossa Senhora de Nazaré,PI,Piauí,Nordeste,Centro-Norte Piauiense,Campo Maior,Teresina,5228.0,356.872,14.65,77.85,47885.0,2021.0,9159.33
2206803,Nossa Senhora dos Remédios,PI,Piauí,Nordeste,Norte Piauiense,Baixo Parnaíba Piauiense,Teresina,8525.0,357.896,23.82,73.19,78547.0,2021.0,9213.72
2206902,Novo Oriente do Piauí,PI,Piauí,Nordeste,Centro-Norte Piauiense,Valença do Piauí,Teresina,6097.0,525.906,11.59,74.93,58176.0,2021.0,9541.74
2206951,Novo Santo Antônio,PI,Piauí,Nordeste,Centro-Norte Piauiense,Campo Maior,Teresina,2827.0,443.872,6.37,70.86,31237.0,2021.0,11049.52
2207009,Oeiras,PI,Piauí,Nordeste,Sudeste Piauiense,Picos,Picos,38161.0,2703.138,14.12,82.67,584518.0,2021.0,15317.16
2207108,Olho D'Água do Piauí,PI,Piauí,Nordeste,Centro-Norte Piauiense,Médio Parnaíba Piauiense,Teresina,2637.0,183.603,14.36,77.92,28731.0,2021.0,10895.34
2207207,Padre Marcos,PI,Piauí,Nordeste,Sudeste Piauiense,Alto Médio Canindé,Picos,6382.0,278.696,22.9,65.99,73919.0,2021.0,11582.42
2207306,Paes Landim,PI,Piauí,Nordeste,Sudeste Piauiense,Alto Médio Canindé,Picos,4088.0,401.378,10.18,80.42,44250.0,2021.0,10824.36
2207355,Pajeú do Piauí,PI,Piauí,Nordeste,Sudoeste Piauiense,São Raimundo Nonato,Floriano,3000.0,986.961,3.04,76.64,52581.0,2021.0,17527.0
2207405,Palmeira do Piauí,PI,Piauí,Nordeste,Sudoeste Piauiense,Alto Médio Gurguéia,Corrente - Bom Jesus,4952.0,2024.02,2.45,80.74,141457.0,2021.0,28565.63
2207504,Palmeirais,PI,Piauí,Nordeste,Centro-Norte Piauiense,Médio Parnaíba Piauiense,Teresina,13264.0,1493.764,8.88,75.8,138834.0,2021.0,10466.98
2207553,Paquetá,PI,Piauí,Nordeste,Sudeste Piauiense,Picos,Picos,3813.0,432.572,8.81,65.72,44237.0,2021.0,11601.63
2207603,Parnaguá,PI,Piauí,Nordeste,Sudoeste Piauiense,Chapadas do Extremo Sul Piauiense,Corrente - Bom Jesus,10103.0,3428.811,2.95,82.97,119216.0,2021.0,11800.06
2207702,Parnaíba,PI,Piauí,Nordeste,Norte Piauiense,Litoral Piauiense,Parnaíba,162159.0,436.907,371.15,88.26,2973925.0,2021.0,18339.56
2207751,Passagem Franca do Piauí,PI,Piauí,Nordeste,Centro-Norte Piauiense,Médio Parnaíba Piauiense,Teresina,4135.0,643.226,6.43,74.49,48758.0,2021.0,11791.54
2207777,Patos do Piauí,PI,Piauí,Nordeste,Sudeste Piauiense,Alto Médio Canindé,Picos,5425.0,801.403,6.77,69.53,64630.0,2021.0,11913.36
2207793,Pau D'Arco do Piauí,PI,Piauí,Nordeste,Centro-Norte Piauiense,Teresina,Teresina,3880.0,430.023,9.02,74.21,33613.0,2021.0,8663.14
2207801,Paulistana,PI,Piauí,Nordeste,Sudeste Piauiense,Alto Médio Canindé,Picos,21055.0,1941.111,10.85,77.19,267774.0,2021.0,12717.83
2207850,Pavussu,PI,Piauí,Nordeste,Sudoeste Piauiense,Floriano,Floriano,3628.0,1090.697,3.33,71.07,37693.0,2021.0,10389.47
2207900,Pedro II,PI,Piauí,Nordeste,Centro-Norte Piauiense,Campo Maior,Parnaíba,37894.0,1544.413,24.54,75.19,386328.0,2021.0,10194.96
2207934,Pedro Laurentino,PI,Piauí,Nordeste,Sudeste Piauiense,Alto Médio Canindé,São Raimundo Nonato,2458.0,870.614,2.82,80.25,31322.0,2021.0,12742.88
2207959,Nova Santa Rita,PI,Piauí,Nordeste,Sudeste Piauiense,Alto Médio Canindé,São Raimundo Nonato,4076.0,909.734,4.48,77.28,43931.0,2021.0,10777.97
2208007,Picos,PI,Piauí,Nordeste,Sudeste Piauiense,Picos,Picos,83090.0,577.284,143.93,86.29,1941759.0,2021.0,23369.35
2208106,Pimenteiras,PI,Piauí,Nordeste,Centro-Norte Piauiense,Valença do Piauí,Teresina,11341.0,4562.58,2.49,72.13,106976.0,2021.0,9432.68
2208205,Pio IX,PI,Piauí,Nordeste,Sudeste Piauiense,Pio IX,Picos,17613.0,1948.142,9.04,75.22,202556.0,2021.0,11500.37
2208304,Piracuruca,PI,Piauí,Nordeste,Norte Piauiense,Litoral Piauiense,Parnaíba,28846.0,2368.935,12.18,76.74,363519.0,2021.0,12602.06
2208403,Piripiri,PI,Piauí,Nordeste,Norte Piauiense,Baixo Parnaíba Piauiense,Parnaíba,65538.0,1407.192,46.57,80.82,917296.0,2021.0,13996.4
2208502,Porto,PI,Piauí,Nordeste,Norte Piauiense,Baixo Parnaíba Piauiense,Teresina,12052.0,253.113,47.62,74.64,118547.0,2021.0,9836.29
2208551,Porto Alegre do Piauí,PI,Piauí,Nordeste,Sudoeste Piauiense,Bertolínia,Floriano,2364.0,1168.044,2.02,79.51,39212.0,2021.0,16587.14
2208601,Prata do Piauí,PI,Piauí,Nordeste,Centro-Norte Piauiense,Valença do Piauí,Teresina,3042.0,196.787,15.46,73.84,27584.0,2021.0,9067.72
2208650,Queimada Nova,PI,Piauí,Nordeste,Sudeste Piauiense,Alto Médio Canindé,Picos,8738.0,1283.369,6.81,79.28,253314.0,2021.0,28989.93
2208700,Redenção do Gurguéia,PI,Piauí,Nordeste,Sudoeste Piauiense,Alto Médio Gurguéia,Corrente - Bom Jesus,8394.0,2470.531,3.4,82.07,97930.0,2021.0,11666.67
2208809,Regeneração,PI,Piauí,Nordeste,Centro-Norte Piauiense,Médio Parnaíba Piauiense,Teresina,17133.0,1251.321,13.69,74.82,264517.0,2021.0,15439.04
2208858,Riacho Frio,PI,Piauí,Nordeste,Sudoeste Piauiense,Chapadas do Extremo Sul Piauiense,Corrente - Bom Jesus,4165.0,2220.598,1.88,83.49,46279.0,2021.0,11111.4
2208874,Ribeira do Piauí,PI,Piauí,Nordeste,Sudeste Piauiense,Alto Médio Canindé,São Raimundo Nonato,4055.0,1012.479,4.01,72.86,217390.0,2021.0,53610.36
2208908,Ribeiro Gonçalves,PI,Piauí,Nordeste,Sudoeste Piauiense,Alto Parnaíba Piauiense,Floriano,6164.0,3987.147,1.55,83.29,695855.0,2021.0,112890.17
2209005,Rio Grande do Piauí,PI,Piauí,Nordeste,Sudoeste Piauiense,Floriano,Floriano,5801.0,635.953,9.12,77.87,61491.0,2021.0,10600.07
2209104,Santa Cruz do Piauí,PI,Piauí,Nordeste,Sudeste Piauiense,Picos,Picos,5831.0,582.658,10.01,76.11,61012.0,2021.0,10463.39
2209153,Santa Cruz dos Milagres,PI,Piauí,Nordeste,Centro-Norte Piauiense,Valença do Piauí,Teresina,3435.0,978.547,3.51,76.77,45473.0,2021.0,13238.14
2209203,Santa Filomena,PI,Piauí,Nordeste,Sudoeste Piauiense,Alto Parnaíba Piauiense,Corrente - Bom Jesus,6087.0,5293.693,1.15,82.18,615148.0,2021.0,101059.31
2209302,Santa Luz,PI,Piauí,Nordeste,Sudoeste Piauiense,Alto Médio Gurguéia,Corrente - Bom Jesus,5336.0,1185.398,4.5,81.73,62465.0,2021.0,11706.33
2209351,Santana do Piauí,PI,Piauí,Nordeste,Sudeste Piauiense,Picos,Picos,4125.0,112.189,36.77,73.25,40807.0,2021.0,9892.61
2209377,Santa Rosa do Piauí,PI,Piauí,Nordeste,Sudeste Piauiense,Picos,Picos,4650.0,338.336,13.74,76.17,50228.0,2021.0,10801.72
2209401,Santo Antônio de Lisboa,PI,Piauí,Nordeste,Sudeste Piauiense,Pio IX,Picos,5839.0,385.286,15.15,78.85,72021.0,2021.0,12334.48
2209450,Santo Antônio dos Milagres,PI,Piauí,Nordeste,Centro-Norte Piauiense,Médio Parnaíba Piauiense,Teresina,2138.0,33.64,63.56,78.04,18051.0,2021.0,8442.94
2209500,Santo Inácio do Piauí,PI,Piauí,Nordeste,Sudeste Piauiense,Alto Médio Canindé,Picos,3646.0,852.106,4.28,75.64,40377.0,2021.0,11074.33
2209559,São Braz do Piauí,PI,Piauí,Nordeste,Sudoeste Piauiense,São Raimundo Nonato,São Raimundo Nonato,4358.0,656.042,6.64,77.18,39471.0,2021.0,9057.14
2209609,São Félix do Piauí,PI,Piauí,Nordeste,Centro-Norte Piauiense,Valença do Piauí,Teresina,2842.0,627.033,4.53,77.91,32116.0,2021.0,11300.49
2209658,São Francisco de Assis do Piauí,PI,Piauí,Nordeste,Sudeste Piauiense,Alto Médio Canindé,Picos,5572.0,1072.311,5.2,74.37,55545.0,2021.0,9968.59
2209708,São Francisco do Piauí,PI,Piauí,Nordeste,Sudoeste Piauiense,Floriano,Floriano,5392.0,1341.451,4.02,72.99,58406.0,2021.0,10831.97
2209757,São Gonçalo do Gurguéia,PI,Piauí,Nordeste,Sudoeste Piauiense,Alto Médio Gurguéia,Corrente - Bom Jesus,2947.0,1385.255,2.13,82.11,54607.0,2021.0,18529.69
2209807,São Gonçalo do Piauí,PI,Piauí,Nordeste,Centro-Norte Piauiense,Médio Parnaíba Piauiense,Teresina,4837.0,150.495,32.14,79.2,56735.0,2021.0,11729.38
2209856,São João da Canabrava,PI,Piauí,Nordeste,Sudeste Piauiense,Picos,Picos,4242.0,480.537,8.83,75.21,49321.0,2021.0,11626.83
2209872,São João da Fronteira,PI,Piauí,Nordeste,Norte Piauiense,Litoral Piauiense,Parnaíba,5522.0,817.111,6.76,73.19,60925.0,2021.0,11033.14
2209906,São João da Serra,PI,Piauí,Nordeste,Centro-Norte Piauiense,Campo Maior,Teresina,6114.0,994.224,6.15,71.77,59723.0,2021.0,9768.24
2209955,São João da Varjota,PI,Piauí,Nordeste,Sudeste Piauiense,Picos,Picos,4383.0,394.456,11.11,72.33,36648.0,2021.0,8361.4
2209971,São João do Arraial,PI,Piauí,Nordeste,Norte Piauiense,Baixo Parnaíba Piauiense,Parnaíba,8186.0,213.377,38.36,76.95,68235.0,2021.0,8335.57
2210003,São João do Piauí,PI,Piauí,Nordeste,Sudeste Piauiense,Alto Médio Canindé,São Raimundo Nonato,21421.0,1527.497,14.02,82.99,426952.0,2021.0,19931.47
2210052,São José do Divino,PI,Piauí,Nordeste,Norte Piauiense,Litoral Piauiense,Parnaíba,4841.0,319.367,15.16,69.87,63754.0,2021.0,13169.59
2210102,São José do Peixe,PI,Piauí,Nordeste,Sudoeste Piauiense,Floriano,Floriano,3297.0,1287.174,2.56,79.69,42837.0,2021.0,12992.72
2210201,São José do Piauí,PI,Piauí,Nordeste,Sudeste Piauiense,Picos,Picos,6597.0,373.347,17.67,72.57,68088.0,2021.0,10321.06
2210300,São Julião,PI,Piauí,Nordeste,Sudeste Piauiense,Pio IX,Picos,6025.0,291.089,20.7,72.34,59545.0,2021.0,9882.99
2210359,São Lourenço do Piauí,PI,Piauí,Nordeste,Sudoeste Piauiense,São Raimundo Nonato,São Raimundo Nonato,4410.0,673.822,6.54,83.69,45314.0,2021.0,10275.28
2210375,São Luis do Piauí,PI,Piauí,Nordeste,Sudeste Piauiense,Picos,Picos,2309.0,217.924,10.6,73.55,25333.0,2021.0,10971.42
2210383,São Miguel da Baixa Grande,PI,Piauí,Nordeste,Centro-Norte Piauiense,Valença do Piauí,Teresina,2269.0,444.528,5.1,70.82,27272.0,2021.0,12019.39
2210391,São Miguel do Fidalgo,PI,Piauí,Nordeste,Sudoeste Piauiense,Floriano,Picos,2829.0,813.444,3.48,77.3,47464.0,2021.0,16777.66
2210409,São Miguel do Tapuio,PI,Piauí,Nordeste,Centro-Norte Piauiense,Campo Maior,Teresina,17554.0,4988.973,3.52,71.42,163378.0,2021.0,9307.17
2210508,São Pedro do Piauí,PI,Piauí,Nordeste,Centro-Norte Piauiense,Médio Parnaíba Piauiense,Teresina,13755.0,518.288,26.54,76.66,134836.0,2021.0,9802.69
2210607,São Raimundo Nonato,PI,Piauí,Nordeste,Sudoeste Piauiense,São Raimundo Nonato,São Raimundo Nonato,38934.0,2415.287,16.12,85.82,566295.0,2021.0,14545.0
2210623,Sebastião Barros,PI,Piauí,Nordeste,Sudoeste Piauiense,Chapadas do Extremo Sul Piauiense,Corrente - Bom Jesus,3202.0,893.488,3.58,81.08,46712.0,2021.0,14588.38
2210631,Sebastião Leal,PI,Piauí,Nordeste,Sudoeste Piauiense,Bertolínia,Floriano,4446.0,3148.857,1.41,79.18,255418.0,2021.0,57448.94
2210656,Sigefredo Pacheco,PI,Piauí,Nordeste,Centro-Norte Piauiense,Campo Maior,Teresina,9460.0,1031.101,9.17,72.81,78161.0,2021.0,8262.26
2210706,Simões,PI,Piauí,Nordeste,Sudeste Piauiense,Alto Médio Canindé,Picos,14350.0,1076.055,13.34,76.78,434505.0,2021.0,30279.09
2210805,Simplício Mendes,PI,Piauí,Nordeste,Sudeste Piauiense,Alto Médio Canindé,Picos,13870.0,1360.028,10.2,83.53,182912.0,2021.0,13187.6
2210904,Socorro do Piauí,PI,Piauí,Nordeste,Sudeste Piauiense,Alto Médio Canindé,Picos,4141.0,761.854,5.44,78.55,41067.0,2021.0,9917.17
2210938,Sussuapara,PI,Piauí,Nordeste,Sudeste Piauiense,Picos,Picos,6220.0,205.194,30.31,77.7,76908.0,2021.0,12364.63
2210953,Tamboril do Piauí,PI,Piauí,Nordeste,Sudoeste Piauiense,São Raimundo Nonato,Floriano,2949.0,1587.296,1.86,73.75,30388.0,2021.0,10304.51
2210979,Tanque do Piauí,PI,Piauí,Nordeste,Sudeste Piauiense,Picos,Picos,2316.0,398.007,5.82,81.07,33181.0,2021.0,14326.86
2211001,Teresina,PI,Piauí,Nordeste,Centro-Norte Piauiense,Teresina,Teresina,866300.0,1391.293,622.66,92.88,23954511.0,2021.0,27651.52
2211100,União,PI,Piauí,Nordeste,Centro-Norte Piauiense,Teresina,Teresina,46119.0,1170.742,39.39,77.02,420370.0,2021.0,9114.9
2211209,Uruçuí,PI,Piauí,Nordeste,Sudoeste Piauiense,Alto Parnaíba Piauiense,Floriano,25203.0,8413.016,3.0,86.7,2829979.0,2021.0,112287.39
2211308,Valença do Piauí,PI,Piauí,Nordeste,Centro-Norte Piauiense,Valença do Piauí,Teresina,22279.0,1333.722,16.7,81.96,289698.0,2021.0,13003.19
2211357,Várzea Branca,PI,Piauí,Nordeste,Sudoeste Piauiense,São Raimundo Nonato,São Raimundo Nonato,5055.0,450.429,11.22,73.5,44541.0,2021.0,8811.28
2211407,Várzea Grande,PI,Piauí,Nordeste,Centro-Norte Piauiense,Valença do Piauí,Teresina,4417.0,236.453,18.68,78.27,40996.0,2021.0,9281.41
2211506,Vera Mendes,PI,Piauí,Nordeste,Sudeste Piauiense,Alto Médio Canindé,Picos,3185.0,341.974,9.31,68.31,31078.0,2021.0,9757.61
2211605,Vila Nova do Piauí,PI,Piauí,Nordeste,Sudeste Piauiense,Alto Médio Canindé,Picos,2935.0,221.627,13.24,73.1,37035.0,2021.0,12618.4
2211704,Wall Ferraz,PI,Piauí,Nordeste,Sudeste Piauiense,Picos,Picos,4059.0,270.427,15.01,71.13,38008.0,2021.0,9363.88
2300101,Abaiara,CE,Ceará,Nordeste,Sul Cearense,Brejo Santo,Juazeiro do Norte,10038.0,180.833,55.51,76.84,117971.0,2021.0,11752.44
2300150,Acarape,CE,Ceará,Nordeste,Norte Cearense,Baturité,Fortaleza,14027.0,130.002,107.9,84.03,179994.0,2021.0,12831.97
2300200,Acaraú,CE,Ceará,Nordeste,Noroeste Cearense,Litoral de Camocim e Acaraú,Sobral,65264.0,842.471,77.47,78.75,1020201.0,2021.0,15631.91
2300309,Acopiara,CE,Ceará,Nordeste,Sertões Cearenses,Sertão de Senador Pompeu,Iguatu,44962.0,2254.279,19.95,72.73,564520.0,2021.0,12555.49
2300408,Aiuaba,CE,Ceará,Nordeste,Sertões Cearenses,Sertão de Inhamuns,Juazeiro do Norte,14076.0,2438.563,5.77,71.66,151596.0,2021.0,10769.82
2300507,Alcântaras,CE,Ceará,Nordeste,Noroeste Cearense,Meruoca,Sobral,11369.0,135.76,83.74,80.48,98202.0,2021.0,8637.7
2300606,Altaneira,CE,Ceará,Nordeste,Sul Cearense,Caririaçu,Juazeiro do Norte,6782.0,72.675,93.32,77.1,74654.0,2021.0,11007.67
2300705,Alto Santo,CE,Ceará,Nordeste,Jaguaribe,Baixo Jaguaribe,Quixadá,14155.0,1147.208,12.34,79.67,232268.0,2021.0,16408.9
2300754,Amontada,CE,Ceará,Nordeste,Norte Cearense,Itapipoca,Fortaleza,42156.0,1175.044,35.88,80.23,665472.0,2021.0,15785.94
2300804,Antonina do Norte,CE,Ceará,Nordeste,Centro-Sul Cearense,Várzea Alegre,Juazeiro do Norte,7245.0,259.706,27.9,73.35,78953.0,2021.0,10897.58
2300903,Apuiarés,CE,Ceará,Nordeste,Norte Cearense,Médio Curu,Fortaleza,12928.0,543.98,23.77,79.72,120978.0,2021.0,9357.83
2301000,Aquiraz,CE,Ceará,Nordeste,Metropolitana de Fortaleza,Fortaleza,Fortaleza,80645.0,480.236,167.93,86.13,3854401.0,2021.0,47794.67
2301109,Aracati,CE,Ceará,Nordeste,Jaguaribe,Litoral de Aracati,Quixadá,75113.0,1227.197,61.21,84.66,1706227.0,2021.0,22715.47
2301208,Aracoiaba,CE,Ceará,Nordeste,Norte Cearense,Baturité,Fortaleza,25553.0,643.988,39.68,76.89,266422.0,2021.0,10426.25
2301257,Ararendá,CE,Ceará,Nordeste,Sertões Cearenses,Sertão de Cratéus,Crateús,11096.0,342.301,32.42,77.29,106784.0,2021.0,9623.65
2301307,Araripe,CE,Ceará,Nordeste,Sul Cearense,Chapada do Araripe,Juazeiro do Norte,19783.0,1097.339,18.03,73.17,207982.0,2021.0,10513.17
2301406,Aratuba,CE,Ceará,Nordeste,Norte Cearense,Baturité,Fortaleza,11224.0,119.758,93.72,82.79,151645.0,2021.0,13510.78
2301505,Arneiroz,CE,Ceará,Nordeste,Sertões Cearenses,Sertão de Inhamuns,Crateús,7429.0,1068.437,6.95,75.89,70224.0,2021.0,9452.69
2301604,Assaré,CE,Ceará,Nordeste,Sul Cearense,Chapada do Araripe,Juazeiro do Norte,21697.0,1155.124,18.78,74.37,237259.0,2021.0,10935.11
2301703,Aurora,CE,Ceará,Nordeste,Sul Cearense,Barro,Juazeiro do Norte,23714.0,885.87,26.77,77.55,216792.0,2021.0,9141.94
2301802,Baixio,CE,Ceará,Nordeste,Centro-Sul Cearense,Lavras da Mangabeira,Iguatu,5704.0,145.556,39.19,78.77,67541.0,2021.0,11840.99
2301851,Banabuiú,CE,Ceará,Nordeste,Sertões Cearenses,Sertão de Quixeramobim,Quixadá,17195.0,1080.986,15.91,76.2,260031.0,2021.0,15122.48
2301901,Barbalha,CE,Ceará,Nordeste,Sul Cearense,Cariri,Juazeiro do Norte,75033.0,608.158,123.38,87.61,1345205.0,2021.0,17928.18
2301950,Barreira,CE,Ceará,Nordeste,Norte Cearense,Chorozinho,Fortaleza,22392.0,260.003,86.12,79.95,240016.0,2021.0,10718.83
2302008,Barro,CE,Ceará,Nordeste,Sul Cearense,Barro,Juazeiro do Norte,19381.0,711.346,27.25,79.3,242027.0,2021.0,12487.85
2302057,Barroquinha,CE,Ceará,Nordeste,Noroeste Cearense,Litoral de Camocim e Acaraú,Sobral,14567.0,385.583,37.78,72.21,133335.0,2021.0,9153.22
2302107,Baturité,CE,Ceará,Nordeste,Norte Cearense,Baturité,Fortaleza,35218.0,314.075,112.13,83.61,448272.0,2021.0,12728.49
2302206,Beberibe,CE,Ceará,Nordeste,Norte Cearense,Cascavel,Fortaleza,53114.0,1596.751,33.26,80.03,1059006.0,2021.0,19938.36
2302305,Bela Cruz,CE,Ceará,Nordeste,Noroeste Cearense,Litoral de Camocim e Acaraú,Sobral,32775.0,842.106,38.92,80.62,322244.0,2021.0,9832.01
2302404,Boa Viagem,CE,Ceará,Nordeste,Sertões Cearenses,Sertão de Quixeramobim,Fortaleza,50411.0,2835.037,17.78,75.66,539218.0,2021.0,10696.44
2302503,Brejo Santo,CE,Ceará,Nordeste,Sul Cearense,Brejo Santo,Juazeiro do Norte,51090.0,654.658,78.04,83.98,817034.0,2021.0,15992.05
2302602,Camocim,CE,Ceará,Nordeste,Noroeste Cearense,Litoral de Camocim e Acaraú,Sobral,62326.0,1120.452,55.63,81.03,839500.0,2021.0,13469.5
2302701,Campos Sales,CE,Ceará,Nordeste,Sul Cearense,Chapada do Araripe,Juazeiro do Norte,25135.0,1082.582,23.22,77.35,292357.0,2021.0,11631.47
2302800,Canindé,CE,Ceará,Nordeste,Norte Cearense,Canindé,Fortaleza,74174.0,3032.39,24.46,80.76,911356.0,2021.0,12286.73
2302909,Capistrano,CE,Ceará,Nordeste,Norte Cearense,Baturité,Fortaleza,17254.0,226.549,76.16,79.61,176809.0,2021.0,10247.42
2303006,Caridade,CE,Ceará,Nordeste,Norte Cearense,Canindé,Fortaleza,16377.0,926.271,17.68,77.47,186169.0,2021.0,11367.71
2303105,Cariré,CE,Ceará,Nordeste,Noroeste Cearense,Sobral,Sobral,17632.0,755.597,23.34,77.0,193105.0,2021.0,10951.96
2303204,Caririaçu,CE,Ceará,Nordeste,Sul Cearense,Caririaçu,Juazeiro do Norte,26320.0,634.179,41.5,76.89,253127.0,2021.0,9617.29
2303303,Cariús,CE,Ceará,Nordeste,Centro-Sul Cearense,Várzea Alegre,Iguatu,17015.0,1036.417,16.42,74.64,180984.0,2021.0,10636.73
2303402,Carnaubal,CE,Ceará,Nordeste,Noroeste Cearense,Ibiapaba,Sobral,17210.0,363.22,47.38,78.46,166772.0,2021.0,9690.41
2303501,Cascavel,CE,Ceará,Nordeste,Norte Cearense,Cascavel,Fortaleza,72720.0,838.115,86.77,83.86,1074377.0,2021.0,14774.16
2303600,Catarina,CE,Ceará,Nordeste,Sertões Cearenses,Sertão de Inhamuns,Iguatu,10243.0,488.153,20.98,73.74,154108.0,2021.0,15045.2
2303659,Catunda,CE,Ceará,Nordeste,Noroeste Cearense,Santa Quitéria,Sobral,10444.0,784.022,13.32,77.13,112081.0,2021.0,10731.62
2303709,Caucaia,CE,Ceará,Nordeste,Metropolitana de Fortaleza,Fortaleza,Fortaleza,355679.0,1223.246,290.77,91.58,10422701.0,2021.0,29303.67
2303808,Cedro,CE,Ceará,Nordeste,Centro-Sul Cearense,Iguatu,Iguatu,22344.0,729.97,30.61,77.87,247325.0,2021.0,11068.97
2303907,Chaval,CE,Ceará,Nordeste,Noroeste Cearense,Litoral de Camocim e Acaraú,Sobral,12462.0,237.248,52.53,75.42,110318.0,2021.0,8852.35
2303931,Choró,CE,Ceará,Nordeste,Sertões Cearenses,Sertão de Quixeramobim,Quixadá,12113.0,815.268,14.86,75.02,178989.0,2021.0,14776.6
2303956,Chorozinho,CE,Ceará,Nordeste,Norte Cearense,Chorozinho,Fortaleza,20163.0,296.431,68.02,79.58,260273.0,2021.0,12908.45
2304004,Coreaú,CE,Ceará,Nordeste,Noroeste Cearense,Coreaú,Sobral,20953.0,750.332,27.92,74.01,225090.0,2021.0,10742.61
2304103,Crateús,CE,Ceará,Nordeste,Sertões Cearenses,Sertão de Cratéus,Crateús,76390.0,2981.459,25.62,82.12,952649.0,2021.0,12470.86
2304202,Crato,CE,Ceará,Nordeste,Sul Cearense,Cariri,Juazeiro do Norte,131050.0,1138.15,115.14,88.4,1871587.0,2021.0,14281.47
2304236,Croatá,CE,Ceará,Nordeste,Noroeste Cearense,Ibiapaba,Sobral,17481.0,696.348,25.1,73.58,224437.0,2021.0,12838.91
2304251,Cruz,CE,Ceará,Nordeste,Noroeste Cearense,Litoral de Camocim e Acaraú,Sobral,29761.0,335.921,88.6,84.76,372681.0,2021.0,12522.46
2304269,Deputado Irapuan Pinheiro,CE,Ceará,Nordeste,Sertões Cearenses,Sertão de Senador Pompeu,Quixadá,8932.0,471.134,18.96,73.38,100883.0,2021.0,11294.56
2304277,Ereré,CE,Ceará,Nordeste,Jaguaribe,Serra do Pereiro,Quixadá,6474.0,362.906,17.84,75.9,80690.0,2021.0,12463.7
2304285,Eusébio,CE,Ceará,Nordeste,Metropolitana de Fortaleza,Fortaleza,Fortaleza,74170.0,78.818,941.03,94.11,3577497.0,2021.0,48233.75
2304301,Farias Brito,CE,Ceará,Nordeste,Sul Cearense,Caririaçu,Juazeiro do Norte,18217.0,530.54,34.34,75.11,202248.0,2021.0,11102.16
2304350,Forquilha,CE,Ceará,Nordeste,Noroeste Cearense,Sobral,Sobral,24173.0,568.778,42.5,81.9,304957.0,2021.0,12615.6
2304400,Fortaleza,CE,Ceará,Nordeste,Metropolitana de Fortaleza,Fortaleza,Fortaleza,2428708.0,312.353,7775.52,94.38,73437739.0,2021.0,30237.37
2304459,Fortim,CE,Ceará,Nordeste,Jaguaribe,Litoral de Aracati,Quixadá,17294.0,285.024,60.68,80.93,312460.0,2021.0,18067.54
2304509,Frecheirinha,CE,Ceará,Nordeste,Noroeste Cearense,Coreaú,Sobral,15657.0,210.284,74.46,76.91,275921.0,2021.0,17622.85
2304608,General Sampaio,CE,Ceará,Nordeste,Norte Cearense,Médio Curu,Fortaleza,6734.0,230.371,29.23,75.28,86963.0,2021.0,12914.02
2304657,Graça,CE,Ceará,Nordeste,Noroeste Cearense,Sobral,Sobral,13801.0,258.942,53.3,73.55,129711.0,2021.0,9398.67
2304707,Granja,CE,Ceará,Nordeste,Noroeste Cearense,Litoral de Camocim e Acaraú,Sobral,53344.0,2663.174,20.03,71.01,469407.0,2021.0,8799.62
2304806,Granjeiro,CE,Ceará,Nordeste,Sul Cearense,Caririaçu,Juazeiro do Norte,4841.0,111.528,43.41,76.94,51337.0,2021.0,10604.63
2304905,Groaíras,CE,Ceará,Nordeste,Noroeste Cearense,Sobral,Sobral,10910.0,155.681,70.08,79.76,110755.0,2021.0,10151.7
2304954,Guaiúba,CE,Ceará,Nordeste,Metropolitana de Fortaleza,Fortaleza,Fortaleza,24325.0,256.053,95.0,82.38,231993.0,2021.0,9537.23
2305001,Guaraciaba do Norte,CE,Ceará,Nordeste,Noroeste Cearense,Ibiapaba,Sobral,42053.0,624.606,67.33,78.87,669209.0,2021.0,15913.47
2305100,Guaramiranga,CE,Ceará,Nordeste,Norte Cearense,Baturité,Fortaleza,5654.0,90.817,62.26,78.63,80396.0,2021.0,14219.31
2305209,Hidrolândia,CE,Ceará,Nordeste,Noroeste Cearense,Santa Quitéria,Sobral,17855.0,926.592,19.27,78.71,185025.0,2021.0,10362.64
2305233,Horizonte,CE,Ceará,Nordeste,Metropolitana de Fortaleza,Pacajus,Fortaleza,74755.0,160.557,465.6,88.61,2116782.0,2021.0,28316.26
2305266,Ibaretama,CE,Ceará,Nordeste,Sertões Cearenses,Sertão de Quixeramobim,Quixadá,11956.0,879.255,13.6,73.72,132265.0,2021.0,11062.65
2305308,Ibiapina,CE,Ceará,Nordeste,Noroeste Cearense,Ibiapaba,Sobral,23965.0,414.092,57.87,80.6,348540.0,2021.0,14543.71
2305332,Ibicuitinga,CE,Ceará,Nordeste,Jaguaribe,Baixo Jaguaribe,Quixadá,11611.0,423.856,27.39,75.63,124951.0,2021.0,10761.43
2305357,Icapuí,CE,Ceará,Nordeste,Jaguaribe,Litoral de Aracati,Quixadá,21433.0,421.44,50.86,81.95,411021.0,2021.0,19177.02
2305407,Icó,CE,Ceará,Nordeste,Centro-Sul Cearense,Iguatu,Iguatu,62642.0,1865.862,33.57,74.1,737489.0,2021.0,11773.08
2305506,Iguatu,CE,Ceará,Nordeste,Centro-Sul Cearense,Iguatu,Iguatu,98064.0,992.208,98.83,82.99,1904815.0,2021.0,19424.2
2305605,Independência,CE,Ceará,Nordeste,Sertões Cearenses,Sertão de Cratéus,Crateús,24024.0,3222.381,7.46,76.64,306809.0,2021.0,12770.94
2305654,Ipaporanga,CE,Ceará,Nordeste,Sertões Cearenses,Sertão de Cratéus,Crateús,11575.0,704.773,16.42,76.56,114127.0,2021.0,9859.78
2305704,Ipaumirim,CE,Ceará,Nordeste,Centro-Sul Cearense,Lavras da Mangabeira,Iguatu,12083.0,276.508,43.7,80.75,143451.0,2021.0,11872.13
2305803,Ipu,CE,Ceará,Nordeste,Noroeste Cearense,Ipu,Sobral,41081.0,626.049,65.62,79.09,519845.0,2021.0,12654.15
2305902,Ipueiras,CE,Ceará,Nordeste,Noroeste Cearense,Ipu,Sobral,36798.0,1483.258,24.81,75.31,328115.0,2021.0,8916.65
2306009,Iracema,CE,Ceará,Nordeste,Jaguaribe,Serra do Pereiro,Quixadá,14001.0,839.174,16.68,78.35,195282.0,2021.0,13947.72
2306108,Irauçuba,CE,Ceará,Nordeste,Noroeste Cearense,Sobral,Fortaleza,23915.0,1466.412,16.31,79.91,220294.0,2021.0,9211.54
2306207,Itaiçaba,CE,Ceará,Nordeste,Jaguaribe,Litoral de Aracati,Quixadá,7536.0,213.604,35.28,81.61,82855.0,2021.0,10994.56
2306256,Itaitinga,CE,Ceará,Nordeste,Metropolitana de Fortaleza,Fortaleza,Fortaleza,64650.0,153.686,420.66,89.79,1258826.0,2021.0,19471.4
2306306,Itapajé,CE,Ceará,Nordeste,Norte Cearense,Uruburetama,Fortaleza,46426.0,432.188,107.42,81.66,594581.0,2021.0,12807.07
2306405,Itapipoca,CE,Ceará,Nordeste,Norte Cearense,Itapipoca,Fortaleza,131123.0,1600.358,81.93,85.0,1784007.0,2021.0,13605.6
2306504,Itapiúna,CE,Ceará,Nordeste,Norte Cearense,Baturité,Fortaleza,17841.0,593.231,30.07,75.28,170314.0,2021.0,9546.21
2306553,Itarema,CE,Ceará,Nordeste,Noroeste Cearense,Litoral de Camocim e Acaraú,Sobral,42957.0,714.833,60.09,81.74,766786.0,2021.0,17850.08
2306603,Itatira,CE,Ceará,Nordeste,Norte Cearense,Canindé,Fortaleza,20424.0,829.626,24.62,75.45,174029.0,2021.0,8520.81
2306702,Jaguaretama,CE,Ceará,Nordeste,Jaguaribe,Médio Jaguaribe,Quixadá,17232.0,1826.826,9.43,76.71,226644.0,2021.0,13152.51
2306801,Jaguaribara,CE,Ceará,Nordeste,Jaguaribe,Médio Jaguaribe,Quixadá,10356.0,622.963,16.62,79.9,154002.0,2021.0,14870.8
2306900,Jaguaribe,CE,Ceará,Nordeste,Jaguaribe,Médio Jaguaribe,Quixadá,33726.0,1877.062,17.97,81.79,561175.0,2021.0,16639.24
2307007,Jaguaruana,CE,Ceará,Nordeste,Jaguaribe,Baixo Jaguaribe,Quixadá,31701.0,854.362,37.1,77.71,566961.0,2021.0,17884.64
2307106,Jardim,CE,Ceará,Nordeste,Sul Cearense,Cariri,Juazeiro do Norte,27411.0,544.98,50.3,78.99,294154.0,2021.0,10731.24
2307205,Jati,CE,Ceará,Nordeste,Sul Cearense,Brejo Santo,Juazeiro do Norte,7861.0,368.359,21.34,78.49,129729.0,2021.0,16502.86
2307254,Jijoca de Jericoacoara,CE,Ceará,Nordeste,Noroeste Cearense,Litoral de Camocim e Acaraú,Sobral,25555.0,209.029,122.26,85.74,551638.0,2021.0,21586.3
2307304,Juazeiro do Norte,CE,Ceará,Nordeste,Sul Cearense,Cariri,Juazeiro do Norte,286120.0,258.788,1105.62,89.11,5114786.0,2021.0,17876.37
2307403,Jucás,CE,Ceará,Nordeste,Centro-Sul Cearense,Várzea Alegre,Iguatu,23922.0,940.336,25.44,75.77,319373.0,2021.0,13350.6
2307502,Lavras da Mangabeira,CE,Ceará,Nordeste,Centro-Sul Cearense,Lavras da Mangabeira,Juazeiro do Norte,30802.0,945.263,32.59,78.65,343304.0,2021.0,11145.51
2307601,Limoeiro do Norte,CE,Ceará,Nordeste,Jaguaribe,Baixo Jaguaribe,Quixadá,59560.0,744.525,80.0,85.72,1423366.0,2021.0,23898.02
2307635,Madalena,CE,Ceará,Nordeste,Sertões Cearenses,Sertão de Quixeramobim,Fortaleza,16896.0,997.781,16.93,79.09,174831.0,2021.0,10347.48
2307650,Maracanaú,CE,Ceará,Nordeste,Metropolitana de Fortaleza,Fortaleza,Fortaleza,234509.0,105.071,2231.91,92.79,12336717.0,2021.0,52606.58
2307700,Maranguape,CE,Ceará,Nordeste,Metropolitana de Fortaleza,Fortaleza,Fortaleza,105093.0,583.505,180.11,89.16,1649528.0,2021.0,15695.89
2307809,Marco,CE,Ceará,Nordeste,Noroeste Cearense,Litoral de Camocim e Acaraú,Sobral,25799.0,573.61,44.98,82.85,390969.0,2021.0,15154.42
2307908,Martinópole,CE,Ceará,Nordeste,Noroeste Cearense,Litoral de Camocim e Acaraú,Sobral,10846.0,303.445,35.74,78.14,96327.0,2021.0,8881.34
2308005,Massapê,CE,Ceará,Nordeste,Noroeste Cearense,Sobral,Sobral,37697.0,567.78,66.39,78.08,378718.0,2021.0,10046.37
2308104,Mauriti,CE,Ceará,Nordeste,Sul Cearense,Barro,Juazeiro do Norte,45561.0,1079.011,42.22,75.85,517496.0,2021.0,11358.31
2308203,Meruoca,CE,Ceará,Nordeste,Noroeste Cearense,Meruoca,Sobral,15157.0,151.651,99.95,83.6,129293.0,2021.0,8530.25
2308302,Milagres,CE,Ceará,Nordeste,Sul Cearense,Brejo Santo,Juazeiro do Norte,25900.0,579.097,44.72,78.89,287223.0,2021.0,11089.69
2308351,Milhã,CE,Ceará,Nordeste,Sertões Cearenses,Sertão de Senador Pompeu,Quixadá,14123.0,502.137,28.13,81.33,195290.0,2021.0,13827.8
2308377,Miraíma,CE,Ceará,Nordeste,Noroeste Cearense,Sobral,Fortaleza,14196.0,708.678,20.03,78.27,112599.0,2021.0,7931.74
2308401,Missão Velha,CE,Ceará,Nordeste,Sul Cearense,Cariri,Juazeiro do Norte,36822.0,613.317,60.04,79.44,515937.0,2021.0,14011.65
2308500,Mombaça,CE,Ceará,Nordeste,Sertões Cearenses,Sertão de Senador Pompeu,Iguatu,37735.0,2115.748,17.84,73.43,446847.0,2021.0,11841.71
2308609,Monsenhor Tabosa,CE,Ceará,Nordeste,Sertões Cearenses,Sertão de Cratéus,Crateús,17149.0,892.538,19.21,78.63,160699.0,2021.0,9370.75
2308708,Morada Nova,CE,Ceará,Nordeste,Jaguaribe,Baixo Jaguaribe,Quixadá,61443.0,2763.971,22.23,79.17,1276864.0,2021.0,20781.28
2308807,Moraújo,CE,Ceará,Nordeste,Noroeste Cearense,Coreaú,Sobral,8254.0,414.446,19.92,77.48,75575.0,2021.0,9156.17
2308906,Morrinhos,CE,Ceará,Nordeste,Noroeste Cearense,Litoral de Camocim e Acaraú,Sobral,22753.0,411.586,55.28,78.09,193204.0,2021.0,8491.36
2309003,Mucambo,CE,Ceará,Nordeste,Noroeste Cearense,Sobral,Sobral,13666.0,192.19,71.11,75.97,131292.0,2021.0,9607.2
2309102,Mulungu,CE,Ceará,Nordeste,Norte Cearense,Baturité,Fortaleza,10569.0,97.951,107.9,84.49,123801.0,2021.0,11713.6
2309201,Nova Olinda,CE,Ceará,Nordeste,Sul Cearense,Cariri,Juazeiro do Norte,15399.0,282.584,54.49,83.64,163381.0,2021.0,10609.84
2309300,Nova Russas,CE,Ceará,Nordeste,Sertões Cearenses,Sertão de Cratéus,Crateús,30699.0,736.911,41.66,79.25,336930.0,2021.0,10975.28
2309409,Novo Oriente,CE,Ceará,Nordeste,Sertões Cearenses,Sertão de Cratéus,Crateús,27545.0,947.44,29.07,72.93,283185.0,2021.0,10280.81
2309458,Ocara,CE,Ceará,Nordeste,Norte Cearense,Chorozinho,Fortaleza,24493.0,763.075,32.1,75.94,284836.0,2021.0,11629.28
2309508,Orós,CE,Ceará,Nordeste,Centro-Sul Cearense,Iguatu,Iguatu,19675.0,577.526,34.07,77.29,218899.0,2021.0,11125.74
2309607,Pacajus,CE,Ceará,Nordeste,Metropolitana de Fortaleza,Pacajus,Fortaleza,70983.0,250.304,283.59,86.12,1360535.0,2021.0,19167.05
2309706,Pacatuba,CE,Ceará,Nordeste,Metropolitana de Fortaleza,Fortaleza,Fortaleza,81524.0,133.236,611.88,91.37,1235176.0,2021.0,15151.07
2309805,Pacoti,CE,Ceará,Nordeste,Norte Cearense,Baturité,Fortaleza,11186.0,112.433,99.49,83.7,148366.0,2021.0,13263.54
2309904,Pacujá,CE,Ceará,Nordeste,Noroeste Cearense,Sobral,Sobral,6175.0,88.355,69.89,79.23,59940.0,2021.0,9706.88
2310001,Palhano,CE,Ceará,Nordeste,Jaguaribe,Baixo Jaguaribe,Quixadá,9346.0,436.98,21.39,77.78,98773.0,2021.0,10568.48
2310100,Palmácia,CE,Ceará,Nordeste,Norte Cearense,Baturité,Fortaleza,10242.0,128.896,79.46,82.22,115124.0,2021.0,11240.38
2310209,Paracuru,CE,Ceará,Nordeste,Norte Cearense,Baixo Curu,Fortaleza,38980.0,304.734,127.91,85.71,555931.0,2021.0,14261.95
2310258,Paraipaba,CE,Ceará,Nordeste,Norte Cearense,Baixo Curu,Fortaleza,32216.0,289.231,111.39,85.8,535129.0,2021.0,16610.66
2310308,Parambu,CE,Ceará,Nordeste,Sertões Cearenses,Sertão de Inhamuns,Crateús,31445.0,2313.868,13.59,74.11,288689.0,2021.0,9180.76
2310407,Paramoti,CE,Ceará,Nordeste,Norte Cearense,Canindé,Fortaleza,10384.0,539.238,19.26,78.25,110908.0,2021.0,10680.66
2310506,Pedra Branca,CE,Ceará,Nordeste,Sertões Cearenses,Sertão de Senador Pompeu,Quixadá,40187.0,1302.081,30.86,76.49,389914.0,2021.0,9702.49
2310605,Penaforte,CE,Ceará,Nordeste,Sul Cearense,Brejo Santo,Juazeiro do Norte,8972.0,150.536,59.6,84.68,122162.0,2021.0,13615.92
2310704,Pentecoste,CE,Ceará,Nordeste,Norte Cearense,Médio Curu,Fortaleza,37813.0,1379.836,27.4,81.94,484760.0,2021.0,12819.93
2310803,Pereiro,CE,Ceará,Nordeste,Jaguaribe,Serra do Pereiro,Quixadá,15274.0,435.868,35.04,79.47,560571.0,2021.0,36701.0
2310852,Pindoretama,CE,Ceará,Nordeste,Norte Cearense,Cascavel,Fortaleza,23391.0,74.033,315.95,84.15,274852.0,2021.0,11750.33
2310902,Piquet Carneiro,CE,Ceará,Nordeste,Sertões Cearenses,Sertão de Senador Pompeu,Iguatu,16616.0,589.601,28.18,80.32,162092.0,2021.0,9755.18
2310951,Pires Ferreira,CE,Ceará,Nordeste,Noroeste Cearense,Ipu,Sobral,10606.0,244.464,43.38,77.14,84230.0,2021.0,7941.73
2311009,Poranga,CE,Ceará,Nordeste,Noroeste Cearense,Ipu,Crateús,12065.0,1310.771,9.2,77.5,109402.0,2021.0,9067.72
2311108,Porteiras,CE,Ceará,Nordeste,Sul Cearense,Cariri,Juazeiro do Norte,17050.0,224.86,75.82,78.9,186375.0,2021.0,10931.09
2311207,Potengi,CE,Ceará,Nordeste,Sul Cearense,Chapada do Araripe,Juazeiro do Norte,8833.0,343.264,25.73,74.05,110570.0,2021.0,12517.83
2311231,Potiretama,CE,Ceará,Nordeste,Jaguaribe,Serra do Pereiro,Quixadá,5974.0,409.137,14.6,77.15,96816.0,2021.0,16206.23
2311264,Quiterianópolis,CE,Ceará,Nordeste,Sertões Cearenses,Sertão de Cratéus,Crateús,20213.0,1041.832,19.4,74.47,184720.0,2021.0,9138.67
2311306,Quixadá,CE,Ceará,Nordeste,Sertões Cearenses,Sertão de Quixeramobim,Quixadá,84168.0,2020.586,41.66,82.59,1109869.0,2021.0,13186.35
2311355,Quixelô,CE,Ceará,Nordeste,Centro-Sul Cearense,Iguatu,Iguatu,15910.0,605.345,26.28,70.88,198820.0,2021.0,12496.54
2311405,Quixeramobim,CE,Ceará,Nordeste,Sertões Cearenses,Sertão de Quixeramobim,Quixadá,82177.0,3324.987,24.71,82.23,1402461.0,2021.0,17066.34
2311504,Quixeré,CE,Ceará,Nordeste,Jaguaribe,Baixo Jaguaribe,Quixadá,20874.0,613.099,34.05,78.35,637015.0,2021.0,30517.15
2311603,Redenção,CE,Ceará,Nordeste,Norte Cearense,Baturité,Fortaleza,27214.0,247.989,109.74,83.0,409867.0,2021.0,15060.89
2311702,Reriutaba,CE,Ceará,Nordeste,Noroeste Cearense,Ipu,Sobral,18606.0,372.949,49.89,78.27,190710.0,2021.0,10249.92
2311801,Russas,CE,Ceará,Nordeste,Jaguaribe,Baixo Jaguaribe,Quixadá,72928.0,1611.091,45.27,84.55,1158523.0,2021.0,15885.85
2311900,Saboeiro,CE,Ceará,Nordeste,Sertões Cearenses,Sertão de Inhamuns,Iguatu,13854.0,1381.274,10.03,72.3,169856.0,2021.0,12260.43
2311959,Salitre,CE,Ceará,Nordeste,Sul Cearense,Chapada do Araripe,Juazeiro do Norte,16633.0,806.253,20.63,71.85,159284.0,2021.0,9576.38
2312007,Santana do Acaraú,CE,Ceará,Nordeste,Noroeste Cearense,Sobral,Sobral,30628.0,972.573,31.49,76.53,280072.0,2021.0,9144.31
2312106,Santana do Cariri,CE,Ceará,Nordeste,Sul Cearense,Cariri,Juazeiro do Norte,16954.0,855.165,19.83,77.19,159277.0,2021.0,9394.66
2312205,Santa Quitéria,CE,Ceará,Nordeste,Noroeste Cearense,Santa Quitéria,Sobral,40183.0,4262.293,9.43,78.86,633710.0,2021.0,15770.6
2312304,São Benedito,CE,Ceará,Nordeste,Noroeste Cearense,Ibiapaba,Sobral,47640.0,350.847,135.79,79.81,627180.0,2021.0,13164.99
2312403,São Gonçalo do Amarante,CE,Ceará,Nordeste,Norte Cearense,Baixo Curu,Fortaleza,54143.0,842.635,64.25,87.73,8624987.0,2021.0,159300.13
2312502,São João do Jaguaribe,CE,Ceará,Nordeste,Jaguaribe,Baixo Jaguaribe,Quixadá,5855.0,279.451,20.95,79.66,107898.0,2021.0,18428.35
2312601,São Luís do Curu,CE,Ceará,Nordeste,Norte Cearense,Médio Curu,Fortaleza,10822.0,122.865,88.08,83.2,133109.0,2021.0,12299.85
2312700,Senador Pompeu,CE,Ceará,Nordeste,Sertões Cearenses,Sertão de Senador Pompeu,Quixadá,24266.0,956.882,25.36,78.63,352272.0,2021.0,14517.1
2312809,Senador Sá,CE,Ceará,Nordeste,Noroeste Cearense,Sobral,Sobral,7262.0,424.642,17.1,74.96,62766.0,2021.0,8643.07
2312908,Sobral,CE,Ceará,Nordeste,Noroeste Cearense,Sobral,Sobral,203023.0,2068.474,98.15,87.12,5395130.0,2021.0,26573.98
2313005,Solonópole,CE,Ceará,Nordeste,Sertões Cearenses,Sertão de Senador Pompeu,Quixadá,18179.0,1535.855,11.84,78.32,303284.0,2021.0,16683.21
2313104,Tabuleiro do Norte,CE,Ceará,Nordeste,Jaguaribe,Baixo Jaguaribe,Quixadá,30652.0,1047.637,29.26,81.17,450593.0,2021.0,14700.28
2313203,Tamboril,CE,Ceará,Nordeste,Sertões Cearenses,Sertão de Cratéus,Crateús,24815.0,2014.543,12.32,74.9,282247.0,2021.0,11374.05
2313252,Tarrafas,CE,Ceará,Nordeste,Centro-Sul Cearense,Várzea Alegre,Juazeiro do Norte,7529.0,412.719,18.24,73.31,85682.0,2021.0,11380.26
2313302,Tauá,CE,Ceará,Nordeste,Sertões Cearenses,Sertão de Inhamuns,Crateús,61227.0,4010.618,15.27,79.39,711836.0,2021.0,11626.18
2313351,Tejuçuoca,CE,Ceará,Nordeste,Norte Cearense,Médio Curu,Fortaleza,17154.0,758.707,22.61,76.64,136988.0,2021.0,7985.78
2313401,Tianguá,CE,Ceará,Nordeste,Noroeste Cearense,Ibiapaba,Sobral,81506.0,909.853,89.58,83.25,1732690.0,2021.0,21258.43
2313500,Trairi,CE,Ceará,Nordeste,Norte Cearense,Itapipoca,Fortaleza,58415.0,928.725,62.9,81.51,1115144.0,2021.0,19090.03
2313559,Tururu,CE,Ceará,Nordeste,Norte Cearense,Uruburetama,Fortaleza,15412.0,201.27,76.57,78.3,138079.0,2021.0,8959.19
2313609,Ubajara,CE,Ceará,Nordeste,Noroeste Cearense,Ibiapaba,Sobral,32767.0,423.673,77.34,81.97,642046.0,2021.0,19594.29
2313708,Umari,CE,Ceará,Nordeste,Centro-Sul Cearense,Lavras da Mangabeira,Iguatu,6871.0,263.183,26.11,76.24,69441.0,2021.0,10106.39
2313757,Umirim,CE,Ceará,Nordeste,Norte Cearense,Uruburetama,Fortaleza,17470.0,315.648,55.35,78.72,172797.0,2021.0,9891.07
2313807,Uruburetama,CE,Ceará,Nordeste,Norte Cearense,Uruburetama,Fortaleza,20189.0,99.4,203.11,81.99,299474.0,2021.0,14833.52
2313906,Uruoca,CE,Ceará,Nordeste,Noroeste Cearense,Coreaú,Sobral,13746.0,697.683,19.7,75.11,298207.0,2021.0,21694.09
2313955,Varjota,CE,Ceará,Nordeste,Noroeste Cearense,Ipu,Sobral,18105.0,179.239,101.01,80.24,375819.0,2021.0,20757.75
2314003,Várzea Alegre,CE,Ceará,Nordeste,Centro-Sul Cearense,Várzea Alegre,Juazeiro do Norte,38984.0,829.976,46.97,78.45,468101.0,2021.0,12007.52
2314102,Viçosa do Ceará,CE,Ceará,Nordeste,Noroeste Cearense,Ibiapaba,Sobral,59712.0,1310.91,45.55,77.1,603321.0,2021.0,10103.85
2400109,Acari,RN,Rio Grande do Norte,Nordeste,Central Potiguar,Seridó Oriental,Caicó,10597.0,608.466,17.42,86.81,141992.0,2021.0,13399.26
2400208,Assú,RN,Rio Grande do Norte,Nordeste,Oeste Potiguar,Vale do Açu,Mossoró,56496.0,1303.442,43.34,82.33,1467562.0,2021.0,25976.39
2400307,Afonso Bezerra,RN,Rio Grande do Norte,Nordeste,Central Potiguar,Angicos,Mossoró,10839.0,576.179,18.81,77.37,138262.0,2021.0,12755.97
2400406,Água Nova,RN,Rio Grande do Norte,Nordeste,Oeste Potiguar,Serra de São Miguel,Mossoró,2946.0,50.684,58.12,79.08,34552.0,2021.0,11728.45
2400505,Alexandria,RN,Rio Grande do Norte,Nordeste,Oeste Potiguar,Pau dos Ferros,Mossoró,13640.0,381.205,35.78,77.58,150789.0,2021.0,11054.91
2400604,Almino Afonso,RN,Rio Grande do Norte,Nordeste,Oeste Potiguar,Umarizal,Mossoró,4687.0,128.038,36.61,78.46,50061.0,2021.0,10680.82
2400703,Alto do Rodrigues,RN,Rio Grande do Norte,Nordeste,Oeste Potiguar,Vale do Açu,Mossoró,12484.0,191.334,65.25,83.87,616322.0,2021.0,49368.95
2400802,Angicos,RN,Rio Grande do Norte,Nordeste,Central Potiguar,Angicos,Mossoró,11632.0,741.582,15.69,80.71,180163.0,2021.0,15488.57
2400901,Antônio Martins,RN,Rio Grande do Norte,Nordeste,Oeste Potiguar,Umarizal,Mossoró,6577.0,244.897,26.86,78.17,65525.0,2021.0,9962.75
2401008,Apodi,RN,Rio Grande do Norte,Nordeste,Oeste Potiguar,Chapada do Apodi,Mossoró,36093.0,1602.477,22.52,79.54,709586.0,2021.0,19659.93
2401107,Areia Branca,RN,Rio Grande do Norte,Nordeste,Oeste Potiguar,Mossoró,Mossoró,24093.0,342.749,70.29,87.91,935968.0,2021.0,38848.13
2401206,Arez,RN,Rio Grande do Norte,Nordeste,Leste Potiguar,Litoral Sul,Natal,13251.0,115.407,114.82,79.03,386631.0,2021.0,29177.5
2401305,Campo Grande,RN,Rio Grande do Norte,Nordeste,Oeste Potiguar,Médio Oeste,Mossoró,9730.0,890.89,10.92,76.35,105354.0,2021.0,10827.75
2401404,Baía Formosa,RN,Rio Grande do Norte,Nordeste,Leste Potiguar,Litoral Sul,Natal,8825.0,247.484,35.66,82.88,325030.0,2021.0,36830.59
2401453,Baraúna,RN,Rio Grande do Norte,Nordeste,Oeste Potiguar,Mossoró,Mossoró,26913.0,825.681,32.59,79.42,746395.0,2021.0,27733.62
2401503,Barcelona,RN,Rio Grande do Norte,Nordeste,Agreste Potiguar,Borborema Potiguar,Natal,3986.0,152.626,26.12,78.66,45864.0,2021.0,11506.27
2401602,Bento Fernandes,RN,Rio Grande do Norte,Nordeste,Agreste Potiguar,Baixa Verde,Natal,4807.0,301.069,15.97,78.92,88429.0,2021.0,18395.88
2401651,Bodó,RN,Rio Grande do Norte,Nordeste,Central Potiguar,Serra de Santana,Caicó,2306.0,253.519,9.1,78.92,286574.0,2021.0,124273.2
2401701,Bom Jesus,RN,Rio Grande do Norte,Nordeste,Agreste Potiguar,Agreste Potiguar,Natal,9952.0,122.035,81.55,79.41,109336.0,2021.0,10986.33
2401800,Brejinho,RN,Rio Grande do Norte,Nordeste,Agreste Potiguar,Agreste Potiguar,Natal,12202.0,61.559,198.22,78.9,139463.0,2021.0,11429.52
2401859,Caiçara do Norte,RN,Rio Grande do Norte,Nordeste,Central Potiguar,Macau,Natal,6293.0,225.633,27.89,82.36,112176.0,2021.0,17825.52
2401909,Caiçara do Rio do Vento,RN,Rio Grande do Norte,Nordeste,Central Potiguar,Angicos,Natal,3268.0,261.194,12.51,79.17,60456.0,2021.0,18499.39
2402006,Caicó,RN,Rio Grande do Norte,Nordeste,Central Potiguar,Seridó Ocidental,Caicó,61146.0,1228.584,49.77,88.92,1394838.0,2021.0,22811.6
2402105,Campo Redondo,RN,Rio Grande do Norte,Nordeste,Agreste Potiguar,Borborema Potiguar,Natal,10215.0,213.727,47.79,82.43,106965.0,2021.0,10471.37
2402204,Canguaretama,RN,Rio Grande do Norte,Nordeste,Leste Potiguar,Litoral Sul,Natal,29668.0,245.485,120.85,80.65,605673.0,2021.0,20415.03
2402303,Caraúbas,RN,Rio Grande do Norte,Nordeste,Oeste Potiguar,Chapada do Apodi,Mossoró,19727.0,1095.803,18.0,80.14,373657.0,2021.0,18941.4
2402402,Carnaúba dos Dantas,RN,Rio Grande do Norte,Nordeste,Central Potiguar,Seridó Oriental,Caicó,7992.0,246.308,32.45,88.71,118372.0,2021.0,14811.31
2402501,Carnaubais,RN,Rio Grande do Norte,Nordeste,Oeste Potiguar,Vale do Açu,Mossoró,9714.0,517.737,18.76,80.26,210948.0,2021.0,21715.87
2402600,Ceará-Mirim,RN,Rio Grande do Norte,Nordeste,Leste Potiguar,Macaíba,Natal,79115.0,724.838,109.15,84.02,1002193.0,2021.0,12667.55
2402709,Cerro Corá,RN,Rio Grande do Norte,Nordeste,Central Potiguar,Serra de Santana,Caicó,11000.0,393.573,27.95,78.67,140410.0,2021.0,12764.55
2402808,Coronel Ezequiel,RN,Rio Grande do Norte,Nordeste,Agreste Potiguar,Borborema Potiguar,Natal,5117.0,185.748,27.55,77.07,52506.0,2021.0,10261.09
2402907,Coronel João Pessoa,RN,Rio Grande do Norte,Nordeste,Oeste Potiguar,Serra de São Miguel,Mossoró,4237.0,117.139,36.17,72.69,48166.0,2021.0,11367.95
2403004,Cruzeta,RN,Rio Grande do Norte,Nordeste,Central Potiguar,Seridó Oriental,Caicó,8005.0,295.83,27.06,84.32,123141.0,2021.0,15383.01
2403103,Currais Novos,RN,Rio Grande do Norte,Nordeste,Central Potiguar,Seridó Oriental,Caicó,41313.0,864.349,47.8,86.43,804224.0,2021.0,19466.61
2403202,Doutor Severiano,RN,Rio Grande do Norte,Nordeste,Oeste Potiguar,Serra de São Miguel,Mossoró,7044.0,113.737,61.93,77.91,78555.0,2021.0,11152.04
2403251,Parnamirim,RN,Rio Grande do Norte,Nordeste,Leste Potiguar,Natal,Natal,252716.0,124.006,2037.93,94.91,6845358.0,2021.0,27087.16
2403301,Encanto,RN,Rio Grande do Norte,Nordeste,Oeste Potiguar,Serra de São Miguel,Mossoró,6016.0,125.749,47.84,81.19,62292.0,2021.0,10354.39
2403400,Equador,RN,Rio Grande do Norte,Nordeste,Central Potiguar,Seridó Oriental,Caicó,5360.0,264.985,20.23,82.1,81976.0,2021.0,15294.03
2403509,Espírito Santo,RN,Rio Grande do Norte,Nordeste,Leste Potiguar,Litoral Sul,Natal,10620.0,135.838,78.18,72.71,97584.0,2021.0,9188.7
2403608,Extremoz,RN,Rio Grande do Norte,Nordeste,Leste Potiguar,Natal,Natal,61635.0,140.639,438.25,91.38,570418.0,2021.0,9254.77
2403707,Felipe Guerra,RN,Rio Grande do Norte,Nordeste,Oeste Potiguar,Chapada do Apodi,Mossoró,5944.0,268.591,22.13,82.62,173825.0,2021.0,29243.78
2403756,Fernando Pedroza,RN,Rio Grande do Norte,Nordeste,Central Potiguar,Angicos,Mossoró,2938.0,322.628,9.11,76.68,39069.0,2021.0,13297.82
2403806,Florânia,RN,Rio Grande do Norte,Nordeste,Central Potiguar,Serra de Santana,Caicó,10196.0,507.892,20.08,83.48,120492.0,2021.0,11817.58
2403905,Francisco Dantas,RN,Rio Grande do Norte,Nordeste,Oeste Potiguar,Pau dos Ferros,Mossoró,2700.0,181.558,14.87,78.1,32758.0,2021.0,12132.59
2404002,Frutuoso Gomes,RN,Rio Grande do Norte,Nordeste,Oeste Potiguar,Umarizal,Mossoró,4122.0,63.279,65.14,79.77,44911.0,2021.0,10895.44
2404101,Galinhos,RN,Rio Grande do Norte,Nordeste,Central Potiguar,Macau,Natal,2104.0,340.769,6.17,78.4,162616.0,2021.0,77288.97
2404200,Goianinha,RN,Rio Grande do Norte,Nordeste,Leste Potiguar,Litoral Sul,Natal,26741.0,192.279,139.07,84.51,546570.0,2021.0,20439.4
2404309,Governador Dix-Sept Rosado,RN,Rio Grande do Norte,Nordeste,Oeste Potiguar,Chapada do Apodi,Mossoró,11938.0,1129.55,10.57,80.62,386259.0,2021.0,32355.42
2404408,Grossos,RN,Rio Grande do Norte,Nordeste,Oeste Potiguar,Mossoró,Mossoró,9924.0,124.538,79.69,82.24,158308.0,2021.0,15952.04
2404507,Guamaré,RN,Rio Grande do Norte,Nordeste,Central Potiguar,Macau,Mossoró,15295.0,258.307,59.21,83.96,2042133.0,2021.0,133516.38
2404606,Ielmo Marinho,RN,Rio Grande do Norte,Nordeste,Agreste Potiguar,Agreste Potiguar,Natal,11615.0,312.028,37.22,74.81,140718.0,2021.0,12115.2
2404705,Ipanguaçu,RN,Rio Grande do Norte,Nordeste,Oeste Potiguar,Vale do Açu,Mossoró,14131.0,374.245,37.76,77.77,196498.0,2021.0,13905.46
2404804,Ipueira,RN,Rio Grande do Norte,Nordeste,Central Potiguar,Seridó Ocidental,Caicó,2035.0,127.348,15.98,86.53,34929.0,2021.0,17164.13
2404853,Itajá,RN,Rio Grande do Norte,Nordeste,Oeste Potiguar,Vale do Açu,Mossoró,7292.0,203.624,35.81,80.76,99444.0,2021.0,13637.41
2404903,Itaú,RN,Rio Grande do Norte,Nordeste,Oeste Potiguar,Pau dos Ferros,Mossoró,5320.0,133.031,39.99,80.31,73781.0,2021.0,13868.61
2405009,Jaçanã,RN,Rio Grande do Norte,Nordeste,Agreste Potiguar,Borborema Potiguar,Natal,7834.0,54.561,143.58,79.82,86389.0,2021.0,11027.44
2405108,Jandaíra,RN,Rio Grande do Norte,Nordeste,Agreste Potiguar,Baixa Verde,Natal,6562.0,442.754,14.82,77.2,101429.0,2021.0,15457.03
2405207,Janduís,RN,Rio Grande do Norte,Nordeste,Oeste Potiguar,Médio Oeste,Mossoró,4746.0,303.448,15.64,77.28,84497.0,2021.0,17803.83
2405306,Januário Cicco,RN,Rio Grande do Norte,Nordeste,Agreste Potiguar,Agreste Potiguar,Natal,9051.0,170.737,53.01,72.17,84899.0,2021.0,9380.07
2405405,Japi,RN,Rio Grande do Norte,Nordeste,Agreste Potiguar,Borborema Potiguar,Natal,5117.0,188.99,27.08,75.38,51547.0,2021.0,10073.68
2405504,Jardim de Angicos,RN,Rio Grande do Norte,Nordeste,Central Potiguar,Angicos,Natal,2437.0,254.022,9.59,78.59,64391.0,2021.0,26422.24
2405603,Jardim de Piranhas,RN,Rio Grande do Norte,Nordeste,Central Potiguar,Seridó Ocidental,Caicó,13977.0,330.53,42.29,80.34,213313.0,2021.0,15261.72
2405702,Jardim do Seridó,RN,Rio Grande do Norte,Nordeste,Central Potiguar,Seridó Oriental,Caicó,11655.0,367.645,31.7,83.93,207991.0,2021.0,17845.65
2405801,João Câmara,RN,Rio Grande do Norte,Nordeste,Agreste Potiguar,Baixa Verde,Natal,33290.0,714.961,46.56,79.85,1269833.0,2021.0,38144.58
2405900,João Dias,RN,Rio Grande do Norte,Nordeste,Oeste Potiguar,Umarizal,Mossoró,2076.0,88.173,23.54,77.94,27991.0,2021.0,13483.14
2406007,José da Penha,RN,Rio Grande do Norte,Nordeste,Oeste Potiguar,Pau dos Ferros,Mossoró,5803.0,117.635,49.33,77.13,67413.0,2021.0,11616.92
2406106,Jucurutu,RN,Rio Grande do Norte,Nordeste,Oeste Potiguar,Vale do Açu,Caicó,17793.0,933.73,19.06,76.4,315838.0,2021.0,17750.69
2406155,Jundiá,RN,Rio Grande do Norte,Nordeste,Agreste Potiguar,Agreste Potiguar,Natal,3739.0,44.641,83.76,75.47,42147.0,2021.0,11272.27
2406205,Lagoa d'Anta,RN,Rio Grande do Norte,Nordeste,Agreste Potiguar,Agreste Potiguar,Natal,6654.0,105.652,62.98,75.62,70837.0,2021.0,10645.78
2406304,Lagoa de Pedras,RN,Rio Grande do Norte,Nordeste,Agreste Potiguar,Agreste Potiguar,Natal,7338.0,117.971,62.2,70.97,81381.0,2021.0,11090.35
2406403,Lagoa de Velhos,RN,Rio Grande do Norte,Nordeste,Agreste Potiguar,Borborema Potiguar,Natal,2567.0,111.607,23.0,81.23,38240.0,2021.0,14896.77
2406502,Lagoa Nova,RN,Rio Grande do Norte,Nordeste,Central Potiguar,Serra de Santana,Caicó,15573.0,176.302,88.33,80.58,269032.0,2021.0,17275.54
2406601,Lagoa Salgada,RN,Rio Grande do Norte,Nordeste,Agreste Potiguar,Agreste Potiguar,Natal,8319.0,79.128,105.13,74.91,94311.0,2021.0,11336.82
2406700,Lajes,RN,Rio Grande do Norte,Nordeste,Central Potiguar,Angicos,Mossoró,9866.0,676.625,14.58,81.81,165928.0,2021.0,16818.16
2406809,Lajes Pintadas,RN,Rio Grande do Norte,Nordeste,Agreste Potiguar,Borborema Potiguar,Natal,4787.0,130.211,36.76,78.35,51593.0,2021.0,10777.73
2406908,Lucrécia,RN,Rio Grande do Norte,Nordeste,Oeste Potiguar,Umarizal,Mossoró,3490.0,30.931,112.83,82.49,51509.0,2021.0,14759.03
2407005,Luís Gomes,RN,Rio Grande do Norte,Nordeste,Oeste Potiguar,Serra de São Miguel,Mossoró,9070.0,166.638,54.43,78.21,87825.0,2021.0,9683.02
2407104,Macaíba,RN,Rio Grande do Norte,Nordeste,Leste Potiguar,Macaíba,Natal,82249.0,510.092,161.24,84.59,1828142.0,2021.0,22226.92
2407203,Macau,RN,Rio Grande do Norte,Nordeste,Central Potiguar,Macau,Mossoró,27369.0,775.302,35.3,85.08,1111118.0,2021.0,40597.68
2407252,Major Sales,RN,Rio Grande do Norte,Nordeste,Oeste Potiguar,Serra de São Miguel,Mossoró,3924.0,31.971,122.74,78.4,48003.0,2021.0,12233.18
2407302,Marcelino Vieira,RN,Rio Grande do Norte,Nordeste,Oeste Potiguar,Pau dos Ferros,Mossoró,7896.0,345.711,22.84,74.46,82889.0,2021.0,10497.59
2407401,Martins,RN,Rio Grande do Norte,Nordeste,Oeste Potiguar,Umarizal,Mossoró,8179.0,169.464,48.26,84.63,108194.0,2021.0,13228.27
2407500,Maxaranguape,RN,Rio Grande do Norte,Nordeste,Leste Potiguar,Litoral Nordeste,Natal,10255.0,132.129,77.61,81.59,134892.0,2021.0,13153.78
2407609,Messias Targino,RN,Rio Grande do Norte,Nordeste,Oeste Potiguar,Médio Oeste,Mossoró,4274.0,142.608,29.97,75.88,55529.0,2021.0,12992.28
2407708,Montanhas,RN,Rio Grande do Norte,Nordeste,Leste Potiguar,Litoral Sul,Natal,11444.0,82.214,139.2,77.89,130282.0,2021.0,11384.31
2407807,Monte Alegre,RN,Rio Grande do Norte,Nordeste,Agreste Potiguar,Agreste Potiguar,Natal,23031.0,211.259,109.02,79.38,271451.0,2021.0,11786.33
2407906,Monte das Gameleiras,RN,Rio Grande do Norte,Nordeste,Agreste Potiguar,Borborema Potiguar,Natal,2276.0,71.946,31.63,77.86,32366.0,2021.0,14220.56
2408003,Mossoró,RN,Rio Grande do Norte,Nordeste,Oeste Potiguar,Mossoró,Mossoró,264577.0,2099.334,126.03,89.96,8071719.0,2021.0,30508.01
2408102,Natal,RN,Rio Grande do Norte,Nordeste,Leste Potiguar,Natal,Natal,751300.0,167.401,4488.03,93.36,24186139.0,2021.0,32192.39
2408201,Nísia Floresta,RN,Rio Grande do Norte,Nordeste,Leste Potiguar,Macaíba,Natal,31942.0,307.719,103.8,85.91,474716.0,2021.0,14861.81
2408300,Nova Cruz,RN,Rio Grande do Norte,Nordeste,Agreste Potiguar,Agreste Potiguar,Natal,34269.0,277.658,123.42,76.47,560495.0,2021.0,16355.74
2408409,Olho d'Água do Borges,RN,Rio Grande do Norte,Nordeste,Oeste Potiguar,Umarizal,Mossoró,3905.0,141.17,27.66,74.85,47532.0,2021.0,12172.09
2408508,Ouro Branco,RN,Rio Grande do Norte,Nordeste,Central Potiguar,Seridó Oriental,Caicó,4913.0,253.21,19.4,83.92,61703.0,2021.0,12559.13
2408607,Paraná,RN,Rio Grande do Norte,Nordeste,Oeste Potiguar,Pau dos Ferros,Mossoró,3934.0,81.39,48.34,75.99,43930.0,2021.0,11166.75
2408706,Paraú,RN,Rio Grande do Norte,Nordeste,Oeste Potiguar,Médio Oeste,Mossoró,3579.0,383.214,9.34,76.81,55256.0,2021.0,15438.95
2408805,Parazinho,RN,Rio Grande do Norte,Nordeste,Agreste Potiguar,Baixa Verde,Natal,4801.0,231.007,20.78,76.88,606239.0,2021.0,126273.48
2408904,Parelhas,RN,Rio Grande do Norte,Nordeste,Central Potiguar,Seridó Oriental,Caicó,21499.0,513.507,41.87,87.63,368924.0,2021.0,17160.05
2408953,Rio do Fogo,RN,Rio Grande do Norte,Nordeste,Leste Potiguar,Litoral Nordeste,Natal,10351.0,151.097,68.51,80.88,185590.0,2021.0,17929.67
2409100,Passa e Fica,RN,Rio Grande do Norte,Nordeste,Agreste Potiguar,Agreste Potiguar,Natal,10896.0,42.137,258.59,77.74,152322.0,2021.0,13979.63
2409209,Passagem,RN,Rio Grande do Norte,Nordeste,Agreste Potiguar,Agreste Potiguar,Natal,3115.0,41.215,75.58,78.91,46128.0,2021.0,14808.35
2409308,Patu,RN,Rio Grande do Norte,Nordeste,Oeste Potiguar,Umarizal,Mossoró,11007.0,319.135,34.49,78.92,160912.0,2021.0,14619.06
2409332,Santa Maria,RN,Rio Grande do Norte,Nordeste,Agreste Potiguar,Agreste Potiguar,Natal,4847.0,219.57,22.07,78.76,78031.0,2021.0,16098.82
2409407,Pau dos Ferros,RN,Rio Grande do Norte,Nordeste,Oeste Potiguar,Pau dos Ferros,Mossoró,30479.0,259.959,117.25,87.04,709328.0,2021.0,23272.68
2409506,Pedra Grande,RN,Rio Grande do Norte,Nordeste,Leste Potiguar,Litoral Nordeste,Natal,3618.0,221.167,16.36,76.65,293283.0,2021.0,81062.19
2409605,Pedra Preta,RN,Rio Grande do Norte,Nordeste,Central Potiguar,Angicos,Natal,2441.0,294.985,8.27,75.4,36126.0,2021.0,14799.67
2409704,Pedro Avelino,RN,Rio Grande do Norte,Nordeste,Central Potiguar,Angicos,Natal,6242.0,952.755,6.55,75.57,79994.0,2021.0,12815.44
2409803,Pedro Velho,RN,Rio Grande do Norte,Nordeste,Leste Potiguar,Litoral Sul,Natal,13824.0,192.708,71.74,78.06,173615.0,2021.0,12558.96
2409902,Pendências,RN,Rio Grande do Norte,Nordeste,Oeste Potiguar,Vale do Açu,Mossoró,12278.0,419.137,29.29,82.48,757491.0,2021.0,61694.98
2410009,Pilões,RN,Rio Grande do Norte,Nordeste,Oeste Potiguar,Pau dos Ferros,Mossoró,2965.0,82.69,35.86,78.69,41829.0,2021.0,14107.59
2410108,Poço Branco,RN,Rio Grande do Norte,Nordeste,Agreste Potiguar,Baixa Verde,Natal,12390.0,230.401,53.78,76.94,131859.0,2021.0,10642.37
2410207,Portalegre,RN,Rio Grande do Norte,Nordeste,Oeste Potiguar,Pau dos Ferros,Mossoró,7601.0,110.054,69.07,81.03,78933.0,2021.0,10384.55
2410256,Porto do Mangue,RN,Rio Grande do Norte,Nordeste,Oeste Potiguar,Vale do Açu,Mossoró,5228.0,361.237,14.47,76.11,149471.0,2021.0,28590.47
2410306,Serra Caiada,RN,Rio Grande do Norte,Nordeste,Agreste Potiguar,Agreste Potiguar,Natal,10125.0,217.539,46.54,76.17,109306.0,2021.0,10795.65
2410405,Pureza,RN,Rio Grande do Norte,Nordeste,Leste Potiguar,Litoral Nordeste,Natal,9362.0,504.294,18.56,77.61,169428.0,2021.0,18097.42
2410504,Rafael Fernandes,RN,Rio Grande do Norte,Nordeste,Oeste Potiguar,Pau dos Ferros,Mossoró,5432.0,78.231,69.44,80.76,53271.0,2021.0,9806.89
2410603,Rafael Godeiro,RN,Rio Grande do Norte,Nordeste,Oeste Potiguar,Umarizal,Mossoró,2934.0,100.073,29.32,80.21,43450.0,2021.0,14809.13
2410702,Riacho da Cruz,RN,Rio Grande do Norte,Nordeste,Oeste Potiguar,Pau dos Ferros,Mossoró,2701.0,127.223,21.23,74.4,37507.0,2021.0,13886.34
2410801,Riacho de Santana,RN,Rio Grande do Norte,Nordeste,Oeste Potiguar,Serra de São Miguel,Mossoró,4127.0,128.106,32.22,79.67,43512.0,2021.0,10543.25
2410900,Riachuelo,RN,Rio Grande do Norte,Nordeste,Agreste Potiguar,Agreste Potiguar,Natal,7389.0,262.887,28.11,79.5,192156.0,2021.0,26005.68
2411007,Rodolfo Fernandes,RN,Rio Grande do Norte,Nordeste,Oeste Potiguar,Pau dos Ferros,Mossoró,4242.0,154.84,27.4,77.61,59192.0,2021.0,13953.8
2411056,Tibau,RN,Rio Grande do Norte,Nordeste,Oeste Potiguar,Mossoró,Mossoró,5382.0,169.365,31.78,86.67,115022.0,2021.0,21371.61
2411106,Ruy Barbosa,RN,Rio Grande do Norte,Nordeste,Agreste Potiguar,Borborema Potiguar,Natal,3206.0,125.809,25.48,77.53,126772.0,2021.0,39542.11
2411205,Santa Cruz,RN,Rio Grande do Norte,Nordeste,Agreste Potiguar,Borborema Potiguar,Natal,37313.0,624.356,59.76,81.72,619036.0,2021.0,16590.36
2411403,Santana do Matos,RN,Rio Grande do Norte,Nordeste,Central Potiguar,Serra de Santana,Mossoró,12456.0,1422.268,8.76,74.36,147037.0,2021.0,11804.51
2411429,Santana do Seridó,RN,Rio Grande do Norte,Nordeste,Central Potiguar,Seridó Oriental,Caicó,2696.0,188.403,14.31,86.09,36353.0,2021.0,13484.05
2411502,Santo Antônio,RN,Rio Grande do Norte,Nordeste,Agreste Potiguar,Agreste Potiguar,Natal,22177.0,301.082,73.66,76.85,302533.0,2021.0,13641.75
2411601,São Bento do Norte,RN,Rio Grande do Norte,Nordeste,Central Potiguar,Macau,Natal,3304.0,288.761,11.44,80.63,549241.0,2021.0,166235.17
2411700,São Bento do Trairí,RN,Rio Grande do Norte,Nordeste,Agreste Potiguar,Borborema Potiguar,Natal,3792.0,190.818,19.87,76.12,45623.0,2021.0,12031.38
2411809,São Fernando,RN,Rio Grande do Norte,Nordeste,Central Potiguar,Seridó Ocidental,Caicó,3492.0,404.427,8.63,78.96,63596.0,2021.0,18211.91
2411908,São Francisco do Oeste,RN,Rio Grande do Norte,Nordeste,Oeste Potiguar,Pau dos Ferros,Mossoró,4161.0,75.588,55.05,78.37,54447.0,2021.0,13085.08
2412005,São Gonçalo do Amarante,RN,Rio Grande do Norte,Nordeste,Leste Potiguar,Macaíba,Natal,115838.0,249.8,463.72,89.82,1905641.0,2021.0,16450.91
2412104,São João do Sabugi,RN,Rio Grande do Norte,Nordeste,Central Potiguar,Seridó Ocidental,Caicó,5956.0,277.011,21.5,85.02,84585.0,2021.0,14201.65
2412203,São José de Mipibu,RN,Rio Grande do Norte,Nordeste,Leste Potiguar,Macaíba,Natal,47286.0,289.987,163.06,83.61,1040956.0,2021.0,22014.04
2412302,São José do Campestre,RN,Rio Grande do Norte,Nordeste,Agreste Potiguar,Borborema Potiguar,Natal,11121.0,341.115,32.6,77.5,125090.0,2021.0,11248.09
2412401,São José do Seridó,RN,Rio Grande do Norte,Nordeste,Central Potiguar,Seridó Oriental,Caicó,4558.0,174.505,26.12,88.88,83854.0,2021.0,18397.1
2412500,São Miguel,RN,Rio Grande do Norte,Nordeste,Oeste Potiguar,Serra de São Miguel,Mossoró,23537.0,166.233,141.59,76.13,319740.0,2021.0,13584.57
2412559,São Miguel do Gostoso,RN,Rio Grande do Norte,Nordeste,Leste Potiguar,Litoral Nordeste,Natal,10221.0,431.444,23.69,80.87,492637.0,2021.0,48198.51
2412609,São Paulo do Potengi,RN,Rio Grande do Norte,Nordeste,Agreste Potiguar,Agreste Potiguar,Natal,16786.0,240.425,69.82,81.12,231552.0,2021.0,13794.35
2412708,São Pedro,RN,Rio Grande do Norte,Nordeste,Agreste Potiguar,Agreste Potiguar,Natal,5776.0,195.237,29.58,79.28,55799.0,2021.0,9660.49
2412807,São Rafael,RN,Rio Grande do Norte,Nordeste,Oeste Potiguar,Vale do Açu,Mossoró,7711.0,469.101,16.44,78.5,88674.0,2021.0,11499.68
2412906,São Tomé,RN,Rio Grande do Norte,Nordeste,Agreste Potiguar,Borborema Potiguar,Natal,9972.0,862.585,11.56,77.75,111773.0,2021.0,11208.68
2413003,São Vicente,RN,Rio Grande do Norte,Nordeste,Central Potiguar,Serra de Santana,Caicó,6310.0,197.817,31.9,82.88,76920.0,2021.0,12190.17
2413102,Senador Elói de Souza,RN,Rio Grande do Norte,Nordeste,Agreste Potiguar,Agreste Potiguar,Natal,5965.0,152.376,39.15,75.07,60475.0,2021.0,10138.31
2413201,Senador Georgino Avelino,RN,Rio Grande do Norte,Nordeste,Leste Potiguar,Litoral Sul,Natal,4065.0,26.1,155.75,82.15,116486.0,2021.0,28655.84
2413300,Serra de São Bento,RN,Rio Grande do Norte,Nordeste,Agreste Potiguar,Borborema Potiguar,Natal,5703.0,96.628,59.02,72.96,57410.0,2021.0,10066.63
2413359,Serra do Mel,RN,Rio Grande do Norte,Nordeste,Oeste Potiguar,Mossoró,Mossoró,13091.0,620.241,21.11,81.58,858721.0,2021.0,65596.29
2413409,Serra Negra do Norte,RN,Rio Grande do Norte,Nordeste,Central Potiguar,Seridó Ocidental,Caicó,7597.0,562.396,13.51,78.85,118874.0,2021.0,15647.49
2413508,Serrinha,RN,Rio Grande do Norte,Nordeste,Agreste Potiguar,Agreste Potiguar,Natal,6436.0,193.351,33.29,74.03,71897.0,2021.0,11171.07
2413557,Serrinha dos Pintos,RN,Rio Grande do Norte,Nordeste,Oeste Potiguar,Umarizal,Mossoró,4659.0,122.375,38.07,79.38,49786.0,2021.0,10685.98
2413607,Severiano Melo,RN,Rio Grande do Norte,Nordeste,Oeste Potiguar,Pau dos Ferros,Mossoró,5487.0,157.85,34.76,78.12,63098.0,2021.0,11499.54
2413706,Sítio Novo,RN,Rio Grande do Norte,Nordeste,Agreste Potiguar,Borborema Potiguar,Natal,4654.0,213.456,21.8,76.05,53783.0,2021.0,11556.3
2413805,Taboleiro Grande,RN,Rio Grande do Norte,Nordeste,Oeste Potiguar,Pau dos Ferros,Mossoró,2338.0,124.093,18.84,83.19,32472.0,2021.0,13888.79
2413904,Taipu,RN,Rio Grande do Norte,Nordeste,Leste Potiguar,Litoral Nordeste,Natal,11422.0,352.818,32.37,74.57,155197.0,2021.0,13587.55
2414001,Tangará,RN,Rio Grande do Norte,Nordeste,Agreste Potiguar,Borborema Potiguar,Natal,13281.0,339.484,39.12,79.61,201782.0,2021.0,15193.28
2414100,Tenente Ananias,RN,Rio Grande do Norte,Nordeste,Oeste Potiguar,Pau dos Ferros,Mossoró,10262.0,223.671,45.88,77.85,113586.0,2021.0,11068.6
2414159,Tenente Laurentino Cruz,RN,Rio Grande do Norte,Nordeste,Central Potiguar,Serra de Santana,Caicó,5891.0,68.556,85.93,81.76,107284.0,2021.0,18211.51
2414209,Tibau do Sul,RN,Rio Grande do Norte,Nordeste,Leste Potiguar,Litoral Sul,Natal,16929.0,102.68,164.87,88.14,415829.0,2021.0,24563.12
2414308,Timbaúba dos Batistas,RN,Rio Grande do Norte,Nordeste,Central Potiguar,Seridó Ocidental,Caicó,2348.0,135.456,17.33,82.97,43617.0,2021.0,18576.24
2414407,Touros,RN,Rio Grande do Norte,Nordeste,Leste Potiguar,Litoral Nordeste,Natal,33035.0,753.961,43.82,77.92,814838.0,2021.0,24665.9
2414456,Triunfo Potiguar,RN,Rio Grande do Norte,Nordeste,Oeste Potiguar,Médio Oeste,Mossoró,3376.0,268.725,12.56,74.69,45829.0,2021.0,13574.94
2414506,Umarizal,RN,Rio Grande do Norte,Nordeste,Oeste Potiguar,Umarizal,Mossoró,10078.0,213.584,47.19,82.12,151205.0,2021.0,15003.47
2414605,Upanema,RN,Rio Grande do Norte,Nordeste,Oeste Potiguar,Médio Oeste,Mossoró,13577.0,873.14,15.55,77.77,214152.0,2021.0,15773.15
2414704,Várzea,RN,Rio Grande do Norte,Nordeste,Agreste Potiguar,Agreste Potiguar,Natal,5233.0,72.684,72.0,76.85,56555.0,2021.0,10807.38
2414753,Venha-Ver,RN,Rio Grande do Norte,Nordeste,Oeste Potiguar,Serra de São Miguel,Mossoró,3014.0,71.621,42.08,70.81,43202.0,2021.0,14333.78
2414803,Vera Cruz,RN,Rio Grande do Norte,Nordeste,Agreste Potiguar,Agreste Potiguar,Natal,10735.0,84.127,127.6,76.6,133469.0,2021.0,12433.07
2414902,Viçosa,RN,Rio Grande do Norte,Nordeste,Oeste Potiguar,Pau dos Ferros,Mossoró,1822.0,37.905,48.07,80.75,23238.0,2021.0,12754.12
2415008,Vila Flor,RN,Rio Grande do Norte,Nordeste,Leste Potiguar,Litoral Sul,Natal,3174.0,47.656,66.6,79.54,44403.0,2021.0,13989.6
2500106,Água Branca,PB,Paraíba,Nordeste,Sertão Paraibano,Serra do Teixeira,Patos,9335.0,241.662,38.63,81.32,92268.0,2021.0,9884.09
2500205,Aguiar,PB,Paraíba,Nordeste,Sertão Paraibano,Piancó,Patos,5003.0,351.607,14.23,69.5,60256.0,2021.0,12043.97
2500304,Alagoa Grande,PB,Paraíba,Nordeste,Agreste Paraibano,Brejo Paraibano,Campina Grande,26062.0,322.071,80.92,72.55,300766.0,2021.0,11540.4
2500403,Alagoa Nova,PB,Paraíba,Nordeste,Agreste Paraibano,Brejo Paraibano,Campina Grande,21013.0,128.23,163.87,78.21,335568.0,2021.0,15969.54
2500502,Alagoinha,PB,Paraíba,Nordeste,Agreste Paraibano,Guarabira,João Pessoa,13725.0,111.361,123.25,73.45,138844.0,2021.0,10116.14
2500536,Alcantil,PB,Paraíba,Nordeste,Borborema,Cariri Oriental,Campina Grande,5578.0,309.896,18.0,80.22,55221.0,2021.0,9899.78
2500577,Algodão de Jandaíra,PB,Paraíba,Nordeste,Agreste Paraibano,Curimataú Ocidental,Campina Grande,2953.0,222.74,13.26,70.37,28688.0,2021.0,9714.87
2500601,Alhandra,PB,Paraíba,Nordeste,Mata Paraibana,Litoral Sul,João Pessoa,21730.0,183.974,118.11,82.42,3391901.0,2021.0,156093.01
2500700,São João do Rio do Peixe,PB,Paraíba,Nordeste,Sertão Paraibano,Cajazeiras,Sousa - Cajazeiras,17964.0,476.238,37.72,78.6,226326.0,2021.0,12598.86
2500734,Amparo,PB,Paraíba,Nordeste,Borborema,Cariri Ocidental,Campina Grande,2234.0,122.094,18.3,80.06,29514.0,2021.0,13211.28
2500775,Aparecida,PB,Paraíba,Nordeste,Sertão Paraibano,Sousa,Sousa - Cajazeiras,7960.0,291.478,27.31,77.0,105562.0,2021.0,13261.56
2500809,Araçagi,PB,Paraíba,Nordeste,Agreste Paraibano,Guarabira,João Pessoa,16646.0,232.177,71.7,71.51,186121.0,2021.0,11181.12
2500908,Arara,PB,Paraíba,Nordeste,Agreste Paraibano,Curimataú Ocidental,João Pessoa,12212.0,91.306,133.75,72.46,112505.0,2021.0,9212.66
2501005,Araruna,PB,Paraíba,Nordeste,Agreste Paraibano,Curimataú Oriental,João Pessoa,17189.0,246.717,69.67,70.0,204618.0,2021.0,11904.01
2501104,Areia,PB,Paraíba,Nordeste,Agreste Paraibano,Brejo Paraibano,Campina Grande,22633.0,269.13,84.1,78.23,258030.0,2021.0,11400.61
2501153,Areia de Baraúnas,PB,Paraíba,Nordeste,Sertão Paraibano,Patos,Patos,2005.0,114.078,17.58,76.31,26146.0,2021.0,13040.4
2501203,Areial,PB,Paraíba,Nordeste,Agreste Paraibano,Esperança,Campina Grande,7128.0,35.81,199.05,81.62,62686.0,2021.0,8794.33
2501302,Aroeiras,PB,Paraíba,Nordeste,Agreste Paraibano,Umbuzeiro,Campina Grande,18705.0,376.118,49.73,73.75,286086.0,2021.0,15294.63
2501351,Assunção,PB,Paraíba,Nordeste,Borborema,Cariri Ocidental,Campina Grande,4152.0,132.139,31.42,81.01,48605.0,2021.0,11706.41
2501401,Baía da Traição,PB,Paraíba,Nordeste,Mata Paraibana,Litoral Norte,João Pessoa,9224.0,102.756,89.77,82.28,108130.0,2021.0,11722.68
2501500,Bananeiras,PB,Paraíba,Nordeste,Agreste Paraibano,Brejo Paraibano,João Pessoa,23134.0,255.641,90.49,75.04,279647.0,2021.0,12088.14
2501534,Baraúna,PB,Paraíba,Nordeste,Borborema,Seridó Oriental Paraibano,Campina Grande,4762.0,50.03,95.18,77.01,49872.0,2021.0,10472.91
2501575,Barra de Santana,PB,Paraíba,Nordeste,Borborema,Cariri Oriental,Campina Grande,8059.0,375.177,21.48,75.13,90980.0,2021.0,11289.24
2501609,Barra de Santa Rosa,PB,Paraíba,Nordeste,Agreste Paraibano,Curimataú Ocidental,Campina Grande,12904.0,781.187,16.52,72.43,151140.0,2021.0,11712.65
2501708,Barra de São Miguel,PB,Paraíba,Nordeste,Borborema,Cariri Oriental,Campina Grande,5906.0,609.697,9.69,79.52,85061.0,2021.0,14402.47
2501807,Bayeux,PB,Paraíba,Nordeste,Mata Paraibana,João Pessoa,João Pessoa,82742.0,27.705,2986.54,87.22,1367700.0,2021.0,16529.69
2501906,Belém,PB,Paraíba,Nordeste,Agreste Paraibano,Guarabira,João Pessoa,16401.0,99.609,164.65,75.74,217642.0,2021.0,13270.04
2502003,Belém do Brejo do Cruz,PB,Paraíba,Nordeste,Sertão Paraibano,Catolé do Rocha,Patos,6268.0,601.549,10.42,71.36,78754.0,2021.0,12564.45
2502052,Bernardino Batista,PB,Paraíba,Nordeste,Sertão Paraibano,Cajazeiras,Sousa - Cajazeiras,3504.0,57.453,60.99,75.63,40115.0,2021.0,11448.34
2502102,Boa Ventura,PB,Paraíba,Nordeste,Sertão Paraibano,Itaporanga,Patos,5207.0,168.664,30.87,75.78,51771.0,2021.0,9942.58
2502151,Boa Vista,PB,Paraíba,Nordeste,Agreste Paraibano,Campina Grande,Campina Grande,6377.0,468.933,13.6,87.19,203601.0,2021.0,31927.4
2502201,Bom Jesus,PB,Paraíba,Nordeste,Sertão Paraibano,Cajazeiras,Sousa - Cajazeiras,2286.0,47.367,48.26,78.81,32154.0,2021.0,14065.62
2502300,Bom Sucesso,PB,Paraíba,Nordeste,Sertão Paraibano,Catolé do Rocha,Patos,4661.0,186.059,25.05,74.83,54738.0,2021.0,11743.83
2502409,Bonito de Santa Fé,PB,Paraíba,Nordeste,Sertão Paraibano,Cajazeiras,Sousa - Cajazeiras,10252.0,226.798,45.2,79.43,96760.0,2021.0,9438.16
2502508,Boqueirão,PB,Paraíba,Nordeste,Borborema,Cariri Oriental,Campina Grande,17598.0,373.077,47.17,81.56,260287.0,2021.0,14790.71
2502607,Igaracy,PB,Paraíba,Nordeste,Sertão Paraibano,Piancó,Patos,5648.0,197.058,28.66,75.3,60877.0,2021.0,10778.51
2502706,Borborema,PB,Paraíba,Nordeste,Agreste Paraibano,Brejo Paraibano,João Pessoa,4214.0,26.107,161.41,75.64,69315.0,2021.0,16448.74
2502805,Brejo do Cruz,PB,Paraíba,Nordeste,Sertão Paraibano,Catolé do Rocha,Patos,13613.0,401.315,33.92,76.92,147569.0,2021.0,10840.3
2502904,Brejo dos Santos,PB,Paraíba,Nordeste,Sertão Paraibano,Catolé do Rocha,Patos,5742.0,93.857,61.18,79.54,64523.0,2021.0,11237.03
2503001,Caaporã,PB,Paraíba,Nordeste,Mata Paraibana,Litoral Sul,João Pessoa,21193.0,151.018,140.33,81.43,416707.0,2021.0,19662.48
2503100,Cabaceiras,PB,Paraíba,Nordeste,Borborema,Cariri Oriental,Campina Grande,5335.0,469.171,11.37,90.71,116784.0,2021.0,21890.16
2503209,Cabedelo,PB,Paraíba,Nordeste,Mata Paraibana,João Pessoa,João Pessoa,66519.0,29.873,2226.73,91.48,3137677.0,2021.0,47169.64
2503308,Cachoeira dos Índios,PB,Paraíba,Nordeste,Sertão Paraibano,Cajazeiras,Sousa - Cajazeiras,9151.0,193.215,47.36,78.2,125141.0,2021.0,13675.12
2503407,Cacimba de Areia,PB,Paraíba,Nordeste,Sertão Paraibano,Patos,Patos,3291.0,213.018,15.45,79.84,39217.0,2021.0,11916.44
2503506,Cacimba de Dentro,PB,Paraíba,Nordeste,Agreste Paraibano,Curimataú Oriental,João Pessoa,16064.0,165.072,97.32,70.05,154293.0,2021.0,9604.89
2503555,Cacimbas,PB,Paraíba,Nordeste,Sertão Paraibano,Serra do Teixeira,Patos,7223.0,124.068,58.22,75.26,67251.0,2021.0,9310.67
2503605,Caiçara,PB,Paraíba,Nordeste,Agreste Paraibano,Guarabira,João Pessoa,6602.0,123.677,53.38,75.03,65797.0,2021.0,9966.22
2503704,Cajazeiras,PB,Paraíba,Nordeste,Sertão Paraibano,Cajazeiras,Sousa - Cajazeiras,63239.0,562.703,112.38,86.28,1231837.0,2021.0,19479.07
2503753,Cajazeirinhas,PB,Paraíba,Nordeste,Sertão Paraibano,Sousa,Patos,2740.0,282.693,9.69,71.19,42140.0,2021.0,15379.56
2503803,Caldas Brandão,PB,Paraíba,Nordeste,Agreste Paraibano,Itabaiana,João Pessoa,5753.0,55.963,102.8,73.66,74927.0,2021.0,13023.99
2503902,Camalaú,PB,Paraíba,Nordeste,Borborema,Cariri Ocidental,Campina Grande,6085.0,541.841,11.23,76.37,71860.0,2021.0,11809.37
2504009,Campina Grande,PB,Paraíba,Nordeste,Agreste Paraibano,Campina Grande,Campina Grande,419379.0,591.658,708.82,91.97,10349781.0,2021.0,24678.83
2504033,Capim,PB,Paraíba,Nordeste,Mata Paraibana,Litoral Norte,João Pessoa,6970.0,79.876,87.26,71.53,75876.0,2021.0,10886.08
2504074,Caraúbas,PB,Paraíba,Nordeste,Borborema,Cariri Oriental,Campina Grande,3944.0,486.622,8.1,80.62,42317.0,2021.0,10729.46
2504108,Carrapateira,PB,Paraíba,Nordeste,Sertão Paraibano,Cajazeiras,Sousa - Cajazeiras,2312.0,59.07,39.14,78.5,31011.0,2021.0,13413.06
2504157,Casserengue,PB,Paraíba,Nordeste,Agreste Paraibano,Curimataú Oriental,João Pessoa,6889.0,202.761,33.98,67.96,70122.0,2021.0,10178.84
2504207,Catingueira,PB,Paraíba,Nordeste,Sertão Paraibano,Piancó,Patos,4491.0,527.424,8.51,74.5,53095.0,2021.0,11822.53
2504306,Catolé do Rocha,PB,Paraíba,Nordeste,Sertão Paraibano,Catolé do Rocha,Patos,30661.0,551.765,55.57,83.35,506809.0,2021.0,16529.43
2504355,Caturité,PB,Paraíba,Nordeste,Borborema,Cariri Oriental,Campina Grande,5254.0,117.823,44.59,83.64,61814.0,2021.0,11765.13
2504405,Conceição,PB,Paraíba,Nordeste,Sertão Paraibano,Itaporanga,Patos,18260.0,580.65,31.45,73.43,209556.0,2021.0,11476.23
2504504,Condado,PB,Paraíba,Nordeste,Sertão Paraibano,Sousa,Patos,6451.0,265.473,24.3,77.83,90623.0,2021.0,14047.9
2504603,Conde,PB,Paraíba,Nordeste,Mata Paraibana,João Pessoa,João Pessoa,27605.0,171.267,161.18,84.09,1274198.0,2021.0,46158.23
2504702,Congo,PB,Paraíba,Nordeste,Borborema,Cariri Ocidental,Campina Grande,4933.0,324.686,15.19,77.63,61917.0,2021.0,12551.59
2504801,Coremas,PB,Paraíba,Nordeste,Sertão Paraibano,Piancó,Patos,14683.0,372.012,39.47,74.24,250138.0,2021.0,17035.89
2504850,Coxixola,PB,Paraíba,Nordeste,Borborema,Cariri Ocidental,Campina Grande,1824.0,173.942,10.49,82.96,24115.0,2021.0,13220.94
2504900,Cruz do Espírito Santo,PB,Paraíba,Nordeste,Mata Paraibana,Sapé,João Pessoa,17095.0,192.512,88.8,73.76,191764.0,2021.0,11217.55
2505006,Cubati,PB,Paraíba,Nordeste,Borborema,Seridó Oriental Paraibano,Campina Grande,7580.0,163.57,46.34,80.58,76970.0,2021.0,10154.35
2505105,Cuité,PB,Paraíba,Nordeste,Agreste Paraibano,Curimataú Ocidental,Campina Grande,19719.0,733.818,26.87,77.13,220943.0,2021.0,11204.57
2505204,Cuitegi,PB,Paraíba,Nordeste,Agreste Paraibano,Guarabira,João Pessoa,6730.0,42.091,159.89,75.7,66817.0,2021.0,9928.23
2505238,Cuité de Mamanguape,PB,Paraíba,Nordeste,Mata Paraibana,Litoral Norte,João Pessoa,6251.0,107.68,58.05,69.4,74254.0,2021.0,11878.74
2505279,Curral de Cima,PB,Paraíba,Nordeste,Mata Paraibana,Litoral Norte,João Pessoa,5254.0,86.428,60.79,68.6,55714.0,2021.0,10604.11
2505303,Curral Velho,PB,Paraíba,Nordeste,Sertão Paraibano,Itaporanga,Patos,2292.0,217.624,10.53,77.18,26853.0,2021.0,11715.97
2505352,Damião,PB,Paraíba,Nordeste,Agreste Paraibano,Curimataú Ocidental,Campina Grande,4982.0,186.198,26.76,67.27,50368.0,2021.0,10110.0
2505402,Desterro,PB,Paraíba,Nordeste,Sertão Paraibano,Serra do Teixeira,Patos,8067.0,182.018,44.32,79.97,72920.0,2021.0,9039.3
2505501,Vista Serrana,PB,Paraíba,Nordeste,Sertão Paraibano,Sousa,Patos,3641.0,60.39,60.29,79.09,39511.0,2021.0,10851.69
2505600,Diamante,PB,Paraíba,Nordeste,Sertão Paraibano,Itaporanga,Patos,6299.0,271.791,23.18,75.1,59527.0,2021.0,9450.23
2505709,Dona Inês,PB,Paraíba,Nordeste,Agreste Paraibano,Curimataú Oriental,João Pessoa,10380.0,173.648,59.78,71.87,94022.0,2021.0,9058.0
2505808,Duas Estradas,PB,Paraíba,Nordeste,Agreste Paraibano,Guarabira,João Pessoa,3327.0,27.012,123.17,79.38,45155.0,2021.0,13572.29
2505907,Emas,PB,Paraíba,Nordeste,Sertão Paraibano,Piancó,Patos,3011.0,248.226,12.13,73.96,41741.0,2021.0,13862.84
2506004,Esperança,PB,Paraíba,Nordeste,Agreste Paraibano,Esperança,Campina Grande,31231.0,157.851,197.85,81.84,709828.0,2021.0,22728.31
2506103,Fagundes,PB,Paraíba,Nordeste,Agreste Paraibano,Campina Grande,Campina Grande,11049.0,185.061,59.7,74.81,105579.0,2021.0,9555.53
2506202,Frei Martinho,PB,Paraíba,Nordeste,Borborema,Seridó Oriental Paraibano,Campina Grande,2846.0,238.658,11.93,81.83,30352.0,2021.0,10664.79
2506251,Gado Bravo,PB,Paraíba,Nordeste,Agreste Paraibano,Umbuzeiro,Campina Grande,8179.0,192.42,42.51,74.85,76350.0,2021.0,9334.88
2506301,Guarabira,PB,Paraíba,Nordeste,Agreste Paraibano,Guarabira,João Pessoa,57484.0,162.387,353.99,85.25,1778824.0,2021.0,30944.68
2506400,Gurinhém,PB,Paraíba,Nordeste,Agreste Paraibano,Itabaiana,João Pessoa,13766.0,340.408,40.44,70.92,151393.0,2021.0,10997.6
2506509,Gurjão,PB,Paraíba,Nordeste,Borborema,Cariri Oriental,Campina Grande,3242.0,344.502,9.41,83.48,38417.0,2021.0,11849.78
2506608,Ibiara,PB,Paraíba,Nordeste,Sertão Paraibano,Itaporanga,Patos,5631.0,240.357,23.43,70.06,58012.0,2021.0,10302.26
2506707,Imaculada,PB,Paraíba,Nordeste,Sertão Paraibano,Serra do Teixeira,Patos,10392.0,317.804,32.7,78.72,98470.0,2021.0,9475.56
2506806,Ingá,PB,Paraíba,Nordeste,Agreste Paraibano,Itabaiana,Campina Grande,17692.0,262.179,67.48,74.79,195442.0,2021.0,11046.91
2506905,Itabaiana,PB,Paraíba,Nordeste,Agreste Paraibano,Itabaiana,João Pessoa,23182.0,210.572,110.09,78.4,336826.0,2021.0,14529.64
2507002,Itaporanga,PB,Paraíba,Nordeste,Sertão Paraibano,Itaporanga,Patos,23940.0,460.21,52.02,83.07,342219.0,2021.0,14294.86
2507101,Itapororoca,PB,Paraíba,Nordeste,Mata Paraibana,Litoral Norte,João Pessoa,18382.0,145.806,126.07,72.79,206834.0,2021.0,11251.99
2507200,Itatuba,PB,Paraíba,Nordeste,Agreste Paraibano,Itabaiana,Campina Grande,10499.0,251.749,41.7,72.19,154474.0,2021.0,14713.21
2507309,Jacaraú,PB,Paraíba,Nordeste,Mata Paraibana,Litoral Norte,João Pessoa,14477.0,256.845,56.36,74.97,165481.0,2021.0,11430.61
2507408,Jericó,PB,Paraíba,Nordeste,Sertão Paraibano,Catolé do Rocha,Patos,7516.0,177.356,42.38,78.9,76561.0,2021.0,10186.4
2507507,João Pessoa,PB,Paraíba,Nordeste,Mata Paraibana,João Pessoa,João Pessoa,833932.0,210.044,3970.27,93.87,21865637.0,2021.0,26219.93
2507606,Juarez Távora,PB,Paraíba,Nordeste,Agreste Paraibano,Itabaiana,João Pessoa,7796.0,75.678,103.02,71.96,73279.0,2021.0,9399.56
2507705,Juazeirinho,PB,Paraíba,Nordeste,Borborema,Seridó Oriental Paraibano,Campina Grande,17007.0,474.606,35.83,82.33,210738.0,2021.0,12391.25
2507804,Junco do Seridó,PB,Paraíba,Nordeste,Borborema,Seridó Ocidental Paraibano,Campina Grande,6793.0,180.425,37.65,81.34,96811.0,2021.0,14251.58
2507903,Juripiranga,PB,Paraíba,Nordeste,Mata Paraibana,Sapé,João Pessoa,10012.0,78.706,127.21,72.9,117631.0,2021.0,11749.0
2508000,Juru,PB,Paraíba,Nordeste,Sertão Paraibano,Serra do Teixeira,Patos,9234.0,395.075,23.37,75.29,87525.0,2021.0,9478.56
2508109,Lagoa,PB,Paraíba,Nordeste,Sertão Paraibano,Catolé do Rocha,Patos,4415.0,176.649,24.99,73.44,51364.0,2021.0,11633.98
2508208,Lagoa de Dentro,PB,Paraíba,Nordeste,Agreste Paraibano,Guarabira,João Pessoa,7819.0,83.508,93.63,74.94,83716.0,2021.0,10706.74
2508307,Lagoa Seca,PB,Paraíba,Nordeste,Agreste Paraibano,Campina Grande,Campina Grande,27730.0,108.219,256.24,84.58,310520.0,2021.0,11197.98
2508406,Lastro,PB,Paraíba,Nordeste,Sertão Paraibano,Sousa,Sousa - Cajazeiras,3162.0,107.416,29.44,72.73,29567.0,2021.0,9350.73
2508505,Livramento,PB,Paraíba,Nordeste,Borborema,Cariri Ocidental,Campina Grande,6877.0,266.948,25.76,82.03,70182.0,2021.0,10205.32
2508554,Logradouro,PB,Paraíba,Nordeste,Agreste Paraibano,Guarabira,João Pessoa,4797.0,42.876,111.88,77.24,48759.0,2021.0,10164.48
2508604,Lucena,PB,Paraíba,Nordeste,Mata Paraibana,João Pessoa,João Pessoa,12560.0,93.8,133.9,82.6,222862.0,2021.0,17743.79
2508703,Mãe d'Água,PB,Paraíba,Nordeste,Sertão Paraibano,Patos,Patos,3583.0,228.676,15.67,76.66,38696.0,2021.0,10799.89
2508802,Malta,PB,Paraíba,Nordeste,Sertão Paraibano,Sousa,Patos,6046.0,172.01,35.15,77.42,79951.0,2021.0,13223.78
2508901,Mamanguape,PB,Paraíba,Nordeste,Mata Paraibana,Litoral Norte,João Pessoa,44599.0,337.434,132.17,78.52,807657.0,2021.0,18109.31
2509008,Manaíra,PB,Paraíba,Nordeste,Sertão Paraibano,Serra do Teixeira,Patos,10434.0,352.025,29.64,73.37,101623.0,2021.0,9739.6
2509057,Marcação,PB,Paraíba,Nordeste,Mata Paraibana,Litoral Norte,João Pessoa,8999.0,122.665,73.36,76.66,104110.0,2021.0,11569.06
2509107,Mari,PB,Paraíba,Nordeste,Mata Paraibana,Sapé,João Pessoa,21512.0,155.265,138.55,74.04,242496.0,2021.0,11272.59
2509156,Marizópolis,PB,Paraíba,Nordeste,Sertão Paraibano,Sousa,Sousa - Cajazeiras,6705.0,69.952,95.85,80.79,82151.0,2021.0,12252.2
2509206,Massaranduba,PB,Paraíba,Nordeste,Agreste Paraibano,Campina Grande,Campina Grande,14139.0,209.402,67.52,78.12,130597.0,2021.0,9236.65
2509305,Mataraca,PB,Paraíba,Nordeste,Mata Paraibana,Litoral Norte,João Pessoa,8244.0,182.439,45.19,79.82,229876.0,2021.0,27884.04
2509339,Matinhas,PB,Paraíba,Nordeste,Agreste Paraibano,Brejo Paraibano,Campina Grande,4571.0,36.522,125.16,76.54,54111.0,2021.0,11837.89
2509370,Mato Grosso,PB,Paraíba,Nordeste,Sertão Paraibano,Catolé do Rocha,Patos,2543.0,85.275,29.82,67.55,31916.0,2021.0,12550.53
2509396,Maturéia,PB,Paraíba,Nordeste,Sertão Paraibano,Serra do Teixeira,Patos,6433.0,83.053,77.46,79.83,61962.0,2021.0,9631.9
2509404,Mogeiro,PB,Paraíba,Nordeste,Agreste Paraibano,Itabaiana,João Pessoa,13899.0,214.093,64.92,74.58,164588.0,2021.0,11841.72
2509503,Montadas,PB,Paraíba,Nordeste,Agreste Paraibano,Esperança,Campina Grande,5812.0,31.793,182.81,83.19,55405.0,2021.0,9532.86
2509602,Monte Horebe,PB,Paraíba,Nordeste,Sertão Paraibano,Cajazeiras,Sousa - Cajazeiras,4338.0,116.854,37.12,77.31,48173.0,2021.0,11104.89
2509701,Monteiro,PB,Paraíba,Nordeste,Borborema,Cariri Ocidental,Campina Grande,32277.0,992.62,32.52,81.5,636488.0,2021.0,19719.55
2509800,Mulungu,PB,Paraíba,Nordeste,Agreste Paraibano,Guarabira,João Pessoa,8791.0,187.259,46.95,75.3,98547.0,2021.0,11209.99
2509909,Natuba,PB,Paraíba,Nordeste,Agreste Paraibano,Umbuzeiro,João Pessoa,8945.0,202.173,44.24,70.0,95639.0,2021.0,10691.89
2510006,Nazarezinho,PB,Paraíba,Nordeste,Sertão Paraibano,Sousa,Sousa - Cajazeiras,7203.0,193.203,37.28,74.25,66198.0,2021.0,9190.34
2510105,Nova Floresta,PB,Paraíba,Nordeste,Agreste Paraibano,Curimataú Ocidental,Campina Grande,9724.0,47.572,204.41,80.1,99828.0,2021.0,10266.15
2510204,Nova Olinda,PB,Paraíba,Nordeste,Sertão Paraibano,Piancó,Patos,5787.0,81.516,70.99,75.38,57973.0,2021.0,10017.8
2510303,Nova Palmeira,PB,Paraíba,Nordeste,Borborema,Seridó Oriental Paraibano,Campina Grande,4259.0,314.748,13.53,80.21,49111.0,2021.0,11531.11
2510402,Olho d'Água,PB,Paraíba,Nordeste,Sertão Paraibano,Piancó,Patos,6060.0,580.47,10.44,71.28,62018.0,2021.0,10233.99
2510501,Olivedos,PB,Paraíba,Nordeste,Agreste Paraibano,Curimataú Ocidental,Campina Grande,3580.0,314.625,11.38,80.73,43664.0,2021.0,12196.65
2510600,Ouro Velho,PB,Paraíba,Nordeste,Borborema,Cariri Ocidental,Campina Grande,2918.0,128.11,22.78,76.84,38371.0,2021.0,13149.76
2510659,Parari,PB,Paraíba,Nordeste,Borborema,Cariri Ocidental,Campina Grande,1720.0,207.814,8.28,81.98,21547.0,2021.0,12527.33
2510709,Passagem,PB,Paraíba,Nordeste,Sertão Paraibano,Patos,Patos,2463.0,123.422,19.96,79.64,28935.0,2021.0,11747.87
2510808,Patos,PB,Paraíba,Nordeste,Sertão Paraibano,Patos,Patos,103165.0,472.892,218.16,87.18,1998302.0,2021.0,19369.96
2510907,Paulista,PB,Paraíba,Nordeste,Sertão Paraibano,Sousa,Patos,11834.0,577.379,20.5,76.5,157586.0,2021.0,13316.38
2511004,Pedra Branca,PB,Paraíba,Nordeste,Sertão Paraibano,Itaporanga,Patos,3739.0,116.873,31.99,78.16,37568.0,2021.0,10047.61
2511103,Pedra Lavrada,PB,Paraíba,Nordeste,Borborema,Seridó Oriental Paraibano,Campina Grande,6859.0,335.615,20.44,79.97,80276.0,2021.0,11703.75
2511202,Pedras de Fogo,PB,Paraíba,Nordeste,Mata Paraibana,Litoral Sul,João Pessoa,29662.0,406.729,72.93,76.74,656966.0,2021.0,22148.41
2511301,Piancó,PB,Paraíba,Nordeste,Sertão Paraibano,Piancó,Patos,16441.0,576.986,28.49,80.45,206946.0,2021.0,12587.19
2511400,Picuí,PB,Paraíba,Nordeste,Borborema,Seridó Oriental Paraibano,Campina Grande,18333.0,667.714,27.46,81.7,213731.0,2021.0,11658.27
2511509,Pilar,PB,Paraíba,Nordeste,Mata Paraibana,Sapé,João Pessoa,12311.0,103.306,119.17,73.69,122047.0,2021.0,9913.65
2511608,Pilões,PB,Paraíba,Nordeste,Agreste Paraibano,Brejo Paraibano,João Pessoa,6815.0,65.574,103.93,71.48,95609.0,2021.0,14029.2
2511707,Pilõezinhos,PB,Paraíba,Nordeste,Agreste Paraibano,Guarabira,João Pessoa,5329.0,40.908,130.27,73.28,51324.0,2021.0,9631.08
2511806,Pirpirituba,PB,Paraíba,Nordeste,Agreste Paraibano,Guarabira,João Pessoa,9340.0,80.672,115.78,78.74,95327.0,2021.0,10206.32
2511905,Pitimbu,PB,Paraíba,Nordeste,Mata Paraibana,Litoral Sul,João Pessoa,16751.0,135.801,123.35,81.68,431304.0,2021.0,25747.96
2512002,Pocinhos,PB,Paraíba,Nordeste,Agreste Paraibano,Curimataú Ocidental,Campina Grande,17469.0,623.967,28.0,81.49,285031.0,2021.0,16316.39
2512036,Poço Dantas,PB,Paraíba,Nordeste,Sertão Paraibano,Cajazeiras,Sousa - Cajazeiras,3830.0,97.758,39.18,70.52,40318.0,2021.0,10526.89
2512077,Poço de José de Moura,PB,Paraíba,Nordeste,Sertão Paraibano,Cajazeiras,Sousa - Cajazeiras,4006.0,94.646,42.33,80.96,46932.0,2021.0,11715.43
2512101,Pombal,PB,Paraíba,Nordeste,Sertão Paraibano,Sousa,Patos,32473.0,894.099,36.32,81.01,466596.0,2021.0,14368.74
2512200,Prata,PB,Paraíba,Nordeste,Borborema,Cariri Ocidental,Campina Grande,3915.0,201.788,19.4,80.15,64814.0,2021.0,16555.3
2512309,Princesa Isabel,PB,Paraíba,Nordeste,Sertão Paraibano,Serra do Teixeira,Patos,21114.0,368.569,57.29,82.13,266954.0,2021.0,12643.46
2512408,Puxinanã,PB,Paraíba,Nordeste,Agreste Paraibano,Campina Grande,Campina Grande,14277.0,71.118,200.75,85.25,138075.0,2021.0,9671.15
2512507,Queimadas,PB,Paraíba,Nordeste,Agreste Paraibano,Campina Grande,Campina Grande,47658.0,402.748,118.33,84.2,607307.0,2021.0,12743.02
2512606,Quixaba,PB,Paraíba,Nordeste,Sertão Paraibano,Patos,Patos,1743.0,147.158,11.84,82.35,26818.0,2021.0,15386.12
2512705,Remígio,PB,Paraíba,Nordeste,Agreste Paraibano,Curimataú Ocidental,Campina Grande,17885.0,183.459,97.49,78.84,181633.0,2021.0,10155.61
2512721,Pedro Régis,PB,Paraíba,Nordeste,Mata Paraibana,Litoral Norte,João Pessoa,5766.0,74.216,77.69,74.45,57292.0,2021.0,9936.18
2512747,Riachão,PB,Paraíba,Nordeste,Agreste Paraibano,Curimataú Oriental,João Pessoa,2927.0,85.291,34.32,73.6,36562.0,2021.0,12491.29
2512754,Riachão do Bacamarte,PB,Paraíba,Nordeste,Agreste Paraibano,Itabaiana,Campina Grande,4690.0,40.281,116.43,77.07,50199.0,2021.0,10703.41
2512762,Riachão do Poço,PB,Paraíba,Nordeste,Mata Paraibana,Sapé,João Pessoa,4738.0,40.46,117.1,70.76,56334.0,2021.0,11889.83
2512788,Riacho de Santo Antônio,PB,Paraíba,Nordeste,Borborema,Cariri Oriental,Campina Grande,1955.0,93.654,20.87,78.98,30616.0,2021.0,15660.36
2512804,Riacho dos Cavalos,PB,Paraíba,Nordeste,Sertão Paraibano,Catolé do Rocha,Patos,8493.0,262.532,32.35,78.66,92854.0,2021.0,10933.0
2512903,Rio Tinto,PB,Paraíba,Nordeste,Mata Paraibana,Litoral Norte,João Pessoa,24581.0,465.24,52.84,80.43,323318.0,2021.0,13153.17
2513000,Salgadinho,PB,Paraíba,Nordeste,Borborema,Seridó Ocidental Paraibano,Patos,3355.0,179.005,18.74,75.22,33513.0,2021.0,9988.97
2513109,Salgado de São Félix,PB,Paraíba,Nordeste,Agreste Paraibano,Itabaiana,João Pessoa,11505.0,204.079,56.38,70.36,129057.0,2021.0,11217.47
2513158,Santa Cecília,PB,Paraíba,Nordeste,Agreste Paraibano,Umbuzeiro,Campina Grande,7670.0,217.577,35.25,74.38,65826.0,2021.0,8582.27
2513208,Santa Cruz,PB,Paraíba,Nordeste,Sertão Paraibano,Sousa,Sousa - Cajazeiras,5947.0,217.677,27.32,75.99,62329.0,2021.0,10480.75
2513307,Santa Helena,PB,Paraíba,Nordeste,Sertão Paraibano,Cajazeiras,Sousa - Cajazeiras,5865.0,211.143,27.78,78.16,62387.0,2021.0,10637.17
2513356,Santa Inês,PB,Paraíba,Nordeste,Sertão Paraibano,Itaporanga,Patos,3227.0,327.635,9.85,73.02,36845.0,2021.0,11417.73
2513406,Santa Luzia,PB,Paraíba,Nordeste,Borborema,Seridó Ocidental Paraibano,Patos,14959.0,440.766,33.94,85.09,372903.0,2021.0,24928.34
2513505,Santana de Mangueira,PB,Paraíba,Nordeste,Sertão Paraibano,Itaporanga,Patos,5010.0,405.164,12.37,72.86,51164.0,2021.0,10212.38
2513604,Santana dos Garrotes,PB,Paraíba,Nordeste,Sertão Paraibano,Piancó,Patos,6569.0,361.484,18.17,70.23,67491.0,2021.0,10274.17
2513653,Joca Claudino,PB,Paraíba,Nordeste,Sertão Paraibano,Cajazeiras,Sousa - Cajazeiras,2539.0,71.799,35.36,80.94,33077.0,2021.0,13027.57
2513703,Santa Rita,PB,Paraíba,Nordeste,Mata Paraibana,João Pessoa,João Pessoa,149910.0,718.576,208.62,85.62,2580592.0,2021.0,17214.28
2513802,Santa Teresinha,PB,Paraíba,Nordeste,Sertão Paraibano,Patos,Patos,4402.0,359.442,12.25,77.96,57292.0,2021.0,13014.99
2513851,Santo André,PB,Paraíba,Nordeste,Borborema,Cariri Oriental,Campina Grande,2622.0,197.791,13.26,80.67,29441.0,2021.0,11228.45
2513901,São Bento,PB,Paraíba,Nordeste,Sertão Paraibano,Catolé do Rocha,Patos,32235.0,245.84,131.12,76.85,568731.0,2021.0,17643.28
2513927,São Bentinho,PB,Paraíba,Nordeste,Sertão Paraibano,Sousa,Patos,4327.0,199.635,21.67,76.28,55647.0,2021.0,12860.41
2513943,São Domingos do Cariri,PB,Paraíba,Nordeste,Borborema,Cariri Oriental,Campina Grande,2585.0,233.835,11.05,83.73,28821.0,2021.0,11149.32
2513968,São Domingos,PB,Paraíba,Nordeste,Sertão Paraibano,Sousa,Patos,2595.0,170.361,15.23,66.23,36270.0,2021.0,13976.88
2513984,São Francisco,PB,Paraíba,Nordeste,Sertão Paraibano,Sousa,Sousa - Cajazeiras,3137.0,90.724,34.58,73.89,39305.0,2021.0,12529.49
2514008,São João do Cariri,PB,Paraíba,Nordeste,Borborema,Cariri Oriental,Campina Grande,4226.0,612.966,6.89,82.83,55476.0,2021.0,13127.31
2514107,São João do Tigre,PB,Paraíba,Nordeste,Borborema,Cariri Ocidental,Campina Grande,4263.0,812.617,5.25,72.29,41004.0,2021.0,9618.58
2514206,São José da Lagoa Tapada,PB,Paraíba,Nordeste,Sertão Paraibano,Sousa,Sousa - Cajazeiras,7126.0,333.724,21.35,69.37,72192.0,2021.0,10130.79
2514305,São José de Caiana,PB,Paraíba,Nordeste,Sertão Paraibano,Itaporanga,Patos,5034.0,183.273,27.47,73.88,55708.0,2021.0,11066.35
2514404,São José de Espinharas,PB,Paraíba,Nordeste,Sertão Paraibano,Patos,Patos,4083.0,726.757,5.62,79.05,55035.0,2021.0,13479.06
2514453,São José dos Ramos,PB,Paraíba,Nordeste,Mata Paraibana,Sapé,João Pessoa,5891.0,100.642,58.53,69.28,86773.0,2021.0,14729.76
2514503,São José de Piranhas,PB,Paraíba,Nordeste,Sertão Paraibano,Cajazeiras,Sousa - Cajazeiras,19067.0,686.918,27.76,78.75,230936.0,2021.0,12111.82
2514552,São José de Princesa,PB,Paraíba,Nordeste,Sertão Paraibano,Serra do Teixeira,Patos,3416.0,158.052,21.61,76.78,34093.0,2021.0,9980.39
2514602,São José do Bonfim,PB,Paraíba,Nordeste,Sertão Paraibano,Patos,Patos,3242.0,153.629,21.1,79.51,32491.0,2021.0,10021.9
2514651,São José do Brejo do Cruz,PB,Paraíba,Nordeste,Sertão Paraibano,Catolé do Rocha,Patos,1699.0,253.787,6.69,78.5,29166.0,2021.0,17166.57
2514701,São José do Sabugi,PB,Paraíba,Nordeste,Borborema,Seridó Ocidental Paraibano,Patos,4138.0,213.555,19.38,82.36,125303.0,2021.0,30281.05
2514800,São José dos Cordeiros,PB,Paraíba,Nordeste,Borborema,Cariri Ocidental,Campina Grande,3411.0,376.661,9.06,82.15,37037.0,2021.0,10858.11
2514909,São Mamede,PB,Paraíba,Nordeste,Borborema,Seridó Ocidental Paraibano,Patos,7470.0,533.446,14.0,82.41,82591.0,2021.0,11056.36
2515005,São Miguel de Taipu,PB,Paraíba,Nordeste,Mata Paraibana,Sapé,João Pessoa,7066.0,92.413,76.46,74.72,82966.0,2021.0,11741.58
2515104,São Sebastião de Lagoa de Roça,PB,Paraíba,Nordeste,Agreste Paraibano,Esperança,Campina Grande,11040.0,46.372,238.07,81.43,106031.0,2021.0,9604.26
2515203,São Sebastião do Umbuzeiro,PB,Paraíba,Nordeste,Borborema,Cariri Ocidental,Campina Grande,3279.0,464.327,7.06,78.46,40497.0,2021.0,12350.41
2515302,Sapé,PB,Paraíba,Nordeste,Mata Paraibana,Sapé,João Pessoa,51306.0,313.678,163.56,76.35,677858.0,2021.0,13212.06
2515401,São Vicente do Seridó,PB,Paraíba,Nordeste,Borborema,Seridó Oriental Paraibano,Campina Grande,10291.0,262.751,39.17,82.34,90035.0,2021.0,8748.91
2515500,Serra Branca,PB,Paraíba,Nordeste,Borborema,Cariri Ocidental,Campina Grande,13614.0,698.102,19.5,84.61,148076.0,2021.0,10876.74
2515609,Serra da Raiz,PB,Paraíba,Nordeste,Agreste Paraibano,Guarabira,João Pessoa,3094.0,31.679,97.67,74.66,37107.0,2021.0,11993.21
2515708,Serra Grande,PB,Paraíba,Nordeste,Sertão Paraibano,Itaporanga,Sousa - Cajazeiras,2942.0,64.352,45.72,81.32,33251.0,2021.0,11302.18
2515807,Serra Redonda,PB,Paraíba,Nordeste,Agreste Paraibano,Campina Grande,Campina Grande,6828.0,55.197,123.7,78.35,71258.0,2021.0,10436.15
2515906,Serraria,PB,Paraíba,Nordeste,Agreste Paraibano,Brejo Paraibano,João Pessoa,4885.0,65.062,75.08,72.01,67798.0,2021.0,13878.81
2515930,Sertãozinho,PB,Paraíba,Nordeste,Agreste Paraibano,Guarabira,João Pessoa,5054.0,32.455,155.72,82.34,55027.0,2021.0,10887.81
2515971,Sobrado,PB,Paraíba,Nordeste,Mata Paraibana,Sapé,João Pessoa,8236.0,61.953,132.94,75.06,113089.0,2021.0,13731.06
2516003,Solânea,PB,Paraíba,Nordeste,Agreste Paraibano,Curimataú Oriental,João Pessoa,26774.0,233.043,114.89,76.75,353670.0,2021.0,13209.46
2516102,Soledade,PB,Paraíba,Nordeste,Agreste Paraibano,Curimataú Ocidental,Campina Grande,13968.0,578.178,24.16,86.29,253441.0,2021.0,18144.4
2516151,Sossêgo,PB,Paraíba,Nordeste,Agreste Paraibano,Curimataú Ocidental,Campina Grande,3345.0,147.264,22.71,75.94,38789.0,2021.0,11596.11
2516201,Sousa,PB,Paraíba,Nordeste,Sertão Paraibano,Sousa,Sousa - Cajazeiras,67259.0,728.492,92.33,83.33,1320173.0,2021.0,19628.2
2516300,Sumé,PB,Paraíba,Nordeste,Borborema,Cariri Ocidental,Campina Grande,17166.0,833.315,20.6,82.82,201613.0,2021.0,11744.9
2516409,Tacima,PB,Paraíba,Nordeste,Agreste Paraibano,Curimataú Oriental,João Pessoa,8010.0,245.236,32.66,71.86,91865.0,2021.0,11468.79
2516508,Taperoá,PB,Paraíba,Nordeste,Borborema,Cariri Ocidental,Campina Grande,14068.0,628.365,22.39,80.79,139501.0,2021.0,9916.19
2516607,Tavares,PB,Paraíba,Nordeste,Sertão Paraibano,Serra do Teixeira,Patos,14101.0,239.507,58.88,75.94,140211.0,2021.0,9943.34
2516706,Teixeira,PB,Paraíba,Nordeste,Sertão Paraibano,Serra do Teixeira,Patos,14631.0,155.452,94.12,83.02,169461.0,2021.0,11582.33
2516755,Tenório,PB,Paraíba,Nordeste,Borborema,Seridó Oriental Paraibano,Campina Grande,2966.0,87.452,33.92,78.89,34675.0,2021.0,11690.83
2516805,Triunfo,PB,Paraíba,Nordeste,Sertão Paraibano,Cajazeiras,Sousa - Cajazeiras,9892.0,224.336,44.09,80.79,87702.0,2021.0,8865.95
2516904,Uiraúna,PB,Paraíba,Nordeste,Sertão Paraibano,Cajazeiras,Sousa - Cajazeiras,14930.0,293.182,50.92,78.6,193071.0,2021.0,12931.75
2517001,Umbuzeiro,PB,Paraíba,Nordeste,Agreste Paraibano,Umbuzeiro,Campina Grande,9124.0,185.578,49.17,71.19,91270.0,2021.0,10003.29
2517100,Várzea,PB,Paraíba,Nordeste,Borborema,Seridó Ocidental Paraibano,Patos,2668.0,191.282,13.95,89.4,37673.0,2021.0,14120.31
2517209,Vieirópolis,PB,Paraíba,Nordeste,Sertão Paraibano,Sousa,Sousa - Cajazeiras,4864.0,147.098,33.07,67.1,52851.0,2021.0,10865.75
2517407,Zabelê,PB,Paraíba,Nordeste,Borborema,Cariri Ocidental,Campina Grande,2228.0,106.811,20.86,80.6,27048.0,2021.0,12140.04
2600054,Abreu e Lima,PE,Pernambuco,Nordeste,Metropolitana de Recife,Recife,Recife,98462.0,126.384,779.07,91.45,1724258.0,2021.0,17511.91
2600104,Afogados da Ingazeira,PE,Pernambuco,Nordeste,Sertão Pernambucano,Pajeú,Serra Talhada,40241.0,377.696,106.54,84.89,541816.0,2021.0,13464.28
2600203,Afrânio,PE,Pernambuco,Nordeste,São Francisco Pernambucano,Petrolina,Petrolina,18674.0,1490.594,12.53,81.88,209815.0,2021.0,11235.68
2600302,Agrestina,PE,Pernambuco,Nordeste,Agreste Pernambucano,Brejo Pernambucano,Caruaru,23779.0,200.369,118.68,76.74,352858.0,2021.0,14839.06
2600401,Água Preta,PE,Pernambuco,Nordeste,Mata Pernambucana,Mata Meridional Pernambucana,Recife,26461.0,531.935,49.74,76.62,259866.0,2021.0,9820.72
2600500,Águas Belas,PE,Pernambuco,Nordeste,Agreste Pernambucano,Vale do Ipanema,Caruaru,41548.0,885.988,46.89,70.22,401111.0,2021.0,9654.16
2600609,Alagoinha,PE,Pernambuco,Nordeste,Agreste Pernambucano,Vale do Ipojuca,Caruaru,13542.0,214.267,63.2,79.0,144945.0,2021.0,10703.37
2600708,Aliança,PE,Pernambuco,Nordeste,Mata Pernambucana,Mata Setentrional Pernambucana,Recife,35741.0,272.773,131.03,78.28,413314.0,2021.0,11564.14
2600807,Altinho,PE,Pernambuco,Nordeste,Agreste Pernambucano,Brejo Pernambucano,Caruaru,20674.0,450.178,45.92,74.53,222589.0,2021.0,10766.62
2600906,Amaraji,PE,Pernambuco,Nordeste,Mata Pernambucana,Mata Meridional Pernambucana,Recife,18205.0,233.239,78.05,78.27,294407.0,2021.0,16171.77
2601003,Angelim,PE,Pernambuco,Nordeste,Agreste Pernambucano,Garanhuns,Caruaru,10241.0,118.088,86.72,76.82,142260.0,2021.0,13891.22
2601052,Araçoiaba,PE,Pernambuco,Nordeste,Metropolitana de Recife,Itamaracá,Recife,19243.0,96.36,199.7,80.86,161884.0,2021.0,8412.62
2601102,Araripina,PE,Pernambuco,Nordeste,Sertão Pernambucano,Araripina,Petrolina,85088.0,2037.394,41.76,81.24,1272092.0,2021.0,14950.31
2601201,Arcoverde,PE,Pernambuco,Nordeste,Sertão Pernambucano,Sertão do Moxotó,Caruaru,77742.0,343.923,226.04,87.67,1215383.0,2021.0,15633.54
2601300,Barra de Guabiraba,PE,Pernambuco,Nordeste,Agreste Pernambucano,Brejo Pernambucano,Caruaru,12263.0,118.639,103.36,74.96,146943.0,2021.0,11982.63
2601409,Barreiros,PE,Pernambuco,Nordeste,Mata Pernambucana,Mata Meridional Pernambucana,Recife,40121.0,233.433,171.87,81.44,503988.0,2021.0,12561.7
2601508,Belém de Maria,PE,Pernambuco,Nordeste,Mata Pernambucana,Mata Meridional Pernambucana,Recife,10378.0,73.145,141.88,74.27,99499.0,2021.0,9587.49
2601607,Belém do São Francisco,PE,Pernambuco,Nordeste,São Francisco Pernambucano,Itaparica,Petrolina,18301.0,1830.797,10.0,82.93,366293.0,2021.0,20014.92
2601706,Belo Jardim,PE,Pernambuco,Nordeste,Agreste Pernambucano,Vale do Ipojuca,Caruaru,79507.0,647.445,122.8,82.07,2765036.0,2021.0,34777.26
2601805,Betânia,PE,Pernambuco,Nordeste,Sertão Pernambucano,Sertão do Moxotó,Serra Talhada,11232.0,1244.074,9.03,74.18,105307.0,2021.0,9375.62
2601904,Bezerros,PE,Pernambuco,Nordeste,Agreste Pernambucano,Vale do Ipojuca,Caruaru,61694.0,492.632,125.23,79.61,962826.0,2021.0,15606.48
2602001,Bodocó,PE,Pernambuco,Nordeste,Sertão Pernambucano,Araripina,Petrolina,34478.0,1621.786,21.26,76.98,317010.0,2021.0,9194.56
2602100,Bom Conselho,PE,Pernambuco,Nordeste,Agreste Pernambucano,Garanhuns,Caruaru,44294.0,792.185,55.91,74.45,643151.0,2021.0,14520.05
2602209,Bom Jardim,PE,Pernambuco,Nordeste,Agreste Pernambucano,Médio Capibaribe,Recife,37629.0,224.108,167.91,77.41,366988.0,2021.0,9752.8
2602308,Bonito,PE,Pernambuco,Nordeste,Agreste Pernambucano,Brejo Pernambucano,Caruaru,37474.0,393.191,95.31,78.79,539340.0,2021.0,14392.38
2602407,Brejão,PE,Pernambuco,Nordeste,Agreste Pernambucano,Garanhuns,Caruaru,9079.0,159.786,56.82,75.99,183679.0,2021.0,20231.19
2602506,Brejinho,PE,Pernambuco,Nordeste,Sertão Pernambucano,Pajeú,Serra Talhada,7720.0,106.039,72.8,80.56,83879.0,2021.0,10865.16
2602605,Brejo da Madre de Deus,PE,Pernambuco,Nordeste,Agreste Pernambucano,Vale do Ipojuca,Caruaru,48648.0,762.346,63.81,77.2,461357.0,2021.0,9483.58
2602704,Buenos Aires,PE,Pernambuco,Nordeste,Mata Pernambucana,Mata Setentrional Pernambucana,Recife,12808.0,93.187,137.44,77.06,133152.0,2021.0,10396.0
2602803,Buíque,PE,Pernambuco,Nordeste,Agreste Pernambucano,Vale do Ipanema,Caruaru,52097.0,1336.544,38.98,71.22,549015.0,2021.0,10538.32
2602902,Cabo de Santo Agostinho,PE,Pernambuco,Nordeste,Metropolitana de Recife,Suape,Recife,203440.0,445.386,456.77,89.81,13706389.0,2021.0,67373.13
2603009,Cabrobó,PE,Pernambuco,Nordeste,São Francisco Pernambucano,Petrolina,Petrolina,30294.0,1658.616,18.26,83.03,440863.0,2021.0,14552.82
2603108,Cachoeirinha,PE,Pernambuco,Nordeste,Agreste Pernambucano,Vale do Ipojuca,Caruaru,19899.0,179.262,111.01,80.7,254369.0,2021.0,12783.0
2603207,Caetés,PE,Pernambuco,Nordeste,Agreste Pernambucano,Garanhuns,Caruaru,28827.0,294.946,97.74,74.01,423727.0,2021.0,14698.96
2603306,Calçado,PE,Pernambuco,Nordeste,Agreste Pernambucano,Garanhuns,Caruaru,11093.0,121.945,90.97,76.05,115299.0,2021.0,10393.85
2603405,Calumbi,PE,Pernambuco,Nordeste,Sertão Pernambucano,Pajeú,Serra Talhada,5228.0,179.314,29.16,77.52,50300.0,2021.0,9621.27
2603454,Camaragibe,PE,Pernambuco,Nordeste,Metropolitana de Recife,Recife,Recife,147771.0,51.321,2879.35,92.34,2229680.0,2021.0,15088.75
2603504,Camocim de São Félix,PE,Pernambuco,Nordeste,Agreste Pernambucano,Brejo Pernambucano,Caruaru,17419.0,72.01,241.9,77.17,181161.0,2021.0,10400.2
2603603,Camutanga,PE,Pernambuco,Nordeste,Mata Pernambucana,Mata Setentrional Pernambucana,Recife,7750.0,39.116,198.13,79.67,285369.0,2021.0,36821.81
2603702,Canhotinho,PE,Pernambuco,Nordeste,Agreste Pernambucano,Garanhuns,Caruaru,24329.0,423.168,57.49,75.41,253171.0,2021.0,10406.14
2603801,Capoeiras,PE,Pernambuco,Nordeste,Agreste Pernambucano,Vale do Ipojuca,Caruaru,18338.0,337.13,54.39,75.47,244054.0,2021.0,13308.65
2603900,Carnaíba,PE,Pernambuco,Nordeste,Sertão Pernambucano,Pajeú,Serra Talhada,18644.0,427.802,43.58,79.78,193546.0,2021.0,10381.14
2603926,Carnaubeira da Penha,PE,Pernambuco,Nordeste,São Francisco Pernambucano,Itaparica,Serra Talhada,12239.0,1004.667,12.18,81.44,83423.0,2021.0,6816.16
2604007,Carpina,PE,Pernambuco,Nordeste,Mata Pernambucana,Mata Setentrional Pernambucana,Recife,79293.0,147.017,539.35,87.72,1744915.0,2021.0,22005.91
2604106,Caruaru,PE,Pernambuco,Nordeste,Agreste Pernambucano,Vale do Ipojuca,Caruaru,378048.0,923.15,409.52,89.19,8663525.0,2021.0,22916.47
2604155,Casinhas,PE,Pernambuco,Nordeste,Agreste Pernambucano,Alto Capibaribe,Recife,12967.0,115.868,111.91,75.3,101521.0,2021.0,7829.18
2604205,Catende,PE,Pernambuco,Nordeste,Mata Pernambucana,Mata Meridional Pernambucana,Recife,32156.0,208.594,154.16,78.7,360566.0,2021.0,11213.02
2604304,Cedro,PE,Pernambuco,Nordeste,Sertão Pernambucano,Salgueiro,Petrolina,10518.0,148.746,70.71,83.09,125401.0,2021.0,11922.51
2604403,Chã de Alegria,PE,Pernambuco,Nordeste,Mata Pernambucana,Vitória de Santo Antão,Recife,12984.0,49.327,263.22,81.28,168758.0,2021.0,12997.38
2604502,Chã Grande,PE,Pernambuco,Nordeste,Mata Pernambucana,Vitória de Santo Antão,Caruaru,20546.0,84.787,242.32,77.05,251193.0,2021.0,12225.88
2604601,Condado,PE,Pernambuco,Nordeste,Mata Pernambucana,Mata Setentrional Pernambucana,Recife,24587.0,89.645,274.27,80.94,250915.0,2021.0,10205.19
2604700,Correntes,PE,Pernambuco,Nordeste,Agreste Pernambucano,Garanhuns,Caruaru,17131.0,317.793,53.91,76.29,192016.0,2021.0,11208.69
2604809,Cortês,PE,Pernambuco,Nordeste,Mata Pernambucana,Mata Meridional Pernambucana,Recife,10198.0,102.852,99.15,75.97,121502.0,2021.0,11914.3
2604908,Cumaru,PE,Pernambuco,Nordeste,Agreste Pernambucano,Médio Capibaribe,Caruaru,15920.0,292.231,54.48,75.6,109260.0,2021.0,6863.07
2605004,Cupira,PE,Pernambuco,Nordeste,Agreste Pernambucano,Brejo Pernambucano,Caruaru,23518.0,95.155,247.15,80.56,283576.0,2021.0,12057.83
2605103,Custódia,PE,Pernambuco,Nordeste,Sertão Pernambucano,Sertão do Moxotó,Caruaru,37699.0,1404.126,26.85,79.11,593880.0,2021.0,15753.2
2605152,Dormentes,PE,Pernambuco,Nordeste,São Francisco Pernambucano,Petrolina,Petrolina,17188.0,1539.052,11.17,80.32,246023.0,2021.0,14313.65
2605202,Escada,PE,Pernambuco,Nordeste,Mata Pernambucana,Mata Meridional Pernambucana,Recife,59891.0,342.584,174.82,83.98,1306431.0,2021.0,21813.48
2605301,Exu,PE,Pernambuco,Nordeste,Sertão Pernambucano,Araripina,Petrolina,31843.0,1336.786,23.82,79.08,325117.0,2021.0,10210.0
2605400,Feira Nova,PE,Pernambuco,Nordeste,Agreste Pernambucano,Médio Capibaribe,Recife,21427.0,107.726,198.9,78.25,247550.0,2021.0,11553.18
2605459,Fernando de Noronha,PE,Pernambuco,Nordeste,Metropolitana de Recife,Fernando de Noronha,Recife,3167.0,18.609,170.19,96.49,229561.0,2021.0,72485.32
2605509,Ferreiros,PE,Pernambuco,Nordeste,Mata Pernambucana,Mata Setentrional Pernambucana,Recife,15026.0,92.516,162.42,79.85,132503.0,2021.0,8818.25
2605608,Flores,PE,Pernambuco,Nordeste,Sertão Pernambucano,Pajeú,Serra Talhada,20347.0,995.558,20.44,75.09,192902.0,2021.0,9480.61
2605707,Floresta,PE,Pernambuco,Nordeste,São Francisco Pernambucano,Itaparica,Serra Talhada,30137.0,3604.948,8.36,86.7,445213.0,2021.0,14772.97
2605806,Frei Miguelinho,PE,Pernambuco,Nordeste,Agreste Pernambucano,Alto Capibaribe,Recife,13636.0,212.707,64.11,75.77,131441.0,2021.0,9639.26
2605905,Gameleira,PE,Pernambuco,Nordeste,Mata Pernambucana,Mata Meridional Pernambucana,Recife,18214.0,257.781,70.66,76.25,274258.0,2021.0,15057.54
2606002,Garanhuns,PE,Pernambuco,Nordeste,Agreste Pernambucano,Garanhuns,Caruaru,142506.0,458.552,310.77,87.84,3077112.0,2021.0,21592.86
2606101,Glória do Goitá,PE,Pernambuco,Nordeste,Mata Pernambucana,Vitória de Santo Antão,Recife,29347.0,234.708,125.04,77.9,554616.0,2021.0,18898.56
2606200,Goiana,PE,Pernambuco,Nordeste,Mata Pernambucana,Mata Setentrional Pernambucana,Recife,81055.0,445.405,181.98,86.25,10662964.0,2021.0,131552.21
2606309,Granito,PE,Pernambuco,Nordeste,Sertão Pernambucano,Araripina,Petrolina,6967.0,521.69,13.35,79.92,78432.0,2021.0,11257.64
2606408,Gravatá,PE,Pernambuco,Nordeste,Agreste Pernambucano,Vale do Ipojuca,Caruaru,86516.0,507.36,170.52,83.27,1359681.0,2021.0,15715.95
2606507,Iati,PE,Pernambuco,Nordeste,Agreste Pernambucano,Garanhuns,Caruaru,17165.0,635.137,27.03,70.26,195800.0,2021.0,11406.93
2606606,Ibimirim,PE,Pernambuco,Nordeste,Sertão Pernambucano,Sertão do Moxotó,Caruaru,26593.0,1882.498,14.13,75.6,330119.0,2021.0,12413.76
2606705,Ibirajuba,PE,Pernambuco,Nordeste,Agreste Pernambucano,Brejo Pernambucano,Caruaru,7140.0,189.596,37.66,74.44,85527.0,2021.0,11978.57
2606804,Igarassu,PE,Pernambuco,Nordeste,Metropolitana de Recife,Itamaracá,Recife,115196.0,306.879,375.38,89.89,3471427.0,2021.0,30134.96
2606903,Iguaracy,PE,Pernambuco,Nordeste,Sertão Pernambucano,Pajeú,Serra Talhada,11081.0,838.132,13.22,78.72,112369.0,2021.0,10140.69
2607000,Inajá,PE,Pernambuco,Nordeste,Sertão Pernambucano,Sertão do Moxotó,Caruaru,25603.0,1231.362,20.79,75.87,196880.0,2021.0,7689.72
2607109,Ingazeira,PE,Pernambuco,Nordeste,Sertão Pernambucano,Pajeú,Serra Talhada,4765.0,243.586,19.56,79.65,50497.0,2021.0,10597.48
2607208,Ipojuca,PE,Pernambuco,Nordeste,Metropolitana de Recife,Suape,Recife,98932.0,521.801,189.6,87.64,14929346.0,2021.0,150905.13
2607307,Ipubi,PE,Pernambuco,Nordeste,Sertão Pernambucano,Araripina,Petrolina,29009.0,693.914,41.8,78.76,340374.0,2021.0,11733.39
2607406,Itacuruba,PE,Pernambuco,Nordeste,São Francisco Pernambucano,Itaparica,Petrolina,4284.0,430.038,9.96,87.32,71286.0,2021.0,16640.06
2607505,Itaíba,PE,Pernambuco,Nordeste,Agreste Pernambucano,Vale do Ipanema,Caruaru,32650.0,1061.694,30.75,70.34,283413.0,2021.0,8680.34
2607604,Ilha de Itamaracá,PE,Pernambuco,Nordeste,Metropolitana de Recife,Itamaracá,Recife,24540.0,66.146,371.0,89.2,299232.0,2021.0,12193.64
2607653,Itambé,PE,Pernambuco,Nordeste,Mata Pernambucana,Mata Setentrional Pernambucana,Recife,34935.0,304.006,114.92,75.22,522657.0,2021.0,14960.84
2607703,Itapetim,PE,Pernambuco,Nordeste,Sertão Pernambucano,Pajeú,Serra Talhada,13791.0,411.901,33.48,81.94,139873.0,2021.0,10142.34
2607752,Itapissuma,PE,Pernambuco,Nordeste,Metropolitana de Recife,Itamaracá,Recife,27749.0,73.968,375.15,88.27,2383641.0,2021.0,85900.07
2607802,Itaquitinga,PE,Pernambuco,Nordeste,Mata Pernambucana,Mata Setentrional Pernambucana,Recife,16554.0,162.739,101.72,78.35,160857.0,2021.0,9717.11
2607901,Jaboatão dos Guararapes,PE,Pernambuco,Nordeste,Metropolitana de Recife,Recife,Recife,644037.0,258.724,2489.28,92.79,16133556.0,2021.0,25050.67
2607950,Jaqueira,PE,Pernambuco,Nordeste,Mata Pernambucana,Mata Meridional Pernambucana,Recife,10247.0,87.208,117.5,77.16,111801.0,2021.0,10910.61
2608008,Jataúba,PE,Pernambuco,Nordeste,Agreste Pernambucano,Vale do Ipojuca,Caruaru,15843.0,714.601,22.17,74.66,154862.0,2021.0,9774.79
2608057,Jatobá,PE,Pernambuco,Nordeste,São Francisco Pernambucano,Itaparica,Serra Talhada,14020.0,277.862,50.46,82.63,153793.0,2021.0,10969.54
2608107,João Alfredo,PE,Pernambuco,Nordeste,Agreste Pernambucano,Médio Capibaribe,Recife,27725.0,134.147,206.68,74.28,316644.0,2021.0,11420.88
2608206,Joaquim Nabuco,PE,Pernambuco,Nordeste,Mata Pernambucana,Mata Meridional Pernambucana,Recife,13269.0,122.592,108.24,78.31,181310.0,2021.0,13664.18
2608255,Jucati,PE,Pernambuco,Nordeste,Agreste Pernambucano,Garanhuns,Caruaru,11517.0,120.527,95.56,77.06,129270.0,2021.0,11224.28
2608305,Jupi,PE,Pernambuco,Nordeste,Agreste Pernambucano,Garanhuns,Caruaru,15329.0,104.835,146.22,78.29,214224.0,2021.0,13975.08
2608404,Jurema,PE,Pernambuco,Nordeste,Agreste Pernambucano,Garanhuns,Caruaru,13648.0,148.254,92.06,72.8,132840.0,2021.0,9733.29
2608453,Lagoa do Carro,PE,Pernambuco,Nordeste,Mata Pernambucana,Mata Setentrional Pernambucana,Recife,17981.0,69.666,258.1,81.19,300635.0,2021.0,16719.59
2608503,Lagoa de Itaenga,PE,Pernambuco,Nordeste,Mata Pernambucana,Mata Setentrional Pernambucana,Recife,19003.0,56.131,338.55,78.52,482859.0,2021.0,25409.62
2608602,Lagoa do Ouro,PE,Pernambuco,Nordeste,Agreste Pernambucano,Garanhuns,Caruaru,11933.0,198.762,60.04,72.4,139223.0,2021.0,11667.06
2608701,Lagoa dos Gatos,PE,Pernambuco,Nordeste,Agreste Pernambucano,Brejo Pernambucano,Caruaru,14076.0,224.947,62.57,70.89,135443.0,2021.0,9622.26
2608750,Lagoa Grande,PE,Pernambuco,Nordeste,São Francisco Pernambucano,Petrolina,Petrolina,24088.0,1850.07,13.02,81.74,456844.0,2021.0,18965.63
2608800,Lajedo,PE,Pernambuco,Nordeste,Agreste Pernambucano,Garanhuns,Caruaru,39582.0,189.096,209.32,81.95,585576.0,2021.0,14794.0
2608909,Limoeiro,PE,Pernambuco,Nordeste,Agreste Pernambucano,Médio Capibaribe,Recife,56510.0,273.733,206.44,84.81,838343.0,2021.0,14835.3
2609006,Macaparana,PE,Pernambuco,Nordeste,Mata Pernambucana,Mata Setentrional Pernambucana,Recife,23879.0,108.049,221.0,77.67,283578.0,2021.0,11875.62
2609105,Machados,PE,Pernambuco,Nordeste,Agreste Pernambucano,Médio Capibaribe,Recife,11333.0,61.619,183.92,78.68,216295.0,2021.0,19085.41
2609154,Manari,PE,Pernambuco,Nordeste,Sertão Pernambucano,Sertão do Moxotó,Caruaru,23763.0,344.685,68.94,69.83,139153.0,2021.0,5855.87
2609204,Maraial,PE,Pernambuco,Nordeste,Mata Pernambucana,Mata Meridional Pernambucana,Recife,9359.0,199.865,46.83,72.26,92490.0,2021.0,9882.47
2609303,Mirandiba,PE,Pernambuco,Nordeste,Sertão Pernambucano,Salgueiro,Serra Talhada,14166.0,821.676,17.24,82.93,163406.0,2021.0,11535.08
2609402,Moreno,PE,Pernambuco,Nordeste,Metropolitana de Recife,Recife,Recife,55292.0,194.197,284.72,86.16,892506.0,2021.0,16141.68
2609501,Nazaré da Mata,PE,Pernambuco,Nordeste,Mata Pernambucana,Mata Setentrional Pernambucana,Recife,30648.0,130.572,234.72,83.54,688468.0,2021.0,22463.72
2609600,Olinda,PE,Pernambuco,Nordeste,Metropolitana de Recife,Recife,Recife,349976.0,41.3,8474.0,93.96,5788250.0,2021.0,16538.99
2609709,Orobó,PE,Pernambuco,Nordeste,Agreste Pernambucano,Médio Capibaribe,Recife,21808.0,138.521,157.43,77.1,398794.0,2021.0,18286.59
2609808,Orocó,PE,Pernambuco,Nordeste,São Francisco Pernambucano,Petrolina,Petrolina,13613.0,554.76,24.54,83.18,186448.0,2021.0,13696.32
2609907,Ouricuri,PE,Pernambuco,Nordeste,Sertão Pernambucano,Araripina,Petrolina,65245.0,2381.57,27.4,78.05,780513.0,2021.0,11962.8
2610004,Palmares,PE,Pernambuco,Nordeste,Mata Pernambucana,Mata Meridional Pernambucana,Recife,54584.0,339.401,160.82,83.82,924146.0,2021.0,16930.71
2610103,Palmeirina,PE,Pernambuco,Nordeste,Agreste Pernambucano,Garanhuns,Caruaru,7031.0,168.796,41.65,75.1,79959.0,2021.0,11372.35
2610202,Panelas,PE,Pernambuco,Nordeste,Agreste Pernambucano,Brejo Pernambucano,Caruaru,22991.0,380.428,60.43,70.63,229556.0,2021.0,9984.6
2610301,Paranatama,PE,Pernambuco,Nordeste,Agreste Pernambucano,Garanhuns,Caruaru,12199.0,185.371,65.81,75.99,285773.0,2021.0,23425.94
2610400,Parnamirim,PE,Pernambuco,Nordeste,Sertão Pernambucano,Salgueiro,Petrolina,18612.0,2609.548,7.13,78.21,213190.0,2021.0,11454.44
2610509,Passira,PE,Pernambuco,Nordeste,Agreste Pernambucano,Médio Capibaribe,Recife,28340.0,327.21,86.61,76.24,264547.0,2021.0,9334.76
2610608,Paudalho,PE,Pernambuco,Nordeste,Mata Pernambucana,Mata Setentrional Pernambucana,Recife,56665.0,269.651,210.14,83.72,926328.0,2021.0,16347.45
2610707,Paulista,PE,Pernambuco,Nordeste,Metropolitana de Recife,Recife,Recife,342167.0,96.932,3529.97,95.2,5591652.0,2021.0,16341.88
2610806,Pedra,PE,Pernambuco,Nordeste,Agreste Pernambucano,Vale do Ipanema,Caruaru,22795.0,922.602,24.71,75.58,306398.0,2021.0,13441.46
2610905,Pesqueira,PE,Pernambuco,Nordeste,Agreste Pernambucano,Vale do Ipojuca,Caruaru,62722.0,960.042,65.33,81.78,869651.0,2021.0,13865.17
2611002,Petrolândia,PE,Pernambuco,Nordeste,São Francisco Pernambucano,Itaparica,Serra Talhada,34161.0,1056.589,32.33,86.29,1675876.0,2021.0,49058.17
2611101,Petrolina,PE,Pernambuco,Nordeste,São Francisco Pernambucano,Petrolina,Petrolina,386791.0,4561.87,84.79,91.57,7994040.0,2021.0,20667.6
2611200,Poção,PE,Pernambuco,Nordeste,Agreste Pernambucano,Vale do Ipojuca,Caruaru,10500.0,205.119,51.19,75.84,102107.0,2021.0,9724.48
2611309,Pombos,PE,Pernambuco,Nordeste,Mata Pernambucana,Vitória de Santo Antão,Recife,27552.0,239.832,114.88,79.42,532583.0,2021.0,19330.1
2611408,Primavera,PE,Pernambuco,Nordeste,Mata Pernambucana,Mata Meridional Pernambucana,Recife,13838.0,113.135,122.31,81.13,291696.0,2021.0,21079.35
2611507,Quipapá,PE,Pernambuco,Nordeste,Mata Pernambucana,Mata Meridional Pernambucana,Caruaru,17928.0,230.617,77.74,72.04,192325.0,2021.0,10727.63
2611533,Quixaba,PE,Pernambuco,Nordeste,Sertão Pernambucano,Pajeú,Serra Talhada,6554.0,210.705,31.11,78.57,67064.0,2021.0,10232.53
2611606,Recife,PE,Pernambuco,Nordeste,Metropolitana de Recife,Recife,Recife,1488920.0,218.843,6803.6,94.52,54970302.0,2021.0,36919.58
2611705,Riacho das Almas,PE,Pernambuco,Nordeste,Agreste Pernambucano,Vale do Ipojuca,Caruaru,20639.0,314.003,65.73,75.74,260563.0,2021.0,12624.79
2611804,Ribeirão,PE,Pernambuco,Nordeste,Mata Pernambucana,Mata Meridional Pernambucana,Recife,33507.0,289.566,115.71,81.48,576407.0,2021.0,17202.58
2611903,Rio Formoso,PE,Pernambuco,Nordeste,Mata Pernambucana,Mata Meridional Pernambucana,Recife,20009.0,227.458,87.97,82.42,379871.0,2021.0,18985.01
2612000,Sairé,PE,Pernambuco,Nordeste,Agreste Pernambucano,Brejo Pernambucano,Caruaru,10887.0,190.455,57.16,76.45,176225.0,2021.0,16186.74
2612109,Salgadinho,PE,Pernambuco,Nordeste,Agreste Pernambucano,Médio Capibaribe,Recife,5727.0,87.217,65.66,69.64,80938.0,2021.0,14132.7
2612208,Salgueiro,PE,Pernambuco,Nordeste,Sertão Pernambucano,Salgueiro,Petrolina,62372.0,1678.564,37.16,88.03,1002105.0,2021.0,16066.58
2612307,Saloá,PE,Pernambuco,Nordeste,Agreste Pernambucano,Garanhuns,Caruaru,13836.0,251.549,55.0,74.21,171051.0,2021.0,12362.75
2612406,Sanharó,PE,Pernambuco,Nordeste,Agreste Pernambucano,Vale do Ipojuca,Caruaru,18624.0,268.065,69.48,79.23,248264.0,2021.0,13330.33
2612455,Santa Cruz,PE,Pernambuco,Nordeste,Sertão Pernambucano,Araripina,Petrolina,13841.0,1245.983,11.11,79.1,133592.0,2021.0,9651.9
2612471,Santa Cruz da Baixa Verde,PE,Pernambuco,Nordeste,Sertão Pernambucano,Pajeú,Serra Talhada,11567.0,114.932,100.64,82.47,113554.0,2021.0,9817.07
2612505,Santa Cruz do Capibaribe,PE,Pernambuco,Nordeste,Agreste Pernambucano,Alto Capibaribe,Caruaru,98254.0,335.309,293.03,88.24,1925734.0,2021.0,19599.55
2612554,Santa Filomena,PE,Pernambuco,Nordeste,Sertão Pernambucano,Araripina,Petrolina,12106.0,1005.341,12.04,75.77,111830.0,2021.0,9237.57
2612604,Santa Maria da Boa Vista,PE,Pernambuco,Nordeste,São Francisco Pernambucano,Petrolina,Petrolina,40578.0,3000.774,13.52,83.18,564000.0,2021.0,13899.16
2612703,Santa Maria do Cambucá,PE,Pernambuco,Nordeste,Agreste Pernambucano,Alto Capibaribe,Recife,14013.0,92.148,152.07,75.23,122262.0,2021.0,8724.9
2612802,Santa Terezinha,PE,Pernambuco,Nordeste,Sertão Pernambucano,Pajeú,Serra Talhada,10244.0,200.327,51.14,80.58,114824.0,2021.0,11208.9
2612901,São Benedito do Sul,PE,Pernambuco,Nordeste,Mata Pernambucana,Mata Meridional Pernambucana,Recife,13113.0,160.477,81.71,69.17,117017.0,2021.0,8923.74
2613008,São Bento do Una,PE,Pernambuco,Nordeste,Agreste Pernambucano,Vale do Ipojuca,Caruaru,49449.0,719.148,68.76,78.08,1485706.0,2021.0,30045.22
2613107,São Caitano,PE,Pernambuco,Nordeste,Agreste Pernambucano,Vale do Ipojuca,Caruaru,37126.0,382.483,97.07,77.06,447679.0,2021.0,12058.37
2613206,São João,PE,Pernambuco,Nordeste,Agreste Pernambucano,Garanhuns,Caruaru,23837.0,258.519,92.21,77.39,390211.0,2021.0,16369.97
2613305,São Joaquim do Monte,PE,Pernambuco,Nordeste,Agreste Pernambucano,Brejo Pernambucano,Caruaru,20037.0,227.385,88.12,72.33,185467.0,2021.0,9256.23
2613404,São José da Coroa Grande,PE,Pernambuco,Nordeste,Mata Pernambucana,Mata Meridional Pernambucana,Recife,18825.0,69.184,272.1,85.1,291007.0,2021.0,15458.54
2613503,São José do Belmonte,PE,Pernambuco,Nordeste,Sertão Pernambucano,Salgueiro,Serra Talhada,34843.0,1474.086,23.64,80.23,341544.0,2021.0,9802.37
2613602,São José do Egito,PE,Pernambuco,Nordeste,Sertão Pernambucano,Pajeú,Serra Talhada,31004.0,774.037,40.05,83.49,441117.0,2021.0,14227.74
2613701,São Lourenço da Mata,PE,Pernambuco,Nordeste,Metropolitana de Recife,Recife,Recife,111249.0,263.687,421.9,88.23,1444200.0,2021.0,12981.69
2613800,São Vicente Férrer,PE,Pernambuco,Nordeste,Agreste Pernambucano,Médio Capibaribe,Recife,16677.0,112.554,148.17,76.9,209528.0,2021.0,12563.89
2613909,Serra Talhada,PE,Pernambuco,Nordeste,Sertão Pernambucano,Pajeú,Serra Talhada,92228.0,2980.007,30.95,84.54,1693347.0,2021.0,18360.44
2614006,Serrita,PE,Pernambuco,Nordeste,Sertão Pernambucano,Salgueiro,Petrolina,18207.0,1535.19,11.86,79.37,161153.0,2021.0,8851.16
2614105,Sertânia,PE,Pernambuco,Nordeste,Sertão Pernambucano,Sertão do Moxotó,Caruaru,32811.0,2421.527,13.55,80.41,367389.0,2021.0,11197.13
2614204,Sirinhaém,PE,Pernambuco,Nordeste,Mata Pernambucana,Mata Meridional Pernambucana,Recife,37596.0,374.321,100.44,81.75,722495.0,2021.0,19217.34
2614303,Moreilândia,PE,Pernambuco,Nordeste,Sertão Pernambucano,Araripina,Petrolina,10540.0,404.287,26.07,80.82,90987.0,2021.0,8632.54
2614402,Solidão,PE,Pernambuco,Nordeste,Sertão Pernambucano,Pajeú,Serra Talhada,5210.0,138.398,37.65,79.48,56661.0,2021.0,10875.43
2614501,Surubim,PE,Pernambuco,Nordeste,Agreste Pernambucano,Alto Capibaribe,Recife,64120.0,252.896,253.54,82.08,915558.0,2021.0,14278.82
2614600,Tabira,PE,Pernambuco,Nordeste,Sertão Pernambucano,Pajeú,Serra Talhada,27681.0,390.434,70.9,83.37,314903.0,2021.0,11376.14
2614709,Tacaimbó,PE,Pernambuco,Nordeste,Agreste Pernambucano,Vale do Ipojuca,Caruaru,13738.0,227.601,60.36,73.33,149159.0,2021.0,10857.4
2614808,Tacaratu,PE,Pernambuco,Nordeste,São Francisco Pernambucano,Itaparica,Serra Talhada,23902.0,1264.532,18.9,80.86,251978.0,2021.0,10542.13
2614857,Tamandaré,PE,Pernambuco,Nordeste,Mata Pernambucana,Mata Meridional Pernambucana,Recife,23561.0,213.75,110.23,85.61,395834.0,2021.0,16800.39
2615003,Taquaritinga do Norte,PE,Pernambuco,Nordeste,Agreste Pernambucano,Alto Capibaribe,Caruaru,24736.0,475.184,52.06,83.69,334642.0,2021.0,13528.54
2615102,Terezinha,PE,Pernambuco,Nordeste,Agreste Pernambucano,Garanhuns,Caruaru,6513.0,151.45,43.0,72.02,75618.0,2021.0,11610.32
2615201,Terra Nova,PE,Pernambuco,Nordeste,São Francisco Pernambucano,Petrolina,Petrolina,8920.0,318.709,27.99,84.51,95262.0,2021.0,10679.6
2615300,Timbaúba,PE,Pernambuco,Nordeste,Mata Pernambucana,Mata Setentrional Pernambucana,Recife,46147.0,287.683,160.41,82.9,746607.0,2021.0,16178.88
2615409,Toritama,PE,Pernambuco,Nordeste,Agreste Pernambucano,Alto Capibaribe,Caruaru,41137.0,25.704,1600.41,84.86,764572.0,2021.0,18585.99
2615508,Tracunhaém,PE,Pernambuco,Nordeste,Mata Pernambucana,Mata Setentrional Pernambucana,Recife,13867.0,137.321,100.98,80.6,176619.0,2021.0,12736.64
2615607,Trindade,PE,Pernambuco,Nordeste,Sertão Pernambucano,Araripina,Petrolina,30321.0,295.765,102.52,81.76,419024.0,2021.0,13819.6
2615706,Triunfo,PE,Pernambuco,Nordeste,Sertão Pernambucano,Pajeú,Serra Talhada,14705.0,191.518,76.78,87.21,157358.0,2021.0,10700.99
2615805,Tupanatinga,PE,Pernambuco,Nordeste,Agreste Pernambucano,Vale do Ipanema,Caruaru,26937.0,934.801,28.82,74.06,227130.0,2021.0,8431.9
2615904,Tuparetama,PE,Pernambuco,Nordeste,Sertão Pernambucano,Pajeú,Serra Talhada,8005.0,189.509,42.24,82.75,89139.0,2021.0,11135.42
2616001,Venturosa,PE,Pernambuco,Nordeste,Agreste Pernambucano,Vale do Ipanema,Caruaru,17251.0,336.107,51.33,80.09,247349.0,2021.0,14338.24
2616100,Verdejante,PE,Pernambuco,Nordeste,Sertão Pernambucano,Salgueiro,Petrolina,9169.0,476.039,19.26,81.08,80931.0,2021.0,8826.59
2616183,Vertente do Lério,PE,Pernambuco,Nordeste,Agreste Pernambucano,Alto Capibaribe,Recife,7558.0,73.631,102.65,72.45,74060.0,2021.0,9798.89
2616209,Vertentes,PE,Pernambuco,Nordeste,Agreste Pernambucano,Alto Capibaribe,Recife,21959.0,196.325,111.85,80.58,194511.0,2021.0,8857.92
2616308,Vicência,PE,Pernambuco,Nordeste,Mata Pernambucana,Mata Setentrional Pernambucana,Recife,26359.0,228.017,115.6,79.94,519426.0,2021.0,19705.83
2616407,Vitória de Santo Antão,PE,Pernambuco,Nordeste,Mata Pernambucana,Vitória de Santo Antão,Recife,134084.0,336.573,398.38,84.65,4551843.0,2021.0,33947.7
2616506,Xexéu,PE,Pernambuco,Nordeste,Mata Pernambucana,Mata Meridional Pernambucana,Recife,11611.0,110.815,104.78,74.17,141411.0,2021.0,12179.05
2700102,Água Branca,AL,Alagoas,Nordeste,Sertão Alagoano,Serrana do Sertão Alagoano,Arapiraca,19008.0,468.229,40.6,77.11,202705.0,2021.0,10664.19
2700201,Anadia,AL,Alagoas,Nordeste,Leste Alagoano,São Miguel dos Campos,Maceió,13966.0,186.134,75.03,71.28,250500.0,2021.0,17936.42
2700300,Arapiraca,AL,Alagoas,Nordeste,Agreste Alagoano,Arapiraca,Arapiraca,234696.0,345.655,678.99,84.74,5916238.0,2021.0,25208.09
2700409,Atalaia,AL,Alagoas,Nordeste,Leste Alagoano,Mata Alagoana,Maceió,37512.0,533.258,70.34,75.52,1500460.0,2021.0,39999.47
2700508,Barra de Santo Antônio,AL,Alagoas,Nordeste,Leste Alagoano,Maceió,Maceió,16365.0,131.364,124.58,78.71,262047.0,2021.0,16012.65
2700607,Barra de São Miguel,AL,Alagoas,Nordeste,Leste Alagoano,Maceió,Maceió,7944.0,74.247,106.99,85.45,238456.0,2021.0,30017.12
2700706,Batalha,AL,Alagoas,Nordeste,Sertão Alagoano,Batalha,Arapiraca,16448.0,315.87,52.07,76.7,229982.0,2021.0,13982.37
2700805,Belém,AL,Alagoas,Nordeste,Agreste Alagoano,Palmeira dos Índios,Arapiraca,4722.0,66.628,70.87,76.03,191336.0,2021.0,40520.12
2700904,Belo Monte,AL,Alagoas,Nordeste,Sertão Alagoano,Batalha,Arapiraca,5936.0,334.136,17.77,72.95,151407.0,2021.0,25506.57
2701001,Boca da Mata,AL,Alagoas,Nordeste,Leste Alagoano,São Miguel dos Campos,Maceió,21187.0,193.002,109.78,77.08,506081.0,2021.0,23886.39
2701100,Branquinha,AL,Alagoas,Nordeste,Leste Alagoano,Mata Alagoana,Maceió,9603.0,168.048,57.14,67.1,775435.0,2021.0,80749.25
2701209,Cacimbinhas,AL,Alagoas,Nordeste,Agreste Alagoano,Palmeira dos Índios,Arapiraca,10482.0,281.692,37.21,70.03,140487.0,2021.0,13402.69
2701308,Cajueiro,AL,Alagoas,Nordeste,Leste Alagoano,Mata Alagoana,Maceió,16024.0,94.357,169.82,72.56,207919.0,2021.0,12975.47
2701357,Campestre,AL,Alagoas,Nordeste,Leste Alagoano,Mata Alagoana,Maceió,6665.0,65.91,101.12,76.71,87777.0,2021.0,13169.84
2701407,Campo Alegre,AL,Alagoas,Nordeste,Leste Alagoano,São Miguel dos Campos,Maceió,32106.0,312.726,102.66,78.44,734766.0,2021.0,22885.63
2701506,Campo Grande,AL,Alagoas,Nordeste,Agreste Alagoano,Arapiraca,Arapiraca,8143.0,170.144,47.86,67.42,106142.0,2021.0,13034.75
2701605,Canapi,AL,Alagoas,Nordeste,Sertão Alagoano,Serrana do Sertão Alagoano,Arapiraca,15559.0,602.778,25.81,70.1,166521.0,2021.0,10702.55
2701704,Capela,AL,Alagoas,Nordeste,Leste Alagoano,Mata Alagoana,Maceió,15032.0,263.735,57.0,76.2,248032.0,2021.0,16500.27
2701803,Carneiros,AL,Alagoas,Nordeste,Sertão Alagoano,Santana do Ipanema,Arapiraca,8999.0,111.696,80.57,77.73,90803.0,2021.0,10090.34
2701902,Chã Preta,AL,Alagoas,Nordeste,Leste Alagoano,Serrana dos Quilombos,Maceió,5910.0,157.831,37.45,72.94,175489.0,2021.0,29693.57
2702009,Coité do Nóia,AL,Alagoas,Nordeste,Agreste Alagoano,Arapiraca,Arapiraca,10810.0,88.759,121.79,71.66,211514.0,2021.0,19566.51
2702108,Colônia Leopoldina,AL,Alagoas,Nordeste,Leste Alagoano,Mata Alagoana,Maceió,15816.0,207.935,76.06,74.12,397415.0,2021.0,25127.4
2702207,Coqueiro Seco,AL,Alagoas,Nordeste,Leste Alagoano,Maceió,Maceió,5581.0,39.608,140.91,81.46,96056.0,2021.0,17211.25
2702306,Coruripe,AL,Alagoas,Nordeste,Leste Alagoano,São Miguel dos Campos,Maceió,50414.0,897.8,56.15,81.77,1782568.0,2021.0,35358.59
2702355,Craíbas,AL,Alagoas,Nordeste,Agreste Alagoano,Arapiraca,Arapiraca,25397.0,278.879,91.07,71.09,480753.0,2021.0,18929.52
2702405,Delmiro Gouveia,AL,Alagoas,Nordeste,Sertão Alagoano,Alagoana do Sertão do São Francisco,Arapiraca,51318.0,628.545,81.65,82.52,673915.0,2021.0,13132.14
2702504,Dois Riachos,AL,Alagoas,Nordeste,Sertão Alagoano,Santana do Ipanema,Arapiraca,9805.0,141.621,69.23,72.73,105272.0,2021.0,10736.56
2702553,Estrela de Alagoas,AL,Alagoas,Nordeste,Agreste Alagoano,Palmeira dos Índios,Arapiraca,15429.0,260.772,59.17,65.8,154359.0,2021.0,10004.47
2702603,Feira Grande,AL,Alagoas,Nordeste,Agreste Alagoano,Arapiraca,Arapiraca,22712.0,175.906,129.11,69.56,427598.0,2021.0,18826.96
2702702,Feliz Deserto,AL,Alagoas,Nordeste,Leste Alagoano,Penedo,Maceió,3963.0,110.062,36.01,75.63,164034.0,2021.0,41391.37
2702801,Flexeiras,AL,Alagoas,Nordeste,Leste Alagoano,Mata Alagoana,Maceió,9618.0,333.756,28.82,74.77,297791.0,2021.0,30961.84
2702900,Girau do Ponciano,AL,Alagoas,Nordeste,Agreste Alagoano,Arapiraca,Arapiraca,36102.0,513.454,70.31,69.76,549600.0,2021.0,15223.53
2703007,Ibateguara,AL,Alagoas,Nordeste,Leste Alagoano,Serrana dos Quilombos,Maceió,13731.0,265.312,51.75,70.22,196489.0,2021.0,14309.88
2703106,Igaci,AL,Alagoas,Nordeste,Agreste Alagoano,Palmeira dos Índios,Arapiraca,23995.0,334.346,71.77,71.01,311967.0,2021.0,13001.33
2703205,Igreja Nova,AL,Alagoas,Nordeste,Leste Alagoano,Penedo,Maceió,21372.0,426.538,50.11,72.01,571877.0,2021.0,26758.24
2703304,Inhapi,AL,Alagoas,Nordeste,Sertão Alagoano,Serrana do Sertão Alagoano,Arapiraca,15167.0,372.019,40.77,71.31,174776.0,2021.0,11523.44
2703403,Jacaré dos Homens,AL,Alagoas,Nordeste,Sertão Alagoano,Batalha,Arapiraca,5083.0,148.992,34.12,76.23,74960.0,2021.0,14747.2
2703502,Jacuípe,AL,Alagoas,Nordeste,Leste Alagoano,Mata Alagoana,Maceió,5352.0,208.738,25.64,75.88,194531.0,2021.0,36347.35
2703601,Japaratinga,AL,Alagoas,Nordeste,Leste Alagoano,Litoral Norte Alagoano,Maceió,9219.0,85.356,108.01,80.06,252002.0,2021.0,27335.07
2703700,Jaramataia,AL,Alagoas,Nordeste,Sertão Alagoano,Batalha,Arapiraca,4985.0,105.416,47.29,68.76,77897.0,2021.0,15626.28
2703759,Jequiá da Praia,AL,Alagoas,Nordeste,Leste Alagoano,São Miguel dos Campos,Maceió,9470.0,334.265,28.33,79.26,382025.0,2021.0,40340.55
2703809,Joaquim Gomes,AL,Alagoas,Nordeste,Leste Alagoano,Mata Alagoana,Maceió,17150.0,298.17,57.52,69.39,520994.0,2021.0,30378.66
2703908,Jundiá,AL,Alagoas,Nordeste,Leste Alagoano,Mata Alagoana,Maceió,4092.0,88.793,46.08,72.3,54801.0,2021.0,13392.23
2704005,Junqueiro,AL,Alagoas,Nordeste,Leste Alagoano,São Miguel dos Campos,Arapiraca,23907.0,247.724,96.51,74.9,550087.0,2021.0,23009.45
2704104,Lagoa da Canoa,AL,Alagoas,Nordeste,Agreste Alagoano,Arapiraca,Arapiraca,18457.0,83.621,220.72,72.44,273062.0,2021.0,14794.5
2704203,Limoeiro de Anadia,AL,Alagoas,Nordeste,Agreste Alagoano,Arapiraca,Arapiraca,24740.0,309.205,80.01,73.79,685194.0,2021.0,27695.8
2704302,Maceió,AL,Alagoas,Nordeste,Leste Alagoano,Maceió,Maceió,957916.0,509.32,1880.77,91.58,27485311.0,2021.0,28692.82
2704401,Major Isidoro,AL,Alagoas,Nordeste,Sertão Alagoano,Batalha,Arapiraca,17700.0,442.744,39.98,72.45,283475.0,2021.0,16015.54
2704500,Maragogi,AL,Alagoas,Nordeste,Leste Alagoano,Litoral Norte Alagoano,Maceió,32174.0,334.165,96.28,81.12,1118908.0,2021.0,34776.78
2704609,Maravilha,AL,Alagoas,Nordeste,Sertão Alagoano,Santana do Ipanema,Arapiraca,9534.0,332.37,28.68,72.13,90758.0,2021.0,9519.4
2704708,Marechal Deodoro,AL,Alagoas,Nordeste,Leste Alagoano,Maceió,Maceió,60370.0,340.98,177.05,86.53,3409648.0,2021.0,56479.18
2704807,Maribondo,AL,Alagoas,Nordeste,Agreste Alagoano,Palmeira dos Índios,Arapiraca,13679.0,180.107,75.95,77.4,188010.0,2021.0,13744.43
2704906,Mar Vermelho,AL,Alagoas,Nordeste,Agreste Alagoano,Palmeira dos Índios,Maceió,3155.0,91.741,34.39,79.24,50951.0,2021.0,16149.29
2705002,Mata Grande,AL,Alagoas,Nordeste,Sertão Alagoano,Serrana do Sertão Alagoano,Arapiraca,21844.0,914.722,23.88,68.92,354641.0,2021.0,16235.17
2705101,Matriz de Camaragibe,AL,Alagoas,Nordeste,Leste Alagoano,Mata Alagoana,Maceió,23857.0,238.113,100.19,76.66,385920.0,2021.0,16176.38
2705200,Messias,AL,Alagoas,Nordeste,Leste Alagoano,Mata Alagoana,Maceió,15405.0,114.156,134.95,79.0,221131.0,2021.0,14354.5
2705309,Minador do Negrão,AL,Alagoas,Nordeste,Agreste Alagoano,Palmeira dos Índios,Arapiraca,4845.0,167.462,28.93,67.48,74515.0,2021.0,15379.77
2705408,Monteirópolis,AL,Alagoas,Nordeste,Sertão Alagoano,Batalha,Arapiraca,7184.0,86.604,82.95,73.54,78347.0,2021.0,10905.76
2705507,Murici,AL,Alagoas,Nordeste,Leste Alagoano,Mata Alagoana,Maceió,25187.0,418.028,60.25,76.35,588158.0,2021.0,23351.65
2705606,Novo Lino,AL,Alagoas,Nordeste,Leste Alagoano,Mata Alagoana,Maceió,10020.0,215.547,46.49,73.33,187256.0,2021.0,18688.22
2705705,Olho d'Água das Flores,AL,Alagoas,Nordeste,Sertão Alagoano,Batalha,Arapiraca,20695.0,188.221,109.95,79.95,271809.0,2021.0,13134.04
2705804,Olho d'Água do Casado,AL,Alagoas,Nordeste,Sertão Alagoano,Alagoana do Sertão do São Francisco,Arapiraca,8349.0,327.678,25.48,75.24,92959.0,2021.0,11134.15
2705903,Olho d'Água Grande,AL,Alagoas,Nordeste,Agreste Alagoano,Traipu,Arapiraca,4330.0,117.006,37.01,67.88,70179.0,2021.0,16207.62
2706000,Olivença,AL,Alagoas,Nordeste,Sertão Alagoano,Batalha,Arapiraca,10812.0,175.288,61.68,72.68,108872.0,2021.0,10069.55
2706109,Ouro Branco,AL,Alagoas,Nordeste,Sertão Alagoano,Santana do Ipanema,Arapiraca,11446.0,196.56,58.23,76.55,110475.0,2021.0,9651.84
2706208,Palestina,AL,Alagoas,Nordeste,Sertão Alagoano,Santana do Ipanema,Arapiraca,4325.0,38.189,113.25,78.08,45927.0,2021.0,10618.96
2706307,Palmeira dos Índios,AL,Alagoas,Nordeste,Agreste Alagoano,Palmeira dos Índios,Arapiraca,71574.0,450.99,158.7,81.17,1181612.0,2021.0,16508.96
2706406,Pão de Açúcar,AL,Alagoas,Nordeste,Sertão Alagoano,Santana do Ipanema,Arapiraca,23823.0,688.87,34.58,75.88,266647.0,2021.0,11192.84
2706422,Pariconha,AL,Alagoas,Nordeste,Sertão Alagoano,Serrana do Sertão Alagoano,Arapiraca,10573.0,254.719,41.51,77.76,145004.0,2021.0,13714.56
2706448,Paripueira,AL,Alagoas,Nordeste,Leste Alagoano,Maceió,Maceió,13835.0,92.788,149.1,84.48,236831.0,2021.0,17118.25
2706505,Passo de Camaragibe,AL,Alagoas,Nordeste,Leste Alagoano,Litoral Norte Alagoano,Maceió,13804.0,251.29,54.93,76.25,337360.0,2021.0,24439.29
2706604,Paulo Jacinto,AL,Alagoas,Nordeste,Agreste Alagoano,Palmeira dos Índios,Arapiraca,6576.0,118.457,55.51,74.89,105576.0,2021.0,16054.74
2706703,Penedo,AL,Alagoas,Nordeste,Leste Alagoano,Penedo,Maceió,58650.0,688.452,85.19,82.05,983959.0,2021.0,16776.79
2706802,Piaçabuçu,AL,Alagoas,Nordeste,Leste Alagoano,Penedo,Maceió,15908.0,243.686,65.28,77.17,458416.0,2021.0,28816.7
2706901,Pilar,AL,Alagoas,Nordeste,Leste Alagoano,Maceió,Maceió,35370.0,259.614,136.24,82.51,676236.0,2021.0,19118.91
2707008,Pindoba,AL,Alagoas,Nordeste,Leste Alagoano,Serrana dos Quilombos,Maceió,2731.0,117.086,23.32,76.64,59445.0,2021.0,21766.75
2707107,Piranhas,AL,Alagoas,Nordeste,Sertão Alagoano,Alagoana do Sertão do São Francisco,Arapiraca,22609.0,403.995,55.96,79.24,344069.0,2021.0,15218.23
2707206,Poço das Trincheiras,AL,Alagoas,Nordeste,Sertão Alagoano,Santana do Ipanema,Arapiraca,12518.0,284.26,44.04,73.27,125628.0,2021.0,10035.79
2707305,Porto Calvo,AL,Alagoas,Nordeste,Leste Alagoano,Mata Alagoana,Maceió,24071.0,313.231,76.85,78.87,412903.0,2021.0,17153.55
2707404,Porto de Pedras,AL,Alagoas,Nordeste,Leste Alagoano,Litoral Norte Alagoano,Maceió,9295.0,257.105,36.15,77.92,333231.0,2021.0,35850.56
2707503,Porto Real do Colégio,AL,Alagoas,Nordeste,Leste Alagoano,Penedo,Maceió,20082.0,235.852,85.15,72.69,268907.0,2021.0,13390.45
2707602,Quebrangulo,AL,Alagoas,Nordeste,Agreste Alagoano,Palmeira dos Índios,Arapiraca,11080.0,319.829,34.64,74.89,189081.0,2021.0,17065.07
2707701,Rio Largo,AL,Alagoas,Nordeste,Leste Alagoano,Maceió,Maceió,93927.0,293.816,319.68,86.86,1423072.0,2021.0,15150.83
2707800,Roteiro,AL,Alagoas,Nordeste,Leste Alagoano,São Miguel dos Campos,Maceió,6474.0,128.926,50.21,74.97,204149.0,2021.0,31533.67
2707909,Santa Luzia do Norte,AL,Alagoas,Nordeste,Leste Alagoano,Maceió,Maceió,6919.0,28.857,239.77,85.3,277405.0,2021.0,40093.22
2708006,Santana do Ipanema,AL,Alagoas,Nordeste,Sertão Alagoano,Santana do Ipanema,Arapiraca,46220.0,436.16,105.97,79.03,646336.0,2021.0,13983.9
2708105,Santana do Mundaú,AL,Alagoas,Nordeste,Leste Alagoano,Serrana dos Quilombos,Maceió,11323.0,232.169,48.77,72.17,1408592.0,2021.0,124400.95
2708204,São Brás,AL,Alagoas,Nordeste,Agreste Alagoano,Traipu,Maceió,6555.0,139.038,47.15,74.66,129340.0,2021.0,19731.5
2708303,São José da Laje,AL,Alagoas,Nordeste,Leste Alagoano,Serrana dos Quilombos,Maceió,20813.0,256.603,81.11,74.58,588009.0,2021.0,28252.01
2708402,São José da Tapera,AL,Alagoas,Nordeste,Sertão Alagoano,Santana do Ipanema,Arapiraca,30604.0,490.879,62.35,73.01,332854.0,2021.0,10876.16
2708501,São Luís do Quitunde,AL,Alagoas,Nordeste,Leste Alagoano,Mata Alagoana,Maceió,30873.0,397.257,77.72,75.28,943729.0,2021.0,30568.1
2708600,São Miguel dos Campos,AL,Alagoas,Nordeste,Leste Alagoano,São Miguel dos Campos,Maceió,51990.0,335.683,154.88,84.12,1373077.0,2021.0,26410.41
2708709,São Miguel dos Milagres,AL,Alagoas,Nordeste,Leste Alagoano,Litoral Norte Alagoano,Maceió,8482.0,76.731,110.54,81.99,243495.0,2021.0,28707.26
2708808,São Sebastião,AL,Alagoas,Nordeste,Agreste Alagoano,Arapiraca,Arapiraca,31786.0,314.924,100.93,71.97,858876.0,2021.0,27020.58
2708907,Satuba,AL,Alagoas,Nordeste,Leste Alagoano,Maceió,Maceió,24278.0,41.268,588.3,90.42,261004.0,2021.0,10750.64
2708956,Senador Rui Palmeira,AL,Alagoas,Nordeste,Sertão Alagoano,Santana do Ipanema,Arapiraca,12303.0,338.569,36.34,74.42,121201.0,2021.0,9851.34
2709004,Tanque d'Arca,AL,Alagoas,Nordeste,Agreste Alagoano,Palmeira dos Índios,Arapiraca,5796.0,124.617,46.51,70.26,92175.0,2021.0,15903.21
2709103,Taquarana,AL,Alagoas,Nordeste,Agreste Alagoano,Arapiraca,Arapiraca,19032.0,153.841,123.71,74.1,510846.0,2021.0,26841.42
2709152,Teotônio Vilela,AL,Alagoas,Nordeste,Leste Alagoano,São Miguel dos Campos,Arapiraca,38053.0,299.221,127.17,78.41,1357798.0,2021.0,35681.76
2709202,Traipu,AL,Alagoas,Nordeste,Agreste Alagoano,Traipu,Arapiraca,23565.0,681.577,34.57,67.31,297000.0,2021.0,12603.44
2709301,União dos Palmares,AL,Alagoas,Nordeste,Leste Alagoano,Serrana dos Quilombos,Maceió,59280.0,420.376,141.02,76.77,1416193.0,2021.0,23889.9
2709400,Viçosa,AL,Alagoas,Nordeste,Leste Alagoano,Serrana dos Quilombos,Maceió,24092.0,367.888,65.49,75.14,594195.0,2021.0,24663.58
2800100,Amparo do São Francisco,SE,Sergipe,Nordeste,Leste Sergipano,Propriá,Aracaju,2170.0,35.683,60.81,81.27,37967.0,2021.0,17496.31
2800209,Aquidabã,SE,Sergipe,Nordeste,Agreste Sergipano,Nossa Senhora das Dores,Aracaju,20131.0,359.543,55.99,77.69,287874.0,2021.0,14300.03
2800308,Aracaju,SE,Sergipe,Nordeste,Leste Sergipano,Aracaju,Aracaju,602757.0,182.163,3308.89,94.78,18405678.0,2021.0,30535.82
2800407,Arauá,SE,Sergipe,Nordeste,Leste Sergipano,Boquim,Aracaju,10318.0,198.967,51.86,75.99,140122.0,2021.0,13580.35
2800506,Areia Branca,SE,Sergipe,Nordeste,Agreste Sergipano,Agreste de Itabaiana,Itabaiana,18081.0,148.134,122.06,81.2,252263.0,2021.0,13951.83
2800605,Barra dos Coqueiros,SE,Sergipe,Nordeste,Leste Sergipano,Aracaju,Aracaju,41511.0,92.268,449.9,93.94,2581592.0,2021.0,62190.55
2800670,Boquim,SE,Sergipe,Nordeste,Leste Sergipano,Boquim,Aracaju,24636.0,205.443,119.92,80.47,333080.0,2021.0,13520.05
2800704,Brejo Grande,SE,Sergipe,Nordeste,Leste Sergipano,Propriá,Aracaju,7841.0,141.464,55.43,75.75,95886.0,2021.0,12228.8
2801009,Campo do Brito,SE,Sergipe,Nordeste,Agreste Sergipano,Agreste de Itabaiana,Itabaiana,18149.0,201.518,90.06,79.48,237677.0,2021.0,13095.87
2801108,Canhoba,SE,Sergipe,Nordeste,Leste Sergipano,Propriá,Aracaju,3791.0,171.581,22.09,76.03,84436.0,2021.0,22272.75
2801207,Canindé de São Francisco,SE,Sergipe,Nordeste,Sertão Sergipano,Sergipana do Sertão do São Francisco,Itabaiana,26834.0,934.167,28.73,77.63,2895222.0,2021.0,107893.79
2801306,Capela,SE,Sergipe,Nordeste,Leste Sergipano,Cotinguiba,Aracaju,31645.0,442.211,71.56,79.76,385290.0,2021.0,12175.38
2801405,Carira,SE,Sergipe,Nordeste,Sertão Sergipano,Carira,Itabaiana,19939.0,638.743,31.22,74.83,379818.0,2021.0,19049.0
2801504,Carmópolis,SE,Sergipe,Nordeste,Leste Sergipano,Baixo Cotinguiba,Aracaju,13853.0,46.395,298.59,87.99,422601.0,2021.0,30506.1
2801603,Cedro de São João,SE,Sergipe,Nordeste,Leste Sergipano,Propriá,Aracaju,5391.0,83.711,64.4,84.35,64293.0,2021.0,11925.99
2801702,Cristinápolis,SE,Sergipe,Nordeste,Leste Sergipano,Boquim,Aracaju,17100.0,228.556,74.82,77.53,250777.0,2021.0,14665.32
2801900,Cumbe,SE,Sergipe,Nordeste,Agreste Sergipano,Nossa Senhora das Dores,Aracaju,3824.0,128.393,29.78,78.09,69489.0,2021.0,18171.81
2802007,Divina Pastora,SE,Sergipe,Nordeste,Leste Sergipano,Cotinguiba,Aracaju,4340.0,90.508,47.95,82.65,188619.0,2021.0,43460.6
2802106,Estância,SE,Sergipe,Nordeste,Leste Sergipano,Estância,Aracaju,65078.0,647.344,100.53,86.08,2126563.0,2021.0,32677.14
2802205,Feira Nova,SE,Sergipe,Nordeste,Sertão Sergipano,Sergipana do Sertão do São Francisco,Itabaiana,5975.0,183.273,32.6,76.71,114918.0,2021.0,19233.14
2802304,Frei Paulo,SE,Sergipe,Nordeste,Sertão Sergipano,Carira,Itabaiana,14530.0,399.178,36.4,79.69,324741.0,2021.0,22349.69
2802403,Gararu,SE,Sergipe,Nordeste,Sertão Sergipano,Sergipana do Sertão do São Francisco,Itabaiana,11096.0,656.956,16.89,72.33,179511.0,2021.0,16177.99
2802502,General Maynard,SE,Sergipe,Nordeste,Leste Sergipano,Baixo Cotinguiba,Aracaju,3037.0,19.793,153.44,85.64,43532.0,2021.0,14333.88
2802601,Graccho Cardoso,SE,Sergipe,Nordeste,Sertão Sergipano,Sergipana do Sertão do São Francisco,Itabaiana,5834.0,242.679,24.04,76.86,100982.0,2021.0,17309.22
2802700,Ilha das Flores,SE,Sergipe,Nordeste,Leste Sergipano,Propriá,Aracaju,8321.0,52.693,157.91,80.63,101815.0,2021.0,12235.91
2802809,Indiaroba,SE,Sergipe,Nordeste,Leste Sergipano,Estância,Aracaju,16549.0,316.316,52.32,79.56,229670.0,2021.0,13878.18
2802908,Itabaiana,SE,Sergipe,Nordeste,Agreste Sergipano,Agreste de Itabaiana,Itabaiana,103440.0,337.295,306.68,84.0,2213275.0,2021.0,21396.7
2803005,Itabaianinha,SE,Sergipe,Nordeste,Leste Sergipano,Boquim,Aracaju,40678.0,501.794,81.07,78.16,535797.0,2021.0,13171.67
2803104,Itabi,SE,Sergipe,Nordeste,Sertão Sergipano,Sergipana do Sertão do São Francisco,Itabaiana,4745.0,183.422,25.87,74.71,81127.0,2021.0,17097.37
2803203,Itaporanga d'Ajuda,SE,Sergipe,Nordeste,Leste Sergipano,Estância,Aracaju,34411.0,739.702,46.52,82.22,880245.0,2021.0,25580.34
2803302,Japaratuba,SE,Sergipe,Nordeste,Leste Sergipano,Japaratuba,Aracaju,16209.0,365.677,44.33,84.72,527939.0,2021.0,32570.73
2803401,Japoatã,SE,Sergipe,Nordeste,Leste Sergipano,Japaratuba,Aracaju,13407.0,402.353,33.32,76.94,210654.0,2021.0,15712.24
2803500,Lagarto,SE,Sergipe,Nordeste,Agreste Sergipano,Agreste de Lagarto,Itabaiana,101579.0,968.921,104.84,81.56,1798319.0,2021.0,17703.65
2803609,Laranjeiras,SE,Sergipe,Nordeste,Leste Sergipano,Baixo Cotinguiba,Aracaju,23975.0,162.273,147.74,87.09,1162007.0,2021.0,48467.45
2803708,Macambira,SE,Sergipe,Nordeste,Agreste Sergipano,Agreste de Itabaiana,Itabaiana,6838.0,137.496,49.73,80.5,89535.0,2021.0,13093.74
2803807,Malhada dos Bois,SE,Sergipe,Nordeste,Agreste Sergipano,Nossa Senhora das Dores,Aracaju,3579.0,63.199,56.63,82.81,52760.0,2021.0,14741.55
2803906,Malhador,SE,Sergipe,Nordeste,Agreste Sergipano,Agreste de Itabaiana,Itabaiana,11533.0,101.888,113.19,79.31,173218.0,2021.0,15019.34
2804003,Maruim,SE,Sergipe,Nordeste,Leste Sergipano,Baixo Cotinguiba,Aracaju,15719.0,95.554,164.5,87.28,448414.0,2021.0,28526.88
2804102,Moita Bonita,SE,Sergipe,Nordeste,Agreste Sergipano,Agreste de Itabaiana,Itabaiana,11050.0,95.416,115.81,80.79,206468.0,2021.0,18684.89
2804201,Monte Alegre de Sergipe,SE,Sergipe,Nordeste,Sertão Sergipano,Sergipana do Sertão do São Francisco,Itabaiana,14336.0,386.912,37.05,74.54,218953.0,2021.0,15272.95
2804300,Muribeca,SE,Sergipe,Nordeste,Agreste Sergipano,Nossa Senhora das Dores,Aracaju,7822.0,74.31,105.26,79.9,96660.0,2021.0,12357.45
2804409,Neópolis,SE,Sergipe,Nordeste,Leste Sergipano,Propriá,Aracaju,16426.0,271.323,60.54,80.61,330966.0,2021.0,20148.91
2804458,Nossa Senhora Aparecida,SE,Sergipe,Nordeste,Sertão Sergipano,Carira,Itabaiana,9232.0,340.772,27.09,74.51,109900.0,2021.0,11904.25
2804508,Nossa Senhora da Glória,SE,Sergipe,Nordeste,Sertão Sergipano,Sergipana do Sertão do São Francisco,Itabaiana,41212.0,758.429,54.34,80.75,790790.0,2021.0,19188.34
2804607,Nossa Senhora das Dores,SE,Sergipe,Nordeste,Agreste Sergipano,Nossa Senhora das Dores,Aracaju,24996.0,482.412,51.81,79.11,415736.0,2021.0,16632.1
2804706,Nossa Senhora de Lourdes,SE,Sergipe,Nordeste,Leste Sergipano,Propriá,Aracaju,6268.0,83.767,74.83,77.22,91165.0,2021.0,14544.51
2804805,Nossa Senhora do Socorro,SE,Sergipe,Nordeste,Leste Sergipano,Aracaju,Aracaju,192330.0,155.018,1240.69,91.83,3232698.0,2021.0,16808.08
2804904,Pacatuba,SE,Sergipe,Nordeste,Leste Sergipano,Japaratuba,Aracaju,12502.0,381.428,32.78,75.52,236643.0,2021.0,18928.41
2805000,Pedra Mole,SE,Sergipe,Nordeste,Sertão Sergipano,Carira,Itabaiana,2778.0,82.211,33.79,82.06,48012.0,2021.0,17282.94
2805109,Pedrinhas,SE,Sergipe,Nordeste,Leste Sergipano,Boquim,Aracaju,7396.0,33.344,221.81,76.75,98936.0,2021.0,13376.96
2805208,Pinhão,SE,Sergipe,Nordeste,Sertão Sergipano,Carira,Itabaiana,5677.0,156.373,36.3,78.95,91574.0,2021.0,16130.7
2805307,Pirambu,SE,Sergipe,Nordeste,Leste Sergipano,Japaratuba,Aracaju,7913.0,208.681,37.92,86.63,137922.0,2021.0,17429.8
2805406,Poço Redondo,SE,Sergipe,Nordeste,Sertão Sergipano,Sergipana do Sertão do São Francisco,Itabaiana,33439.0,1220.426,27.4,73.39,416245.0,2021.0,12447.89
2805505,Poço Verde,SE,Sergipe,Nordeste,Agreste Sergipano,Tobias Barreto,Itabaiana,21794.0,441.326,49.38,78.07,322302.0,2021.0,14788.57
2805604,Porto da Folha,SE,Sergipe,Nordeste,Sertão Sergipano,Sergipana do Sertão do São Francisco,Itabaiana,26576.0,878.043,30.27,77.66,366553.0,2021.0,13792.63
2805703,Propriá,SE,Sergipe,Nordeste,Leste Sergipano,Propriá,Aracaju,26618.0,96.32,276.35,85.34,554299.0,2021.0,20824.22
2805802,Riachão do Dantas,SE,Sergipe,Nordeste,Agreste Sergipano,Agreste de Lagarto,Itabaiana,18313.0,530.607,34.51,73.91,328904.0,2021.0,17960.14
2805901,Riachuelo,SE,Sergipe,Nordeste,Leste Sergipano,Baixo Cotinguiba,Aracaju,8748.0,78.308,111.71,87.22,222401.0,2021.0,25423.07
2806008,Ribeirópolis,SE,Sergipe,Nordeste,Sertão Sergipano,Carira,Itabaiana,17033.0,259.044,65.75,79.11,339443.0,2021.0,19928.55
2806107,Rosário do Catete,SE,Sergipe,Nordeste,Leste Sergipano,Baixo Cotinguiba,Aracaju,9295.0,102.683,90.52,86.97,468956.0,2021.0,50452.5
2806206,Salgado,SE,Sergipe,Nordeste,Leste Sergipano,Boquim,Itabaiana,20279.0,247.579,81.91,80.43,217519.0,2021.0,10726.32
2806305,Santa Luzia do Itanhy,SE,Sergipe,Nordeste,Leste Sergipano,Estância,Aracaju,13616.0,325.258,41.86,75.59,192690.0,2021.0,14151.73
2806404,Santana do São Francisco,SE,Sergipe,Nordeste,Leste Sergipano,Propriá,Aracaju,7346.0,44.017,166.89,82.73,106773.0,2021.0,14534.85
2806503,Santa Rosa de Lima,SE,Sergipe,Nordeste,Leste Sergipano,Cotinguiba,Aracaju,3937.0,67.672,58.18,78.69,55084.0,2021.0,13991.36
2806602,Santo Amaro das Brotas,SE,Sergipe,Nordeste,Leste Sergipano,Baixo Cotinguiba,Aracaju,11092.0,236.965,46.81,83.86,167665.0,2021.0,15115.85
2806701,São Cristóvão,SE,Sergipe,Nordeste,Leste Sergipano,Aracaju,Aracaju,95612.0,438.037,218.27,91.09,1031740.0,2021.0,10790.9
2806800,São Domingos,SE,Sergipe,Nordeste,Agreste Sergipano,Agreste de Itabaiana,Itabaiana,10327.0,101.999,101.25,79.67,135227.0,2021.0,13094.51
2806909,São Francisco,SE,Sergipe,Nordeste,Leste Sergipano,Japaratuba,Aracaju,3243.0,83.985,38.61,78.98,56034.0,2021.0,17278.45
2807006,São Miguel do Aleixo,SE,Sergipe,Nordeste,Agreste Sergipano,Nossa Senhora das Dores,Itabaiana,3434.0,144.868,23.7,73.97,49842.0,2021.0,14514.27
2807105,Simão Dias,SE,Sergipe,Nordeste,Agreste Sergipano,Tobias Barreto,Itabaiana,42578.0,560.199,76.01,80.65,790408.0,2021.0,18563.77
2807204,Siriri,SE,Sergipe,Nordeste,Leste Sergipano,Cotinguiba,Aracaju,7834.0,168.343,46.54,82.21,176736.0,2021.0,22560.12
2807303,Telha,SE,Sergipe,Nordeste,Leste Sergipano,Propriá,Aracaju,3274.0,47.86,68.41,78.59,44121.0,2021.0,13476.18
2807402,Tobias Barreto,SE,Sergipe,Nordeste,Agreste Sergipano,Tobias Barreto,Itabaiana,50905.0,1024.645,49.68,79.92,655791.0,2021.0,12882.64
2807501,Tomar do Geru,SE,Sergipe,Nordeste,Leste Sergipano,Boquim,Aracaju,12012.0,304.837,39.4,74.03,146965.0,2021.0,12234.85
2807600,Umbaúba,SE,Sergipe,Nordeste,Leste Sergipano,Boquim,Aracaju,23917.0,117.514,203.52,81.87,401569.0,2021.0,16790.11
2900108,Abaíra,BA,Bahia,Nordeste,Centro Sul Baiano,Seabra,Vitória da Conquista,7301.0,538.677,13.55,81.16,70037.0,2021.0,9592.8
2900207,Abaré,BA,Bahia,Nordeste,Vale São-Franciscano da Bahia,Paulo Afonso,Paulo Afonso,17639.0,1604.923,10.99,80.06,208481.0,2021.0,11819.32
2900306,Acajutiba,BA,Bahia,Nordeste,Nordeste Baiano,Alagoinhas,Salvador,13795.0,181.475,76.02,81.61,144341.0,2021.0,10463.28
2900355,Adustina,BA,Bahia,Nordeste,Nordeste Baiano,Ribeira do Pombal,Paulo Afonso,14201.0,629.099,22.57,72.08,240507.0,2021.0,16935.92
2900405,Água Fria,BA,Bahia,Nordeste,Centro Norte Baiano,Feira de Santana,Feira de Santana,14497.0,742.775,19.52,79.98,158357.0,2021.0,10923.43
2900504,Érico Cardoso,BA,Bahia,Nordeste,Centro Sul Baiano,Livramento do Brumado,Vitória da Conquista,10604.0,735.249,14.42,75.83,77947.0,2021.0,7350.72
2900603,Aiquara,BA,Bahia,Nordeste,Centro Sul Baiano,Jequié,Vitória da Conquista,4447.0,167.877,26.49,79.56,53699.0,2021.0,12075.33
2900702,Alagoinhas,BA,Bahia,Nordeste,Nordeste Baiano,Alagoinhas,Salvador,151055.0,707.835,213.4,92.47,4533420.0,2021.0,30011.72
2900801,Alcobaça,BA,Bahia,Nordeste,Sul Baiano,Porto Seguro,Ilhéus ¿ Itabuna,24530.0,1477.929,16.6,83.37,347521.0,2021.0,14167.18
2900900,Almadina,BA,Bahia,Nordeste,Sul Baiano,Ilhéus-Itabuna,Ilhéus ¿ Itabuna,5218.0,245.236,21.28,76.95,62839.0,2021.0,12042.74
2901007,Amargosa,BA,Bahia,Nordeste,Centro Sul Baiano,Jequié,Santo Antônio de Jesus,36521.0,431.655,84.61,84.76,463246.0,2021.0,12684.37
2901106,Amélia Rodrigues,BA,Bahia,Nordeste,Metropolitana de Salvador,Catu,Feira de Santana,24138.0,166.872,144.65,90.26,437827.0,2021.0,18138.5
2901155,América Dourada,BA,Bahia,Nordeste,Centro Norte Baiano,Irecê,Irecê,15137.0,822.373,18.41,82.51,167876.0,2021.0,11090.44
2901205,Anagé,BA,Bahia,Nordeste,Centro Sul Baiano,Vitória da Conquista,Vitória da Conquista,25438.0,1899.683,13.39,74.18,224788.0,2021.0,8836.7
2901304,Andaraí,BA,Bahia,Nordeste,Centro Sul Baiano,Seabra,Feira de Santana,13080.0,1590.316,8.22,81.09,134354.0,2021.0,10271.71
2901353,Andorinha,BA,Bahia,Nordeste,Centro Norte Baiano,Senhor do Bonfim,Juazeiro,15012.0,1362.386,11.02,80.78,223255.0,2021.0,14871.77
2901403,Angical,BA,Bahia,Nordeste,Extremo Oeste Baiano,Cotegipe,Barreiras,13732.0,1530.05,8.97,81.15,190379.0,2021.0,13863.89
2901502,Anguera,BA,Bahia,Nordeste,Centro Norte Baiano,Feira de Santana,Feira de Santana,11031.0,187.84,58.73,85.22,78771.0,2021.0,7140.88
2901601,Antas,BA,Bahia,Nordeste,Nordeste Baiano,Ribeira do Pombal,Paulo Afonso,14206.0,319.745,44.43,81.69,160611.0,2021.0,11305.86
2901700,Antônio Cardoso,BA,Bahia,Nordeste,Centro Norte Baiano,Feira de Santana,Feira de Santana,11146.0,293.53,37.97,79.4,124246.0,2021.0,11147.14
2901809,Antônio Gonçalves,BA,Bahia,Nordeste,Centro Norte Baiano,Senhor do Bonfim,Juazeiro,10862.0,345.284,31.46,83.68,82589.0,2021.0,7603.48
2901908,Aporá,BA,Bahia,Nordeste,Nordeste Baiano,Alagoinhas,Salvador,15922.0,479.262,33.22,78.47,148460.0,2021.0,9324.21
2901957,Apuarema,BA,Bahia,Nordeste,Centro Sul Baiano,Jequié,Vitória da Conquista,6913.0,150.83,45.83,76.12,74216.0,2021.0,10735.72
2902005,Aracatu,BA,Bahia,Nordeste,Centro Sul Baiano,Brumado,Vitória da Conquista,13936.0,1489.803,9.35,77.47,145622.0,2021.0,10449.34
2902054,Araçás,BA,Bahia,Nordeste,Nordeste Baiano,Alagoinhas,Salvador,11557.0,474.577,24.35,83.03,298903.0,2021.0,25863.37
2902104,Araci,BA,Bahia,Nordeste,Nordeste Baiano,Serrinha,Feira de Santana,48294.0,1496.245,32.28,73.16,490958.0,2021.0,10166.02
2902203,Aramari,BA,Bahia,Nordeste,Nordeste Baiano,Alagoinhas,Salvador,9833.0,368.947,26.65,83.53,103680.0,2021.0,10544.09
2902252,Arataca,BA,Bahia,Nordeste,Sul Baiano,Ilhéus-Itabuna,Ilhéus ¿ Itabuna,10191.0,435.962,23.38,75.54,101344.0,2021.0,9944.46
2902302,Aratuípe,BA,Bahia,Nordeste,Metropolitana de Salvador,Santo Antônio de Jesus,Santo Antônio de Jesus,8677.0,174.012,49.86,81.58,79992.0,2021.0,9218.85
2902401,Aurelino Leal,BA,Bahia,Nordeste,Sul Baiano,Ilhéus-Itabuna,Ilhéus ¿ Itabuna,11179.0,445.394,25.1,79.36,136886.0,2021.0,12244.92
2902500,Baianópolis,BA,Bahia,Nordeste,Extremo Oeste Baiano,Barreiras,Barreiras,13614.0,3320.723,4.1,77.44,263675.0,2021.0,19367.93
2902609,Baixa Grande,BA,Bahia,Nordeste,Centro Norte Baiano,Itaberaba,Feira de Santana,18220.0,967.514,18.83,80.72,194474.0,2021.0,10673.66
2902658,Banzaê,BA,Bahia,Nordeste,Nordeste Baiano,Ribeira do Pombal,Paulo Afonso,11958.0,409.507,29.2,79.17,113493.0,2021.0,9490.97
2902708,Barra,BA,Bahia,Nordeste,Vale São-Franciscano da Bahia,Barra,Irecê,51092.0,11428.112,4.47,79.88,430282.0,2021.0,8421.71
2902807,Barra da Estiva,BA,Bahia,Nordeste,Centro Sul Baiano,Seabra,Vitória da Conquista,26026.0,1657.413,15.7,86.27,376926.0,2021.0,14482.67
2902906,Barra do Choça,BA,Bahia,Nordeste,Centro Sul Baiano,Vitória da Conquista,Vitória da Conquista,36539.0,765.936,47.71,77.71,573207.0,2021.0,15687.54
2903003,Barra do Mendes,BA,Bahia,Nordeste,Centro Norte Baiano,Irecê,Irecê,13836.0,1436.298,9.63,88.82,115644.0,2021.0,8358.2
2903102,Barra do Rocha,BA,Bahia,Nordeste,Sul Baiano,Ilhéus-Itabuna,Vitória da Conquista,5775.0,214.411,26.93,73.78,77839.0,2021.0,13478.61
2903201,Barreiras,BA,Bahia,Nordeste,Extremo Oeste Baiano,Barreiras,Barreiras,159734.0,8051.274,19.84,92.49,7007583.0,2021.0,43870.33
2903235,Barro Alto,BA,Bahia,Nordeste,Centro Norte Baiano,Irecê,Irecê,13453.0,414.51,32.46,88.5,112747.0,2021.0,8380.81
2903276,Barrocas,BA,Bahia,Nordeste,Nordeste Baiano,Serrinha,Feira de Santana,15203.0,207.297,73.34,83.42,345869.0,2021.0,22750.05
2903300,Barro Preto,BA,Bahia,Nordeste,Sul Baiano,Ilhéus-Itabuna,Ilhéus ¿ Itabuna,5833.0,201.585,28.94,80.47,79870.0,2021.0,13692.78
2903409,Belmonte,BA,Bahia,Nordeste,Sul Baiano,Ilhéus-Itabuna,Ilhéus ¿ Itabuna,20121.0,1939.447,10.37,82.36,373616.0,2021.0,18568.46
2903508,Belo Campo,BA,Bahia,Nordeste,Centro Sul Baiano,Vitória da Conquista,Vitória da Conquista,18412.0,772.756,23.83,79.99,169334.0,2021.0,9196.94
2903607,Biritinga,BA,Bahia,Nordeste,Nordeste Baiano,Serrinha,Feira de Santana,15146.0,553.762,27.35,78.08,145254.0,2021.0,9590.25
2903706,Boa Nova,BA,Bahia,Nordeste,Centro Sul Baiano,Vitória da Conquista,Vitória da Conquista,13690.0,848.857,16.13,72.87,111525.0,2021.0,8146.46
2903805,Boa Vista do Tupim,BA,Bahia,Nordeste,Centro Norte Baiano,Itaberaba,Feira de Santana,16873.0,2972.109,5.68,75.99,155182.0,2021.0,9197.06
2903904,Bom Jesus da Lapa,BA,Bahia,Nordeste,Vale São-Franciscano da Bahia,Bom Jesus da Lapa,Guanambi,65550.0,4115.51,15.93,86.3,1357111.0,2021.0,20703.45
2903953,Bom Jesus da Serra,BA,Bahia,Nordeste,Centro Sul Baiano,Vitória da Conquista,Vitória da Conquista,9730.0,467.909,20.79,77.57,69906.0,2021.0,7184.58
2904001,Boninal,BA,Bahia,Nordeste,Centro Sul Baiano,Seabra,Feira de Santana,13622.0,896.857,15.19,85.33,117753.0,2021.0,8644.33
2904050,Bonito,BA,Bahia,Nordeste,Centro Sul Baiano,Seabra,Irecê,15844.0,791.276,20.02,86.02,270624.0,2021.0,17080.54
2904100,Boquira,BA,Bahia,Nordeste,Centro Sul Baiano,Boquira,Guanambi,19322.0,1426.233,13.55,79.45,188737.0,2021.0,9767.98
2904209,Botuporã,BA,Bahia,Nordeste,Centro Sul Baiano,Boquira,Guanambi,11024.0,627.612,17.56,77.24,109884.0,2021.0,9967.71
2904308,Brejões,BA,Bahia,Nordeste,Centro Sul Baiano,Jequié,Santo Antônio de Jesus,12943.0,518.566,24.96,79.2,144196.0,2021.0,11140.85
2904407,Brejolândia,BA,Bahia,Nordeste,Extremo Oeste Baiano,Cotegipe,Barreiras,9108.0,2247.208,4.05,79.52,126161.0,2021.0,13851.67
2904506,Brotas de Macaúbas,BA,Bahia,Nordeste,Centro Sul Baiano,Boquira,Irecê,11765.0,2520.817,4.67,88.24,96352.0,2021.0,8189.72
2904605,Brumado,BA,Bahia,Nordeste,Centro Sul Baiano,Brumado,Vitória da Conquista,70510.0,2207.612,31.94,88.07,1781802.0,2021.0,25270.2
2904704,Buerarema,BA,Bahia,Nordeste,Sul Baiano,Ilhéus-Itabuna,Ilhéus ¿ Itabuna,14804.0,219.487,67.45,82.62,209117.0,2021.0,14125.71
2904753,Buritirama,BA,Bahia,Nordeste,Vale São-Franciscano da Bahia,Barra,Irecê,19589.0,4046.736,4.84,78.08,154805.0,2021.0,7902.65
2904803,Caatiba,BA,Bahia,Nordeste,Centro Sul Baiano,Vitória da Conquista,Vitória da Conquista,6205.0,512.436,12.11,77.75,77336.0,2021.0,12463.5
2904852,Cabaceiras do Paraguaçu,BA,Bahia,Nordeste,Metropolitana de Salvador,Santo Antônio de Jesus,Santo Antônio de Jesus,16559.0,222.026,74.58,79.5,141050.0,2021.0,8518.03
2904902,Cachoeira,BA,Bahia,Nordeste,Metropolitana de Salvador,Santo Antônio de Jesus,Santo Antônio de Jesus,29250.0,394.894,74.07,86.81,479138.0,2021.0,16380.79
2905008,Caculé,BA,Bahia,Nordeste,Centro Sul Baiano,Guanambi,Guanambi,22462.0,610.983,36.76,85.95,363603.0,2021.0,16187.47
2905107,Caém,BA,Bahia,Nordeste,Centro Norte Baiano,Jacobina,Feira de Santana,10384.0,540.908,19.2,79.75,92224.0,2021.0,8881.36
2905156,Caetanos,BA,Bahia,Nordeste,Centro Sul Baiano,Vitória da Conquista,Vitória da Conquista,11266.0,767.146,14.69,75.91,102468.0,2021.0,9095.33
2905206,Caetité,BA,Bahia,Nordeste,Centro Sul Baiano,Guanambi,Guanambi,52012.0,2651.536,19.62,84.55,1098344.0,2021.0,21117.13
2905305,Cafarnaum,BA,Bahia,Nordeste,Centro Norte Baiano,Irecê,Irecê,17466.0,643.66,27.14,83.58,217329.0,2021.0,12442.97
2905404,Cairu,BA,Bahia,Nordeste,Sul Baiano,Valença,Santo Antônio de Jesus,17761.0,448.846,39.57,89.02,1508842.0,2021.0,84952.54
2905503,Caldeirão Grande,BA,Bahia,Nordeste,Centro Norte Baiano,Jacobina,Feira de Santana,13080.0,458.311,28.54,78.89,101885.0,2021.0,7789.37
2905602,Camacan,BA,Bahia,Nordeste,Sul Baiano,Ilhéus-Itabuna,Ilhéus ¿ Itabuna,22579.0,584.848,38.61,83.88,354111.0,2021.0,15683.2
2905701,Camaçari,BA,Bahia,Nordeste,Metropolitana de Salvador,Salvador,Salvador,300372.0,785.421,382.43,94.6,33990890.0,2021.0,113162.64
2905800,Camamu,BA,Bahia,Nordeste,Sul Baiano,Valença,Santo Antônio de Jesus,30469.0,839.702,36.29,79.89,468117.0,2021.0,15363.71
2905909,Campo Alegre de Lourdes,BA,Bahia,Nordeste,Vale São-Franciscano da Bahia,Juazeiro,Juazeiro,30671.0,2914.587,10.52,79.36,295119.0,2021.0,9622.09
2906006,Campo Formoso,BA,Bahia,Nordeste,Centro Norte Baiano,Senhor do Bonfim,Juazeiro,71377.0,7161.827,9.97,81.53,2072121.0,2021.0,29030.65
2906105,Canápolis,BA,Bahia,Nordeste,Extremo Oeste Baiano,Santa Maria da Vitória,Barreiras,10225.0,460.388,22.21,77.64,84823.0,2021.0,8295.65
2906204,Canarana,BA,Bahia,Nordeste,Centro Norte Baiano,Irecê,Irecê,24206.0,579.726,41.75,86.9,258494.0,2021.0,10678.92
2906303,Canavieiras,BA,Bahia,Nordeste,Sul Baiano,Ilhéus-Itabuna,Ilhéus ¿ Itabuna,32683.0,1334.284,24.49,83.63,394907.0,2021.0,12082.95
2906402,Candeal,BA,Bahia,Nordeste,Nordeste Baiano,Serrinha,Feira de Santana,7772.0,447.578,17.36,81.08,67739.0,2021.0,8715.77
2906501,Candeias,BA,Bahia,Nordeste,Metropolitana de Salvador,Salvador,Salvador,72382.0,251.808,287.45,92.81,6824935.0,2021.0,94290.5
2906600,Candiba,BA,Bahia,Nordeste,Centro Sul Baiano,Guanambi,Guanambi,13016.0,433.642,30.02,81.0,140513.0,2021.0,10795.41
2906709,Cândido Sales,BA,Bahia,Nordeste,Centro Sul Baiano,Vitória da Conquista,Vitória da Conquista,25247.0,1169.814,21.58,79.96,244448.0,2021.0,9682.26
2906808,Cansanção,BA,Bahia,Nordeste,Nordeste Baiano,Euclides da Cunha,Paulo Afonso,37439.0,1351.891,27.69,79.81,352265.0,2021.0,9409.04
2906824,Canudos,BA,Bahia,Nordeste,Nordeste Baiano,Euclides da Cunha,Paulo Afonso,16105.0,3565.377,4.52,81.83,152935.0,2021.0,9496.12
2906857,Capela do Alto Alegre,BA,Bahia,Nordeste,Nordeste Baiano,Serrinha,Feira de Santana,10744.0,629.586,17.07,77.61,129342.0,2021.0,12038.53
2906873,Capim Grosso,BA,Bahia,Nordeste,Centro Norte Baiano,Jacobina,Feira de Santana,33235.0,464.776,71.51,85.15,579390.0,2021.0,17433.13
2906899,Caraíbas,BA,Bahia,Nordeste,Centro Sul Baiano,Brumado,Vitória da Conquista,9940.0,805.629,12.34,72.91,86125.0,2021.0,8664.49
2906907,Caravelas,BA,Bahia,Nordeste,Sul Baiano,Porto Seguro,Ilhéus ¿ Itabuna,20580.0,2377.889,8.65,82.69,357855.0,2021.0,17388.48
2907004,Cardeal da Silva,BA,Bahia,Nordeste,Nordeste Baiano,Entre Rios,Salvador,8365.0,293.456,28.51,83.27,117844.0,2021.0,14087.75
2907103,Carinhanha,BA,Bahia,Nordeste,Vale São-Franciscano da Bahia,Bom Jesus da Lapa,Guanambi,28869.0,2525.906,11.43,81.37,288403.0,2021.0,9990.06
2907202,Casa Nova,BA,Bahia,Nordeste,Vale São-Franciscano da Bahia,Juazeiro,Juazeiro,72086.0,9647.072,7.47,84.07,874879.0,2021.0,12136.6
2907301,Castro Alves,BA,Bahia,Nordeste,Metropolitana de Salvador,Santo Antônio de Jesus,Santo Antônio de Jesus,24712.0,713.789,34.62,82.53,316840.0,2021.0,12821.3
2907400,Catolândia,BA,Bahia,Nordeste,Extremo Oeste Baiano,Barreiras,Barreiras,3434.0,702.504,4.89,79.47,80904.0,2021.0,23559.7
2907509,Catu,BA,Bahia,Nordeste,Metropolitana de Salvador,Catu,Salvador,48148.0,426.955,112.77,91.2,695021.0,2021.0,14435.1
2907558,Caturama,BA,Bahia,Nordeste,Centro Sul Baiano,Boquira,Vitória da Conquista,8841.0,716.261,12.34,75.89,78181.0,2021.0,8843.0
2907608,Central,BA,Bahia,Nordeste,Centro Norte Baiano,Irecê,Irecê,16348.0,566.974,28.83,85.19,154454.0,2021.0,9447.88
2907707,Chorrochó,BA,Bahia,Nordeste,Vale São-Franciscano da Bahia,Paulo Afonso,Paulo Afonso,10579.0,3005.319,3.52,82.01,105377.0,2021.0,9960.96
2907806,Cícero Dantas,BA,Bahia,Nordeste,Nordeste Baiano,Ribeira do Pombal,Paulo Afonso,30907.0,819.969,37.69,75.98,399480.0,2021.0,12925.23
2907905,Cipó,BA,Bahia,Nordeste,Nordeste Baiano,Ribeira do Pombal,Paulo Afonso,17230.0,168.33,102.36,81.78,155100.0,2021.0,9001.74
2908002,Coaraci,BA,Bahia,Nordeste,Sul Baiano,Ilhéus-Itabuna,Ilhéus ¿ Itabuna,17333.0,274.5,63.14,81.82,190857.0,2021.0,11011.19
2908101,Cocos,BA,Bahia,Nordeste,Extremo Oeste Baiano,Santa Maria da Vitória,Barreiras,19151.0,10140.572,1.89,79.04,559255.0,2021.0,29202.39
2908200,Conceição da Feira,BA,Bahia,Nordeste,Centro Norte Baiano,Feira de Santana,Feira de Santana,20800.0,164.798,126.22,88.61,375845.0,2021.0,18069.47
2908309,Conceição do Almeida,BA,Bahia,Nordeste,Metropolitana de Salvador,Santo Antônio de Jesus,Santo Antônio de Jesus,15794.0,284.836,55.45,85.13,200105.0,2021.0,12669.68
2908408,Conceição do Coité,BA,Bahia,Nordeste,Nordeste Baiano,Serrinha,Feira de Santana,67825.0,1015.252,66.81,85.83,883550.0,2021.0,13026.91
2908507,Conceição do Jacuípe,BA,Bahia,Nordeste,Centro Norte Baiano,Feira de Santana,Feira de Santana,35308.0,114.869,307.38,91.09,2761495.0,2021.0,78211.6
2908606,Conde,BA,Bahia,Nordeste,Nordeste Baiano,Entre Rios,Salvador,23654.0,931.106,25.4,83.98,288432.0,2021.0,12193.79
2908705,Condeúba,BA,Bahia,Nordeste,Centro Sul Baiano,Brumado,Vitória da Conquista,17053.0,1348.039,12.65,81.68,170758.0,2021.0,10013.37
2908804,Contendas do Sincorá,BA,Bahia,Nordeste,Centro Sul Baiano,Seabra,Vitória da Conquista,4333.0,977.455,4.43,82.87,50705.0,2021.0,11702.05
2908903,Coração de Maria,BA,Bahia,Nordeste,Centro Norte Baiano,Feira de Santana,Feira de Santana,26692.0,378.42,70.54,84.3,225909.0,2021.0,8463.55
2909000,Cordeiros,BA,Bahia,Nordeste,Centro Sul Baiano,Brumado,Vitória da Conquista,7546.0,523.64,14.41,76.01,70616.0,2021.0,9358.07
2909109,Coribe,BA,Bahia,Nordeste,Extremo Oeste Baiano,Santa Maria da Vitória,Barreiras,13990.0,2662.819,5.25,79.18,168999.0,2021.0,12079.99
2909208,Coronel João Sá,BA,Bahia,Nordeste,Nordeste Baiano,Jeremoabo,Paulo Afonso,17056.0,797.434,21.39,68.29,175063.0,2021.0,10264.01
2909307,Correntina,BA,Bahia,Nordeste,Extremo Oeste Baiano,Santa Maria da Vitória,Barreiras,32457.0,11504.314,2.82,81.2,3280617.0,2021.0,101075.79
2909406,Cotegipe,BA,Bahia,Nordeste,Extremo Oeste Baiano,Cotegipe,Barreiras,13063.0,4282.775,3.05,76.68,171261.0,2021.0,13110.39
2909505,Cravolândia,BA,Bahia,Nordeste,Centro Sul Baiano,Jequié,Vitória da Conquista,4415.0,182.585,24.18,80.84,45856.0,2021.0,10386.41
2909604,Crisópolis,BA,Bahia,Nordeste,Nordeste Baiano,Alagoinhas,Salvador,19729.0,636.609,30.99,77.16,205809.0,2021.0,10431.8
2909703,Cristópolis,BA,Bahia,Nordeste,Extremo Oeste Baiano,Cotegipe,Barreiras,13993.0,1052.837,13.29,77.79,157829.0,2021.0,11279.14
2909802,Cruz das Almas,BA,Bahia,Nordeste,Metropolitana de Salvador,Santo Antônio de Jesus,Santo Antônio de Jesus,60348.0,139.117,433.79,91.31,1041984.0,2021.0,17266.26
2909901,Curaçá,BA,Bahia,Nordeste,Vale São-Franciscano da Bahia,Juazeiro,Juazeiro,34180.0,5950.614,5.74,83.43,354901.0,2021.0,10383.29
2910008,Dário Meira,BA,Bahia,Nordeste,Centro Sul Baiano,Vitória da Conquista,Vitória da Conquista,10820.0,413.637,26.16,74.2,126035.0,2021.0,11648.34
2910057,Dias d'Ávila,BA,Bahia,Nordeste,Metropolitana de Salvador,Salvador,Salvador,71485.0,183.759,389.01,93.47,3052173.0,2021.0,42696.69
2910107,Dom Basílio,BA,Bahia,Nordeste,Centro Sul Baiano,Livramento do Brumado,Vitória da Conquista,11884.0,689.516,17.24,81.37,142114.0,2021.0,11958.43
2910206,Dom Macedo Costa,BA,Bahia,Nordeste,Metropolitana de Salvador,Santo Antônio de Jesus,Santo Antônio de Jesus,4407.0,94.778,46.5,84.77,43268.0,2021.0,9818.02
2910305,Elísio Medrado,BA,Bahia,Nordeste,Centro Norte Baiano,Feira de Santana,Santo Antônio de Jesus,7808.0,179.329,43.54,82.99,76577.0,2021.0,9807.51
2910404,Encruzilhada,BA,Bahia,Nordeste,Centro Sul Baiano,Itapetinga,Vitória da Conquista,19107.0,1890.133,10.11,74.11,255982.0,2021.0,13397.29
2910503,Entre Rios,BA,Bahia,Nordeste,Nordeste Baiano,Entre Rios,Salvador,38098.0,1187.766,32.08,87.62,680875.0,2021.0,17871.67
2910602,Esplanada,BA,Bahia,Nordeste,Nordeste Baiano,Entre Rios,Salvador,32554.0,1299.355,25.05,84.7,731443.0,2021.0,22468.61
2910701,Euclides da Cunha,BA,Bahia,Nordeste,Nordeste Baiano,Euclides da Cunha,Paulo Afonso,61456.0,2025.368,30.34,78.36,794576.0,2021.0,12929.19
2910727,Eunápolis,BA,Bahia,Nordeste,Sul Baiano,Porto Seguro,Ilhéus ¿ Itabuna,113710.0,1425.97,79.74,89.55,3204764.0,2021.0,28183.66
2910750,Fátima,BA,Bahia,Nordeste,Nordeste Baiano,Ribeira do Pombal,Paulo Afonso,17895.0,364.419,49.11,75.06,279797.0,2021.0,15635.48
2910776,Feira da Mata,BA,Bahia,Nordeste,Vale São-Franciscano da Bahia,Bom Jesus da Lapa,Guanambi,5631.0,1176.111,4.79,79.59,63006.0,2021.0,11189.13
2910800,Feira de Santana,BA,Bahia,Nordeste,Centro Norte Baiano,Feira de Santana,Feira de Santana,616272.0,1304.425,472.45,93.4,17287746.0,2021.0,28052.14
2910859,Filadélfia,BA,Bahia,Nordeste,Centro Norte Baiano,Senhor do Bonfim,Juazeiro,17897.0,579.686,30.87,82.32,139019.0,2021.0,7767.73
2910909,Firmino Alves,BA,Bahia,Nordeste,Sul Baiano,Ilhéus-Itabuna,Ilhéus ¿ Itabuna,4873.0,172.353,28.27,83.87,70961.0,2021.0,14562.08
2911006,Floresta Azul,BA,Bahia,Nordeste,Sul Baiano,Ilhéus-Itabuna,Ilhéus ¿ Itabuna,11059.0,321.013,34.45,78.06,101470.0,2021.0,9175.33
2911105,Formosa do Rio Preto,BA,Bahia,Nordeste,Extremo Oeste Baiano,Barreiras,Barreiras,25899.0,15634.328,1.66,81.64,4609105.0,2021.0,177964.59
2911204,Gandu,BA,Bahia,Nordeste,Sul Baiano,Ilhéus-Itabuna,Vitória da Conquista,32178.0,229.661,140.11,85.5,460710.0,2021.0,14317.55
2911253,Gavião,BA,Bahia,Nordeste,Nordeste Baiano,Serrinha,Feira de Santana,4360.0,384.592,11.34,81.62,49892.0,2021.0,11443.12
2911303,Gentio do Ouro,BA,Bahia,Nordeste,Centro Norte Baiano,Irecê,Irecê,10884.0,3817.946,2.85,81.85,133421.0,2021.0,12258.45
2911402,Glória,BA,Bahia,Nordeste,Vale São-Franciscano da Bahia,Paulo Afonso,Paulo Afonso,15524.0,1566.609,9.91,78.22,254116.0,2021.0,16369.23
2911501,Gongogi,BA,Bahia,Nordeste,Sul Baiano,Ilhéus-Itabuna,Vitória da Conquista,5555.0,202.194,27.47,80.26,76384.0,2021.0,13750.5
2911600,Governador Mangabeira,BA,Bahia,Nordeste,Metropolitana de Salvador,Santo Antônio de Jesus,Santo Antônio de Jesus,20605.0,106.848,192.84,84.77,221824.0,2021.0,10765.54
2911659,Guajeru,BA,Bahia,Nordeste,Centro Sul Baiano,Brumado,Guanambi,8050.0,872.867,9.22,78.26,68553.0,2021.0,8515.9
2911709,Guanambi,BA,Bahia,Nordeste,Centro Sul Baiano,Guanambi,Guanambi,87817.0,1272.366,69.02,88.16,1652174.0,2021.0,18813.83
2911808,Guaratinga,BA,Bahia,Nordeste,Sul Baiano,Porto Seguro,Ilhéus ¿ Itabuna,19049.0,2189.404,8.7,72.41,279298.0,2021.0,14662.08
2911857,Heliópolis,BA,Bahia,Nordeste,Nordeste Baiano,Ribeira do Pombal,Paulo Afonso,12309.0,313.438,39.27,73.72,140497.0,2021.0,11414.17
2911907,Iaçu,BA,Bahia,Nordeste,Centro Norte Baiano,Itaberaba,Feira de Santana,24607.0,2342.497,10.5,78.08,236733.0,2021.0,9620.56
2912004,Ibiassucê,BA,Bahia,Nordeste,Centro Sul Baiano,Guanambi,Guanambi,10429.0,483.274,21.58,82.59,98696.0,2021.0,9463.61
2912103,Ibicaraí,BA,Bahia,Nordeste,Sul Baiano,Ilhéus-Itabuna,Ilhéus ¿ Itabuna,21665.0,230.953,93.81,82.81,206488.0,2021.0,9530.95
2912202,Ibicoara,BA,Bahia,Nordeste,Centro Sul Baiano,Seabra,Vitória da Conquista,20785.0,817.355,25.43,87.23,442996.0,2021.0,21313.25
2912301,Ibicuí,BA,Bahia,Nordeste,Centro Sul Baiano,Vitória da Conquista,Ilhéus ¿ Itabuna,13934.0,1139.378,12.23,80.89,196041.0,2021.0,14069.26
2912400,Ibipeba,BA,Bahia,Nordeste,Centro Norte Baiano,Irecê,Irecê,16603.0,1382.008,12.01,84.22,177643.0,2021.0,10699.45
2912509,Ibipitanga,BA,Bahia,Nordeste,Centro Sul Baiano,Boquira,Guanambi,13863.0,954.373,14.53,77.1,117147.0,2021.0,8450.34
2912608,Ibiquera,BA,Bahia,Nordeste,Centro Norte Baiano,Itaberaba,Feira de Santana,3725.0,698.245,5.33,81.35,37302.0,2021.0,10013.96
2912707,Ibirapitanga,BA,Bahia,Nordeste,Sul Baiano,Ilhéus-Itabuna,Ilhéus ¿ Itabuna,25344.0,472.664,53.62,79.03,285725.0,2021.0,11273.87
2912806,Ibirapuã,BA,Bahia,Nordeste,Sul Baiano,Porto Seguro,Ilhéus ¿ Itabuna,8896.0,771.098,11.54,84.3,450754.0,2021.0,50669.29
2912905,Ibirataia,BA,Bahia,Nordeste,Sul Baiano,Ilhéus-Itabuna,Vitória da Conquista,18792.0,318.129,59.07,77.84,206991.0,2021.0,11014.85
2913002,Ibitiara,BA,Bahia,Nordeste,Centro Sul Baiano,Boquira,Feira de Santana,14637.0,1834.002,7.98,81.05,113539.0,2021.0,7756.99
2913101,Ibititá,BA,Bahia,Nordeste,Centro Norte Baiano,Irecê,Irecê,16969.0,573.033,29.61,85.16,155356.0,2021.0,9155.28
2913200,Ibotirama,BA,Bahia,Nordeste,Vale São-Franciscano da Bahia,Barra,Irecê,26309.0,1740.113,15.12,86.82,415176.0,2021.0,15780.76
2913309,Ichu,BA,Bahia,Nordeste,Nordeste Baiano,Serrinha,Feira de Santana,6190.0,138.016,44.85,88.95,56326.0,2021.0,9099.52
2913408,Igaporã,BA,Bahia,Nordeste,Centro Sul Baiano,Guanambi,Guanambi,15527.0,836.586,18.56,81.64,198181.0,2021.0,12763.64
2913457,Igrapiúna,BA,Bahia,Nordeste,Sul Baiano,Valença,Santo Antônio de Jesus,13151.0,591.312,22.24,80.61,211118.0,2021.0,16053.38
2913507,Iguaí,BA,Bahia,Nordeste,Centro Sul Baiano,Vitória da Conquista,Vitória da Conquista,21491.0,860.223,24.98,75.94,246107.0,2021.0,11451.63
2913606,Ilhéus,BA,Bahia,Nordeste,Sul Baiano,Ilhéus-Itabuna,Ilhéus ¿ Itabuna,178649.0,1588.555,112.46,90.86,5165434.0,2021.0,28913.87
2913705,Inhambupe,BA,Bahia,Nordeste,Nordeste Baiano,Alagoinhas,Salvador,33790.0,1082.283,31.22,79.28,625516.0,2021.0,18511.87
2913804,Ipecaetá,BA,Bahia,Nordeste,Centro Norte Baiano,Feira de Santana,Feira de Santana,13709.0,372.565,36.8,78.84,105039.0,2021.0,7662.05
2913903,Ipiaú,BA,Bahia,Nordeste,Sul Baiano,Ilhéus-Itabuna,Vitória da Conquista,40706.0,280.454,145.14,85.2,567652.0,2021.0,13945.17
2914000,Ipirá,BA,Bahia,Nordeste,Centro Norte Baiano,Feira de Santana,Feira de Santana,56876.0,3105.281,18.32,77.45,664074.0,2021.0,11675.82
2914109,Ipupiara,BA,Bahia,Nordeste,Centro Sul Baiano,Boquira,Irecê,9935.0,1055.76,9.41,87.4,100298.0,2021.0,10095.42
2914208,Irajuba,BA,Bahia,Nordeste,Centro Sul Baiano,Jequié,Vitória da Conquista,6101.0,459.047,13.29,77.45,77968.0,2021.0,12779.54
2914307,Iramaia,BA,Bahia,Nordeste,Centro Sul Baiano,Jequié,Vitória da Conquista,10752.0,1708.115,6.29,83.23,102575.0,2021.0,9540.09
2914406,Iraquara,BA,Bahia,Nordeste,Centro Norte Baiano,Irecê,Feira de Santana,23879.0,991.822,24.08,88.48,897724.0,2021.0,37594.71
2914505,Irará,BA,Bahia,Nordeste,Centro Norte Baiano,Feira de Santana,Feira de Santana,28043.0,267.88,104.68,83.86,285797.0,2021.0,10191.38
2914604,Irecê,BA,Bahia,Nordeste,Centro Norte Baiano,Irecê,Irecê,74507.0,319.174,233.44,91.69,1531592.0,2021.0,20556.35
2914653,Itabela,BA,Bahia,Nordeste,Sul Baiano,Porto Seguro,Ilhéus ¿ Itabuna,28165.0,924.914,30.45,82.0,513989.0,2021.0,18249.21
2914703,Itaberaba,BA,Bahia,Nordeste,Centro Norte Baiano,Itaberaba,Feira de Santana,65073.0,2386.39,27.27,87.87,995761.0,2021.0,15302.21
2914802,Itabuna,BA,Bahia,Nordeste,Sul Baiano,Ilhéus-Itabuna,Ilhéus ¿ Itabuna,186708.0,401.028,465.57,91.8,4200887.0,2021.0,22499.77
2914901,Itacaré,BA,Bahia,Nordeste,Sul Baiano,Ilhéus-Itabuna,Ilhéus ¿ Itabuna,27704.0,726.265,38.15,86.28,427090.0,2021.0,15416.19
2915007,Itaeté,BA,Bahia,Nordeste,Centro Sul Baiano,Seabra,Feira de Santana,13472.0,1331.822,10.12,78.99,126615.0,2021.0,9398.38
2915106,Itagi,BA,Bahia,Nordeste,Centro Sul Baiano,Jequié,Vitória da Conquista,13803.0,310.621,44.44,79.51,128429.0,2021.0,9304.43
2915205,Itagibá,BA,Bahia,Nordeste,Sul Baiano,Ilhéus-Itabuna,Vitória da Conquista,15310.0,810.993,18.88,81.04,1102618.0,2021.0,72019.46
2915304,Itagimirim,BA,Bahia,Nordeste,Sul Baiano,Porto Seguro,Ilhéus ¿ Itabuna,6347.0,876.8,7.24,77.64,127478.0,2021.0,20084.76
2915353,Itaguaçu da Bahia,BA,Bahia,Nordeste,Vale São-Franciscano da Bahia,Barra,Irecê,12311.0,4310.238,2.86,80.96,152646.0,2021.0,12399.16
2915403,Itaju do Colônia,BA,Bahia,Nordeste,Sul Baiano,Ilhéus-Itabuna,Ilhéus ¿ Itabuna,6037.0,1225.287,4.93,80.35,89468.0,2021.0,14819.94
2915502,Itajuípe,BA,Bahia,Nordeste,Sul Baiano,Ilhéus-Itabuna,Ilhéus ¿ Itabuna,18781.0,270.752,69.37,81.14,255369.0,2021.0,13597.2
2915601,Itamaraju,BA,Bahia,Nordeste,Sul Baiano,Porto Seguro,Ilhéus ¿ Itabuna,59605.0,2360.584,25.25,84.3,1109786.0,2021.0,18619.01
2915700,Itamari,BA,Bahia,Nordeste,Sul Baiano,Ilhéus-Itabuna,Vitória da Conquista,7051.0,143.479,49.14,77.35,103343.0,2021.0,14656.5
2915809,Itambé,BA,Bahia,Nordeste,Centro Sul Baiano,Itapetinga,Vitória da Conquista,24394.0,1534.575,15.9,79.94,294534.0,2021.0,12074.03
2915908,Itanagra,BA,Bahia,Nordeste,Metropolitana de Salvador,Catu,Salvador,5914.0,533.634,11.08,82.03,81829.0,2021.0,13836.49
2916005,Itanhém,BA,Bahia,Nordeste,Sul Baiano,Porto Seguro,Ilhéus ¿ Itabuna,17813.0,1394.174,12.78,81.6,293429.0,2021.0,16472.74
2916104,Itaparica,BA,Bahia,Nordeste,Metropolitana de Salvador,Salvador,Santo Antônio de Jesus,19789.0,121.373,163.04,92.54,246765.0,2021.0,12469.81
2916203,Itapé,BA,Bahia,Nordeste,Sul Baiano,Ilhéus-Itabuna,Ilhéus ¿ Itabuna,10341.0,453.144,22.82,81.56,106333.0,2021.0,10282.66
2916302,Itapebi,BA,Bahia,Nordeste,Sul Baiano,Ilhéus-Itabuna,Ilhéus ¿ Itabuna,9174.0,1013.074,9.06,77.2,335601.0,2021.0,36581.75
2916401,Itapetinga,BA,Bahia,Nordeste,Centro Sul Baiano,Itapetinga,Vitória da Conquista,65897.0,1651.158,39.91,89.08,1466169.0,2021.0,22249.4
2916500,Itapicuru,BA,Bahia,Nordeste,Nordeste Baiano,Ribeira do Pombal,Salvador,31679.0,1557.685,20.34,71.18,438660.0,2021.0,13847.03
2916609,Itapitanga,BA,Bahia,Nordeste,Sul Baiano,Ilhéus-Itabuna,Ilhéus ¿ Itabuna,10279.0,420.663,24.44,80.88,94612.0,2021.0,9204.4
2916708,Itaquara,BA,Bahia,Nordeste,Centro Sul Baiano,Jequié,Vitória da Conquista,8153.0,344.093,23.69,78.57,100679.0,2021.0,12348.71
2916807,Itarantim,BA,Bahia,Nordeste,Centro Sul Baiano,Itapetinga,Vitória da Conquista,17052.0,1674.029,10.19,83.28,330772.0,2021.0,19397.84
2916856,Itatim,BA,Bahia,Nordeste,Centro Norte Baiano,Feira de Santana,Santo Antônio de Jesus,15737.0,547.51,28.74,83.35,430369.0,2021.0,27347.59
2916906,Itiruçu,BA,Bahia,Nordeste,Centro Sul Baiano,Jequié,Vitória da Conquista,10999.0,322.243,34.13,79.47,120556.0,2021.0,10960.63
2917003,Itiúba,BA,Bahia,Nordeste,Centro Norte Baiano,Senhor do Bonfim,Juazeiro,33872.0,1650.593,20.52,80.34,351480.0,2021.0,10376.71
2917102,Itororó,BA,Bahia,Nordeste,Centro Sul Baiano,Itapetinga,Vitória da Conquista,16617.0,313.839,52.95,79.13,250715.0,2021.0,15087.86
2917201,Ituaçu,BA,Bahia,Nordeste,Centro Sul Baiano,Brumado,Vitória da Conquista,17914.0,1199.374,14.94,78.52,256554.0,2021.0,14321.42
2917300,Ituberá,BA,Bahia,Nordeste,Sul Baiano,Valença,Santo Antônio de Jesus,21902.0,415.428,52.72,83.53,367367.0,2021.0,16773.22
2917334,Iuiu,BA,Bahia,Nordeste,Centro Sul Baiano,Guanambi,Guanambi,11118.0,1525.142,7.29,80.03,133299.0,2021.0,11989.48
2917359,Jaborandi,BA,Bahia,Nordeste,Extremo Oeste Baiano,Santa Maria da Vitória,Barreiras,9275.0,9955.113,0.93,80.08,1344176.0,2021.0,144924.64
2917409,Jacaraci,BA,Bahia,Nordeste,Centro Sul Baiano,Guanambi,Guanambi,14436.0,1332.42,10.83,81.4,122734.0,2021.0,8501.94
2917508,Jacobina,BA,Bahia,Nordeste,Centro Norte Baiano,Jacobina,Feira de Santana,82590.0,2192.905,37.66,87.3,1866382.0,2021.0,22598.16
2917607,Jaguaquara,BA,Bahia,Nordeste,Centro Sul Baiano,Jequié,Vitória da Conquista,45964.0,924.512,49.72,80.73,677732.0,2021.0,14744.84
2917706,Jaguarari,BA,Bahia,Nordeste,Centro Norte Baiano,Senhor do Bonfim,Juazeiro,32703.0,2466.009,13.26,84.32,1197315.0,2021.0,36611.78
2917805,Jaguaripe,BA,Bahia,Nordeste,Metropolitana de Salvador,Santo Antônio de Jesus,Santo Antônio de Jesus,17659.0,863.424,20.45,80.83,206796.0,2021.0,11710.52
2917904,Jandaíra,BA,Bahia,Nordeste,Nordeste Baiano,Entre Rios,Salvador,9285.0,640.772,14.49,81.18,168106.0,2021.0,18105.12
2918001,Jequié,BA,Bahia,Nordeste,Centro Sul Baiano,Jequié,Vitória da Conquista,158813.0,2969.039,53.49,88.19,3175607.0,2021.0,19995.89
2918100,Jeremoabo,BA,Bahia,Nordeste,Nordeste Baiano,Jeremoabo,Paulo Afonso,37626.0,4267.488,8.82,73.77,501169.0,2021.0,13319.75
2918209,Jiquiriçá,BA,Bahia,Nordeste,Centro Sul Baiano,Jequié,Santo Antônio de Jesus,13629.0,238.66,57.11,80.51,150225.0,2021.0,11022.45
2918308,Jitaúna,BA,Bahia,Nordeste,Centro Sul Baiano,Jequié,Vitória da Conquista,14355.0,262.05,54.78,76.89,175501.0,2021.0,12225.77
2918357,João Dourado,BA,Bahia,Nordeste,Centro Norte Baiano,Irecê,Irecê,24854.0,913.258,27.21,84.41,296792.0,2021.0,11941.42
2918407,Juazeiro,BA,Bahia,Nordeste,Vale São-Franciscano da Bahia,Juazeiro,Juazeiro,237821.0,6721.237,35.38,90.33,5182686.0,2021.0,21792.38
2918456,Jucuruçu,BA,Bahia,Nordeste,Sul Baiano,Porto Seguro,Ilhéus ¿ Itabuna,9655.0,1457.656,6.62,72.98,127605.0,2021.0,13216.47
2918506,Jussara,BA,Bahia,Nordeste,Centro Norte Baiano,Irecê,Irecê,16354.0,1355.173,12.07,79.22,113552.0,2021.0,6943.38
2918555,Jussari,BA,Bahia,Nordeste,Sul Baiano,Ilhéus-Itabuna,Ilhéus ¿ Itabuna,5888.0,329.19,17.89,81.84,71426.0,2021.0,12130.77
2918605,Jussiape,BA,Bahia,Nordeste,Centro Sul Baiano,Seabra,Vitória da Conquista,7379.0,589.763,12.51,82.57,68637.0,2021.0,9301.67
2918704,Lafaiete Coutinho,BA,Bahia,Nordeste,Centro Sul Baiano,Jequié,Vitória da Conquista,4075.0,498.11,8.18,75.29,55228.0,2021.0,13552.88
2918753,Lagoa Real,BA,Bahia,Nordeste,Centro Sul Baiano,Guanambi,Guanambi,14105.0,912.222,15.46,78.92,119480.0,2021.0,8470.76
2918803,Laje,BA,Bahia,Nordeste,Centro Sul Baiano,Jequié,Santo Antônio de Jesus,21052.0,449.834,46.8,79.08,292274.0,2021.0,13883.43
2918902,Lajedão,BA,Bahia,Nordeste,Sul Baiano,Porto Seguro,Ilhéus ¿ Itabuna,3845.0,624.353,6.16,81.35,112925.0,2021.0,29369.31
2919009,Lajedinho,BA,Bahia,Nordeste,Centro Norte Baiano,Itaberaba,Feira de Santana,3527.0,846.728,4.17,81.81,60929.0,2021.0,17275.02
2919058,Lajedo do Tabocal,BA,Bahia,Nordeste,Centro Sul Baiano,Jequié,Vitória da Conquista,7494.0,382.937,19.57,81.77,78267.0,2021.0,10443.96
2919108,Lamarão,BA,Bahia,Nordeste,Nordeste Baiano,Serrinha,Feira de Santana,9015.0,189.257,47.63,74.72,64992.0,2021.0,7209.32
2919157,Lapão,BA,Bahia,Nordeste,Centro Norte Baiano,Irecê,Irecê,25736.0,642.882,40.03,83.54,302184.0,2021.0,11741.68
2919207,Lauro de Freitas,BA,Bahia,Nordeste,Metropolitana de Salvador,Salvador,Salvador,203331.0,57.942,3509.22,96.32,7322788.0,2021.0,36014.12
2919306,Lençóis,BA,Bahia,Nordeste,Centro Sul Baiano,Seabra,Feira de Santana,10774.0,1283.328,8.4,89.33,170248.0,2021.0,15801.74
2919405,Licínio de Almeida,BA,Bahia,Nordeste,Centro Sul Baiano,Guanambi,Guanambi,11834.0,856.626,13.81,84.05,157145.0,2021.0,13279.11
2919504,Livramento de Nossa Senhora,BA,Bahia,Nordeste,Centro Sul Baiano,Livramento do Brumado,Vitória da Conquista,43903.0,1952.51,22.49,82.8,574693.0,2021.0,13090.06
2919553,Luís Eduardo Magalhães,BA,Bahia,Nordeste,Extremo Oeste Baiano,Barreiras,Barreiras,107909.0,4036.094,26.74,95.32,8833179.0,2021.0,81857.67
2919603,Macajuba,BA,Bahia,Nordeste,Centro Norte Baiano,Itaberaba,Feira de Santana,10454.0,701.171,14.91,78.45,90666.0,2021.0,8672.85
2919702,Macarani,BA,Bahia,Nordeste,Centro Sul Baiano,Itapetinga,Vitória da Conquista,21599.0,1210.106,17.85,79.61,226872.0,2021.0,10503.82
2919801,Macaúbas,BA,Bahia,Nordeste,Centro Sul Baiano,Boquira,Guanambi,41859.0,2459.102,17.02,80.15,430548.0,2021.0,10285.67
2919900,Macururé,BA,Bahia,Nordeste,Vale São-Franciscano da Bahia,Paulo Afonso,Paulo Afonso,7256.0,2545.856,2.85,77.87,67455.0,2021.0,9296.44
2919926,Madre de Deus,BA,Bahia,Nordeste,Metropolitana de Salvador,Salvador,Salvador,18504.0,32.201,574.64,95.57,515753.0,2021.0,27872.51
2919959,Maetinga,BA,Bahia,Nordeste,Centro Sul Baiano,Brumado,Vitória da Conquista,6973.0,614.834,11.34,76.57,50031.0,2021.0,7174.96
2920007,Maiquinique,BA,Bahia,Nordeste,Centro Sul Baiano,Itapetinga,Vitória da Conquista,8731.0,588.297,14.84,83.01,204964.0,2021.0,23475.43
2920106,Mairi,BA,Bahia,Nordeste,Centro Norte Baiano,Itaberaba,Feira de Santana,17674.0,906.68,19.49,80.34,158649.0,2021.0,8976.41
2920205,Malhada,BA,Bahia,Nordeste,Centro Sul Baiano,Guanambi,Guanambi,15398.0,1979.193,7.78,79.65,187955.0,2021.0,12206.46
2920304,Malhada de Pedras,BA,Bahia,Nordeste,Centro Sul Baiano,Brumado,Vitória da Conquista,8670.0,550.55,15.75,80.36,80501.0,2021.0,9285.01
2920403,Manoel Vitorino,BA,Bahia,Nordeste,Centro Sul Baiano,Vitória da Conquista,Vitória da Conquista,13860.0,2201.764,6.29,76.2,139733.0,2021.0,10081.75
2920452,Mansidão,BA,Bahia,Nordeste,Extremo Oeste Baiano,Cotegipe,Barreiras,13919.0,3129.588,4.45,88.6,93635.0,2021.0,6727.14
2920502,Maracás,BA,Bahia,Nordeste,Centro Sul Baiano,Jequié,Vitória da Conquista,27620.0,2413.27,11.45,81.72,655865.0,2021.0,23746.02
2920601,Maragogipe,BA,Bahia,Nordeste,Metropolitana de Salvador,Santo Antônio de Jesus,Santo Antônio de Jesus,35859.0,437.61,81.94,82.4,402216.0,2021.0,11216.6
2920700,Maraú,BA,Bahia,Nordeste,Sul Baiano,Valença,Ilhéus ¿ Itabuna,24527.0,848.885,28.89,84.14,343435.0,2021.0,14002.32
2920809,Marcionílio Souza,BA,Bahia,Nordeste,Centro Sul Baiano,Jequié,Feira de Santana,9267.0,1099.283,8.43,78.4,94273.0,2021.0,10172.98
2920908,Mascote,BA,Bahia,Nordeste,Sul Baiano,Ilhéus-Itabuna,Ilhéus ¿ Itabuna,13544.0,742.689,18.24,79.47,161322.0,2021.0,11910.96
2921005,Mata de São João,BA,Bahia,Nordeste,Metropolitana de Salvador,Catu,Salvador,42566.0,605.168,70.34,91.05,1307567.0,2021.0,30718.58
2921054,Matina,BA,Bahia,Nordeste,Centro Sul Baiano,Guanambi,Guanambi,10330.0,773.278,13.36,75.02,91646.0,2021.0,8871.83
2921104,Medeiros Neto,BA,Bahia,Nordeste,Sul Baiano,Porto Seguro,Ilhéus ¿ Itabuna,22194.0,1311.739,16.92,83.19,514264.0,2021.0,23171.31
2921203,Miguel Calmon,BA,Bahia,Nordeste,Centro Norte Baiano,Jacobina,Feira de Santana,24661.0,1599.672,15.42,83.51,272751.0,2021.0,11060.01
2921302,Milagres,BA,Bahia,Nordeste,Centro Sul Baiano,Jequié,Santo Antônio de Jesus,11071.0,420.358,26.34,81.88,144021.0,2021.0,13008.85
2921401,Mirangaba,BA,Bahia,Nordeste,Centro Norte Baiano,Jacobina,Feira de Santana,15734.0,1751.778,8.98,80.88,141314.0,2021.0,8981.44
2921450,Mirante,BA,Bahia,Nordeste,Centro Sul Baiano,Vitória da Conquista,Vitória da Conquista,10187.0,1172.86,8.69,75.89,78529.0,2021.0,7708.75
2921500,Monte Santo,BA,Bahia,Nordeste,Nordeste Baiano,Euclides da Cunha,Paulo Afonso,47780.0,3034.197,15.75,72.34,459587.0,2021.0,9618.82
2921609,Morpará,BA,Bahia,Nordeste,Vale São-Franciscano da Bahia,Barra,Irecê,7996.0,2093.872,3.82,81.07,78576.0,2021.0,9826.91
2921708,Morro do Chapéu,BA,Bahia,Nordeste,Centro Norte Baiano,Jacobina,Irecê,33594.0,5744.969,5.85,83.93,626444.0,2021.0,18647.5
2921807,Mortugaba,BA,Bahia,Nordeste,Centro Sul Baiano,Guanambi,Guanambi,11143.0,528.214,21.1,84.63,106587.0,2021.0,9565.38
2921906,Mucugê,BA,Bahia,Nordeste,Centro Sul Baiano,Seabra,Feira de Santana,12137.0,2462.153,4.93,84.75,774984.0,2021.0,63853.01
2922003,Mucuri,BA,Bahia,Nordeste,Sul Baiano,Porto Seguro,Ilhéus ¿ Itabuna,37977.0,1787.626,21.24,87.21,2213929.0,2021.0,58296.57
2922052,Mulungu do Morro,BA,Bahia,Nordeste,Centro Norte Baiano,Irecê,Irecê,13152.0,646.621,20.34,84.1,212754.0,2021.0,16176.55
2922102,Mundo Novo,BA,Bahia,Nordeste,Centro Norte Baiano,Itaberaba,Feira de Santana,17305.0,1491.99,11.6,81.67,198985.0,2021.0,11498.7
2922201,Muniz Ferreira,BA,Bahia,Nordeste,Metropolitana de Salvador,Santo Antônio de Jesus,Santo Antônio de Jesus,7190.0,104.54,68.78,82.57,66760.0,2021.0,9285.12
2922250,Muquém do São Francisco,BA,Bahia,Nordeste,Vale São-Franciscano da Bahia,Barra,Irecê,10443.0,3852.111,2.71,81.01,210272.0,2021.0,20135.21
2922300,Muritiba,BA,Bahia,Nordeste,Metropolitana de Salvador,Santo Antônio de Jesus,Santo Antônio de Jesus,28707.0,86.311,332.6,88.2,276522.0,2021.0,9632.56
2922409,Mutuípe,BA,Bahia,Nordeste,Centro Sul Baiano,Jequié,Santo Antônio de Jesus,20037.0,275.854,72.64,82.19,470758.0,2021.0,23494.44
2922508,Nazaré,BA,Bahia,Nordeste,Metropolitana de Salvador,Santo Antônio de Jesus,Santo Antônio de Jesus,27060.0,278.629,97.12,84.94,330399.0,2021.0,12209.87
2922607,Nilo Peçanha,BA,Bahia,Nordeste,Sul Baiano,Valença,Santo Antônio de Jesus,12063.0,388.936,31.02,78.53,185842.0,2021.0,15405.95
2922656,Nordestina,BA,Bahia,Nordeste,Nordeste Baiano,Euclides da Cunha,Feira de Santana,18523.0,465.407,39.8,78.46,160704.0,2021.0,8675.92
2922706,Nova Canaã,BA,Bahia,Nordeste,Centro Sul Baiano,Vitória da Conquista,Vitória da Conquista,13715.0,804.617,17.05,76.18,174011.0,2021.0,12687.64
2922730,Nova Fátima,BA,Bahia,Nordeste,Nordeste Baiano,Serrinha,Feira de Santana,7967.0,346.784,22.97,83.24,95116.0,2021.0,11938.75
2922755,Nova Ibiá,BA,Bahia,Nordeste,Sul Baiano,Ilhéus-Itabuna,Vitória da Conquista,6501.0,203.198,31.99,78.48,101835.0,2021.0,15664.51
2922805,Nova Itarana,BA,Bahia,Nordeste,Centro Sul Baiano,Jequié,Santo Antônio de Jesus,7780.0,475.381,16.37,79.76,73231.0,2021.0,9412.72
2922854,Nova Redenção,BA,Bahia,Nordeste,Centro Sul Baiano,Seabra,Feira de Santana,7538.0,565.356,13.33,82.01,75482.0,2021.0,10013.53
2922904,Nova Soure,BA,Bahia,Nordeste,Nordeste Baiano,Ribeira do Pombal,Paulo Afonso,24236.0,966.993,25.06,77.07,271385.0,2021.0,11197.6
2923001,Nova Viçosa,BA,Bahia,Nordeste,Sul Baiano,Porto Seguro,Ilhéus ¿ Itabuna,39509.0,1316.379,30.01,86.53,575879.0,2021.0,14575.89
2923035,Novo Horizonte,BA,Bahia,Nordeste,Centro Sul Baiano,Boquira,Feira de Santana,11162.0,627.5,17.79,88.01,105117.0,2021.0,9417.4
2923050,Novo Triunfo,BA,Bahia,Nordeste,Nordeste Baiano,Ribeira do Pombal,Paulo Afonso,10660.0,278.487,38.28,78.88,103840.0,2021.0,9741.09
2923100,Olindina,BA,Bahia,Nordeste,Nordeste Baiano,Ribeira do Pombal,Paulo Afonso,22633.0,637.317,35.51,77.76,241905.0,2021.0,10688.15
2923209,Oliveira dos Brejinhos,BA,Bahia,Nordeste,Centro Sul Baiano,Boquira,Irecê,20715.0,3313.418,6.25,85.2,291778.0,2021.0,14085.35
2923308,Ouriçangas,BA,Bahia,Nordeste,Centro Norte Baiano,Feira de Santana,Feira de Santana,7716.0,156.982,49.15,80.26,80572.0,2021.0,10442.2
2923357,Ourolândia,BA,Bahia,Nordeste,Centro Norte Baiano,Jacobina,Feira de Santana,19243.0,1544.988,12.46,78.43,279796.0,2021.0,14540.14
2923407,Palmas de Monte Alto,BA,Bahia,Nordeste,Centro Sul Baiano,Guanambi,Guanambi,20078.0,2560.027,7.84,77.2,237973.0,2021.0,11852.43
2923506,Palmeiras,BA,Bahia,Nordeste,Centro Sul Baiano,Seabra,Feira de Santana,10339.0,737.454,14.02,91.15,107772.0,2021.0,10423.83
2923605,Paramirim,BA,Bahia,Nordeste,Centro Sul Baiano,Livramento do Brumado,Vitória da Conquista,20351.0,1087.06,18.72,82.6,270522.0,2021.0,13292.81
2923704,Paratinga,BA,Bahia,Nordeste,Vale São-Franciscano da Bahia,Bom Jesus da Lapa,Guanambi,29252.0,2624.998,11.14,81.32,260302.0,2021.0,8898.61
2923803,Paripiranga,BA,Bahia,Nordeste,Nordeste Baiano,Ribeira do Pombal,Paulo Afonso,26604.0,442.186,60.16,77.1,454229.0,2021.0,17073.71
2923902,Pau Brasil,BA,Bahia,Nordeste,Sul Baiano,Ilhéus-Itabuna,Ilhéus ¿ Itabuna,9370.0,626.306,14.96,82.17,105694.0,2021.0,11280.04
2924009,Paulo Afonso,BA,Bahia,Nordeste,Vale São-Franciscano da Bahia,Paulo Afonso,Paulo Afonso,112870.0,1544.388,73.08,87.62,3964729.0,2021.0,35126.51
2924058,Pé de Serra,BA,Bahia,Nordeste,Nordeste Baiano,Serrinha,Feira de Santana,13243.0,596.771,22.19,79.88,131268.0,2021.0,9912.26
2924108,Pedrão,BA,Bahia,Nordeste,Centro Norte Baiano,Feira de Santana,Salvador,6235.0,158.488,39.34,84.74,52230.0,2021.0,8376.9
2924207,Pedro Alexandre,BA,Bahia,Nordeste,Nordeste Baiano,Jeremoabo,Paulo Afonso,13954.0,889.572,15.69,68.1,119243.0,2021.0,8545.44
2924306,Piatã,BA,Bahia,Nordeste,Centro Sul Baiano,Seabra,Feira de Santana,20086.0,1825.857,11.0,83.6,242589.0,2021.0,12077.52
2924405,Pilão Arcado,BA,Bahia,Nordeste,Vale São-Franciscano da Bahia,Juazeiro,Juazeiro,35357.0,11597.923,3.05,74.92,291131.0,2021.0,8234.04
2924504,Pindaí,BA,Bahia,Nordeste,Centro Sul Baiano,Guanambi,Guanambi,14731.0,628.468,23.44,80.68,296449.0,2021.0,20124.16
2924603,Pindobaçu,BA,Bahia,Nordeste,Centro Norte Baiano,Senhor do Bonfim,Juazeiro,19083.0,495.845,38.49,82.48,156836.0,2021.0,8218.62
2924652,Pintadas,BA,Bahia,Nordeste,Centro Norte Baiano,Feira de Santana,Feira de Santana,10325.0,647.144,15.95,80.26,109216.0,2021.0,10577.82
2924678,Piraí do Norte,BA,Bahia,Nordeste,Sul Baiano,Valença,Vitória da Conquista,10974.0,193.427,56.73,81.49,116891.0,2021.0,10651.63
2924702,Piripá,BA,Bahia,Nordeste,Centro Sul Baiano,Brumado,Vitória da Conquista,9152.0,511.756,17.88,77.78,79283.0,2021.0,8662.92
2924801,Piritiba,BA,Bahia,Nordeste,Centro Norte Baiano,Jacobina,Feira de Santana,17566.0,980.328,17.92,83.38,187717.0,2021.0,10686.38
2924900,Planaltino,BA,Bahia,Nordeste,Centro Sul Baiano,Jequié,Vitória da Conquista,8022.0,955.454,8.4,73.81,79136.0,2021.0,9864.87
2925006,Planalto,BA,Bahia,Nordeste,Centro Sul Baiano,Vitória da Conquista,Vitória da Conquista,23334.0,769.0,30.34,77.92,309692.0,2021.0,13272.14
2925105,Poções,BA,Bahia,Nordeste,Centro Sul Baiano,Vitória da Conquista,Vitória da Conquista,48293.0,937.855,51.49,80.91,572944.0,2021.0,11863.91
2925204,Pojuca,BA,Bahia,Nordeste,Metropolitana de Salvador,Catu,Salvador,32136.0,314.932,102.04,91.31,1843255.0,2021.0,57357.95
2925253,Ponto Novo,BA,Bahia,Nordeste,Centro Norte Baiano,Jacobina,Juazeiro,17938.0,530.144,33.84,80.75,142450.0,2021.0,7941.24
2925303,Porto Seguro,BA,Bahia,Nordeste,Sul Baiano,Porto Seguro,Ilhéus ¿ Itabuna,168326.0,2285.734,73.64,91.53,3775003.0,2021.0,22426.74
2925402,Potiraguá,BA,Bahia,Nordeste,Centro Sul Baiano,Itapetinga,Vitória da Conquista,10274.0,1111.567,9.24,85.36,114890.0,2021.0,11182.6
2925501,Prado,BA,Bahia,Nordeste,Sul Baiano,Porto Seguro,Ilhéus ¿ Itabuna,35003.0,1692.1,20.69,86.21,625403.0,2021.0,17867.13
2925600,Presidente Dutra,BA,Bahia,Nordeste,Centro Norte Baiano,Irecê,Irecê,15130.0,232.064,65.2,86.32,132058.0,2021.0,8728.22
2925709,Presidente Jânio Quadros,BA,Bahia,Nordeste,Centro Sul Baiano,Brumado,Vitória da Conquista,12621.0,1208.549,10.44,74.95,100235.0,2021.0,7941.92
2925758,Presidente Tancredo Neves,BA,Bahia,Nordeste,Sul Baiano,Valença,Santo Antônio de Jesus,27734.0,441.82,62.77,80.42,337994.0,2021.0,12186.99
2925808,Queimadas,BA,Bahia,Nordeste,Nordeste Baiano,Euclides da Cunha,Feira de Santana,25988.0,2011.06,12.92,82.14,257595.0,2021.0,9912.07
2925907,Quijingue,BA,Bahia,Nordeste,Nordeste Baiano,Euclides da Cunha,Paulo Afonso,25272.0,1380.798,18.3,71.22,227708.0,2021.0,9010.29
2925931,Quixabeira,BA,Bahia,Nordeste,Centro Norte Baiano,Jacobina,Feira de Santana,9461.0,366.387,25.82,81.97,76980.0,2021.0,8136.56
2925956,Rafael Jambeiro,BA,Bahia,Nordeste,Centro Norte Baiano,Feira de Santana,Feira de Santana,19662.0,1090.552,18.03,76.17,396593.0,2021.0,20170.53
2926004,Remanso,BA,Bahia,Nordeste,Vale São-Franciscano da Bahia,Juazeiro,Juazeiro,40586.0,4573.505,8.87,79.55,486107.0,2021.0,11977.21
2926103,Retirolândia,BA,Bahia,Nordeste,Nordeste Baiano,Serrinha,Feira de Santana,13651.0,242.329,56.33,86.36,149704.0,2021.0,10966.52
2926202,Riachão das Neves,BA,Bahia,Nordeste,Extremo Oeste Baiano,Barreiras,Barreiras,21642.0,5977.931,3.62,77.97,1539859.0,2021.0,71151.42
2926301,Riachão do Jacuípe,BA,Bahia,Nordeste,Nordeste Baiano,Serrinha,Feira de Santana,33386.0,1155.418,28.9,85.1,409527.0,2021.0,12266.43
2926400,Riacho de Santana,BA,Bahia,Nordeste,Centro Sul Baiano,Guanambi,Guanambi,30711.0,3183.911,9.65,78.52,317645.0,2021.0,10343.04
2926509,Ribeira do Amparo,BA,Bahia,Nordeste,Nordeste Baiano,Ribeira do Pombal,Paulo Afonso,13841.0,644.229,21.48,69.27,192311.0,2021.0,13894.3
2926608,Ribeira do Pombal,BA,Bahia,Nordeste,Nordeste Baiano,Ribeira do Pombal,Paulo Afonso,54010.0,1252.144,43.13,81.99,715512.0,2021.0,13247.77
2926657,Ribeirão do Largo,BA,Bahia,Nordeste,Centro Sul Baiano,Itapetinga,Vitória da Conquista,9740.0,1363.7,7.14,73.99,110954.0,2021.0,11391.58
2926707,Rio de Contas,BA,Bahia,Nordeste,Centro Sul Baiano,Seabra,Vitória da Conquista,13184.0,1115.252,11.82,81.82,155831.0,2021.0,11819.71
2926806,Rio do Antônio,BA,Bahia,Nordeste,Centro Sul Baiano,Brumado,Guanambi,13146.0,777.903,16.9,75.31,115515.0,2021.0,8787.08
2926905,Rio do Pires,BA,Bahia,Nordeste,Centro Sul Baiano,Livramento do Brumado,Vitória da Conquista,10497.0,656.223,16.0,82.26,100333.0,2021.0,9558.25
2927002,Rio Real,BA,Bahia,Nordeste,Nordeste Baiano,Alagoinhas,Salvador,35362.0,739.775,47.8,81.29,1030915.0,2021.0,29153.19
2927101,Rodelas,BA,Bahia,Nordeste,Vale São-Franciscano da Bahia,Paulo Afonso,Paulo Afonso,10308.0,2207.159,4.67,87.44,143383.0,2021.0,13909.88
2927200,Ruy Barbosa,BA,Bahia,Nordeste,Centro Norte Baiano,Itaberaba,Feira de Santana,28282.0,1991.772,14.2,81.98,392238.0,2021.0,13868.82
2927309,Salinas da Margarida,BA,Bahia,Nordeste,Metropolitana de Salvador,Santo Antônio de Jesus,Santo Antônio de Jesus,14987.0,150.569,99.54,91.26,201345.0,2021.0,13434.64
2927408,Salvador,BA,Bahia,Nordeste,Metropolitana de Salvador,Salvador,Salvador,2417678.0,693.442,3486.49,96.55,62981326.0,2021.0,26050.34
2927507,Santa Bárbara,BA,Bahia,Nordeste,Centro Norte Baiano,Feira de Santana,Feira de Santana,20952.0,347.021,60.38,81.94,180434.0,2021.0,8611.78
2927606,Santa Brígida,BA,Bahia,Nordeste,Nordeste Baiano,Jeremoabo,Paulo Afonso,14965.0,934.461,16.01,71.68,119246.0,2021.0,7968.33
2927705,Santa Cruz Cabrália,BA,Bahia,Nordeste,Sul Baiano,Porto Seguro,Ilhéus ¿ Itabuna,29185.0,1462.942,19.95,88.81,549713.0,2021.0,18835.46
2927804,Santa Cruz da Vitória,BA,Bahia,Nordeste,Sul Baiano,Ilhéus-Itabuna,Ilhéus ¿ Itabuna,4681.0,284.083,16.48,79.01,71169.0,2021.0,15203.8
2927903,Santa Inês,BA,Bahia,Nordeste,Centro Sul Baiano,Jequié,Vitória da Conquista,10300.0,379.27,27.16,78.96,76085.0,2021.0,7386.89
2928000,Santaluz,BA,Bahia,Nordeste,Nordeste Baiano,Serrinha,Feira de Santana,37834.0,1623.445,23.3,82.93,521838.0,2021.0,13792.83
2928059,Santa Luzia,BA,Bahia,Nordeste,Sul Baiano,Ilhéus-Itabuna,Ilhéus ¿ Itabuna,13896.0,824.473,16.85,79.98,124187.0,2021.0,8936.89
2928109,Santa Maria da Vitória,BA,Bahia,Nordeste,Extremo Oeste Baiano,Santa Maria da Vitória,Barreiras,38604.0,1984.91,19.45,81.65,600085.0,2021.0,15544.63
2928208,Santana,BA,Bahia,Nordeste,Extremo Oeste Baiano,Santa Maria da Vitória,Barreiras,24755.0,1909.353,12.97,83.26,343471.0,2021.0,13874.81
2928307,Santanópolis,BA,Bahia,Nordeste,Centro Norte Baiano,Feira de Santana,Feira de Santana,8716.0,222.686,39.14,81.57,68800.0,2021.0,7893.53
2928406,Santa Rita de Cássia,BA,Bahia,Nordeste,Extremo Oeste Baiano,Cotegipe,Barreiras,27390.0,6030.491,4.54,83.93,285736.0,2021.0,10432.13
2928505,Santa Terezinha,BA,Bahia,Nordeste,Centro Norte Baiano,Feira de Santana,Santo Antônio de Jesus,10441.0,719.257,14.52,79.06,101309.0,2021.0,9703.0
2928604,Santo Amaro,BA,Bahia,Nordeste,Metropolitana de Salvador,Santo Antônio de Jesus,Salvador,56012.0,494.502,113.27,89.68,1137499.0,2021.0,20308.13
2928703,Santo Antônio de Jesus,BA,Bahia,Nordeste,Metropolitana de Salvador,Santo Antônio de Jesus,Santo Antônio de Jesus,103055.0,261.74,393.73,91.76,2449482.0,2021.0,23768.69
2928802,Santo Estêvão,BA,Bahia,Nordeste,Centro Norte Baiano,Feira de Santana,Feira de Santana,52276.0,360.334,145.08,84.87,913473.0,2021.0,17474.04
2928901,São Desidério,BA,Bahia,Nordeste,Extremo Oeste Baiano,Barreiras,Barreiras,32828.0,15156.712,2.17,82.12,5846224.0,2021.0,178086.51
2928950,São Domingos,BA,Bahia,Nordeste,Nordeste Baiano,Serrinha,Feira de Santana,8426.0,289.963,29.06,82.76,88333.0,2021.0,10483.38
2929008,São Félix,BA,Bahia,Nordeste,Metropolitana de Salvador,Santo Antônio de Jesus,Santo Antônio de Jesus,11026.0,103.226,106.81,87.22,172669.0,2021.0,15660.17
2929057,São Félix do Coribe,BA,Bahia,Nordeste,Extremo Oeste Baiano,Santa Maria da Vitória,Barreiras,15194.0,1751.671,8.67,85.72,238009.0,2021.0,15664.67
2929107,São Felipe,BA,Bahia,Nordeste,Metropolitana de Salvador,Santo Antônio de Jesus,Santo Antônio de Jesus,20283.0,222.407,91.2,83.51,211989.0,2021.0,10451.56
2929206,São Francisco do Conde,BA,Bahia,Nordeste,Metropolitana de Salvador,Salvador,Salvador,38733.0,269.715,143.61,91.79,13095067.0,2021.0,338085.53
2929255,São Gabriel,BA,Bahia,Nordeste,Centro Norte Baiano,Irecê,Irecê,18600.0,1146.054,16.23,84.97,152707.0,2021.0,8210.05
2929305,São Gonçalo dos Campos,BA,Bahia,Nordeste,Centro Norte Baiano,Feira de Santana,Feira de Santana,39513.0,294.768,134.05,90.03,1156472.0,2021.0,29268.14
2929354,São José da Vitória,BA,Bahia,Nordeste,Sul Baiano,Ilhéus-Itabuna,Ilhéus ¿ Itabuna,5315.0,127.925,41.55,78.3,67107.0,2021.0,12625.96
2929370,São José do Jacuípe,BA,Bahia,Nordeste,Centro Norte Baiano,Jacobina,Feira de Santana,10187.0,362.365,28.11,78.32,126577.0,2021.0,12425.35
2929404,São Miguel das Matas,BA,Bahia,Nordeste,Centro Sul Baiano,Jequié,Santo Antônio de Jesus,10334.0,230.906,44.75,81.84,176578.0,2021.0,17087.09
2929503,São Sebastião do Passé,BA,Bahia,Nordeste,Metropolitana de Salvador,Catu,Salvador,40958.0,536.678,76.32,89.13,849766.0,2021.0,20747.25
2929602,Sapeaçu,BA,Bahia,Nordeste,Metropolitana de Salvador,Santo Antônio de Jesus,Santo Antônio de Jesus,17963.0,131.218,136.89,87.04,213065.0,2021.0,11861.33
2929701,Sátiro Dias,BA,Bahia,Nordeste,Nordeste Baiano,Alagoinhas,Salvador,16008.0,949.223,16.86,78.74,257706.0,2021.0,16098.58
2929750,Saubara,BA,Bahia,Nordeste,Metropolitana de Salvador,Santo Antônio de Jesus,Salvador,11438.0,166.428,68.73,88.77,146219.0,2021.0,12783.62
2929800,Saúde,BA,Bahia,Nordeste,Centro Norte Baiano,Jacobina,Feira de Santana,10478.0,509.098,20.58,81.51,102999.0,2021.0,9830.02
2929909,Seabra,BA,Bahia,Nordeste,Centro Sul Baiano,Seabra,Feira de Santana,46160.0,2402.17,19.22,89.17,625080.0,2021.0,13541.59
2930006,Sebastião Laranjeiras,BA,Bahia,Nordeste,Centro Sul Baiano,Guanambi,Guanambi,9360.0,1984.511,4.72,78.4,107168.0,2021.0,11449.57
2930105,Senhor do Bonfim,BA,Bahia,Nordeste,Centro Norte Baiano,Senhor do Bonfim,Juazeiro,74523.0,789.361,94.41,87.45,997788.0,2021.0,13388.99
2930154,Serra do Ramalho,BA,Bahia,Nordeste,Vale São-Franciscano da Bahia,Bom Jesus da Lapa,Guanambi,34222.0,2340.684,14.62,82.19,411279.0,2021.0,12017.97
2930204,Sento Sé,BA,Bahia,Nordeste,Vale São-Franciscano da Bahia,Juazeiro,Juazeiro,38154.0,11980.172,3.18,81.93,1714711.0,2021.0,44941.84
2930303,Serra Dourada,BA,Bahia,Nordeste,Extremo Oeste Baiano,Santa Maria da Vitória,Barreiras,17066.0,1592.245,10.72,80.58,199802.0,2021.0,11707.61
2930402,Serra Preta,BA,Bahia,Nordeste,Centro Norte Baiano,Feira de Santana,Feira de Santana,17996.0,595.297,30.23,79.78,138171.0,2021.0,7677.87
2930501,Serrinha,BA,Bahia,Nordeste,Nordeste Baiano,Serrinha,Feira de Santana,80435.0,583.314,137.89,87.38,1085465.0,2021.0,13494.93
2930600,Serrolândia,BA,Bahia,Nordeste,Centro Norte Baiano,Jacobina,Feira de Santana,13335.0,322.022,41.41,79.43,118127.0,2021.0,8858.42
2930709,Simões Filho,BA,Bahia,Nordeste,Metropolitana de Salvador,Salvador,Salvador,114559.0,201.528,568.45,94.36,6340237.0,2021.0,55344.73
2930758,Sítio do Mato,BA,Bahia,Nordeste,Vale São-Franciscano da Bahia,Bom Jesus da Lapa,Guanambi,13408.0,1627.806,8.24,83.87,119916.0,2021.0,8943.62
2930766,Sítio do Quinto,BA,Bahia,Nordeste,Nordeste Baiano,Jeremoabo,Paulo Afonso,14773.0,684.089,21.6,71.81,103227.0,2021.0,6987.54
2930774,Sobradinho,BA,Bahia,Nordeste,Vale São-Franciscano da Bahia,Juazeiro,Juazeiro,25475.0,1355.972,18.79,86.84,842992.0,2021.0,33090.95
2930808,Souto Soares,BA,Bahia,Nordeste,Centro Norte Baiano,Irecê,Feira de Santana,17054.0,1026.634,16.61,85.85,135851.0,2021.0,7965.93
2930907,Tabocas do Brejo Velho,BA,Bahia,Nordeste,Extremo Oeste Baiano,Cotegipe,Barreiras,11979.0,1437.189,8.34,78.12,268071.0,2021.0,22378.41
2931004,Tanhaçu,BA,Bahia,Nordeste,Centro Sul Baiano,Brumado,Vitória da Conquista,21006.0,1277.514,16.44,78.83,252999.0,2021.0,12044.13
2931053,Tanque Novo,BA,Bahia,Nordeste,Centro Sul Baiano,Boquira,Guanambi,17158.0,729.516,23.52,81.16,182572.0,2021.0,10640.63
2931103,Tanquinho,BA,Bahia,Nordeste,Centro Norte Baiano,Feira de Santana,Feira de Santana,7717.0,243.839,31.65,86.5,66752.0,2021.0,8649.99
2931202,Taperoá,BA,Bahia,Nordeste,Sul Baiano,Valença,Santo Antônio de Jesus,18044.0,454.081,39.74,80.53,221530.0,2021.0,12277.21
2931301,Tapiramutá,BA,Bahia,Nordeste,Centro Norte Baiano,Itaberaba,Feira de Santana,15818.0,714.691,22.13,82.47,148710.0,2021.0,9401.31
2931350,Teixeira de Freitas,BA,Bahia,Nordeste,Sul Baiano,Porto Seguro,Ilhéus ¿ Itabuna,145216.0,1165.622,124.58,89.68,2875560.0,2021.0,19801.95
2931400,Teodoro Sampaio,BA,Bahia,Nordeste,Centro Norte Baiano,Feira de Santana,Salvador,7110.0,244.613,29.07,84.62,177343.0,2021.0,24942.76
2931509,Teofilândia,BA,Bahia,Nordeste,Nordeste Baiano,Serrinha,Feira de Santana,21176.0,351.892,60.18,81.12,191244.0,2021.0,9031.17
2931608,Teolândia,BA,Bahia,Nordeste,Sul Baiano,Ilhéus-Itabuna,Vitória da Conquista,15332.0,289.782,52.91,77.34,216597.0,2021.0,14127.12
2931707,Terra Nova,BA,Bahia,Nordeste,Metropolitana de Salvador,Catu,Salvador,10798.0,193.241,55.88,89.61,170369.0,2021.0,15777.83
2931806,Tremedal,BA,Bahia,Nordeste,Centro Sul Baiano,Brumado,Vitória da Conquista,16296.0,2010.316,8.11,73.14,133571.0,2021.0,8196.55
2931905,Tucano,BA,Bahia,Nordeste,Nordeste Baiano,Euclides da Cunha,Paulo Afonso,48736.0,2198.237,22.17,76.96,544589.0,2021.0,11174.27
2932002,Uauá,BA,Bahia,Nordeste,Nordeste Baiano,Euclides da Cunha,Juazeiro,24665.0,3060.116,8.06,80.05,234752.0,2021.0,9517.62
2932101,Ubaíra,BA,Bahia,Nordeste,Centro Sul Baiano,Jequié,Santo Antônio de Jesus,18626.0,659.08,28.26,76.42,228976.0,2021.0,12293.35
2932200,Ubaitaba,BA,Bahia,Nordeste,Sul Baiano,Ilhéus-Itabuna,Ilhéus ¿ Itabuna,17596.0,181.102,97.16,84.08,244475.0,2021.0,13893.78
2932309,Ubatã,BA,Bahia,Nordeste,Sul Baiano,Ilhéus-Itabuna,Vitória da Conquista,16094.0,177.643,90.6,83.43,223669.0,2021.0,13897.66
2932408,Uibaí,BA,Bahia,Nordeste,Centro Norte Baiano,Irecê,Irecê,13432.0,545.298,24.63,88.11,175916.0,2021.0,13096.78
2932457,Umburanas,BA,Bahia,Nordeste,Centro Norte Baiano,Senhor do Bonfim,Feira de Santana,13642.0,1775.633,7.68,79.23,263228.0,2021.0,19295.41
2932507,Una,BA,Bahia,Nordeste,Sul Baiano,Ilhéus-Itabuna,Ilhéus ¿ Itabuna,18131.0,1126.733,16.09,82.1,333870.0,2021.0,18414.32
2932606,Urandi,BA,Bahia,Nordeste,Centro Sul Baiano,Guanambi,Guanambi,15355.0,902.402,17.02,82.73,199656.0,2021.0,13002.67
2932705,Uruçuca,BA,Bahia,Nordeste,Sul Baiano,Ilhéus-Itabuna,Ilhéus ¿ Itabuna,21420.0,510.098,41.99,81.42,296011.0,2021.0,13819.37
2932804,Utinga,BA,Bahia,Nordeste,Centro Sul Baiano,Seabra,Feira de Santana,16277.0,633.76,25.68,83.34,185676.0,2021.0,11407.26
2932903,Valença,BA,Bahia,Nordeste,Sul Baiano,Valença,Santo Antônio de Jesus,85655.0,1123.975,76.21,85.17,1740629.0,2021.0,20321.39
2933000,Valente,BA,Bahia,Nordeste,Nordeste Baiano,Serrinha,Feira de Santana,24362.0,394.877,61.7,85.09,268418.0,2021.0,11017.9
2933059,Várzea da Roça,BA,Bahia,Nordeste,Centro Norte Baiano,Itaberaba,Feira de Santana,13800.0,468.407,29.46,76.79,111965.0,2021.0,8113.41
2933109,Várzea do Poço,BA,Bahia,Nordeste,Centro Norte Baiano,Jacobina,Feira de Santana,8101.0,206.478,39.23,81.76,116185.0,2021.0,14342.06
2933158,Várzea Nova,BA,Bahia,Nordeste,Centro Norte Baiano,Jacobina,Feira de Santana,13377.0,1225.892,10.91,80.39,231719.0,2021.0,17322.19
2933174,Varzedo,BA,Bahia,Nordeste,Metropolitana de Salvador,Santo Antônio de Jesus,Santo Antônio de Jesus,9913.0,221.399,44.77,80.57,135059.0,2021.0,13624.43
2933208,Vera Cruz,BA,Bahia,Nordeste,Metropolitana de Salvador,Salvador,Santo Antônio de Jesus,42529.0,297.537,142.94,91.86,601816.0,2021.0,14150.72
2933257,Vereda,BA,Bahia,Nordeste,Sul Baiano,Porto Seguro,Ilhéus ¿ Itabuna,6003.0,782.159,7.67,79.41,92690.0,2021.0,15440.61
2933307,Vitória da Conquista,BA,Bahia,Nordeste,Centro Sul Baiano,Vitória da Conquista,Vitória da Conquista,370879.0,3254.186,113.97,90.9,8218063.0,2021.0,22158.34
2933406,Wagner,BA,Bahia,Nordeste,Centro Sul Baiano,Seabra,Feira de Santana,9503.0,522.37,18.19,84.47,89462.0,2021.0,9414.08
2933455,Wanderley,BA,Bahia,Nordeste,Extremo Oeste Baiano,Cotegipe,Barreiras,12968.0,2920.579,4.44,82.75,167534.0,2021.0,12919.03
2933505,Wenceslau Guimarães,BA,Bahia,Nordeste,Sul Baiano,Ilhéus-Itabuna,Vitória da Conquista,24474.0,655.057,37.36,75.07,331451.0,2021.0,13542.98
2933604,Xique-Xique,BA,Bahia,Nordeste,Vale São-Franciscano da Bahia,Barra,Irecê,44757.0,5079.662,8.81,83.19,460817.0,2021.0,10295.98
3100104,Abadia dos Dourados,MG,Minas Gerais,Sudeste,Triângulo Mineiro/Alto Paranaíba,Patrocínio,Uberlândia,6272.0,880.461,7.12,93.52,176730.0,2021.0,28177.61
3100203,Abaeté,MG,Minas Gerais,Sudeste,Central Mineira,Três Marias,Divinópolis,22675.0,1817.067,12.48,93.71,541136.0,2021.0,23864.87
3100302,Abre Campo,MG,Minas Gerais,Sudeste,Zona da Mata,Manhuaçu,Juíz de Fora,13927.0,470.551,29.6,92.86,262668.0,2021.0,18860.34
3100401,Acaiaca,MG,Minas Gerais,Sudeste,Zona da Mata,Ponte Nova,Juíz de Fora,3909.0,101.886,38.37,89.9,64892.0,2021.0,16600.67
3100500,Açucena,MG,Minas Gerais,Sudeste,Vale do Rio Doce,Ipatinga,Ipatinga,8943.0,815.422,10.97,85.19,165796.0,2021.0,18539.19
3100609,Água Boa,MG,Minas Gerais,Sudeste,Vale do Rio Doce,Peçanha,Teófilo Otoni,12589.0,1320.344,9.53,77.6,192065.0,2021.0,15256.57
3100708,Água Comprida,MG,Minas Gerais,Sudeste,Triângulo Mineiro/Alto Paranaíba,Uberaba,Uberaba,2108.0,492.167,4.28,93.21,230005.0,2021.0,109110.53
3100807,Aguanil,MG,Minas Gerais,Sudeste,Oeste de Minas,Campo Belo,Varginha,4357.0,232.091,18.77,92.19,94598.0,2021.0,21711.73
3100906,Águas Formosas,MG,Minas Gerais,Sudeste,Vale do Mucuri,Nanuque,Teófilo Otoni,18448.0,820.079,22.5,83.32,287546.0,2021.0,15586.84
3101003,Águas Vermelhas,MG,Minas Gerais,Sudeste,Norte de Minas,Salinas,Teófilo Otoni,14037.0,1256.607,11.17,81.43,236694.0,2021.0,16862.15
3101102,Aimorés,MG,Minas Gerais,Sudeste,Vale do Rio Doce,Aimorés,Governador Valadares,25269.0,1348.913,18.73,90.04,637983.0,2021.0,25247.66
3101201,Aiuruoca,MG,Minas Gerais,Sudeste,Sul/Sudoeste de Minas,Andrelândia,Pouso Alegre,6233.0,649.68,9.59,90.89,128546.0,2021.0,20623.46
3101300,Alagoa,MG,Minas Gerais,Sudeste,Sul/Sudoeste de Minas,São Lourenço,Pouso Alegre,2749.0,161.356,17.04,90.5,47699.0,2021.0,17351.4
3101409,Albertina,MG,Minas Gerais,Sudeste,Sul/Sudoeste de Minas,Poços de Caldas,Pouso Alegre,2952.0,58.01,50.89,90.79,153935.0,2021.0,52146.0
3101508,Além Paraíba,MG,Minas Gerais,Sudeste,Zona da Mata,Cataguases,Juíz de Fora,30717.0,510.25,60.2,94.94,971558.0,2021.0,31629.33
3101607,Alfenas,MG,Minas Gerais,Sudeste,Sul/Sudoeste de Minas,Alfenas,Varginha,78970.0,850.446,92.86,95.78,3486907.0,2021.0,44154.83
3101631,Alfredo Vasconcelos,MG,Minas Gerais,Sudeste,Campo das Vertentes,Barbacena,Barbacena,6931.0,130.815,52.98,94.28,150571.0,2021.0,21724.28
3101706,Almenara,MG,Minas Gerais,Sudeste,Jequitinhonha,Almenara,Teófilo Otoni,40364.0,2294.426,17.59,83.61,674815.0,2021.0,16718.24
3101805,Alpercata,MG,Minas Gerais,Sudeste,Vale do Rio Doce,Governador Valadares,Governador Valadares,6903.0,166.972,41.34,86.92,94682.0,2021.0,13716.07
3101904,Alpinópolis,MG,Minas Gerais,Sudeste,Sul/Sudoeste de Minas,Passos,Varginha,18300.0,460.685,39.72,94.43,524182.0,2021.0,28643.83
3102001,Alterosa,MG,Minas Gerais,Sudeste,Sul/Sudoeste de Minas,Alfenas,Varginha,13915.0,362.01,38.44,93.81,296492.0,2021.0,21307.37
3102050,Alto Caparaó,MG,Minas Gerais,Sudeste,Zona da Mata,Manhuaçu,Juíz de Fora,5795.0,103.69,55.89,91.0,97092.0,2021.0,16754.44
3102100,Alto Rio Doce,MG,Minas Gerais,Sudeste,Zona da Mata,Viçosa,Barbacena,10891.0,518.053,21.02,89.86,180095.0,2021.0,16536.13
3102209,Alvarenga,MG,Minas Gerais,Sudeste,Vale do Rio Doce,Aimorés,Ipatinga,3975.0,278.175,14.29,84.23,54645.0,2021.0,13747.17
3102308,Alvinópolis,MG,Minas Gerais,Sudeste,Metropolitana de Belo Horizonte,Itabira,Juíz de Fora,15059.0,599.443,25.12,92.96,340110.0,2021.0,22585.17
3102407,Alvorada de Minas,MG,Minas Gerais,Sudeste,Metropolitana de Belo Horizonte,Conceição do Mato Dentro,Teófilo Otoni,4159.0,374.008,11.12,86.96,64841.0,2021.0,15590.53
3102506,Amparo do Serra,MG,Minas Gerais,Sudeste,Zona da Mata,Viçosa,Juíz de Fora,4541.0,136.186,33.34,87.99,55910.0,2021.0,12312.27
3102605,Andradas,MG,Minas Gerais,Sudeste,Sul/Sudoeste de Minas,Poços de Caldas,Pouso Alegre,40553.0,469.396,86.39,93.76,1183259.0,2021.0,29178.09
3102704,Cachoeira de Pajeú,MG,Minas Gerais,Sudeste,Jequitinhonha,Pedra Azul,Teófilo Otoni,9110.0,695.672,13.1,82.73,125620.0,2021.0,13789.24
3102803,Andrelândia,MG,Minas Gerais,Sudeste,Sul/Sudoeste de Minas,Andrelândia,Juíz de Fora,11927.0,1005.285,11.86,91.84,292394.0,2021.0,24515.3
3102852,Angelândia,MG,Minas Gerais,Sudeste,Jequitinhonha,Capelinha,Teófilo Otoni,7718.0,185.211,41.67,81.35,144549.0,2021.0,18728.82
3102902,Antônio Carlos,MG,Minas Gerais,Sudeste,Campo das Vertentes,Barbacena,Barbacena,11095.0,529.915,20.94,92.31,242348.0,2021.0,21842.99
3103009,Antônio Dias,MG,Minas Gerais,Sudeste,Vale do Rio Doce,Ipatinga,Ipatinga,9219.0,787.061,11.71,90.28,894601.0,2021.0,97038.83
3103108,Antônio Prado de Minas,MG,Minas Gerais,Sudeste,Zona da Mata,Muriaé,Juíz de Fora,1538.0,83.802,18.35,91.82,28556.0,2021.0,18566.97
3103207,Araçaí,MG,Minas Gerais,Sudeste,Metropolitana de Belo Horizonte,Sete Lagoas,Belo Horizonte,2181.0,187.538,11.63,93.19,60662.0,2021.0,27813.85
3103306,Aracitaba,MG,Minas Gerais,Sudeste,Zona da Mata,Juiz de Fora,Juíz de Fora,2049.0,106.608,19.22,88.31,31371.0,2021.0,15310.4
3103405,Araçuaí,MG,Minas Gerais,Sudeste,Jequitinhonha,Araçuaí,Teófilo Otoni,34297.0,2236.279,15.34,87.82,519974.0,2021.0,15160.92
3103504,Araguari,MG,Minas Gerais,Sudeste,Triângulo Mineiro/Alto Paranaíba,Uberlândia,Uberlândia,117808.0,2729.777,43.16,96.34,5836329.0,2021.0,49541.02
3103603,Arantina,MG,Minas Gerais,Sudeste,Sul/Sudoeste de Minas,Andrelândia,Juíz de Fora,2915.0,89.42,32.6,93.26,88536.0,2021.0,30372.56
3103702,Araponga,MG,Minas Gerais,Sudeste,Zona da Mata,Viçosa,Juíz de Fora,8048.0,303.793,26.49,86.73,122267.0,2021.0,15192.22
3103751,Araporã,MG,Minas Gerais,Sudeste,Triângulo Mineiro/Alto Paranaíba,Uberlândia,Uberlândia,8479.0,294.354,28.81,94.71,1294624.0,2021.0,152685.93
3103801,Arapuá,MG,Minas Gerais,Sudeste,Triângulo Mineiro/Alto Paranaíba,Patos de Minas,Patos de Minas,2631.0,173.894,15.13,93.16,172745.0,2021.0,65657.54
3103900,Araújos,MG,Minas Gerais,Sudeste,Central Mineira,Bom Despacho,Divinópolis,9199.0,245.522,37.47,94.62,474404.0,2021.0,51571.26
3104007,Araxá,MG,Minas Gerais,Sudeste,Triângulo Mineiro/Alto Paranaíba,Araxá,Uberaba,111691.0,1164.062,95.95,96.79,8950200.0,2021.0,80133.58
3104106,Arceburgo,MG,Minas Gerais,Sudeste,Sul/Sudoeste de Minas,São Sebastião do Paraíso,Varginha,9177.0,162.875,56.34,92.55,346405.0,2021.0,37747.09
3104205,Arcos,MG,Minas Gerais,Sudeste,Oeste de Minas,Formiga,Divinópolis,41416.0,509.873,81.23,96.66,2345874.0,2021.0,56641.73
3104304,Areado,MG,Minas Gerais,Sudeste,Sul/Sudoeste de Minas,Alfenas,Varginha,13881.0,283.124,49.03,94.54,309330.0,2021.0,22284.42
3104403,Argirita,MG,Minas Gerais,Sudeste,Zona da Mata,Cataguases,Juíz de Fora,2688.0,159.378,16.87,92.92,40067.0,2021.0,14905.88
3104452,Aricanduva,MG,Minas Gerais,Sudeste,Jequitinhonha,Capelinha,Teófilo Otoni,4719.0,243.329,19.39,84.18,67088.0,2021.0,14216.57
3104502,Arinos,MG,Minas Gerais,Sudeste,Noroeste de Minas,Unaí,Patos de Minas,17272.0,5279.419,3.27,89.51,318815.0,2021.0,18458.49
3104601,Astolfo Dutra,MG,Minas Gerais,Sudeste,Zona da Mata,Ubá,Juíz de Fora,14138.0,158.891,88.98,94.79,291866.0,2021.0,20644.08
3104700,Ataléia,MG,Minas Gerais,Sudeste,Vale do Mucuri,Teófilo Otoni,Teófilo Otoni,13736.0,1836.925,7.48,80.01,198960.0,2021.0,14484.57
3104809,Augusto de Lima,MG,Minas Gerais,Sudeste,Central Mineira,Curvelo,Belo Horizonte,4538.0,1254.832,3.62,90.22,89054.0,2021.0,19624.06
3104908,Baependi,MG,Minas Gerais,Sudeste,Sul/Sudoeste de Minas,São Lourenço,Pouso Alegre,18366.0,750.554,24.47,92.07,380866.0,2021.0,20737.56
3105004,Baldim,MG,Minas Gerais,Sudeste,Metropolitana de Belo Horizonte,Sete Lagoas,Belo Horizonte,7492.0,556.266,13.47,92.38,201272.0,2021.0,26864.92
3105103,Bambuí,MG,Minas Gerais,Sudeste,Oeste de Minas,Piuí,Divinópolis,23546.0,1455.819,16.17,94.23,779906.0,2021.0,33122.65
3105202,Bandeira,MG,Minas Gerais,Sudeste,Jequitinhonha,Almenara,Teófilo Otoni,4741.0,483.789,9.8,78.59,59093.0,2021.0,12464.25
3105301,Bandeira do Sul,MG,Minas Gerais,Sudeste,Sul/Sudoeste de Minas,Poços de Caldas,Pouso Alegre,5943.0,47.266,125.74,92.19,86572.0,2021.0,14567.05
3105400,Barão de Cocais,MG,Minas Gerais,Sudeste,Metropolitana de Belo Horizonte,Itabira,Belo Horizonte,30778.0,340.14,90.49,95.71,2438852.0,2021.0,79240.11
3105509,Barão do Monte Alto,MG,Minas Gerais,Sudeste,Zona da Mata,Muriaé,Juíz de Fora,4964.0,198.313,25.03,88.2,63071.0,2021.0,12705.68
3105608,Barbacena,MG,Minas Gerais,Sudeste,Campo das Vertentes,Barbacena,Barbacena,125317.0,759.186,165.07,96.17,3521229.0,2021.0,28098.57
3105707,Barra Longa,MG,Minas Gerais,Sudeste,Zona da Mata,Ponte Nova,Juíz de Fora,5666.0,383.628,14.77,87.44,81928.0,2021.0,14459.58
3105905,Barroso,MG,Minas Gerais,Sudeste,Campo das Vertentes,Barbacena,Barbacena,20080.0,82.07,244.67,95.52,608480.0,2021.0,30302.79
3106002,Bela Vista de Minas,MG,Minas Gerais,Sudeste,Metropolitana de Belo Horizonte,Itabira,Ipatinga,10167.0,109.143,93.15,95.26,568234.0,2021.0,55890.04
3106101,Belmiro Braga,MG,Minas Gerais,Sudeste,Zona da Mata,Juiz de Fora,Juíz de Fora,3244.0,393.086,8.25,89.21,61557.0,2021.0,18975.65
3106200,Belo Horizonte,MG,Minas Gerais,Sudeste,Metropolitana de Belo Horizonte,Belo Horizonte,Belo Horizonte,2315560.0,331.354,6988.18,97.78,105920859.0,2021.0,45743.09
3106309,Belo Oriente,MG,Minas Gerais,Sudeste,Vale do Rio Doce,Ipatinga,Ipatinga,23928.0,334.909,71.45,92.25,2089750.0,2021.0,87334.92
3106408,Belo Vale,MG,Minas Gerais,Sudeste,Metropolitana de Belo Horizonte,Itaguara,Barbacena,8627.0,365.923,23.58,94.35,279868.0,2021.0,32440.94
3106507,Berilo,MG,Minas Gerais,Sudeste,Jequitinhonha,Capelinha,Teófilo Otoni,9826.0,587.106,16.74,83.53,112833.0,2021.0,11483.11
3106606,Bertópolis,MG,Minas Gerais,Sudeste,Vale do Mucuri,Nanuque,Teófilo Otoni,4451.0,427.803,10.4,77.43,53770.0,2021.0,12080.43
3106655,Berizal,MG,Minas Gerais,Sudeste,Norte de Minas,Salinas,Montes Claros,4201.0,488.756,8.6,82.58,61006.0,2021.0,14521.78
3106705,Betim,MG,Minas Gerais,Sudeste,Metropolitana de Belo Horizonte,Belo Horizonte,Belo Horizonte,411846.0,344.062,1197.01,96.38,33125378.0,2021.0,80431.47
3106804,Bias Fortes,MG,Minas Gerais,Sudeste,Zona da Mata,Juiz de Fora,Juíz de Fora,3361.0,283.535,11.85,88.39,41583.0,2021.0,12372.21
3106903,Bicas,MG,Minas Gerais,Sudeste,Zona da Mata,Juiz de Fora,Juíz de Fora,13978.0,140.082,99.78,95.75,277715.0,2021.0,19868.01
3107000,Biquinhas,MG,Minas Gerais,Sudeste,Central Mineira,Três Marias,Divinópolis,2383.0,458.948,5.19,90.64,64473.0,2021.0,27055.39
3107109,Boa Esperança,MG,Minas Gerais,Sudeste,Sul/Sudoeste de Minas,Varginha,Varginha,39848.0,860.669,46.3,95.11,1058480.0,2021.0,26562.94
3107208,Bocaina de Minas,MG,Minas Gerais,Sudeste,Sul/Sudoeste de Minas,Andrelândia,Juíz de Fora,5348.0,503.77,10.62,88.84,80211.0,2021.0,14998.32
3107307,Bocaiúva,MG,Minas Gerais,Sudeste,Norte de Minas,Bocaiúva,Montes Claros,48032.0,3206.757,14.98,91.94,1224914.0,2021.0,25502.04
3107406,Bom Despacho,MG,Minas Gerais,Sudeste,Central Mineira,Bom Despacho,Divinópolis,51737.0,1213.546,42.63,95.78,1814550.0,2021.0,35072.58
3107505,Bom Jardim de Minas,MG,Minas Gerais,Sudeste,Sul/Sudoeste de Minas,Andrelândia,Juíz de Fora,6783.0,412.021,16.46,91.73,127743.0,2021.0,18832.82
3107604,Bom Jesus da Penha,MG,Minas Gerais,Sudeste,Sul/Sudoeste de Minas,Passos,Varginha,4474.0,208.349,21.47,92.27,196074.0,2021.0,43825.21
3107703,Bom Jesus do Amparo,MG,Minas Gerais,Sudeste,Metropolitana de Belo Horizonte,Itabira,Belo Horizonte,5631.0,195.611,28.79,94.62,160390.0,2021.0,28483.4
3107802,Bom Jesus do Galho,MG,Minas Gerais,Sudeste,Vale do Rio Doce,Caratinga,Ipatinga,14536.0,592.289,24.54,85.72,171084.0,2021.0,11769.68
3107901,Bom Repouso,MG,Minas Gerais,Sudeste,Sul/Sudoeste de Minas,Pouso Alegre,Pouso Alegre,12649.0,229.845,55.03,92.83,160232.0,2021.0,12667.56
3108008,Bom Sucesso,MG,Minas Gerais,Sudeste,Oeste de Minas,Oliveira,Varginha,17151.0,705.046,24.33,91.06,445214.0,2021.0,25958.49
3108107,Bonfim,MG,Minas Gerais,Sudeste,Metropolitana de Belo Horizonte,Itaguara,Divinópolis,7434.0,301.865,24.63,92.85,135422.0,2021.0,18216.57
3108206,Bonfinópolis de Minas,MG,Minas Gerais,Sudeste,Noroeste de Minas,Unaí,Patos de Minas,5528.0,1850.487,2.99,90.74,458898.0,2021.0,83013.39
3108255,Bonito de Minas,MG,Minas Gerais,Sudeste,Norte de Minas,Januária,Montes Claros,10204.0,3936.455,2.59,82.53,101045.0,2021.0,9902.49
3108305,Borda da Mata,MG,Minas Gerais,Sudeste,Sul/Sudoeste de Minas,Pouso Alegre,Pouso Alegre,17404.0,301.108,57.8,95.07,374716.0,2021.0,21530.45
3108404,Botelhos,MG,Minas Gerais,Sudeste,Sul/Sudoeste de Minas,Poços de Caldas,Pouso Alegre,14828.0,334.089,44.38,93.28,325978.0,2021.0,21983.95
3108503,Botumirim,MG,Minas Gerais,Sudeste,Norte de Minas,Grão Mogol,Montes Claros,5790.0,1568.884,3.69,86.67,75744.0,2021.0,13081.87
3108552,Brasilândia de Minas,MG,Minas Gerais,Sudeste,Noroeste de Minas,Paracatu,Patos de Minas,15020.0,2509.694,5.98,92.77,415061.0,2021.0,27633.89
3108602,Brasília de Minas,MG,Minas Gerais,Sudeste,Norte de Minas,Montes Claros,Montes Claros,32025.0,1399.484,22.88,88.99,377410.0,2021.0,11784.86
3108701,Brás Pires,MG,Minas Gerais,Sudeste,Zona da Mata,Viçosa,Juíz de Fora,4260.0,223.351,19.07,91.47,50032.0,2021.0,11744.6
3108800,Braúnas,MG,Minas Gerais,Sudeste,Vale do Rio Doce,Guanhães,Ipatinga,4441.0,378.318,11.74,89.19,213072.0,2021.0,47978.38
3108909,Brazópolis,MG,Minas Gerais,Sudeste,Sul/Sudoeste de Minas,Itajubá,Pouso Alegre,14246.0,367.688,38.74,92.82,198123.0,2021.0,13907.27
3109006,Brumadinho,MG,Minas Gerais,Sudeste,Metropolitana de Belo Horizonte,Belo Horizonte,Belo Horizonte,38915.0,639.434,60.86,95.88,4624729.0,2021.0,118841.81
3109105,Bueno Brandão,MG,Minas Gerais,Sudeste,Sul/Sudoeste de Minas,Pouso Alegre,Pouso Alegre,10911.0,356.15,30.64,92.58,240684.0,2021.0,22058.84
3109204,Buenópolis,MG,Minas Gerais,Sudeste,Central Mineira,Curvelo,Belo Horizonte,9150.0,1599.881,5.72,88.13,180714.0,2021.0,19750.16
3109253,Bugre,MG,Minas Gerais,Sudeste,Vale do Rio Doce,Caratinga,Ipatinga,4041.0,161.491,25.02,85.09,47548.0,2021.0,11766.39
3109303,Buritis,MG,Minas Gerais,Sudeste,Noroeste de Minas,Unaí,Patos de Minas,24030.0,5225.186,4.6,90.07,1163750.0,2021.0,48429.05
3109402,Buritizeiro,MG,Minas Gerais,Sudeste,Norte de Minas,Pirapora,Montes Claros,23910.0,7218.401,3.31,88.74,735994.0,2021.0,30781.85
3109451,Cabeceira Grande,MG,Minas Gerais,Sudeste,Noroeste de Minas,Unaí,Patos de Minas,6627.0,1033.055,6.41,90.3,477332.0,2021.0,72028.37
3109501,Cabo Verde,MG,Minas Gerais,Sudeste,Sul/Sudoeste de Minas,São Sebastião do Paraíso,Varginha,11410.0,368.206,30.99,92.1,290817.0,2021.0,25487.91
3109600,Cachoeira da Prata,MG,Minas Gerais,Sudeste,Metropolitana de Belo Horizonte,Sete Lagoas,Belo Horizonte,3693.0,61.381,60.17,96.99,51886.0,2021.0,14049.82
3109709,Cachoeira de Minas,MG,Minas Gerais,Sudeste,Sul/Sudoeste de Minas,Santa Rita do Sapucaí,Pouso Alegre,11883.0,304.243,39.06,93.66,536512.0,2021.0,45149.54
3109808,Cachoeira Dourada,MG,Minas Gerais,Sudeste,Triângulo Mineiro/Alto Paranaíba,Ituiutaba,Uberlândia,2315.0,203.07,11.4,92.65,131487.0,2021.0,56797.84
3109907,Caetanópolis,MG,Minas Gerais,Sudeste,Metropolitana de Belo Horizonte,Sete Lagoas,Belo Horizonte,11435.0,156.039,73.28,95.35,315208.0,2021.0,27565.19
3110004,Caeté,MG,Minas Gerais,Sudeste,Metropolitana de Belo Horizonte,Belo Horizonte,Belo Horizonte,38776.0,542.531,71.47,96.45,1074947.0,2021.0,27721.97
3110103,Caiana,MG,Minas Gerais,Sudeste,Zona da Mata,Muriaé,Juíz de Fora,5304.0,106.465,49.82,91.36,88661.0,2021.0,16715.87
3110202,Cajuri,MG,Minas Gerais,Sudeste,Zona da Mata,Viçosa,Juíz de Fora,4088.0,83.038,49.23,91.1,97287.0,2021.0,23798.19
3110301,Caldas,MG,Minas Gerais,Sudeste,Sul/Sudoeste de Minas,Poços de Caldas,Pouso Alegre,14217.0,711.414,19.98,94.0,337630.0,2021.0,23748.33
3110400,Camacho,MG,Minas Gerais,Sudeste,Oeste de Minas,Formiga,Divinópolis,2838.0,223.001,12.73,87.03,70858.0,2021.0,24967.58
3110509,Camanducaia,MG,Minas Gerais,Sudeste,Sul/Sudoeste de Minas,Pouso Alegre,Pouso Alegre,26097.0,528.688,49.36,92.98,987747.0,2021.0,37849.06
3110608,Cambuí,MG,Minas Gerais,Sudeste,Sul/Sudoeste de Minas,Pouso Alegre,Pouso Alegre,29536.0,244.567,120.77,94.79,1864549.0,2021.0,63128.01
3110707,Cambuquira,MG,Minas Gerais,Sudeste,Sul/Sudoeste de Minas,São Lourenço,Varginha,12313.0,246.38,49.98,92.11,370830.0,2021.0,30116.95
3110806,Campanário,MG,Minas Gerais,Sudeste,Vale do Rio Doce,Governador Valadares,Teófilo Otoni,2923.0,442.398,6.61,83.46,53458.0,2021.0,18288.74
3110905,Campanha,MG,Minas Gerais,Sudeste,Sul/Sudoeste de Minas,Varginha,Varginha,15935.0,335.587,47.48,94.51,439921.0,2021.0,27607.22
3111002,Campestre,MG,Minas Gerais,Sudeste,Sul/Sudoeste de Minas,Poços de Caldas,Pouso Alegre,20696.0,577.843,35.82,93.79,486410.0,2021.0,23502.61
3111101,Campina Verde,MG,Minas Gerais,Sudeste,Triângulo Mineiro/Alto Paranaíba,Frutal,Uberlândia,18011.0,3650.749,4.93,92.97,536761.0,2021.0,29801.84
3111150,Campo Azul,MG,Minas Gerais,Sudeste,Norte de Minas,Montes Claros,Montes Claros,3714.0,505.914,7.34,84.02,40651.0,2021.0,10945.34
3111200,Campo Belo,MG,Minas Gerais,Sudeste,Oeste de Minas,Campo Belo,Varginha,52277.0,528.225,98.97,94.25,1242918.0,2021.0,23775.62
3111309,Campo do Meio,MG,Minas Gerais,Sudeste,Sul/Sudoeste de Minas,Varginha,Varginha,11377.0,275.426,41.31,93.26,231124.0,2021.0,20315.02
3111408,Campo Florido,MG,Minas Gerais,Sudeste,Triângulo Mineiro/Alto Paranaíba,Uberaba,Uberaba,8466.0,1264.245,6.7,92.51,710762.0,2021.0,83954.88
3111507,Campos Altos,MG,Minas Gerais,Sudeste,Triângulo Mineiro/Alto Paranaíba,Araxá,Uberaba,12979.0,710.645,18.26,91.57,434229.0,2021.0,33456.28
3111606,Campos Gerais,MG,Minas Gerais,Sudeste,Sul/Sudoeste de Minas,Varginha,Varginha,26105.0,769.504,33.92,91.42,704525.0,2021.0,26988.12
3111705,Canaã,MG,Minas Gerais,Sudeste,Zona da Mata,Viçosa,Juíz de Fora,4715.0,174.9,26.96,88.35,77437.0,2021.0,16423.54
3111804,Canápolis,MG,Minas Gerais,Sudeste,Triângulo Mineiro/Alto Paranaíba,Uberlândia,Uberlândia,10608.0,843.599,12.57,92.02,677858.0,2021.0,63900.64
3111903,Cana Verde,MG,Minas Gerais,Sudeste,Oeste de Minas,Campo Belo,Varginha,5272.0,212.721,24.78,90.71,80057.0,2021.0,15185.32
3112000,Candeias,MG,Minas Gerais,Sudeste,Oeste de Minas,Campo Belo,Varginha,14001.0,720.512,19.43,89.69,371166.0,2021.0,26509.96
3112059,Cantagalo,MG,Minas Gerais,Sudeste,Vale do Rio Doce,Peçanha,Governador Valadares,3974.0,141.855,28.01,87.79,56752.0,2021.0,14280.83
3112109,Caparaó,MG,Minas Gerais,Sudeste,Zona da Mata,Manhuaçu,Juíz de Fora,5048.0,130.694,38.62,90.41,97643.0,2021.0,19342.91
3112208,Capela Nova,MG,Minas Gerais,Sudeste,Campo das Vertentes,Barbacena,Barbacena,4362.0,111.073,39.27,91.52,62458.0,2021.0,14318.66
3112307,Capelinha,MG,Minas Gerais,Sudeste,Jequitinhonha,Capelinha,Teófilo Otoni,39626.0,965.292,41.05,87.5,887590.0,2021.0,22399.18
3112406,Capetinga,MG,Minas Gerais,Sudeste,Sul/Sudoeste de Minas,Passos,Varginha,6562.0,297.937,22.02,92.09,207248.0,2021.0,31583.05
3112505,Capim Branco,MG,Minas Gerais,Sudeste,Metropolitana de Belo Horizonte,Sete Lagoas,Belo Horizonte,10663.0,95.333,111.85,95.04,123369.0,2021.0,11569.82
3112604,Capinópolis,MG,Minas Gerais,Sudeste,Triângulo Mineiro/Alto Paranaíba,Ituiutaba,Uberlândia,14655.0,620.716,23.61,90.79,666437.0,2021.0,45475.06
3112653,Capitão Andrade,MG,Minas Gerais,Sudeste,Vale do Rio Doce,Governador Valadares,Governador Valadares,4585.0,279.088,16.43,85.49,60792.0,2021.0,13258.89
3112703,Capitão Enéas,MG,Minas Gerais,Sudeste,Norte de Minas,Montes Claros,Montes Claros,14108.0,971.576,14.52,86.93,501415.0,2021.0,35541.18
3112802,Capitólio,MG,Minas Gerais,Sudeste,Sul/Sudoeste de Minas,Passos,Varginha,10380.0,521.802,19.89,97.13,328594.0,2021.0,31656.45
3112901,Caputira,MG,Minas Gerais,Sudeste,Zona da Mata,Manhuaçu,Juíz de Fora,8936.0,187.704,47.61,89.75,143709.0,2021.0,16082.03
3113008,Caraí,MG,Minas Gerais,Sudeste,Jequitinhonha,Araçuaí,Teófilo Otoni,19548.0,1242.345,15.73,80.55,210367.0,2021.0,10761.56
3113107,Caranaíba,MG,Minas Gerais,Sudeste,Campo das Vertentes,Barbacena,Barbacena,2933.0,159.95,18.34,92.22,41465.0,2021.0,14137.4
3113206,Carandaí,MG,Minas Gerais,Sudeste,Campo das Vertentes,Barbacena,Barbacena,23812.0,487.28,48.87,95.47,751465.0,2021.0,31558.25
3113305,Carangola,MG,Minas Gerais,Sudeste,Zona da Mata,Muriaé,Juíz de Fora,31240.0,353.404,88.4,93.16,639119.0,2021.0,20458.35
3113404,Caratinga,MG,Minas Gerais,Sudeste,Vale do Rio Doce,Caratinga,Ipatinga,87360.0,1258.479,69.42,93.51,2283105.0,2021.0,26134.44
3113503,Carbonita,MG,Minas Gerais,Sudeste,Jequitinhonha,Capelinha,Teófilo Otoni,8512.0,1456.095,5.85,86.52,220652.0,2021.0,25922.46
3113602,Careaçu,MG,Minas Gerais,Sudeste,Sul/Sudoeste de Minas,Santa Rita do Sapucaí,Pouso Alegre,6816.0,181.009,37.66,93.15,174238.0,2021.0,25563.09
3113701,Carlos Chagas,MG,Minas Gerais,Sudeste,Vale do Mucuri,Nanuque,Teófilo Otoni,18615.0,3202.984,5.81,83.7,474669.0,2021.0,25499.27
3113800,Carmésia,MG,Minas Gerais,Sudeste,Vale do Rio Doce,Guanhães,Belo Horizonte,2605.0,259.103,10.05,89.06,39785.0,2021.0,15272.55
3113909,Carmo da Cachoeira,MG,Minas Gerais,Sudeste,Sul/Sudoeste de Minas,Varginha,Varginha,11547.0,506.333,22.81,92.0,321614.0,2021.0,27852.6
3114006,Carmo da Mata,MG,Minas Gerais,Sudeste,Oeste de Minas,Oliveira,Divinópolis,11019.0,357.178,30.85,94.78,265586.0,2021.0,24102.55
3114105,Carmo de Minas,MG,Minas Gerais,Sudeste,Sul/Sudoeste de Minas,São Lourenço,Pouso Alegre,13797.0,322.285,42.81,92.24,290553.0,2021.0,21059.14
3114204,Carmo do Cajuru,MG,Minas Gerais,Sudeste,Oeste de Minas,Divinópolis,Divinópolis,23479.0,455.808,51.51,95.23,627199.0,2021.0,26713.19
3114303,Carmo do Paranaíba,MG,Minas Gerais,Sudeste,Triângulo Mineiro/Alto Paranaíba,Patos de Minas,Patos de Minas,29011.0,1307.862,22.18,94.49,1060015.0,2021.0,36538.38
3114402,Carmo do Rio Claro,MG,Minas Gerais,Sudeste,Sul/Sudoeste de Minas,Alfenas,Varginha,20954.0,1065.685,19.66,94.11,694497.0,2021.0,33143.89
3114501,Carmópolis de Minas,MG,Minas Gerais,Sudeste,Oeste de Minas,Oliveira,Divinópolis,18003.0,400.01,45.01,94.89,461515.0,2021.0,25635.45
3114550,Carneirinho,MG,Minas Gerais,Sudeste,Triângulo Mineiro/Alto Paranaíba,Frutal,Uberaba,9422.0,2063.462,4.57,90.7,406710.0,2021.0,43165.99
3114600,Carrancas,MG,Minas Gerais,Sudeste,Campo das Vertentes,Lavras,Varginha,4049.0,727.894,5.56,94.48,177636.0,2021.0,43871.57
3114709,Carvalhópolis,MG,Minas Gerais,Sudeste,Sul/Sudoeste de Minas,Alfenas,Varginha,3341.0,81.101,41.2,93.15,71384.0,2021.0,21366.06
3114808,Carvalhos,MG,Minas Gerais,Sudeste,Sul/Sudoeste de Minas,Andrelândia,Pouso Alegre,4422.0,282.254,15.67,89.36,80682.0,2021.0,18245.59
3114907,Casa Grande,MG,Minas Gerais,Sudeste,Metropolitana de Belo Horizonte,Conselheiro Lafaiete,Barbacena,2214.0,157.727,14.04,94.83,69228.0,2021.0,31268.29
3115003,Cascalho Rico,MG,Minas Gerais,Sudeste,Triângulo Mineiro/Alto Paranaíba,Uberlândia,Uberlândia,2712.0,367.308,7.38,96.57,79984.0,2021.0,29492.63
3115102,Cássia,MG,Minas Gerais,Sudeste,Sul/Sudoeste de Minas,Passos,Varginha,17155.0,665.802,25.77,92.89,436341.0,2021.0,25435.21
3115201,Conceição da Barra de Minas,MG,Minas Gerais,Sudeste,Campo das Vertentes,São João Del Rei,Barbacena,3560.0,273.014,13.04,93.02,68717.0,2021.0,19302.53
3115300,Cataguases,MG,Minas Gerais,Sudeste,Zona da Mata,Cataguases,Juíz de Fora,66261.0,491.767,134.74,96.03,1650831.0,2021.0,24914.07
3115359,Catas Altas,MG,Minas Gerais,Sudeste,Metropolitana de Belo Horizonte,Itabira,Belo Horizonte,5473.0,240.042,22.8,92.24,5032327.0,2021.0,919482.37
3115409,Catas Altas da Noruega,MG,Minas Gerais,Sudeste,Metropolitana de Belo Horizonte,Conselheiro Lafaiete,Barbacena,3110.0,141.622,21.96,90.61,40785.0,2021.0,13114.15
3115458,Catuji,MG,Minas Gerais,Sudeste,Vale do Mucuri,Teófilo Otoni,Teófilo Otoni,7030.0,419.38,16.76,81.34,83308.0,2021.0,11850.36
3115474,Catuti,MG,Minas Gerais,Sudeste,Norte de Minas,Janaúba,Montes Claros,4739.0,287.812,16.47,77.97,56838.0,2021.0,11993.67
3115508,Caxambu,MG,Minas Gerais,Sudeste,Sul/Sudoeste de Minas,São Lourenço,Pouso Alegre,21056.0,100.483,209.55,95.55,371252.0,2021.0,17631.65
3115607,Cedro do Abaeté,MG,Minas Gerais,Sudeste,Central Mineira,Três Marias,Divinópolis,1081.0,283.211,3.82,88.58,22396.0,2021.0,20717.85
3115706,Central de Minas,MG,Minas Gerais,Sudeste,Vale do Rio Doce,Mantena,Governador Valadares,6171.0,204.328,30.2,84.23,87043.0,2021.0,14105.17
3115805,Centralina,MG,Minas Gerais,Sudeste,Triângulo Mineiro/Alto Paranaíba,Uberlândia,Uberlândia,10207.0,322.385,31.66,91.49,351125.0,2021.0,34400.41
3115904,Chácara,MG,Minas Gerais,Sudeste,Zona da Mata,Juiz de Fora,Juíz de Fora,3075.0,152.807,20.12,90.74,47145.0,2021.0,15331.71
3116001,Chalé,MG,Minas Gerais,Sudeste,Zona da Mata,Manhuaçu,Juíz de Fora,6075.0,212.674,28.56,90.09,114191.0,2021.0,18796.87
3116100,Chapada do Norte,MG,Minas Gerais,Sudeste,Jequitinhonha,Capelinha,Teófilo Otoni,10337.0,830.833,12.44,77.14,111106.0,2021.0,10748.38
3116159,Chapada Gaúcha,MG,Minas Gerais,Sudeste,Norte de Minas,Januária,Montes Claros,12355.0,3255.189,3.8,87.82,403133.0,2021.0,32629.14
3116209,Chiador,MG,Minas Gerais,Sudeste,Zona da Mata,Juiz de Fora,Juíz de Fora,2800.0,252.852,11.07,94.22,37247.0,2021.0,13302.5
3116308,Cipotânea,MG,Minas Gerais,Sudeste,Zona da Mata,Viçosa,Barbacena,5581.0,153.479,36.36,88.93,73287.0,2021.0,13131.52
3116407,Claraval,MG,Minas Gerais,Sudeste,Sul/Sudoeste de Minas,Passos,Varginha,4658.0,227.627,20.46,93.65,181971.0,2021.0,39066.34
3116506,Claro dos Poções,MG,Minas Gerais,Sudeste,Norte de Minas,Montes Claros,Montes Claros,7166.0,720.424,9.95,87.2,83712.0,2021.0,11681.83
3116605,Cláudio,MG,Minas Gerais,Sudeste,Oeste de Minas,Divinópolis,Divinópolis,30159.0,630.706,47.82,96.26,1117593.0,2021.0,37056.7
3116704,Coimbra,MG,Minas Gerais,Sudeste,Zona da Mata,Viçosa,Juíz de Fora,7117.0,106.875,66.59,92.83,139787.0,2021.0,19641.28
3116803,Coluna,MG,Minas Gerais,Sudeste,Vale do Rio Doce,Guanhães,Governador Valadares,8163.0,348.492,23.42,84.16,121199.0,2021.0,14847.36
3116902,Comendador Gomes,MG,Minas Gerais,Sudeste,Triângulo Mineiro/Alto Paranaíba,Frutal,Uberaba,2773.0,1041.047,2.66,90.13,154777.0,2021.0,55815.72
3117009,Comercinho,MG,Minas Gerais,Sudeste,Jequitinhonha,Pedra Azul,Teófilo Otoni,6660.0,654.961,10.17,78.78,68104.0,2021.0,10225.83
3117108,Conceição da Aparecida,MG,Minas Gerais,Sudeste,Sul/Sudoeste de Minas,Alfenas,Varginha,10371.0,352.521,29.42,94.26,274187.0,2021.0,26437.86
3117207,Conceição das Pedras,MG,Minas Gerais,Sudeste,Sul/Sudoeste de Minas,Santa Rita do Sapucaí,Pouso Alegre,2772.0,102.206,27.12,92.36,61047.0,2021.0,22022.73
3117306,Conceição das Alagoas,MG,Minas Gerais,Sudeste,Triângulo Mineiro/Alto Paranaíba,Uberaba,Uberaba,28381.0,1340.25,21.18,93.58,1318009.0,2021.0,46439.84
3117405,Conceição de Ipanema,MG,Minas Gerais,Sudeste,Vale do Rio Doce,Aimorés,Juíz de Fora,4409.0,253.935,17.36,87.81,81006.0,2021.0,18372.87
3117504,Conceição do Mato Dentro,MG,Minas Gerais,Sudeste,Metropolitana de Belo Horizonte,Conceição do Mato Dentro,Belo Horizonte,23163.0,1720.04,13.47,90.66,9050953.0,2021.0,390750.46
3117603,Conceição do Pará,MG,Minas Gerais,Sudeste,Oeste de Minas,Divinópolis,Divinópolis,5415.0,250.306,21.63,93.04,493948.0,2021.0,91218.47
3117702,Conceição do Rio Verde,MG,Minas Gerais,Sudeste,Sul/Sudoeste de Minas,São Lourenço,Pouso Alegre,12541.0,369.681,33.92,90.86,343556.0,2021.0,27394.63
3117801,Conceição dos Ouros,MG,Minas Gerais,Sudeste,Sul/Sudoeste de Minas,Santa Rita do Sapucaí,Pouso Alegre,10880.0,180.236,60.37,94.36,224990.0,2021.0,20679.23
3117836,Cônego Marinho,MG,Minas Gerais,Sudeste,Norte de Minas,Januária,Montes Claros,7237.0,1610.47,4.49,83.95,63478.0,2021.0,8771.31
3117876,Confins,MG,Minas Gerais,Sudeste,Metropolitana de Belo Horizonte,Belo Horizonte,Belo Horizonte,7350.0,42.355,173.53,96.09,485672.0,2021.0,66077.82
3117900,Congonhal,MG,Minas Gerais,Sudeste,Sul/Sudoeste de Minas,Pouso Alegre,Pouso Alegre,11083.0,205.125,54.03,93.19,220464.0,2021.0,19892.09
3118007,Congonhas,MG,Minas Gerais,Sudeste,Metropolitana de Belo Horizonte,Conselheiro Lafaiete,Barbacena,52890.0,304.067,173.94,96.8,7677447.0,2021.0,145158.76
3118106,Congonhas do Norte,MG,Minas Gerais,Sudeste,Metropolitana de Belo Horizonte,Conceição do Mato Dentro,Belo Horizonte,4831.0,405.671,11.91,84.97,49288.0,2021.0,10202.44
3118205,Conquista,MG,Minas Gerais,Sudeste,Triângulo Mineiro/Alto Paranaíba,Uberaba,Uberaba,6694.0,618.363,10.83,92.7,490051.0,2021.0,73207.5
3118304,Conselheiro Lafaiete,MG,Minas Gerais,Sudeste,Metropolitana de Belo Horizonte,Conselheiro Lafaiete,Barbacena,131621.0,370.246,355.5,97.27,3117736.0,2021.0,23687.22
3118403,Conselheiro Pena,MG,Minas Gerais,Sudeste,Vale do Rio Doce,Aimorés,Governador Valadares,20824.0,1483.883,14.03,89.3,383757.0,2021.0,18428.59
3118502,Consolação,MG,Minas Gerais,Sudeste,Sul/Sudoeste de Minas,Itajubá,Pouso Alegre,1563.0,89.122,17.54,89.24,31441.0,2021.0,20115.8
3118601,Contagem,MG,Minas Gerais,Sudeste,Metropolitana de Belo Horizonte,Belo Horizonte,Belo Horizonte,621863.0,194.746,3193.2,97.29,36478511.0,2021.0,58660.04
3118700,Coqueiral,MG,Minas Gerais,Sudeste,Sul/Sudoeste de Minas,Varginha,Varginha,9023.0,296.163,30.47,94.02,234159.0,2021.0,25951.35
3118809,Coração de Jesus,MG,Minas Gerais,Sudeste,Norte de Minas,Montes Claros,Montes Claros,25377.0,2225.216,11.4,87.0,272832.0,2021.0,10751.15
3118908,Cordisburgo,MG,Minas Gerais,Sudeste,Metropolitana de Belo Horizonte,Sete Lagoas,Belo Horizonte,7547.0,823.654,9.16,92.02,146188.0,2021.0,19370.35
3119005,Cordislândia,MG,Minas Gerais,Sudeste,Sul/Sudoeste de Minas,Santa Rita do Sapucaí,Varginha,3200.0,179.543,17.82,90.29,113743.0,2021.0,35544.69
3119104,Corinto,MG,Minas Gerais,Sudeste,Central Mineira,Curvelo,Belo Horizonte,23532.0,2525.397,9.32,91.84,608967.0,2021.0,25878.25
3119203,Coroaci,MG,Minas Gerais,Sudeste,Vale do Rio Doce,Governador Valadares,Governador Valadares,10884.0,576.274,18.89,90.5,125596.0,2021.0,11539.51
3119302,Coromandel,MG,Minas Gerais,Sudeste,Triângulo Mineiro/Alto Paranaíba,Patrocínio,Patos de Minas,28894.0,3313.313,8.72,94.09,1535203.0,2021.0,53132.24
3119401,Coronel Fabriciano,MG,Minas Gerais,Sudeste,Vale do Rio Doce,Ipatinga,Ipatinga,104736.0,221.252,473.38,95.67,1995525.0,2021.0,19052.9
3119500,Coronel Murta,MG,Minas Gerais,Sudeste,Jequitinhonha,Araçuaí,Teófilo Otoni,8200.0,815.413,10.06,84.6,119826.0,2021.0,14612.93
3119609,Coronel Pacheco,MG,Minas Gerais,Sudeste,Zona da Mata,Juiz de Fora,Juíz de Fora,2762.0,131.511,21.0,93.93,60101.0,2021.0,21759.96
3119708,Coronel Xavier Chaves,MG,Minas Gerais,Sudeste,Campo das Vertentes,São João Del Rei,Barbacena,3486.0,140.954,24.73,95.64,90932.0,2021.0,26084.91
3119807,Córrego Danta,MG,Minas Gerais,Sudeste,Oeste de Minas,Piuí,Divinópolis,2960.0,657.425,4.5,92.04,165719.0,2021.0,55986.15
3119906,Córrego do Bom Jesus,MG,Minas Gerais,Sudeste,Sul/Sudoeste de Minas,Pouso Alegre,Pouso Alegre,4272.0,123.651,34.55,93.27,45603.0,2021.0,10674.86
3119955,Córrego Fundo,MG,Minas Gerais,Sudeste,Oeste de Minas,Formiga,Divinópolis,6133.0,101.112,60.66,92.09,320483.0,2021.0,52255.5
3120003,Córrego Novo,MG,Minas Gerais,Sudeste,Vale do Rio Doce,Caratinga,Ipatinga,2875.0,205.385,14.0,85.17,38521.0,2021.0,13398.61
3120102,Couto de Magalhães de Minas,MG,Minas Gerais,Sudeste,Jequitinhonha,Diamantina,Teófilo Otoni,4245.0,485.654,8.74,90.02,63266.0,2021.0,14903.65
3120151,Crisólita,MG,Minas Gerais,Sudeste,Vale do Mucuri,Nanuque,Teófilo Otoni,5265.0,966.202,5.45,76.48,76403.0,2021.0,14511.49
3120201,Cristais,MG,Minas Gerais,Sudeste,Oeste de Minas,Campo Belo,Varginha,12197.0,628.434,19.41,93.33,295630.0,2021.0,24237.93
3120300,Cristália,MG,Minas Gerais,Sudeste,Norte de Minas,Grão Mogol,Montes Claros,5121.0,840.702,6.09,87.2,59160.0,2021.0,11552.43
3120409,Cristiano Otoni,MG,Minas Gerais,Sudeste,Metropolitana de Belo Horizonte,Conselheiro Lafaiete,Barbacena,4667.0,132.872,35.12,95.03,123678.0,2021.0,26500.54
3120508,Cristina,MG,Minas Gerais,Sudeste,Sul/Sudoeste de Minas,Itajubá,Pouso Alegre,10374.0,311.33,33.32,93.84,233177.0,2021.0,22477.06
3120607,Crucilândia,MG,Minas Gerais,Sudeste,Metropolitana de Belo Horizonte,Itaguara,Divinópolis,5434.0,167.164,32.51,90.75,83064.0,2021.0,15285.98
3120706,Cruzeiro da Fortaleza,MG,Minas Gerais,Sudeste,Triângulo Mineiro/Alto Paranaíba,Patrocínio,Patos de Minas,3521.0,187.446,18.78,94.15,184033.0,2021.0,52267.25
3120805,Cruzília,MG,Minas Gerais,Sudeste,Sul/Sudoeste de Minas,Andrelândia,Pouso Alegre,15362.0,522.419,29.41,92.98,317649.0,2021.0,20677.58
3120839,Cuparaque,MG,Minas Gerais,Sudeste,Vale do Rio Doce,Aimorés,Governador Valadares,3983.0,226.75,17.57,85.71,74037.0,2021.0,18588.25
3120870,Curral de Dentro,MG,Minas Gerais,Sudeste,Norte de Minas,Salinas,Montes Claros,7406.0,570.95,12.97,82.66,80420.0,2021.0,10858.76
3120904,Curvelo,MG,Minas Gerais,Sudeste,Central Mineira,Curvelo,Belo Horizonte,80665.0,3296.2,24.47,94.8,2228066.0,2021.0,27621.22
3121001,Datas,MG,Minas Gerais,Sudeste,Jequitinhonha,Diamantina,Teófilo Otoni,5465.0,310.099,17.62,92.35,73978.0,2021.0,13536.69
3121100,Delfim Moreira,MG,Minas Gerais,Sudeste,Sul/Sudoeste de Minas,Itajubá,Pouso Alegre,7952.0,408.473,19.47,94.01,125697.0,2021.0,15806.97
3121209,Delfinópolis,MG,Minas Gerais,Sudeste,Sul/Sudoeste de Minas,Passos,Varginha,8393.0,1378.423,6.09,92.5,247289.0,2021.0,29463.72
3121258,Delta,MG,Minas Gerais,Sudeste,Triângulo Mineiro/Alto Paranaíba,Uberaba,Uberaba,10494.0,102.784,102.1,91.03,466555.0,2021.0,44459.21
3121308,Descoberto,MG,Minas Gerais,Sudeste,Zona da Mata,Juiz de Fora,Juíz de Fora,4928.0,213.168,23.12,92.22,81649.0,2021.0,16568.38
3121407,Desterro de Entre Rios,MG,Minas Gerais,Sudeste,Metropolitana de Belo Horizonte,Conselheiro Lafaiete,Barbacena,7653.0,377.165,20.29,90.58,261189.0,2021.0,34128.97
3121506,Desterro do Melo,MG,Minas Gerais,Sudeste,Campo das Vertentes,Barbacena,Barbacena,2994.0,142.279,21.04,89.38,50610.0,2021.0,16903.81
3121605,Diamantina,MG,Minas Gerais,Sudeste,Jequitinhonha,Diamantina,Teófilo Otoni,47702.0,3891.659,12.26,93.5,984231.0,2021.0,20632.91
3121704,Diogo de Vasconcelos,MG,Minas Gerais,Sudeste,Metropolitana de Belo Horizonte,Ouro Preto,Juíz de Fora,3549.0,165.091,21.5,83.03,42932.0,2021.0,12096.93
3121803,Dionísio,MG,Minas Gerais,Sudeste,Metropolitana de Belo Horizonte,Itabira,Ipatinga,6847.0,339.375,20.18,90.93,90865.0,2021.0,13270.78
3121902,Divinésia,MG,Minas Gerais,Sudeste,Zona da Mata,Ubá,Juíz de Fora,4226.0,116.97,36.13,93.41,63671.0,2021.0,15066.49
3122009,Divino,MG,Minas Gerais,Sudeste,Zona da Mata,Muriaé,Juíz de Fora,20706.0,337.776,61.3,88.58,319453.0,2021.0,15428.04
3122108,Divino das Laranjeiras,MG,Minas Gerais,Sudeste,Vale do Rio Doce,Governador Valadares,Governador Valadares,4178.0,342.249,12.21,85.75,61680.0,2021.0,14763.04
3122207,Divinolândia de Minas,MG,Minas Gerais,Sudeste,Vale do Rio Doce,Guanhães,Governador Valadares,6516.0,133.12,48.95,89.2,82272.0,2021.0,12626.15
3122306,Divinópolis,MG,Minas Gerais,Sudeste,Oeste de Minas,Divinópolis,Divinópolis,231091.0,708.115,326.35,97.13,8328420.0,2021.0,36039.57
3122355,Divisa Alegre,MG,Minas Gerais,Sudeste,Norte de Minas,Salinas,Teófilo Otoni,6321.0,117.802,53.66,83.47,178202.0,2021.0,28192.06
3122405,Divisa Nova,MG,Minas Gerais,Sudeste,Sul/Sudoeste de Minas,Alfenas,Varginha,5851.0,216.955,26.97,91.15,129921.0,2021.0,22204.92
3122454,Divisópolis,MG,Minas Gerais,Sudeste,Jequitinhonha,Almenara,Teófilo Otoni,10213.0,572.926,17.83,81.07,93183.0,2021.0,9123.96
3122470,Dom Bosco,MG,Minas Gerais,Sudeste,Noroeste de Minas,Unaí,Patos de Minas,3697.0,817.383,4.52,91.49,69488.0,2021.0,18795.78
3122504,Dom Cavati,MG,Minas Gerais,Sudeste,Vale do Rio Doce,Caratinga,Ipatinga,4904.0,59.52,82.39,90.79,69618.0,2021.0,14196.17
3122603,Dom Joaquim,MG,Minas Gerais,Sudeste,Metropolitana de Belo Horizonte,Conceição do Mato Dentro,Governador Valadares,4899.0,398.793,12.28,88.97,67800.0,2021.0,13839.56
3122702,Dom Silvério,MG,Minas Gerais,Sudeste,Zona da Mata,Ponte Nova,Juíz de Fora,5228.0,194.972,26.81,93.08,108260.0,2021.0,20707.73
3122801,Dom Viçoso,MG,Minas Gerais,Sudeste,Sul/Sudoeste de Minas,Itajubá,Pouso Alegre,3095.0,113.921,27.17,93.14,39046.0,2021.0,12615.83
3122900,Dona Euzébia,MG,Minas Gerais,Sudeste,Zona da Mata,Cataguases,Juíz de Fora,6093.0,70.231,86.76,93.41,109854.0,2021.0,18029.54
3123007,Dores de Campos,MG,Minas Gerais,Sudeste,Campo das Vertentes,São João Del Rei,Barbacena,10007.0,124.842,80.16,95.23,320072.0,2021.0,31984.81
3123106,Dores de Guanhães,MG,Minas Gerais,Sudeste,Vale do Rio Doce,Guanhães,Governador Valadares,5029.0,382.124,13.16,85.68,190689.0,2021.0,37917.88
3123205,Dores do Indaiá,MG,Minas Gerais,Sudeste,Central Mineira,Bom Despacho,Divinópolis,12630.0,1111.202,11.37,91.85,352243.0,2021.0,27889.39
3123304,Dores do Turvo,MG,Minas Gerais,Sudeste,Zona da Mata,Ubá,Juíz de Fora,4987.0,231.169,21.57,89.5,67069.0,2021.0,13448.77
3123403,Doresópolis,MG,Minas Gerais,Sudeste,Oeste de Minas,Piuí,Varginha,1461.0,152.912,9.55,94.15,84085.0,2021.0,57553.05
3123502,Douradoquara,MG,Minas Gerais,Sudeste,Triângulo Mineiro/Alto Paranaíba,Patrocínio,Uberlândia,1829.0,312.878,5.85,93.69,79306.0,2021.0,43360.31
3123528,Durandé,MG,Minas Gerais,Sudeste,Zona da Mata,Manhuaçu,Juíz de Fora,7817.0,217.461,35.95,88.5,122873.0,2021.0,15718.69
3123601,Elói Mendes,MG,Minas Gerais,Sudeste,Sul/Sudoeste de Minas,Varginha,Varginha,26336.0,499.537,52.72,92.36,705288.0,2021.0,26780.38
3123700,Engenheiro Caldas,MG,Minas Gerais,Sudeste,Vale do Rio Doce,Governador Valadares,Governador Valadares,13622.0,187.058,72.82,87.9,157012.0,2021.0,11526.35
3123809,Engenheiro Navarro,MG,Minas Gerais,Sudeste,Norte de Minas,Bocaiúva,Montes Claros,6354.0,608.306,10.45,85.78,92057.0,2021.0,14488.04
3123858,Entre Folhas,MG,Minas Gerais,Sudeste,Vale do Rio Doce,Caratinga,Ipatinga,5179.0,85.39,60.65,89.03,64895.0,2021.0,12530.41
3123908,Entre Rios de Minas,MG,Minas Gerais,Sudeste,Metropolitana de Belo Horizonte,Conselheiro Lafaiete,Barbacena,14746.0,456.796,32.28,93.81,270170.0,2021.0,18321.58
3124005,Ervália,MG,Minas Gerais,Sudeste,Zona da Mata,Viçosa,Juíz de Fora,20255.0,357.489,56.66,88.76,409383.0,2021.0,20211.45
3124104,Esmeraldas,MG,Minas Gerais,Sudeste,Metropolitana de Belo Horizonte,Belo Horizonte,Belo Horizonte,85598.0,909.727,94.09,94.84,973278.0,2021.0,11370.34
3124203,Espera Feliz,MG,Minas Gerais,Sudeste,Zona da Mata,Muriaé,Juíz de Fora,24102.0,317.638,75.88,90.71,411016.0,2021.0,17053.19
3124302,Espinosa,MG,Minas Gerais,Sudeste,Norte de Minas,Janaúba,Montes Claros,30443.0,1868.97,16.29,82.43,364023.0,2021.0,11957.53
3124401,Espírito Santo do Dourado,MG,Minas Gerais,Sudeste,Sul/Sudoeste de Minas,Pouso Alegre,Pouso Alegre,6611.0,263.879,25.05,91.46,122219.0,2021.0,18487.22
3124500,Estiva,MG,Minas Gerais,Sudeste,Sul/Sudoeste de Minas,Pouso Alegre,Pouso Alegre,11502.0,243.872,47.16,91.42,601829.0,2021.0,52323.86
3124609,Estrela Dalva,MG,Minas Gerais,Sudeste,Zona da Mata,Cataguases,Juíz de Fora,2186.0,131.365,16.64,88.83,42891.0,2021.0,19620.77
3124708,Estrela do Indaiá,MG,Minas Gerais,Sudeste,Central Mineira,Bom Despacho,Divinópolis,2772.0,635.981,4.36,91.16,165338.0,2021.0,59645.74
3124807,Estrela do Sul,MG,Minas Gerais,Sudeste,Triângulo Mineiro/Alto Paranaíba,Patrocínio,Uberlândia,6840.0,822.454,8.32,91.48,351211.0,2021.0,51346.64
3124906,Eugenópolis,MG,Minas Gerais,Sudeste,Zona da Mata,Muriaé,Juíz de Fora,10801.0,309.395,34.91,91.33,221741.0,2021.0,20529.67
3125002,Ewbank da Câmara,MG,Minas Gerais,Sudeste,Zona da Mata,Juiz de Fora,Juíz de Fora,3875.0,103.834,37.32,94.43,54345.0,2021.0,14024.52
3125101,Extrema,MG,Minas Gerais,Sudeste,Sul/Sudoeste de Minas,Pouso Alegre,Pouso Alegre,53482.0,244.575,218.67,96.38,13653880.0,2021.0,255298.61
3125200,Fama,MG,Minas Gerais,Sudeste,Sul/Sudoeste de Minas,Alfenas,Varginha,2578.0,86.024,29.97,93.36,58617.0,2021.0,22737.39
3125309,Faria Lemos,MG,Minas Gerais,Sudeste,Zona da Mata,Muriaé,Juíz de Fora,3188.0,165.224,19.3,91.5,64355.0,2021.0,20186.64
3125408,Felício dos Santos,MG,Minas Gerais,Sudeste,Jequitinhonha,Diamantina,Teófilo Otoni,5133.0,357.622,14.35,87.46,73738.0,2021.0,14365.48
3125507,São Gonçalo do Rio Preto,MG,Minas Gerais,Sudeste,Jequitinhonha,Diamantina,Teófilo Otoni,3032.0,314.458,9.64,87.46,48742.0,2021.0,16075.86
3125606,Felisburgo,MG,Minas Gerais,Sudeste,Jequitinhonha,Almenara,Teófilo Otoni,6489.0,596.215,10.88,81.3,75699.0,2021.0,11665.74
3125705,Felixlândia,MG,Minas Gerais,Sudeste,Central Mineira,Curvelo,Belo Horizonte,13978.0,1554.627,8.99,93.09,281136.0,2021.0,20112.75
3125804,Fernandes Tourinho,MG,Minas Gerais,Sudeste,Vale do Rio Doce,Governador Valadares,Governador Valadares,2789.0,151.875,18.36,83.13,45852.0,2021.0,16440.3
3125903,Ferros,MG,Minas Gerais,Sudeste,Metropolitana de Belo Horizonte,Itabira,Belo Horizonte,9590.0,1088.791,8.81,85.0,147935.0,2021.0,15425.96
3125952,Fervedouro,MG,Minas Gerais,Sudeste,Zona da Mata,Muriaé,Juíz de Fora,10445.0,357.683,29.2,87.89,156872.0,2021.0,15018.86
3126000,Florestal,MG,Minas Gerais,Sudeste,Metropolitana de Belo Horizonte,Pará de Minas,Belo Horizonte,8045.0,194.242,41.42,96.22,142775.0,2021.0,17747.05
3126109,Formiga,MG,Minas Gerais,Sudeste,Oeste de Minas,Formiga,Divinópolis,68248.0,1501.915,45.44,95.32,2212489.0,2021.0,32418.37
3126208,Formoso,MG,Minas Gerais,Sudeste,Noroeste de Minas,Unaí,Patos de Minas,7949.0,3686.004,2.16,85.68,314877.0,2021.0,39612.15
3126307,Fortaleza de Minas,MG,Minas Gerais,Sudeste,Sul/Sudoeste de Minas,Passos,Varginha,3477.0,218.792,15.89,92.12,111241.0,2021.0,31993.39
3126406,Fortuna de Minas,MG,Minas Gerais,Sudeste,Metropolitana de Belo Horizonte,Sete Lagoas,Belo Horizonte,3093.0,198.709,15.57,95.16,51259.0,2021.0,16572.58
3126505,Francisco Badaró,MG,Minas Gerais,Sudeste,Jequitinhonha,Capelinha,Teófilo Otoni,7366.0,461.481,15.96,82.87,77801.0,2021.0,10562.18
3126604,Francisco Dumont,MG,Minas Gerais,Sudeste,Norte de Minas,Bocaiúva,Montes Claros,4503.0,1576.128,2.86,86.45,75589.0,2021.0,16786.36
3126703,Francisco Sá,MG,Minas Gerais,Sudeste,Norte de Minas,Montes Claros,Montes Claros,23476.0,2747.295,8.55,84.56,452040.0,2021.0,19255.41
3126752,Franciscópolis,MG,Minas Gerais,Sudeste,Vale do Mucuri,Teófilo Otoni,Teófilo Otoni,5034.0,717.087,7.02,78.9,101190.0,2021.0,20101.31
3126802,Frei Gaspar,MG,Minas Gerais,Sudeste,Vale do Mucuri,Teófilo Otoni,Teófilo Otoni,5640.0,626.672,9.0,80.44,80089.0,2021.0,14200.18
3126901,Frei Inocêncio,MG,Minas Gerais,Sudeste,Vale do Rio Doce,Governador Valadares,Governador Valadares,8226.0,469.557,17.52,87.27,150514.0,2021.0,18297.35
3126950,Frei Lagonegro,MG,Minas Gerais,Sudeste,Vale do Rio Doce,Peçanha,Governador Valadares,3391.0,167.474,20.25,83.14,35558.0,2021.0,10485.99
3127008,Fronteira,MG,Minas Gerais,Sudeste,Triângulo Mineiro/Alto Paranaíba,Frutal,Uberaba,14540.0,199.987,72.7,91.94,935386.0,2021.0,64331.91
3127057,Fronteira dos Vales,MG,Minas Gerais,Sudeste,Vale do Mucuri,Nanuque,Teófilo Otoni,4345.0,320.757,13.55,78.98,48924.0,2021.0,11259.84
3127073,Fruta de Leite,MG,Minas Gerais,Sudeste,Norte de Minas,Salinas,Montes Claros,4647.0,762.837,6.09,72.72,47075.0,2021.0,10130.19
3127107,Frutal,MG,Minas Gerais,Sudeste,Triângulo Mineiro/Alto Paranaíba,Frutal,Uberaba,58588.0,2426.965,24.14,95.4,2472972.0,2021.0,42209.53
3127206,Funilândia,MG,Minas Gerais,Sudeste,Metropolitana de Belo Horizonte,Sete Lagoas,Belo Horizonte,4686.0,199.797,23.45,93.76,83300.0,2021.0,17776.36
3127305,Galiléia,MG,Minas Gerais,Sudeste,Vale do Rio Doce,Governador Valadares,Governador Valadares,6222.0,720.303,8.64,87.24,113699.0,2021.0,18273.71
3127339,Gameleiras,MG,Minas Gerais,Sudeste,Norte de Minas,Janaúba,Montes Claros,4793.0,1733.203,2.77,79.94,57342.0,2021.0,11963.7
3127354,Glaucilândia,MG,Minas Gerais,Sudeste,Norte de Minas,Montes Claros,Montes Claros,2928.0,145.861,20.07,90.13,41126.0,2021.0,14045.77
3127370,Goiabeira,MG,Minas Gerais,Sudeste,Vale do Rio Doce,Aimorés,Governador Valadares,2830.0,112.443,25.17,84.26,49898.0,2021.0,17631.8
3127388,Goianá,MG,Minas Gerais,Sudeste,Zona da Mata,Juiz de Fora,Juíz de Fora,4053.0,152.039,26.66,93.71,62242.0,2021.0,15357.02
3127404,Gonçalves,MG,Minas Gerais,Sudeste,Sul/Sudoeste de Minas,Pouso Alegre,Pouso Alegre,4727.0,187.353,25.23,92.67,94305.0,2021.0,19950.29
3127503,Gonzaga,MG,Minas Gerais,Sudeste,Vale do Rio Doce,Guanhães,Governador Valadares,5230.0,209.348,24.98,85.19,68965.0,2021.0,13186.42
3127602,Gouveia,MG,Minas Gerais,Sudeste,Jequitinhonha,Diamantina,Teófilo Otoni,11331.0,866.601,13.08,93.42,198843.0,2021.0,17548.58
3127701,Governador Valadares,MG,Minas Gerais,Sudeste,Vale do Rio Doce,Governador Valadares,Governador Valadares,257171.0,2342.376,109.79,94.95,7382104.0,2021.0,28705.04
3127800,Grão Mogol,MG,Minas Gerais,Sudeste,Norte de Minas,Grão Mogol,Montes Claros,13901.0,3885.294,3.58,83.91,770836.0,2021.0,55451.84
3127909,Grupiara,MG,Minas Gerais,Sudeste,Triângulo Mineiro/Alto Paranaíba,Patrocínio,Uberlândia,1392.0,193.141,7.21,93.93,44193.0,2021.0,31747.84
3128006,Guanhães,MG,Minas Gerais,Sudeste,Vale do Rio Doce,Guanhães,Governador Valadares,32244.0,1075.124,29.99,92.12,996792.0,2021.0,30914.03
3128105,Guapé,MG,Minas Gerais,Sudeste,Sul/Sudoeste de Minas,Varginha,Varginha,13772.0,934.345,14.74,93.77,390741.0,2021.0,28372.13
3128204,Guaraciaba,MG,Minas Gerais,Sudeste,Zona da Mata,Ponte Nova,Juíz de Fora,9753.0,348.596,27.98,87.56,115211.0,2021.0,11812.88
3128253,Guaraciama,MG,Minas Gerais,Sudeste,Norte de Minas,Bocaiúva,Montes Claros,5051.0,390.263,12.94,87.77,78006.0,2021.0,15443.67
3128303,Guaranésia,MG,Minas Gerais,Sudeste,Sul/Sudoeste de Minas,São Sebastião do Paraíso,Varginha,19150.0,294.828,64.95,92.8,549498.0,2021.0,28694.41
3128402,Guarani,MG,Minas Gerais,Sudeste,Zona da Mata,Ubá,Juíz de Fora,7714.0,264.194,29.2,92.42,173383.0,2021.0,22476.41
3128501,Guarará,MG,Minas Gerais,Sudeste,Zona da Mata,Juiz de Fora,Juíz de Fora,3149.0,88.655,35.52,93.31,57624.0,2021.0,18299.14
3128600,Guarda-Mor,MG,Minas Gerais,Sudeste,Noroeste de Minas,Paracatu,Patos de Minas,6539.0,2068.808,3.16,93.3,750765.0,2021.0,114813.43
3128709,Guaxupé,MG,Minas Gerais,Sudeste,Sul/Sudoeste de Minas,São Sebastião do Paraíso,Varginha,50911.0,286.398,177.76,95.25,2806751.0,2021.0,55130.54
3128808,Guidoval,MG,Minas Gerais,Sudeste,Zona da Mata,Ubá,Juíz de Fora,7131.0,158.375,45.03,92.11,123262.0,2021.0,17285.37
3128907,Guimarânia,MG,Minas Gerais,Sudeste,Triângulo Mineiro/Alto Paranaíba,Patos de Minas,Patos de Minas,8478.0,366.833,23.11,93.73,327592.0,2021.0,38640.25
3129004,Guiricema,MG,Minas Gerais,Sudeste,Zona da Mata,Ubá,Juíz de Fora,7778.0,293.578,26.49,90.77,114327.0,2021.0,14698.77
3129103,Gurinhatã,MG,Minas Gerais,Sudeste,Triângulo Mineiro/Alto Paranaíba,Ituiutaba,Uberlândia,5192.0,1849.137,2.81,88.84,180788.0,2021.0,34820.49
3129202,Heliodora,MG,Minas Gerais,Sudeste,Sul/Sudoeste de Minas,Santa Rita do Sapucaí,Pouso Alegre,6134.0,153.95,39.84,89.76,133435.0,2021.0,21753.34
3129301,Iapu,MG,Minas Gerais,Sudeste,Vale do Rio Doce,Caratinga,Ipatinga,12030.0,340.994,35.28,89.81,176380.0,2021.0,14661.68
3129400,Ibertioga,MG,Minas Gerais,Sudeste,Campo das Vertentes,Barbacena,Barbacena,5198.0,346.24,15.01,89.01,103540.0,2021.0,19919.2
3129509,Ibiá,MG,Minas Gerais,Sudeste,Triângulo Mineiro/Alto Paranaíba,Araxá,Uberaba,22229.0,2704.132,8.22,94.44,1534624.0,2021.0,69037.02
3129608,Ibiaí,MG,Minas Gerais,Sudeste,Norte de Minas,Pirapora,Montes Claros,6286.0,874.76,7.19,87.89,114948.0,2021.0,18286.35
3129657,Ibiracatu,MG,Minas Gerais,Sudeste,Norte de Minas,Montes Claros,Montes Claros,5081.0,353.257,14.38,79.25,51252.0,2021.0,10086.99
3129707,Ibiraci,MG,Minas Gerais,Sudeste,Sul/Sudoeste de Minas,Passos,Varginha,10948.0,562.095,19.48,92.71,728232.0,2021.0,66517.35
3129806,Ibirité,MG,Minas Gerais,Sudeste,Metropolitana de Belo Horizonte,Belo Horizonte,Belo Horizonte,170537.0,72.395,2355.65,95.75,3202480.0,2021.0,18778.8
3129905,Ibitiúra de Minas,MG,Minas Gerais,Sudeste,Sul/Sudoeste de Minas,Poços de Caldas,Pouso Alegre,3365.0,68.316,49.26,91.75,77622.0,2021.0,23067.46
3130002,Ibituruna,MG,Minas Gerais,Sudeste,Oeste de Minas,Oliveira,Varginha,2698.0,153.106,17.62,93.07,59365.0,2021.0,22003.34
3130051,Icaraí de Minas,MG,Minas Gerais,Sudeste,Norte de Minas,Januária,Montes Claros,10677.0,625.664,17.07,87.57,111419.0,2021.0,10435.42
3130101,Igarapé,MG,Minas Gerais,Sudeste,Metropolitana de Belo Horizonte,Belo Horizonte,Belo Horizonte,45847.0,110.942,413.25,95.21,966978.0,2021.0,21091.41
3130200,Igaratinga,MG,Minas Gerais,Sudeste,Oeste de Minas,Divinópolis,Divinópolis,10830.0,218.343,49.6,93.94,577884.0,2021.0,53359.56
3130309,Iguatama,MG,Minas Gerais,Sudeste,Oeste de Minas,Piuí,Divinópolis,6826.0,628.2,10.87,95.7,586931.0,2021.0,85984.62
3130408,Ijaci,MG,Minas Gerais,Sudeste,Campo das Vertentes,Lavras,Varginha,7003.0,105.246,66.54,94.42,494349.0,2021.0,70591.03
3130507,Ilicínea,MG,Minas Gerais,Sudeste,Sul/Sudoeste de Minas,Varginha,Varginha,12741.0,376.341,33.85,93.54,265457.0,2021.0,20834.86
3130556,Imbé de Minas,MG,Minas Gerais,Sudeste,Vale do Rio Doce,Caratinga,Ipatinga,6986.0,196.735,35.51,87.07,101196.0,2021.0,14485.54
3130606,Inconfidentes,MG,Minas Gerais,Sudeste,Sul/Sudoeste de Minas,Poços de Caldas,Pouso Alegre,7301.0,149.611,48.8,94.41,132560.0,2021.0,18156.42
3130655,Indaiabira,MG,Minas Gerais,Sudeste,Norte de Minas,Salinas,Montes Claros,6346.0,1004.149,6.32,74.21,87300.0,2021.0,13756.7
3130705,Indianópolis,MG,Minas Gerais,Sudeste,Triângulo Mineiro/Alto Paranaíba,Uberlândia,Uberlândia,6171.0,830.03,7.43,91.14,875623.0,2021.0,141893.21
3130804,Ingaí,MG,Minas Gerais,Sudeste,Campo das Vertentes,Lavras,Varginha,2580.0,305.591,8.44,93.74,115689.0,2021.0,44840.7
3130903,Inhapim,MG,Minas Gerais,Sudeste,Vale do Rio Doce,Caratinga,Ipatinga,22692.0,858.024,26.45,89.92,404766.0,2021.0,17837.39
3131000,Inhaúma,MG,Minas Gerais,Sudeste,Metropolitana de Belo Horizonte,Sete Lagoas,Belo Horizonte,6239.0,244.996,25.47,94.39,145761.0,2021.0,23362.88
3131109,Inimutaba,MG,Minas Gerais,Sudeste,Central Mineira,Curvelo,Belo Horizonte,7371.0,527.06,13.99,90.73,90714.0,2021.0,12306.88
3131158,Ipaba,MG,Minas Gerais,Sudeste,Vale do Rio Doce,Caratinga,Ipatinga,17136.0,113.246,151.32,91.6,180272.0,2021.0,10520.07
3131208,Ipanema,MG,Minas Gerais,Sudeste,Vale do Rio Doce,Aimorés,Juíz de Fora,19522.0,456.641,42.75,89.79,344482.0,2021.0,17645.84
3131307,Ipatinga,MG,Minas Gerais,Sudeste,Vale do Rio Doce,Ipatinga,Ipatinga,227731.0,164.884,1381.16,96.4,17607740.0,2021.0,77318.15
3131406,Ipiaçu,MG,Minas Gerais,Sudeste,Triângulo Mineiro/Alto Paranaíba,Ituiutaba,Uberlândia,3775.0,466.02,8.1,89.61,183043.0,2021.0,48488.21
3131505,Ipuiúna,MG,Minas Gerais,Sudeste,Sul/Sudoeste de Minas,Pouso Alegre,Pouso Alegre,9135.0,298.195,30.63,91.53,188547.0,2021.0,20640.07
3131604,Iraí de Minas,MG,Minas Gerais,Sudeste,Triângulo Mineiro/Alto Paranaíba,Patrocínio,Uberlândia,7180.0,356.264,20.15,94.22,301450.0,2021.0,41984.68
3131703,Itabira,MG,Minas Gerais,Sudeste,Metropolitana de Belo Horizonte,Itabira,Belo Horizonte,113343.0,1253.704,90.41,95.38,14971550.0,2021.0,132090.65
3131802,Itabirinha,MG,Minas Gerais,Sudeste,Vale do Rio Doce,Mantena,Governador Valadares,10362.0,209.034,49.57,87.71,136366.0,2021.0,13160.2
3131901,Itabirito,MG,Minas Gerais,Sudeste,Metropolitana de Belo Horizonte,Ouro Preto,Belo Horizonte,53365.0,544.027,98.09,96.97,13139282.0,2021.0,246215.35
3132008,Itacambira,MG,Minas Gerais,Sudeste,Norte de Minas,Grão Mogol,Montes Claros,4252.0,1788.445,2.38,88.52,61709.0,2021.0,14512.94
3132107,Itacarambi,MG,Minas Gerais,Sudeste,Norte de Minas,Januária,Montes Claros,17208.0,1225.273,14.04,85.08,226687.0,2021.0,13173.35
3132206,Itaguara,MG,Minas Gerais,Sudeste,Metropolitana de Belo Horizonte,Itaguara,Divinópolis,13846.0,410.468,33.73,94.57,402204.0,2021.0,29048.39
3132305,Itaipé,MG,Minas Gerais,Sudeste,Vale do Mucuri,Teófilo Otoni,Teófilo Otoni,10463.0,480.829,21.76,79.76,121611.0,2021.0,11622.96
3132404,Itajubá,MG,Minas Gerais,Sudeste,Sul/Sudoeste de Minas,Itajubá,Pouso Alegre,93073.0,294.835,315.68,97.29,3611716.0,2021.0,38805.2
3132503,Itamarandiba,MG,Minas Gerais,Sudeste,Jequitinhonha,Capelinha,Teófilo Otoni,32948.0,2735.573,12.04,86.11,647443.0,2021.0,19650.45
3132602,Itamarati de Minas,MG,Minas Gerais,Sudeste,Zona da Mata,Cataguases,Juíz de Fora,3690.0,94.568,39.02,93.05,67305.0,2021.0,18239.84
3132701,Itambacuri,MG,Minas Gerais,Sudeste,Vale do Rio Doce,Governador Valadares,Teófilo Otoni,21042.0,1419.209,14.83,83.8,341003.0,2021.0,16205.83
3132800,Itambé do Mato Dentro,MG,Minas Gerais,Sudeste,Metropolitana de Belo Horizonte,Conceição do Mato Dentro,Belo Horizonte,2142.0,380.34,5.63,86.33,35863.0,2021.0,16742.76
3132909,Itamogi,MG,Minas Gerais,Sudeste,Sul/Sudoeste de Minas,São Sebastião do Paraíso,Varginha,10770.0,243.714,44.19,94.27,236283.0,2021.0,21939.0
3133006,Itamonte,MG,Minas Gerais,Sudeste,Sul/Sudoeste de Minas,São Lourenço,Pouso Alegre,14786.0,431.792,34.24,96.87,1181671.0,2021.0,79918.23
3133105,Itanhandu,MG,Minas Gerais,Sudeste,Sul/Sudoeste de Minas,São Lourenço,Pouso Alegre,15236.0,143.363,106.28,96.39,470089.0,2021.0,30853.83
3133204,Itanhomi,MG,Minas Gerais,Sudeste,Vale do Rio Doce,Governador Valadares,Governador Valadares,11128.0,488.843,22.76,88.12,151256.0,2021.0,13592.38
3133303,Itaobim,MG,Minas Gerais,Sudeste,Jequitinhonha,Pedra Azul,Teófilo Otoni,19151.0,679.024,28.2,84.26,308690.0,2021.0,16118.74
3133402,Itapagipe,MG,Minas Gerais,Sudeste,Triângulo Mineiro/Alto Paranaíba,Frutal,Uberaba,13690.0,1802.438,7.6,94.39,514170.0,2021.0,37558.07
3133501,Itapecerica,MG,Minas Gerais,Sudeste,Oeste de Minas,Formiga,Divinópolis,21046.0,1040.519,20.23,93.1,628985.0,2021.0,29886.2
3133600,Itapeva,MG,Minas Gerais,Sudeste,Sul/Sudoeste de Minas,Pouso Alegre,Pouso Alegre,12692.0,177.347,71.57,94.05,849148.0,2021.0,66904.19
3133709,Itatiaiuçu,MG,Minas Gerais,Sudeste,Metropolitana de Belo Horizonte,Itaguara,Divinópolis,12966.0,295.145,43.93,94.13,6934362.0,2021.0,534811.2
3133758,Itaú de Minas,MG,Minas Gerais,Sudeste,Sul/Sudoeste de Minas,Passos,Varginha,14406.0,153.421,93.9,96.92,724062.0,2021.0,50261.14
3133808,Itaúna,MG,Minas Gerais,Sudeste,Oeste de Minas,Divinópolis,Divinópolis,97669.0,495.769,197.01,97.32,5082302.0,2021.0,52035.98
3133907,Itaverava,MG,Minas Gerais,Sudeste,Metropolitana de Belo Horizonte,Conselheiro Lafaiete,Barbacena,5642.0,284.22,19.85,87.77,71363.0,2021.0,12648.53
3134004,Itinga,MG,Minas Gerais,Sudeste,Jequitinhonha,Araçuaí,Teófilo Otoni,13745.0,1649.622,8.33,83.82,148251.0,2021.0,10785.81
3134103,Itueta,MG,Minas Gerais,Sudeste,Vale do Rio Doce,Aimorés,Governador Valadares,6055.0,452.676,13.38,88.06,122238.0,2021.0,20187.94
3134202,Ituiutaba,MG,Minas Gerais,Sudeste,Triângulo Mineiro/Alto Paranaíba,Ituiutaba,Uberlândia,102217.0,2598.046,39.34,94.1,3797167.0,2021.0,37148.1
3134301,Itumirim,MG,Minas Gerais,Sudeste,Campo das Vertentes,Lavras,Varginha,6638.0,234.802,28.27,95.0,91596.0,2021.0,13798.73
3134400,Iturama,MG,Minas Gerais,Sudeste,Triângulo Mineiro/Alto Paranaíba,Frutal,Uberaba,38295.0,1404.663,27.26,93.56,2016962.0,2021.0,52669.07
3134509,Itutinga,MG,Minas Gerais,Sudeste,Campo das Vertentes,Lavras,Varginha,4217.0,372.018,11.34,93.87,172518.0,2021.0,40910.13
3134608,Jaboticatubas,MG,Minas Gerais,Sudeste,Metropolitana de Belo Horizonte,Sete Lagoas,Belo Horizonte,20406.0,1114.972,18.3,92.9,297804.0,2021.0,14593.94
3134707,Jacinto,MG,Minas Gerais,Sudeste,Jequitinhonha,Almenara,Teófilo Otoni,11042.0,1393.609,7.92,81.4,131534.0,2021.0,11912.15
3134806,Jacuí,MG,Minas Gerais,Sudeste,Sul/Sudoeste de Minas,São Sebastião do Paraíso,Varginha,7495.0,409.229,18.31,92.09,150928.0,2021.0,20137.16
3134905,Jacutinga,MG,Minas Gerais,Sudeste,Sul/Sudoeste de Minas,Poços de Caldas,Pouso Alegre,25525.0,347.667,73.42,95.53,1143674.0,2021.0,44806.03
3135001,Jaguaraçu,MG,Minas Gerais,Sudeste,Vale do Rio Doce,Ipatinga,Ipatinga,3092.0,163.76,18.88,91.45,109803.0,2021.0,35511.97
3135050,Jaíba,MG,Minas Gerais,Sudeste,Norte de Minas,Janaúba,Montes Claros,37660.0,2635.467,14.29,87.57,849078.0,2021.0,22545.88
3135076,Jampruca,MG,Minas Gerais,Sudeste,Vale do Rio Doce,Governador Valadares,Governador Valadares,4296.0,517.095,8.31,82.65,82526.0,2021.0,19209.96
3135100,Janaúba,MG,Minas Gerais,Sudeste,Norte de Minas,Janaúba,Montes Claros,70699.0,2181.319,32.41,90.65,1603605.0,2021.0,22682.15
3135209,Januária,MG,Minas Gerais,Sudeste,Norte de Minas,Januária,Montes Claros,65150.0,6661.588,9.78,88.39,824553.0,2021.0,12656.22
3135308,Japaraíba,MG,Minas Gerais,Sudeste,Central Mineira,Bom Despacho,Divinópolis,4506.0,172.141,26.18,95.28,101345.0,2021.0,22491.12
3135357,Japonvar,MG,Minas Gerais,Sudeste,Norte de Minas,Montes Claros,Montes Claros,8127.0,375.181,21.66,82.73,77418.0,2021.0,9526.02
3135407,Jeceaba,MG,Minas Gerais,Sudeste,Metropolitana de Belo Horizonte,Itaguara,Barbacena,6197.0,236.25,26.23,93.81,1952716.0,2021.0,315106.66
3135456,Jenipapo de Minas,MG,Minas Gerais,Sudeste,Jequitinhonha,Capelinha,Teófilo Otoni,6100.0,284.453,21.44,81.67,79486.0,2021.0,13030.49
3135506,Jequeri,MG,Minas Gerais,Sudeste,Zona da Mata,Ponte Nova,Juíz de Fora,12419.0,547.897,22.67,87.97,193976.0,2021.0,15619.29
3135605,Jequitaí,MG,Minas Gerais,Sudeste,Norte de Minas,Pirapora,Montes Claros,6484.0,1268.443,5.11,86.04,130436.0,2021.0,20116.59
3135704,Jequitibá,MG,Minas Gerais,Sudeste,Metropolitana de Belo Horizonte,Sete Lagoas,Belo Horizonte,5883.0,445.03,13.22,92.18,126108.0,2021.0,21436.0
3135803,Jequitinhonha,MG,Minas Gerais,Sudeste,Jequitinhonha,Almenara,Teófilo Otoni,24007.0,3514.216,6.83,82.59,274885.0,2021.0,11450.2
3135902,Jesuânia,MG,Minas Gerais,Sudeste,Sul/Sudoeste de Minas,São Lourenço,Pouso Alegre,5138.0,153.852,33.4,90.89,104192.0,2021.0,20278.71
3136009,Joaíma,MG,Minas Gerais,Sudeste,Jequitinhonha,Almenara,Teófilo Otoni,13888.0,1664.19,8.35,78.9,162645.0,2021.0,11711.19
3136108,Joanésia,MG,Minas Gerais,Sudeste,Vale do Rio Doce,Ipatinga,Ipatinga,4329.0,233.292,18.56,87.68,110201.0,2021.0,25456.46
3136207,João Monlevade,MG,Minas Gerais,Sudeste,Metropolitana de Belo Horizonte,Itabira,Ipatinga,80187.0,99.158,808.68,97.14,4852510.0,2021.0,60514.92
3136306,João Pinheiro,MG,Minas Gerais,Sudeste,Noroeste de Minas,Paracatu,Patos de Minas,46801.0,10727.097,4.36,92.78,2156345.0,2021.0,46074.76
3136405,Joaquim Felício,MG,Minas Gerais,Sudeste,Central Mineira,Curvelo,Montes Claros,3854.0,790.935,4.87,86.91,72279.0,2021.0,18754.28
3136504,Jordânia,MG,Minas Gerais,Sudeste,Jequitinhonha,Almenara,Teófilo Otoni,10304.0,546.705,18.85,84.0,107127.0,2021.0,10396.64
3136520,José Gonçalves de Minas,MG,Minas Gerais,Sudeste,Jequitinhonha,Capelinha,Teófilo Otoni,3969.0,381.332,10.41,86.89,51739.0,2021.0,13035.78
3136553,José Raydan,MG,Minas Gerais,Sudeste,Vale do Rio Doce,Peçanha,Governador Valadares,4268.0,180.822,23.6,85.43,72330.0,2021.0,16947.05
3136579,Josenópolis,MG,Minas Gerais,Sudeste,Norte de Minas,Grão Mogol,Montes Claros,3630.0,541.393,6.7,81.69,58017.0,2021.0,15982.64
3136603,Nova União,MG,Minas Gerais,Sudeste,Metropolitana de Belo Horizonte,Itabira,Belo Horizonte,5909.0,172.131,34.33,90.68,107483.0,2021.0,18189.71
3136652,Juatuba,MG,Minas Gerais,Sudeste,Metropolitana de Belo Horizonte,Belo Horizonte,Belo Horizonte,30716.0,97.017,316.6,94.9,1436347.0,2021.0,46762.18
3136702,Juiz de Fora,MG,Minas Gerais,Sudeste,Zona da Mata,Juiz de Fora,Juíz de Fora,540756.0,1435.749,376.64,97.77,20281698.0,2021.0,37506.19
3136801,Juramento,MG,Minas Gerais,Sudeste,Norte de Minas,Montes Claros,Montes Claros,3768.0,431.63,8.73,87.97,51591.0,2021.0,13691.88
3136900,Juruaia,MG,Minas Gerais,Sudeste,Sul/Sudoeste de Minas,São Sebastião do Paraíso,Varginha,11084.0,220.353,50.3,95.37,274079.0,2021.0,24727.44
3136959,Juvenília,MG,Minas Gerais,Sudeste,Norte de Minas,Januária,Montes Claros,5789.0,1064.692,5.44,84.58,65619.0,2021.0,11335.12
3137007,Ladainha,MG,Minas Gerais,Sudeste,Vale do Mucuri,Teófilo Otoni,Teófilo Otoni,14383.0,866.29,16.6,78.08,147335.0,2021.0,10243.69
3137106,Lagamar,MG,Minas Gerais,Sudeste,Noroeste de Minas,Paracatu,Patos de Minas,6631.0,1474.562,4.5,91.76,242478.0,2021.0,36567.34
3137205,Lagoa da Prata,MG,Minas Gerais,Sudeste,Central Mineira,Bom Despacho,Divinópolis,51412.0,439.984,116.85,95.42,1984774.0,2021.0,38605.27
3137304,Lagoa dos Patos,MG,Minas Gerais,Sudeste,Norte de Minas,Pirapora,Montes Claros,3313.0,600.547,5.52,87.63,59595.0,2021.0,17988.23
3137403,Lagoa Dourada,MG,Minas Gerais,Sudeste,Campo das Vertentes,São João Del Rei,Barbacena,12769.0,476.693,26.79,95.29,345374.0,2021.0,27047.85
3137502,Lagoa Formosa,MG,Minas Gerais,Sudeste,Triângulo Mineiro/Alto Paranaíba,Patos de Minas,Patos de Minas,18904.0,840.92,22.48,93.97,565539.0,2021.0,29916.37
3137536,Lagoa Grande,MG,Minas Gerais,Sudeste,Noroeste de Minas,Paracatu,Patos de Minas,8969.0,1236.301,7.25,91.7,292472.0,2021.0,32609.21
3137601,Lagoa Santa,MG,Minas Gerais,Sudeste,Metropolitana de Belo Horizonte,Belo Horizonte,Belo Horizonte,75145.0,229.409,327.56,97.57,2187875.0,2021.0,29115.38
3137700,Lajinha,MG,Minas Gerais,Sudeste,Zona da Mata,Manhuaçu,Juíz de Fora,20835.0,431.92,48.24,89.09,399767.0,2021.0,19187.28
3137809,Lambari,MG,Minas Gerais,Sudeste,Sul/Sudoeste de Minas,São Lourenço,Pouso Alegre,20414.0,213.11,95.79,95.75,405229.0,2021.0,19850.54
3137908,Lamim,MG,Minas Gerais,Sudeste,Zona da Mata,Viçosa,Barbacena,3184.0,118.602,26.85,91.97,52121.0,2021.0,16369.66
3138005,Laranjal,MG,Minas Gerais,Sudeste,Zona da Mata,Cataguases,Juíz de Fora,5963.0,204.882,29.1,96.19,95736.0,2021.0,16055.01
3138104,Lassance,MG,Minas Gerais,Sudeste,Norte de Minas,Pirapora,Montes Claros,7124.0,3204.217,2.22,89.48,192531.0,2021.0,27025.69
3138203,Lavras,MG,Minas Gerais,Sudeste,Campo das Vertentes,Lavras,Varginha,104761.0,564.744,185.5,97.46,2941308.0,2021.0,28076.36
3138302,Leandro Ferreira,MG,Minas Gerais,Sudeste,Central Mineira,Bom Despacho,Divinópolis,3199.0,352.005,9.09,90.08,55488.0,2021.0,17345.42
3138351,Leme do Prado,MG,Minas Gerais,Sudeste,Jequitinhonha,Capelinha,Teófilo Otoni,4341.0,280.036,15.5,87.1,66185.0,2021.0,15246.49
3138401,Leopoldina,MG,Minas Gerais,Sudeste,Zona da Mata,Cataguases,Juíz de Fora,51145.0,943.077,54.23,95.16,1112639.0,2021.0,21754.6
3138500,Liberdade,MG,Minas Gerais,Sudeste,Sul/Sudoeste de Minas,Andrelândia,Juíz de Fora,4737.0,401.337,11.8,89.22,107623.0,2021.0,22719.65
3138609,Lima Duarte,MG,Minas Gerais,Sudeste,Zona da Mata,Juiz de Fora,Juíz de Fora,17221.0,848.564,20.29,93.33,339219.0,2021.0,19697.99
3138625,Limeira do Oeste,MG,Minas Gerais,Sudeste,Triângulo Mineiro/Alto Paranaíba,Frutal,Uberaba,8687.0,1317.153,6.6,93.97,462720.0,2021.0,53265.8
3138658,Lontra,MG,Minas Gerais,Sudeste,Norte de Minas,Montes Claros,Montes Claros,8790.0,258.925,33.95,83.92,93829.0,2021.0,10674.52
3138674,Luisburgo,MG,Minas Gerais,Sudeste,Zona da Mata,Manhuaçu,Juíz de Fora,6956.0,145.418,47.83,89.84,132765.0,2021.0,19086.4
3138682,Luislândia,MG,Minas Gerais,Sudeste,Norte de Minas,Montes Claros,Montes Claros,6210.0,411.714,15.08,87.47,65469.0,2021.0,10542.51
3138708,Luminárias,MG,Minas Gerais,Sudeste,Campo das Vertentes,Lavras,Varginha,5586.0,500.143,11.17,93.76,149049.0,2021.0,26682.6
3138807,Luz,MG,Minas Gerais,Sudeste,Central Mineira,Bom Despacho,Divinópolis,17875.0,1171.659,15.26,94.52,657535.0,2021.0,36785.17
3138906,Machacalis,MG,Minas Gerais,Sudeste,Vale do Mucuri,Nanuque,Teófilo Otoni,6487.0,332.378,19.52,84.43,112414.0,2021.0,17329.12
3139003,Machado,MG,Minas Gerais,Sudeste,Sul/Sudoeste de Minas,Alfenas,Varginha,37684.0,585.958,64.31,94.34,1373896.0,2021.0,36458.34
3139102,Madre de Deus de Minas,MG,Minas Gerais,Sudeste,Campo das Vertentes,São João Del Rei,Barbacena,5191.0,492.909,10.53,92.73,301965.0,2021.0,58170.87
3139201,Malacacheta,MG,Minas Gerais,Sudeste,Vale do Mucuri,Teófilo Otoni,Teófilo Otoni,17516.0,727.886,24.06,82.38,235786.0,2021.0,13461.18
3139250,Mamonas,MG,Minas Gerais,Sudeste,Norte de Minas,Janaúba,Montes Claros,5997.0,284.365,21.09,77.74,60080.0,2021.0,10018.34
3139300,Manga,MG,Minas Gerais,Sudeste,Norte de Minas,Januária,Montes Claros,18886.0,1950.184,9.68,83.84,243336.0,2021.0,12884.46
3139409,Manhuaçu,MG,Minas Gerais,Sudeste,Zona da Mata,Manhuaçu,Juíz de Fora,91886.0,628.318,146.24,94.88,3277778.0,2021.0,35672.22
3139508,Manhumirim,MG,Minas Gerais,Sudeste,Zona da Mata,Manhuaçu,Juíz de Fora,20613.0,182.9,112.7,91.88,563358.0,2021.0,27330.23
3139607,Mantena,MG,Minas Gerais,Sudeste,Vale do Rio Doce,Mantena,Governador Valadares,26535.0,685.208,38.73,88.48,476839.0,2021.0,17970.19
3139706,Maravilhas,MG,Minas Gerais,Sudeste,Metropolitana de Belo Horizonte,Sete Lagoas,Divinópolis,7333.0,261.604,28.03,94.25,233073.0,2021.0,31784.13
3139805,Mar de Espanha,MG,Minas Gerais,Sudeste,Zona da Mata,Juiz de Fora,Juíz de Fora,12721.0,371.6,34.23,94.17,227482.0,2021.0,17882.4
3139904,Maria da Fé,MG,Minas Gerais,Sudeste,Sul/Sudoeste de Minas,Itajubá,Pouso Alegre,14247.0,202.898,70.22,94.15,203119.0,2021.0,14256.97
3140001,Mariana,MG,Minas Gerais,Sudeste,Metropolitana de Belo Horizonte,Ouro Preto,Belo Horizonte,61387.0,1194.208,51.4,95.47,7367033.0,2021.0,120009.66
3140100,Marilac,MG,Minas Gerais,Sudeste,Vale do Rio Doce,Governador Valadares,Governador Valadares,4224.0,158.809,26.6,86.95,57772.0,2021.0,13677.08
3140159,Mário Campos,MG,Minas Gerais,Sudeste,Metropolitana de Belo Horizonte,Belo Horizonte,Belo Horizonte,15900.0,35.196,451.76,95.22,197957.0,2021.0,12450.13
3140209,Maripá de Minas,MG,Minas Gerais,Sudeste,Zona da Mata,Juiz de Fora,Juíz de Fora,3387.0,77.338,43.79,91.17,74902.0,2021.0,22114.56
3140308,Marliéria,MG,Minas Gerais,Sudeste,Vale do Rio Doce,Ipatinga,Ipatinga,4592.0,545.813,8.41,90.62,60417.0,2021.0,13157.01
3140407,Marmelópolis,MG,Minas Gerais,Sudeste,Sul/Sudoeste de Minas,Itajubá,Pouso Alegre,3200.0,107.902,29.66,93.02,42790.0,2021.0,13371.88
3140506,Martinho Campos,MG,Minas Gerais,Sudeste,Central Mineira,Bom Despacho,Divinópolis,14003.0,1058.418,13.23,93.54,474367.0,2021.0,33876.1
3140530,Martins Soares,MG,Minas Gerais,Sudeste,Zona da Mata,Manhuaçu,Juíz de Fora,8396.0,113.268,74.13,88.98,215621.0,2021.0,25681.4
3140555,Mata Verde,MG,Minas Gerais,Sudeste,Jequitinhonha,Almenara,Teófilo Otoni,9112.0,227.539,40.05,81.1,91547.0,2021.0,10046.86
3140605,Materlândia,MG,Minas Gerais,Sudeste,Vale do Rio Doce,Guanhães,Governador Valadares,3963.0,280.53,14.13,82.41,60526.0,2021.0,15272.77
3140704,Mateus Leme,MG,Minas Gerais,Sudeste,Metropolitana de Belo Horizonte,Belo Horizonte,Belo Horizonte,37841.0,301.383,125.56,94.57,1078989.0,2021.0,28513.75
3140803,Matias Barbosa,MG,Minas Gerais,Sudeste,Zona da Mata,Juiz de Fora,Juíz de Fora,14121.0,157.066,89.9,95.52,627997.0,2021.0,44472.56
3140852,Matias Cardoso,MG,Minas Gerais,Sudeste,Norte de Minas,Januária,Montes Claros,8895.0,1940.598,4.58,80.55,158429.0,2021.0,17811.02
3140902,Matipó,MG,Minas Gerais,Sudeste,Zona da Mata,Manhuaçu,Juíz de Fora,18552.0,266.99,69.49,87.97,425174.0,2021.0,22917.96
3141009,Mato Verde,MG,Minas Gerais,Sudeste,Norte de Minas,Janaúba,Montes Claros,12038.0,472.245,25.49,82.79,157530.0,2021.0,13086.06
3141108,Matozinhos,MG,Minas Gerais,Sudeste,Metropolitana de Belo Horizonte,Sete Lagoas,Belo Horizonte,37618.0,252.453,149.01,95.95,1505458.0,2021.0,40019.62
3141207,Matutina,MG,Minas Gerais,Sudeste,Triângulo Mineiro/Alto Paranaíba,Patos de Minas,Patos de Minas,3814.0,260.957,14.62,89.62,97184.0,2021.0,25480.86
3141306,Medeiros,MG,Minas Gerais,Sudeste,Oeste de Minas,Piuí,Divinópolis,3900.0,946.437,4.12,95.07,247288.0,2021.0,63407.18
3141405,Medina,MG,Minas Gerais,Sudeste,Jequitinhonha,Pedra Azul,Teófilo Otoni,20156.0,1435.903,14.04,84.6,252979.0,2021.0,12551.05
3141504,Mendes Pimentel,MG,Minas Gerais,Sudeste,Vale do Rio Doce,Mantena,Governador Valadares,5606.0,305.507,18.35,83.21,77407.0,2021.0,13807.88
3141603,Mercês,MG,Minas Gerais,Sudeste,Zona da Mata,Ubá,Juíz de Fora,10373.0,348.271,29.78,89.96,151705.0,2021.0,14624.99
3141702,Mesquita,MG,Minas Gerais,Sudeste,Vale do Rio Doce,Ipatinga,Ipatinga,5040.0,274.938,18.33,87.82,59433.0,2021.0,11792.26
3141801,Minas Novas,MG,Minas Gerais,Sudeste,Jequitinhonha,Capelinha,Teófilo Otoni,24405.0,1812.398,13.47,81.23,350038.0,2021.0,14342.88
3141900,Minduri,MG,Minas Gerais,Sudeste,Sul/Sudoeste de Minas,Andrelândia,Pouso Alegre,3741.0,219.774,17.02,93.31,163760.0,2021.0,43774.39
3142007,Mirabela,MG,Minas Gerais,Sudeste,Norte de Minas,Montes Claros,Montes Claros,13651.0,723.278,18.87,87.49,162987.0,2021.0,11939.56
3142106,Miradouro,MG,Minas Gerais,Sudeste,Zona da Mata,Muriaé,Juíz de Fora,8968.0,301.672,29.73,88.18,173968.0,2021.0,19398.75
3142205,Miraí,MG,Minas Gerais,Sudeste,Zona da Mata,Muriaé,Juíz de Fora,13633.0,320.695,42.51,94.17,333953.0,2021.0,24495.93
3142254,Miravânia,MG,Minas Gerais,Sudeste,Norte de Minas,Januária,Montes Claros,3985.0,602.128,6.62,79.59,46796.0,2021.0,11743.04
3142304,Moeda,MG,Minas Gerais,Sudeste,Metropolitana de Belo Horizonte,Itaguara,Belo Horizonte,5125.0,155.112,33.04,94.07,76859.0,2021.0,14996.88
3142403,Moema,MG,Minas Gerais,Sudeste,Central Mineira,Bom Despacho,Divinópolis,7548.0,202.705,37.24,94.75,152626.0,2021.0,20220.72
3142502,Monjolos,MG,Minas Gerais,Sudeste,Central Mineira,Curvelo,Belo Horizonte,2169.0,650.911,3.33,86.54,46801.0,2021.0,21577.22
3142601,Monsenhor Paulo,MG,Minas Gerais,Sudeste,Sul/Sudoeste de Minas,Varginha,Varginha,8340.0,216.54,38.51,91.76,228126.0,2021.0,27353.24
3142700,Montalvânia,MG,Minas Gerais,Sudeste,Norte de Minas,Januária,Montes Claros,14060.0,1503.755,9.35,82.86,165406.0,2021.0,11764.3
3142809,Monte Alegre de Minas,MG,Minas Gerais,Sudeste,Triângulo Mineiro/Alto Paranaíba,Uberlândia,Uberlândia,20170.0,2595.957,7.77,91.77,758376.0,2021.0,37599.21
3142908,Monte Azul,MG,Minas Gerais,Sudeste,Norte de Minas,Janaúba,Montes Claros,20328.0,1001.296,20.3,81.85,256072.0,2021.0,12597.01
3143005,Monte Belo,MG,Minas Gerais,Sudeste,Sul/Sudoeste de Minas,São Sebastião do Paraíso,Varginha,13046.0,421.283,30.97,93.1,366218.0,2021.0,28071.29
3143104,Monte Carmelo,MG,Minas Gerais,Sudeste,Triângulo Mineiro/Alto Paranaíba,Patrocínio,Uberlândia,47692.0,1343.035,35.51,93.74,1559202.0,2021.0,32693.16
3143153,Monte Formoso,MG,Minas Gerais,Sudeste,Jequitinhonha,Almenara,Teófilo Otoni,4381.0,385.553,11.36,79.84,44093.0,2021.0,10064.6
3143203,Monte Santo de Minas,MG,Minas Gerais,Sudeste,Sul/Sudoeste de Minas,São Sebastião do Paraíso,Varginha,20890.0,594.632,35.13,92.05,483172.0,2021.0,23129.34
3143302,Montes Claros,MG,Minas Gerais,Sudeste,Norte de Minas,Montes Claros,Montes Claros,414240.0,3589.811,115.39,95.67,10799486.0,2021.0,26070.6
3143401,Monte Sião,MG,Minas Gerais,Sudeste,Sul/Sudoeste de Minas,Poços de Caldas,Pouso Alegre,24089.0,291.594,82.61,95.35,605892.0,2021.0,25152.23
3143450,Montezuma,MG,Minas Gerais,Sudeste,Norte de Minas,Salinas,Montes Claros,6888.0,1130.419,6.09,82.19,91046.0,2021.0,13218.06
3143500,Morada Nova de Minas,MG,Minas Gerais,Sudeste,Central Mineira,Três Marias,Divinópolis,9067.0,2084.275,4.35,94.04,541502.0,2021.0,59722.29
3143609,Morro da Garça,MG,Minas Gerais,Sudeste,Central Mineira,Curvelo,Belo Horizonte,2411.0,414.772,5.81,89.36,51052.0,2021.0,21174.62
3143708,Morro do Pilar,MG,Minas Gerais,Sudeste,Metropolitana de Belo Horizonte,Conceição do Mato Dentro,Belo Horizonte,3133.0,477.548,6.56,84.61,44097.0,2021.0,14075.01
3143807,Munhoz,MG,Minas Gerais,Sudeste,Sul/Sudoeste de Minas,Pouso Alegre,Pouso Alegre,7451.0,191.564,38.9,92.23,128215.0,2021.0,17207.76
3143906,Muriaé,MG,Minas Gerais,Sudeste,Zona da Mata,Muriaé,Juíz de Fora,104108.0,841.693,123.69,95.14,2654177.0,2021.0,25494.46
3144003,Mutum,MG,Minas Gerais,Sudeste,Vale do Rio Doce,Aimorés,Juíz de Fora,27635.0,1250.824,22.09,87.75,508860.0,2021.0,18413.61
3144102,Muzambinho,MG,Minas Gerais,Sudeste,Sul/Sudoeste de Minas,São Sebastião do Paraíso,Varginha,21891.0,409.948,53.4,95.81,535415.0,2021.0,24458.22
3144201,Nacip Raydan,MG,Minas Gerais,Sudeste,Vale do Rio Doce,Governador Valadares,Governador Valadares,2459.0,233.493,10.53,82.17,37373.0,2021.0,15198.45
3144300,Nanuque,MG,Minas Gerais,Sudeste,Vale do Mucuri,Nanuque,Teófilo Otoni,35038.0,1518.166,23.08,89.18,808450.0,2021.0,23073.52
3144359,Naque,MG,Minas Gerais,Sudeste,Vale do Rio Doce,Ipatinga,Ipatinga,6303.0,127.173,49.56,89.97,90147.0,2021.0,14302.24
3144375,Natalândia,MG,Minas Gerais,Sudeste,Noroeste de Minas,Unaí,Patos de Minas,3520.0,468.66,7.51,90.95,75163.0,2021.0,21353.12
3144409,Natércia,MG,Minas Gerais,Sudeste,Sul/Sudoeste de Minas,Santa Rita do Sapucaí,Pouso Alegre,4691.0,188.719,24.86,92.88,115392.0,2021.0,24598.59
3144508,Nazareno,MG,Minas Gerais,Sudeste,Campo das Vertentes,São João Del Rei,Barbacena,8179.0,341.453,23.95,94.54,668804.0,2021.0,81770.88
3144607,Nepomuceno,MG,Minas Gerais,Sudeste,Campo das Vertentes,Lavras,Varginha,25018.0,582.553,42.95,92.37,618031.0,2021.0,24703.45
3144656,Ninheira,MG,Minas Gerais,Sudeste,Norte de Minas,Salinas,Montes Claros,10588.0,1108.255,9.55,77.43,126349.0,2021.0,11933.23
3144672,Nova Belém,MG,Minas Gerais,Sudeste,Vale do Rio Doce,Mantena,Governador Valadares,3151.0,146.775,21.47,83.04,83434.0,2021.0,26478.58
3144706,Nova Era,MG,Minas Gerais,Sudeste,Metropolitana de Belo Horizonte,Itabira,Ipatinga,17438.0,361.926,48.18,94.11,432758.0,2021.0,24816.95
3144805,Nova Lima,MG,Minas Gerais,Sudeste,Metropolitana de Belo Horizonte,Belo Horizonte,Belo Horizonte,111697.0,429.313,260.18,97.95,21040766.0,2021.0,188373.6
3144904,Nova Módica,MG,Minas Gerais,Sudeste,Vale do Rio Doce,Governador Valadares,Teófilo Otoni,3663.0,375.973,9.74,83.1,58649.0,2021.0,16011.19
3145000,Nova Ponte,MG,Minas Gerais,Sudeste,Triângulo Mineiro/Alto Paranaíba,Araxá,Uberaba,14598.0,1111.011,13.14,94.29,1115949.0,2021.0,76445.33
3145059,Nova Porteirinha,MG,Minas Gerais,Sudeste,Norte de Minas,Janaúba,Montes Claros,6706.0,120.943,55.45,85.25,116346.0,2021.0,17349.54
3145109,Nova Resende,MG,Minas Gerais,Sudeste,Sul/Sudoeste de Minas,São Sebastião do Paraíso,Varginha,16387.0,390.152,42.0,93.59,385622.0,2021.0,23532.19
3145208,Nova Serrana,MG,Minas Gerais,Sudeste,Oeste de Minas,Divinópolis,Divinópolis,105552.0,282.472,373.67,96.25,2634272.0,2021.0,24957.1
3145307,Novo Cruzeiro,MG,Minas Gerais,Sudeste,Jequitinhonha,Araçuaí,Teófilo Otoni,26975.0,1702.981,15.84,78.88,330390.0,2021.0,12248.01
3145356,Novo Oriente de Minas,MG,Minas Gerais,Sudeste,Vale do Mucuri,Teófilo Otoni,Teófilo Otoni,10275.0,755.151,13.61,77.43,121560.0,2021.0,11830.66
3145372,Novorizonte,MG,Minas Gerais,Sudeste,Norte de Minas,Salinas,Montes Claros,4571.0,271.61,16.83,85.87,70395.0,2021.0,15400.35
3145406,Olaria,MG,Minas Gerais,Sudeste,Zona da Mata,Juiz de Fora,Juíz de Fora,1945.0,178.242,10.91,89.34,31904.0,2021.0,16403.08
3145455,Olhos-d'Água,MG,Minas Gerais,Sudeste,Norte de Minas,Bocaiúva,Montes Claros,5385.0,2092.078,2.57,87.91,211917.0,2021.0,39353.2
3145505,Olímpio Noronha,MG,Minas Gerais,Sudeste,Sul/Sudoeste de Minas,São Lourenço,Pouso Alegre,2555.0,54.633,46.77,91.3,43924.0,2021.0,17191.39
3145604,Oliveira,MG,Minas Gerais,Sudeste,Oeste de Minas,Oliveira,Divinópolis,39262.0,897.294,43.76,95.41,1108063.0,2021.0,28222.28
3145703,Oliveira Fortes,MG,Minas Gerais,Sudeste,Zona da Mata,Juiz de Fora,Juíz de Fora,2027.0,111.13,18.24,87.62,40519.0,2021.0,19989.64
3145802,Onça de Pitangui,MG,Minas Gerais,Sudeste,Metropolitana de Belo Horizonte,Pará de Minas,Divinópolis,2969.0,246.976,12.02,90.07,64913.0,2021.0,21863.59
3145851,Oratórios,MG,Minas Gerais,Sudeste,Zona da Mata,Ponte Nova,Juíz de Fora,4917.0,89.068,55.21,88.61,70841.0,2021.0,14407.36
3145877,Orizânia,MG,Minas Gerais,Sudeste,Zona da Mata,Muriaé,Juíz de Fora,8437.0,121.8,69.27,88.96,122068.0,2021.0,14468.18
3145901,Ouro Branco,MG,Minas Gerais,Sudeste,Metropolitana de Belo Horizonte,Conselheiro Lafaiete,Barbacena,38724.0,258.726,149.67,96.45,5276139.0,2021.0,136249.85
3146008,Ouro Fino,MG,Minas Gerais,Sudeste,Sul/Sudoeste de Minas,Poços de Caldas,Pouso Alegre,32094.0,533.714,60.13,94.18,934049.0,2021.0,29103.54
3146107,Ouro Preto,MG,Minas Gerais,Sudeste,Metropolitana de Belo Horizonte,Ouro Preto,Belo Horizonte,74821.0,1245.865,60.06,96.35,9518797.0,2021.0,127220.93
3146206,Ouro Verde de Minas,MG,Minas Gerais,Sudeste,Vale do Mucuri,Teófilo Otoni,Teófilo Otoni,5757.0,175.482,32.81,83.86,67792.0,2021.0,11775.58
3146255,Padre Carvalho,MG,Minas Gerais,Sudeste,Norte de Minas,Grão Mogol,Montes Claros,5058.0,446.275,11.33,79.9,58183.0,2021.0,11503.16
3146305,Padre Paraíso,MG,Minas Gerais,Sudeste,Jequitinhonha,Araçuaí,Teófilo Otoni,17334.0,544.375,31.84,83.85,213888.0,2021.0,12339.22
3146404,Paineiras,MG,Minas Gerais,Sudeste,Central Mineira,Três Marias,Divinópolis,4224.0,637.309,6.63,93.23,82804.0,2021.0,19603.22
3146503,Pains,MG,Minas Gerais,Sudeste,Oeste de Minas,Formiga,Divinópolis,8142.0,421.862,19.3,95.63,531120.0,2021.0,65232.13
3146552,Pai Pedro,MG,Minas Gerais,Sudeste,Norte de Minas,Janaúba,Montes Claros,5551.0,839.805,6.61,76.46,58642.0,2021.0,10564.22
3146602,Paiva,MG,Minas Gerais,Sudeste,Zona da Mata,Juiz de Fora,Juíz de Fora,1474.0,58.419,25.23,91.87,27292.0,2021.0,18515.6
3146701,Palma,MG,Minas Gerais,Sudeste,Zona da Mata,Cataguases,Juíz de Fora,5707.0,316.476,18.03,91.6,103636.0,2021.0,18159.45
3146750,Palmópolis,MG,Minas Gerais,Sudeste,Jequitinhonha,Almenara,Teófilo Otoni,6301.0,433.154,14.55,78.34,63837.0,2021.0,10131.25
3146909,Papagaios,MG,Minas Gerais,Sudeste,Metropolitana de Belo Horizonte,Sete Lagoas,Divinópolis,13920.0,553.577,25.15,93.33,374384.0,2021.0,26895.4
3147006,Paracatu,MG,Minas Gerais,Sudeste,Noroeste de Minas,Paracatu,Patos de Minas,94023.0,8231.029,11.42,95.24,7198751.0,2021.0,76563.72
3147105,Pará de Minas,MG,Minas Gerais,Sudeste,Metropolitana de Belo Horizonte,Pará de Minas,Divinópolis,97139.0,551.247,176.22,96.85,4024574.0,2021.0,41431.08
3147204,Paraguaçu,MG,Minas Gerais,Sudeste,Sul/Sudoeste de Minas,Alfenas,Varginha,21723.0,424.296,51.2,94.72,650844.0,2021.0,29961.06
3147303,Paraisópolis,MG,Minas Gerais,Sudeste,Sul/Sudoeste de Minas,Itajubá,Pouso Alegre,20445.0,331.238,61.72,94.82,592506.0,2021.0,28980.48
3147402,Paraopeba,MG,Minas Gerais,Sudeste,Metropolitana de Belo Horizonte,Sete Lagoas,Belo Horizonte,24107.0,625.623,38.53,95.24,918655.0,2021.0,38107.4
3147501,Passabém,MG,Minas Gerais,Sudeste,Metropolitana de Belo Horizonte,Conceição do Mato Dentro,Belo Horizonte,1600.0,94.183,16.99,82.72,23588.0,2021.0,14742.5
3147600,Passa Quatro,MG,Minas Gerais,Sudeste,Sul/Sudoeste de Minas,São Lourenço,Pouso Alegre,15515.0,277.221,55.97,96.11,471565.0,2021.0,30394.13
3147709,Passa Tempo,MG,Minas Gerais,Sudeste,Oeste de Minas,Oliveira,Divinópolis,8473.0,429.172,19.74,94.65,481059.0,2021.0,56775.52
3147808,Passa Vinte,MG,Minas Gerais,Sudeste,Sul/Sudoeste de Minas,Andrelândia,Juíz de Fora,2233.0,246.565,9.06,91.7,42075.0,2021.0,18842.36
3147907,Passos,MG,Minas Gerais,Sudeste,Sul/Sudoeste de Minas,Passos,Varginha,111939.0,1338.07,83.66,96.1,3023766.0,2021.0,27012.62
3147956,Patis,MG,Minas Gerais,Sudeste,Norte de Minas,Montes Claros,Montes Claros,4837.0,444.196,10.89,82.45,55025.0,2021.0,11375.85
3148004,Patos de Minas,MG,Minas Gerais,Sudeste,Triângulo Mineiro/Alto Paranaíba,Patos de Minas,Patos de Minas,159235.0,3190.456,49.91,96.65,6146247.0,2021.0,38598.59
3148103,Patrocínio,MG,Minas Gerais,Sudeste,Triângulo Mineiro/Alto Paranaíba,Patrocínio,Patos de Minas,89826.0,2874.344,31.25,94.83,3679638.0,2021.0,40964.06
3148202,Patrocínio do Muriaé,MG,Minas Gerais,Sudeste,Zona da Mata,Muriaé,Juíz de Fora,5576.0,108.246,51.51,93.6,116017.0,2021.0,20806.49
3148301,Paula Cândido,MG,Minas Gerais,Sudeste,Zona da Mata,Viçosa,Juíz de Fora,8659.0,268.321,32.27,91.79,136790.0,2021.0,15797.44
3148400,Paulistas,MG,Minas Gerais,Sudeste,Vale do Rio Doce,Guanhães,Governador Valadares,4389.0,220.564,19.9,86.91,67346.0,2021.0,15344.27
3148509,Pavão,MG,Minas Gerais,Sudeste,Vale do Mucuri,Teófilo Otoni,Teófilo Otoni,8047.0,601.19,13.39,80.98,93054.0,2021.0,11563.81
3148608,Peçanha,MG,Minas Gerais,Sudeste,Vale do Rio Doce,Peçanha,Governador Valadares,17446.0,996.646,17.5,84.99,270118.0,2021.0,15483.09
3148707,Pedra Azul,MG,Minas Gerais,Sudeste,Jequitinhonha,Pedra Azul,Teófilo Otoni,24410.0,1594.651,15.31,86.14,401335.0,2021.0,16441.42
3148756,Pedra Bonita,MG,Minas Gerais,Sudeste,Zona da Mata,Manhuaçu,Juíz de Fora,7320.0,173.928,42.09,88.84,96488.0,2021.0,13181.42
3148806,Pedra do Anta,MG,Minas Gerais,Sudeste,Zona da Mata,Viçosa,Juíz de Fora,3311.0,173.168,19.12,86.29,57703.0,2021.0,17427.67
3148905,Pedra do Indaiá,MG,Minas Gerais,Sudeste,Oeste de Minas,Formiga,Divinópolis,4112.0,347.92,11.82,93.27,116112.0,2021.0,28237.35
3149002,Pedra Dourada,MG,Minas Gerais,Sudeste,Zona da Mata,Muriaé,Juíz de Fora,2757.0,69.99,39.39,91.29,42273.0,2021.0,15332.97
3149101,Pedralva,MG,Minas Gerais,Sudeste,Sul/Sudoeste de Minas,Santa Rita do Sapucaí,Pouso Alegre,10760.0,217.989,49.36,92.52,182673.0,2021.0,16977.04
3149150,Pedras de Maria da Cruz,MG,Minas Gerais,Sudeste,Norte de Minas,Januária,Montes Claros,10433.0,1525.648,6.84,81.75,109624.0,2021.0,10507.43
3149200,Pedrinópolis,MG,Minas Gerais,Sudeste,Triângulo Mineiro/Alto Paranaíba,Araxá,Uberaba,3344.0,357.891,9.34,94.59,204095.0,2021.0,61033.19
3149309,Pedro Leopoldo,MG,Minas Gerais,Sudeste,Metropolitana de Belo Horizonte,Belo Horizonte,Belo Horizonte,62580.0,292.831,213.71,96.37,1938134.0,2021.0,30970.5
3149408,Pedro Teixeira,MG,Minas Gerais,Sudeste,Zona da Mata,Juiz de Fora,Juíz de Fora,1810.0,112.959,16.02,91.89,30259.0,2021.0,16717.68
3149507,Pequeri,MG,Minas Gerais,Sudeste,Zona da Mata,Juiz de Fora,Juíz de Fora,3351.0,90.833,36.89,95.98,62510.0,2021.0,18654.13
3149606,Pequi,MG,Minas Gerais,Sudeste,Metropolitana de Belo Horizonte,Sete Lagoas,Divinópolis,4155.0,203.991,20.37,93.85,85500.0,2021.0,20577.62
3149705,Perdigão,MG,Minas Gerais,Sudeste,Oeste de Minas,Divinópolis,Divinópolis,12268.0,249.322,49.21,93.88,234680.0,2021.0,19129.44
3149804,Perdizes,MG,Minas Gerais,Sudeste,Triângulo Mineiro/Alto Paranaíba,Araxá,Uberaba,17151.0,2451.112,7.0,93.21,1629149.0,2021.0,94988.57
3149903,Perdões,MG,Minas Gerais,Sudeste,Oeste de Minas,Campo Belo,Varginha,21384.0,270.657,79.01,94.76,626987.0,2021.0,29320.38
3149952,Periquito,MG,Minas Gerais,Sudeste,Vale do Rio Doce,Ipatinga,Ipatinga,6553.0,228.907,28.63,87.99,111677.0,2021.0,17042.12
3150000,Pescador,MG,Minas Gerais,Sudeste,Vale do Rio Doce,Governador Valadares,Teófilo Otoni,3570.0,317.463,11.25,80.81,47075.0,2021.0,13186.27
3150109,Piau,MG,Minas Gerais,Sudeste,Zona da Mata,Juiz de Fora,Juíz de Fora,2796.0,192.196,14.55,93.38,92645.0,2021.0,33134.84
3150158,Piedade de Caratinga,MG,Minas Gerais,Sudeste,Vale do Rio Doce,Caratinga,Ipatinga,8529.0,109.345,78.0,88.4,140805.0,2021.0,16508.97
3150208,Piedade de Ponte Nova,MG,Minas Gerais,Sudeste,Zona da Mata,Ponte Nova,Juíz de Fora,3976.0,83.733,47.48,88.34,62725.0,2021.0,15775.91
3150307,Piedade do Rio Grande,MG,Minas Gerais,Sudeste,Campo das Vertentes,São João Del Rei,Barbacena,4604.0,322.814,14.26,89.93,110390.0,2021.0,23976.98
3150406,Piedade dos Gerais,MG,Minas Gerais,Sudeste,Metropolitana de Belo Horizonte,Itaguara,Divinópolis,5019.0,259.638,19.33,90.16,89789.0,2021.0,17889.82
3150505,Pimenta,MG,Minas Gerais,Sudeste,Oeste de Minas,Formiga,Divinópolis,8563.0,414.969,20.64,93.59,281707.0,2021.0,32898.17
3150539,Pingo-d'Água,MG,Minas Gerais,Sudeste,Vale do Rio Doce,Caratinga,Ipatinga,4706.0,66.57,70.69,87.31,52693.0,2021.0,11196.98
3150570,Pintópolis,MG,Minas Gerais,Sudeste,Norte de Minas,Januária,Montes Claros,7084.0,1228.736,5.77,86.3,71109.0,2021.0,10037.97
3150604,Piracema,MG,Minas Gerais,Sudeste,Oeste de Minas,Oliveira,Divinópolis,6700.0,280.335,23.9,91.95,303140.0,2021.0,45244.78
3150703,Pirajuba,MG,Minas Gerais,Sudeste,Triângulo Mineiro/Alto Paranaíba,Frutal,Uberaba,5537.0,337.98,16.38,91.89,403702.0,2021.0,72909.88
3150802,Piranga,MG,Minas Gerais,Sudeste,Zona da Mata,Viçosa,Barbacena,17018.0,658.812,25.83,89.11,200152.0,2021.0,11761.19
3150901,Piranguçu,MG,Minas Gerais,Sudeste,Sul/Sudoeste de Minas,Itajubá,Pouso Alegre,6041.0,203.619,29.67,92.11,78363.0,2021.0,12971.86
3151008,Piranguinho,MG,Minas Gerais,Sudeste,Sul/Sudoeste de Minas,Itajubá,Pouso Alegre,9120.0,124.803,73.08,95.58,136133.0,2021.0,14926.86
3151107,Pirapetinga,MG,Minas Gerais,Sudeste,Zona da Mata,Cataguases,Juíz de Fora,11077.0,190.681,58.09,93.94,633595.0,2021.0,57199.15
3151206,Pirapora,MG,Minas Gerais,Sudeste,Norte de Minas,Pirapora,Montes Claros,55606.0,549.514,101.19,95.3,2871585.0,2021.0,51641.64
3151305,Piraúba,MG,Minas Gerais,Sudeste,Zona da Mata,Ubá,Juíz de Fora,11610.0,144.289,80.46,94.38,200321.0,2021.0,17254.18
3151404,Pitangui,MG,Minas Gerais,Sudeste,Metropolitana de Belo Horizonte,Pará de Minas,Divinópolis,26685.0,569.636,46.85,95.16,741273.0,2021.0,27778.64
3151503,Piumhi,MG,Minas Gerais,Sudeste,Oeste de Minas,Piuí,Varginha,36062.0,902.468,39.96,95.89,1280617.0,2021.0,35511.54
3151602,Planura,MG,Minas Gerais,Sudeste,Triângulo Mineiro/Alto Paranaíba,Frutal,Uberaba,11145.0,317.52,35.1,94.25,574230.0,2021.0,51523.55
3151701,Poço Fundo,MG,Minas Gerais,Sudeste,Sul/Sudoeste de Minas,Alfenas,Varginha,16390.0,474.244,34.56,95.02,403832.0,2021.0,24638.93
3151800,Poços de Caldas,MG,Minas Gerais,Sudeste,Sul/Sudoeste de Minas,Poços de Caldas,Pouso Alegre,163742.0,546.958,299.37,97.76,8526942.0,2021.0,52075.47
3151909,Pocrane,MG,Minas Gerais,Sudeste,Vale do Rio Doce,Aimorés,Juíz de Fora,8350.0,691.066,12.08,86.97,121701.0,2021.0,14574.97
3152006,Pompéu,MG,Minas Gerais,Sudeste,Central Mineira,Três Marias,Divinópolis,31047.0,2551.074,12.17,92.67,1170319.0,2021.0,37695.08
3152105,Ponte Nova,MG,Minas Gerais,Sudeste,Zona da Mata,Ponte Nova,Juíz de Fora,57776.0,470.643,122.76,95.03,2142078.0,2021.0,37075.57
3152131,Ponto Chique,MG,Minas Gerais,Sudeste,Norte de Minas,Montes Claros,Montes Claros,3747.0,602.799,6.22,85.09,52084.0,2021.0,13900.19
3152170,Ponto dos Volantes,MG,Minas Gerais,Sudeste,Jequitinhonha,Araçuaí,Teófilo Otoni,10883.0,1212.413,8.98,81.04,122520.0,2021.0,11257.93
3152204,Porteirinha,MG,Minas Gerais,Sudeste,Norte de Minas,Janaúba,Montes Claros,37438.0,1749.683,21.4,83.54,526973.0,2021.0,14075.89
3152303,Porto Firme,MG,Minas Gerais,Sudeste,Zona da Mata,Viçosa,Juíz de Fora,10569.0,284.777,37.11,91.45,130226.0,2021.0,12321.51
3152402,Poté,MG,Minas Gerais,Sudeste,Vale do Mucuri,Teófilo Otoni,Teófilo Otoni,13666.0,625.111,21.86,83.19,168767.0,2021.0,12349.41
3152501,Pouso Alegre,MG,Minas Gerais,Sudeste,Sul/Sudoeste de Minas,Pouso Alegre,Pouso Alegre,152217.0,542.797,280.43,97.1,10718150.0,2021.0,70413.62
3152600,Pouso Alto,MG,Minas Gerais,Sudeste,Sul/Sudoeste de Minas,São Lourenço,Pouso Alegre,6566.0,263.034,24.96,95.29,277395.0,2021.0,42247.18
3152709,Prados,MG,Minas Gerais,Sudeste,Campo das Vertentes,São João Del Rei,Barbacena,9048.0,264.115,34.26,94.74,229055.0,2021.0,25315.54
3152808,Prata,MG,Minas Gerais,Sudeste,Triângulo Mineiro/Alto Paranaíba,Uberlândia,Uberlândia,28342.0,4847.544,5.85,92.9,1292807.0,2021.0,45614.53
3152907,Pratápolis,MG,Minas Gerais,Sudeste,Sul/Sudoeste de Minas,Passos,Varginha,8406.0,215.516,39.0,94.95,228619.0,2021.0,27197.12
3153004,Pratinha,MG,Minas Gerais,Sudeste,Triângulo Mineiro/Alto Paranaíba,Araxá,Uberaba,3559.0,622.478,5.72,90.59,154718.0,2021.0,43472.32
3153103,Presidente Bernardes,MG,Minas Gerais,Sudeste,Zona da Mata,Viçosa,Juíz de Fora,4850.0,236.798,20.48,89.48,67749.0,2021.0,13968.87
3153202,Presidente Juscelino,MG,Minas Gerais,Sudeste,Central Mineira,Curvelo,Belo Horizonte,3465.0,695.882,4.98,86.83,49104.0,2021.0,14171.43
3153301,Presidente Kubitschek,MG,Minas Gerais,Sudeste,Jequitinhonha,Diamantina,Teófilo Otoni,3071.0,189.235,16.23,90.96,36193.0,2021.0,11785.41
3153400,Presidente Olegário,MG,Minas Gerais,Sudeste,Noroeste de Minas,Paracatu,Patos de Minas,18765.0,3503.848,5.36,92.37,731425.0,2021.0,38978.15
3153509,Alto Jequitibá,MG,Minas Gerais,Sudeste,Zona da Mata,Manhuaçu,Juíz de Fora,8397.0,152.272,55.14,93.12,125573.0,2021.0,14954.51
3153608,Prudente de Morais,MG,Minas Gerais,Sudeste,Metropolitana de Belo Horizonte,Sete Lagoas,Belo Horizonte,11466.0,124.189,92.33,95.99,203096.0,2021.0,17712.89
3153707,Quartel Geral,MG,Minas Gerais,Sudeste,Central Mineira,Bom Despacho,Divinópolis,3179.0,556.436,5.71,90.58,77606.0,2021.0,24412.08
3153806,Queluzito,MG,Minas Gerais,Sudeste,Metropolitana de Belo Horizonte,Conselheiro Lafaiete,Barbacena,1770.0,153.56,11.53,93.3,40046.0,2021.0,22624.86
3153905,Raposos,MG,Minas Gerais,Sudeste,Metropolitana de Belo Horizonte,Belo Horizonte,Belo Horizonte,16279.0,72.228,225.38,96.33,193684.0,2021.0,11897.78
3154002,Raul Soares,MG,Minas Gerais,Sudeste,Zona da Mata,Ponte Nova,Ipatinga,23423.0,763.364,30.68,89.58,423330.0,2021.0,18073.26
3154101,Recreio,MG,Minas Gerais,Sudeste,Zona da Mata,Cataguases,Juíz de Fora,11007.0,234.296,46.98,93.81,123247.0,2021.0,11197.15
3154150,Reduto,MG,Minas Gerais,Sudeste,Zona da Mata,Manhuaçu,Juíz de Fora,7848.0,151.859,51.68,91.71,121182.0,2021.0,15441.13
3154200,Resende Costa,MG,Minas Gerais,Sudeste,Campo das Vertentes,São João Del Rei,Barbacena,11230.0,618.312,18.16,95.27,207473.0,2021.0,18474.89
3154309,Resplendor,MG,Minas Gerais,Sudeste,Vale do Rio Doce,Aimorés,Governador Valadares,17226.0,1081.796,15.92,89.73,277790.0,2021.0,16126.2
3154408,Ressaquinha,MG,Minas Gerais,Sudeste,Campo das Vertentes,Barbacena,Barbacena,4548.0,183.062,24.84,93.24,372866.0,2021.0,81984.61
3154457,Riachinho,MG,Minas Gerais,Sudeste,Norte de Minas,Pirapora,Patos de Minas,6863.0,1719.266,3.99,88.15,157242.0,2021.0,22911.55
3154507,Riacho dos Machados,MG,Minas Gerais,Sudeste,Norte de Minas,Janaúba,Montes Claros,8756.0,1315.54,6.66,84.4,532552.0,2021.0,60821.38
3154606,Ribeirão das Neves,MG,Minas Gerais,Sudeste,Metropolitana de Belo Horizonte,Belo Horizonte,Belo Horizonte,329794.0,155.105,2126.26,95.16,5180189.0,2021.0,15707.35
3154705,Ribeirão Vermelho,MG,Minas Gerais,Sudeste,Campo das Vertentes,Lavras,Varginha,4080.0,49.251,82.84,97.23,105346.0,2021.0,25820.1
3154804,Rio Acima,MG,Minas Gerais,Sudeste,Metropolitana de Belo Horizonte,Belo Horizonte,Belo Horizonte,10261.0,228.394,44.93,95.42,472402.0,2021.0,46038.59
3154903,Rio Casca,MG,Minas Gerais,Sudeste,Zona da Mata,Ponte Nova,Juíz de Fora,12789.0,384.381,33.27,92.27,237324.0,2021.0,18556.88
3155009,Rio Doce,MG,Minas Gerais,Sudeste,Zona da Mata,Ponte Nova,Juíz de Fora,2484.0,112.094,22.16,89.86,51851.0,2021.0,20873.99
3155108,Rio do Prado,MG,Minas Gerais,Sudeste,Jequitinhonha,Almenara,Teófilo Otoni,4639.0,479.815,9.67,79.36,52654.0,2021.0,11350.29
3155207,Rio Espera,MG,Minas Gerais,Sudeste,Zona da Mata,Viçosa,Barbacena,5429.0,238.602,22.75,87.69,59583.0,2021.0,10974.95
3155306,Rio Manso,MG,Minas Gerais,Sudeste,Metropolitana de Belo Horizonte,Itaguara,Divinópolis,5568.0,231.54,24.05,93.5,113750.0,2021.0,20429.24
3155405,Rio Novo,MG,Minas Gerais,Sudeste,Zona da Mata,Juiz de Fora,Juíz de Fora,8518.0,209.31,40.7,92.84,120045.0,2021.0,14093.1
3155504,Rio Paranaíba,MG,Minas Gerais,Sudeste,Triângulo Mineiro/Alto Paranaíba,Patos de Minas,Patos de Minas,14532.0,1352.353,10.75,94.27,906412.0,2021.0,62373.52
3155603,Rio Pardo de Minas,MG,Minas Gerais,Sudeste,Norte de Minas,Salinas,Montes Claros,28271.0,3117.675,9.07,82.18,345428.0,2021.0,12218.46
3155702,Rio Piracicaba,MG,Minas Gerais,Sudeste,Metropolitana de Belo Horizonte,Itabira,Ipatinga,14631.0,373.037,39.22,93.48,1339656.0,2021.0,91562.85
3155801,Rio Pomba,MG,Minas Gerais,Sudeste,Zona da Mata,Ubá,Juíz de Fora,17443.0,252.418,69.1,94.44,417244.0,2021.0,23920.43
3155900,Rio Preto,MG,Minas Gerais,Sudeste,Zona da Mata,Juiz de Fora,Juíz de Fora,5141.0,348.046,14.77,90.25,69135.0,2021.0,13447.77
3156007,Rio Vermelho,MG,Minas Gerais,Sudeste,Metropolitana de Belo Horizonte,Conceição do Mato Dentro,Governador Valadares,12641.0,986.561,12.81,82.55,140757.0,2021.0,11134.96
3156106,Ritápolis,MG,Minas Gerais,Sudeste,Campo das Vertentes,São João Del Rei,Barbacena,4994.0,404.805,12.34,93.61,90330.0,2021.0,18087.71
3156205,Rochedo de Minas,MG,Minas Gerais,Sudeste,Zona da Mata,Juiz de Fora,Juíz de Fora,2291.0,79.402,28.85,92.86,114660.0,2021.0,50048.01
3156304,Rodeiro,MG,Minas Gerais,Sudeste,Zona da Mata,Ubá,Juíz de Fora,8664.0,72.673,119.22,95.15,544656.0,2021.0,62864.27
3156403,Romaria,MG,Minas Gerais,Sudeste,Triângulo Mineiro/Alto Paranaíba,Patrocínio,Uberlândia,3386.0,407.557,8.31,93.61,271627.0,2021.0,80220.61
3156452,Rosário da Limeira,MG,Minas Gerais,Sudeste,Zona da Mata,Muriaé,Juíz de Fora,4734.0,111.156,42.59,89.83,67723.0,2021.0,14305.66
3156502,Rubelita,MG,Minas Gerais,Sudeste,Norte de Minas,Salinas,Montes Claros,5679.0,1110.295,5.11,78.5,80084.0,2021.0,14101.78
3156601,Rubim,MG,Minas Gerais,Sudeste,Jequitinhonha,Almenara,Teófilo Otoni,10298.0,965.174,10.67,83.12,111693.0,2021.0,10846.09
3156700,Sabará,MG,Minas Gerais,Sudeste,Metropolitana de Belo Horizonte,Belo Horizonte,Belo Horizonte,129380.0,302.453,427.77,96.18,4201932.0,2021.0,32477.45
3156809,Sabinópolis,MG,Minas Gerais,Sudeste,Vale do Rio Doce,Guanhães,Governador Valadares,14240.0,919.811,15.48,87.68,334727.0,2021.0,23506.11
3156908,Sacramento,MG,Minas Gerais,Sudeste,Triângulo Mineiro/Alto Paranaíba,Araxá,Uberaba,26670.0,3073.268,8.68,95.28,2090841.0,2021.0,78396.74
3157005,Salinas,MG,Minas Gerais,Sudeste,Norte de Minas,Salinas,Montes Claros,40178.0,1862.117,21.58,87.58,667282.0,2021.0,16608.14
3157104,Salto da Divisa,MG,Minas Gerais,Sudeste,Jequitinhonha,Almenara,Teófilo Otoni,6110.0,938.008,6.51,81.4,132015.0,2021.0,21606.38
3157203,Santa Bárbara,MG,Minas Gerais,Sudeste,Metropolitana de Belo Horizonte,Itabira,Belo Horizonte,30466.0,684.505,44.51,95.3,1628347.0,2021.0,53448.01
3157252,Santa Bárbara do Leste,MG,Minas Gerais,Sudeste,Vale do Rio Doce,Caratinga,Ipatinga,8458.0,107.402,78.75,90.69,111674.0,2021.0,13203.36
3157278,Santa Bárbara do Monte Verde,MG,Minas Gerais,Sudeste,Zona da Mata,Juiz de Fora,Juíz de Fora,3095.0,417.925,7.41,90.62,56261.0,2021.0,18178.03
3157302,Santa Bárbara do Tugúrio,MG,Minas Gerais,Sudeste,Campo das Vertentes,Barbacena,Barbacena,4208.0,194.564,21.63,90.64,70602.0,2021.0,16778.04
3157336,Santa Cruz de Minas,MG,Minas Gerais,Sudeste,Campo das Vertentes,São João Del Rei,Barbacena,8109.0,3.565,2274.61,95.79,103453.0,2021.0,12757.8
3157377,Santa Cruz de Salinas,MG,Minas Gerais,Sudeste,Norte de Minas,Salinas,Montes Claros,3910.0,589.607,6.63,77.94,48998.0,2021.0,12531.46
3157401,Santa Cruz do Escalvado,MG,Minas Gerais,Sudeste,Zona da Mata,Ponte Nova,Juíz de Fora,4673.0,258.726,18.06,90.99,76982.0,2021.0,16473.79
3157500,Santa Efigênia de Minas,MG,Minas Gerais,Sudeste,Vale do Rio Doce,Guanhães,Governador Valadares,4039.0,131.965,30.61,83.62,51008.0,2021.0,12628.87
3157609,Santa Fé de Minas,MG,Minas Gerais,Sudeste,Norte de Minas,Pirapora,Montes Claros,3522.0,2917.448,1.21,86.09,59926.0,2021.0,17014.76
3157658,Santa Helena de Minas,MG,Minas Gerais,Sudeste,Vale do Mucuri,Nanuque,Teófilo Otoni,5938.0,276.433,21.48,79.15,57927.0,2021.0,9755.3
3157708,Santa Juliana,MG,Minas Gerais,Sudeste,Triângulo Mineiro/Alto Paranaíba,Araxá,Uberaba,15734.0,723.784,21.74,93.68,860296.0,2021.0,54677.51
3157807,Santa Luzia,MG,Minas Gerais,Sudeste,Metropolitana de Belo Horizonte,Belo Horizonte,Belo Horizonte,219132.0,235.205,931.66,96.3,5287597.0,2021.0,24129.73
3157906,Santa Margarida,MG,Minas Gerais,Sudeste,Zona da Mata,Manhuaçu,Juíz de Fora,16395.0,255.73,64.11,91.71,353995.0,2021.0,21591.64
3158003,Santa Maria de Itabira,MG,Minas Gerais,Sudeste,Metropolitana de Belo Horizonte,Itabira,Belo Horizonte,10485.0,597.441,17.55,90.5,269094.0,2021.0,25664.66
3158102,Santa Maria do Salto,MG,Minas Gerais,Sudeste,Jequitinhonha,Almenara,Teófilo Otoni,4755.0,440.605,10.79,79.17,49983.0,2021.0,10511.67
3158201,Santa Maria do Suaçuí,MG,Minas Gerais,Sudeste,Vale do Rio Doce,Peçanha,Governador Valadares,12788.0,624.047,20.49,83.3,170803.0,2021.0,13356.51
3158300,Santana da Vargem,MG,Minas Gerais,Sudeste,Sul/Sudoeste de Minas,Varginha,Varginha,6691.0,172.444,38.8,92.56,243282.0,2021.0,36359.59
3158409,Santana de Cataguases,MG,Minas Gerais,Sudeste,Zona da Mata,Cataguases,Juíz de Fora,3489.0,161.486,21.61,92.9,49901.0,2021.0,14302.38
3158508,Santana de Pirapama,MG,Minas Gerais,Sudeste,Metropolitana de Belo Horizonte,Sete Lagoas,Belo Horizonte,7030.0,1255.832,5.6,87.81,116826.0,2021.0,16618.21
3158607,Santana do Deserto,MG,Minas Gerais,Sudeste,Zona da Mata,Juiz de Fora,Juíz de Fora,3747.0,182.655,20.51,93.59,47355.0,2021.0,12638.11
3158706,Santana do Garambéu,MG,Minas Gerais,Sudeste,Campo das Vertentes,São João Del Rei,Barbacena,2137.0,203.074,10.52,88.1,39152.0,2021.0,18321.01
3158805,Santana do Jacaré,MG,Minas Gerais,Sudeste,Oeste de Minas,Campo Belo,Varginha,4214.0,106.169,39.69,89.66,105812.0,2021.0,25109.63
3158904,Santana do Manhuaçu,MG,Minas Gerais,Sudeste,Zona da Mata,Manhuaçu,Juíz de Fora,8987.0,347.362,25.87,88.45,189822.0,2021.0,21121.84
3158953,Santana do Paraíso,MG,Minas Gerais,Sudeste,Vale do Rio Doce,Ipatinga,Ipatinga,44800.0,276.067,162.28,96.42,749702.0,2021.0,16734.42
3159001,Santana do Riacho,MG,Minas Gerais,Sudeste,Metropolitana de Belo Horizonte,Sete Lagoas,Belo Horizonte,5313.0,677.207,7.85,92.19,103770.0,2021.0,19531.34
3159100,Santana dos Montes,MG,Minas Gerais,Sudeste,Metropolitana de Belo Horizonte,Conselheiro Lafaiete,Barbacena,3469.0,196.565,17.65,91.73,49867.0,2021.0,14375.04
3159209,Santa Rita de Caldas,MG,Minas Gerais,Sudeste,Sul/Sudoeste de Minas,Poços de Caldas,Pouso Alegre,8460.0,503.011,16.82,94.34,227928.0,2021.0,26941.84
3159308,Santa Rita de Jacutinga,MG,Minas Gerais,Sudeste,Zona da Mata,Juiz de Fora,Juíz de Fora,4755.0,420.94,11.3,91.54,74798.0,2021.0,15730.39
3159357,Santa Rita de Minas,MG,Minas Gerais,Sudeste,Vale do Rio Doce,Caratinga,Ipatinga,6773.0,68.153,99.38,90.09,151781.0,2021.0,22409.72
3159407,Santa Rita de Ibitipoca,MG,Minas Gerais,Sudeste,Zona da Mata,Juiz de Fora,Barbacena,3301.0,324.234,10.18,89.52,61998.0,2021.0,18781.58
3159506,Santa Rita do Itueto,MG,Minas Gerais,Sudeste,Vale do Rio Doce,Aimorés,Governador Valadares,5826.0,485.081,12.01,86.73,179107.0,2021.0,30742.71
3159605,Santa Rita do Sapucaí,MG,Minas Gerais,Sudeste,Sul/Sudoeste de Minas,Santa Rita do Sapucaí,Pouso Alegre,40635.0,352.969,115.12,94.47,1944045.0,2021.0,47841.64
3159704,Santa Rosa da Serra,MG,Minas Gerais,Sudeste,Triângulo Mineiro/Alto Paranaíba,Patos de Minas,Uberaba,3382.0,284.334,11.89,88.94,102017.0,2021.0,30164.7
3159803,Santa Vitória,MG,Minas Gerais,Sudeste,Triângulo Mineiro/Alto Paranaíba,Ituiutaba,Uberlândia,20973.0,2998.364,6.99,91.78,802576.0,2021.0,38267.11
3159902,Santo Antônio do Amparo,MG,Minas Gerais,Sudeste,Oeste de Minas,Oliveira,Varginha,17285.0,488.885,35.36,90.47,354378.0,2021.0,20502.05
3160009,Santo Antônio do Aventureiro,MG,Minas Gerais,Sudeste,Zona da Mata,Cataguases,Juíz de Fora,3769.0,202.032,18.66,91.09,67888.0,2021.0,18012.2
3160108,Santo Antônio do Grama,MG,Minas Gerais,Sudeste,Zona da Mata,Ponte Nova,Juíz de Fora,4229.0,130.213,32.48,90.95,85508.0,2021.0,20219.44
3160207,Santo Antônio do Itambé,MG,Minas Gerais,Sudeste,Metropolitana de Belo Horizonte,Conceição do Mato Dentro,Teófilo Otoni,3915.0,305.737,12.81,79.34,44720.0,2021.0,11422.73
3160306,Santo Antônio do Jacinto,MG,Minas Gerais,Sudeste,Jequitinhonha,Almenara,Teófilo Otoni,10327.0,503.706,20.5,77.1,114522.0,2021.0,11089.57
3160405,Santo Antônio do Monte,MG,Minas Gerais,Sudeste,Oeste de Minas,Divinópolis,Divinópolis,27295.0,1125.78,24.25,95.23,842862.0,2021.0,30879.72
3160454,Santo Antônio do Retiro,MG,Minas Gerais,Sudeste,Norte de Minas,Salinas,Montes Claros,6629.0,796.29,8.32,76.71,70752.0,2021.0,10673.1
3160504,Santo Antônio do Rio Abaixo,MG,Minas Gerais,Sudeste,Metropolitana de Belo Horizonte,Conceição do Mato Dentro,Belo Horizonte,1808.0,107.269,16.85,88.86,28487.0,2021.0,15756.08
3160603,Santo Hipólito,MG,Minas Gerais,Sudeste,Central Mineira,Curvelo,Belo Horizonte,2717.0,430.656,6.31,89.28,50190.0,2021.0,18472.58
3160702,Santos Dumont,MG,Minas Gerais,Sudeste,Zona da Mata,Juiz de Fora,Juíz de Fora,42406.0,637.373,66.53,94.94,1101637.0,2021.0,25978.33
3160801,São Bento Abade,MG,Minas Gerais,Sudeste,Sul/Sudoeste de Minas,Varginha,Varginha,4713.0,80.403,58.62,90.51,89289.0,2021.0,18945.26
3160900,São Brás do Suaçuí,MG,Minas Gerais,Sudeste,Metropolitana de Belo Horizonte,Conselheiro Lafaiete,Barbacena,3989.0,110.019,36.26,96.09,80485.0,2021.0,20176.74
3160959,São Domingos das Dores,MG,Minas Gerais,Sudeste,Vale do Rio Doce,Caratinga,Ipatinga,5626.0,60.865,92.43,89.18,91424.0,2021.0,16250.27
3161007,São Domingos do Prata,MG,Minas Gerais,Sudeste,Metropolitana de Belo Horizonte,Itabira,Ipatinga,17392.0,743.768,23.38,90.96,313454.0,2021.0,18022.88
3161056,São Félix de Minas,MG,Minas Gerais,Sudeste,Vale do Rio Doce,Mantena,Governador Valadares,3200.0,162.56,19.69,83.96,43890.0,2021.0,13715.62
3161106,São Francisco,MG,Minas Gerais,Sudeste,Norte de Minas,Januária,Montes Claros,52762.0,3308.1,15.95,87.49,648148.0,2021.0,12284.37
3161205,São Francisco de Paula,MG,Minas Gerais,Sudeste,Oeste de Minas,Oliveira,Divinópolis,6187.0,316.822,19.53,89.29,150493.0,2021.0,24324.07
3161304,São Francisco de Sales,MG,Minas Gerais,Sudeste,Triângulo Mineiro/Alto Paranaíba,Frutal,Uberaba,5732.0,1128.864,5.08,92.26,193829.0,2021.0,33815.25
3161403,São Francisco do Glória,MG,Minas Gerais,Sudeste,Zona da Mata,Muriaé,Juíz de Fora,4800.0,164.613,29.16,88.87,72559.0,2021.0,15116.46
3161502,São Geraldo,MG,Minas Gerais,Sudeste,Zona da Mata,Ubá,Juíz de Fora,10282.0,185.578,55.41,92.11,263233.0,2021.0,25601.34
3161601,São Geraldo da Piedade,MG,Minas Gerais,Sudeste,Vale do Rio Doce,Governador Valadares,Governador Valadares,3305.0,152.336,21.7,84.23,44803.0,2021.0,13556.13
3161650,São Geraldo do Baixio,MG,Minas Gerais,Sudeste,Vale do Rio Doce,Governador Valadares,Governador Valadares,3143.0,280.954,11.19,84.56,49928.0,2021.0,15885.46
3161700,São Gonçalo do Abaeté,MG,Minas Gerais,Sudeste,Noroeste de Minas,Paracatu,Patos de Minas,7375.0,2692.545,2.74,90.9,325637.0,2021.0,44154.17
3161809,São Gonçalo do Pará,MG,Minas Gerais,Sudeste,Oeste de Minas,Divinópolis,Divinópolis,11770.0,265.73,44.29,95.12,311147.0,2021.0,26435.6
3161908,São Gonçalo do Rio Abaixo,MG,Minas Gerais,Sudeste,Metropolitana de Belo Horizonte,Itabira,Ipatinga,11850.0,363.828,32.57,93.49,7603788.0,2021.0,641669.87
3162005,São Gonçalo do Sapucaí,MG,Minas Gerais,Sudeste,Sul/Sudoeste de Minas,Santa Rita do Sapucaí,Varginha,23959.0,516.683,46.37,94.44,986478.0,2021.0,41173.59
3162104,São Gotardo,MG,Minas Gerais,Sudeste,Triângulo Mineiro/Alto Paranaíba,Patos de Minas,Patos de Minas,40910.0,866.087,47.24,94.59,1189028.0,2021.0,29064.48
3162203,São João Batista do Glória,MG,Minas Gerais,Sudeste,Sul/Sudoeste de Minas,Passos,Varginha,7652.0,547.908,13.97,94.58,268082.0,2021.0,35034.24
3162252,São João da Lagoa,MG,Minas Gerais,Sudeste,Norte de Minas,Montes Claros,Montes Claros,4822.0,998.015,4.83,88.69,60402.0,2021.0,12526.34
3162302,São João da Mata,MG,Minas Gerais,Sudeste,Sul/Sudoeste de Minas,Santa Rita do Sapucaí,Pouso Alegre,2914.0,120.536,24.18,93.7,55081.0,2021.0,18902.2
3162401,São João da Ponte,MG,Minas Gerais,Sudeste,Norte de Minas,Montes Claros,Montes Claros,23930.0,1851.102,12.93,78.3,269275.0,2021.0,11252.61
3162450,São João das Missões,MG,Minas Gerais,Sudeste,Norte de Minas,Januária,Montes Claros,13024.0,678.274,19.2,79.98,92410.0,2021.0,7095.36
3162500,São João del Rei,MG,Minas Gerais,Sudeste,Campo das Vertentes,São João Del Rei,Barbacena,90225.0,1452.002,62.14,97.24,3003942.0,2021.0,33293.9
3162559,São João do Manhuaçu,MG,Minas Gerais,Sudeste,Zona da Mata,Manhuaçu,Juíz de Fora,11246.0,143.096,78.59,90.98,183076.0,2021.0,16279.21
3162575,São João do Manteninha,MG,Minas Gerais,Sudeste,Vale do Rio Doce,Mantena,Governador Valadares,5331.0,137.928,38.65,86.72,81210.0,2021.0,15233.54
3162609,São João do Oriente,MG,Minas Gerais,Sudeste,Vale do Rio Doce,Caratinga,Ipatinga,7070.0,120.122,58.86,87.29,101830.0,2021.0,14403.11
3162658,São João do Pacuí,MG,Minas Gerais,Sudeste,Norte de Minas,Montes Claros,Montes Claros,3972.0,415.922,9.55,82.91,44651.0,2021.0,11241.44
3162708,São João do Paraíso,MG,Minas Gerais,Sudeste,Norte de Minas,Salinas,Montes Claros,23910.0,1925.575,12.42,79.35,285026.0,2021.0,11920.79
3162807,São João Evangelista,MG,Minas Gerais,Sudeste,Vale do Rio Doce,Guanhães,Governador Valadares,15315.0,478.183,32.03,88.61,253189.0,2021.0,16532.09
3162906,São João Nepomuceno,MG,Minas Gerais,Sudeste,Zona da Mata,Juiz de Fora,Juíz de Fora,25565.0,407.427,62.75,96.81,506005.0,2021.0,19792.88
3162922,São Joaquim de Bicas,MG,Minas Gerais,Sudeste,Metropolitana de Belo Horizonte,Belo Horizonte,Belo Horizonte,34348.0,71.758,478.66,93.48,1083056.0,2021.0,31531.85
3162948,São José da Barra,MG,Minas Gerais,Sudeste,Sul/Sudoeste de Minas,Passos,Varginha,7793.0,308.319,25.28,94.61,891414.0,2021.0,114386.5
3162955,São José da Lapa,MG,Minas Gerais,Sudeste,Metropolitana de Belo Horizonte,Belo Horizonte,Belo Horizonte,26090.0,47.93,544.34,96.59,624432.0,2021.0,23933.77
3163003,São José da Safira,MG,Minas Gerais,Sudeste,Vale do Rio Doce,Governador Valadares,Governador Valadares,3806.0,213.881,17.79,83.65,49538.0,2021.0,13015.76
3163102,São José da Varginha,MG,Minas Gerais,Sudeste,Metropolitana de Belo Horizonte,Pará de Minas,Divinópolis,4536.0,205.501,22.07,93.68,114569.0,2021.0,25257.72
3163201,São José do Alegre,MG,Minas Gerais,Sudeste,Sul/Sudoeste de Minas,Santa Rita do Sapucaí,Pouso Alegre,4133.0,88.794,46.55,95.72,57941.0,2021.0,14019.11
3163300,São José do Divino,MG,Minas Gerais,Sudeste,Vale do Rio Doce,Governador Valadares,Teófilo Otoni,3464.0,328.704,10.54,84.14,53035.0,2021.0,15310.33
3163409,São José do Goiabal,MG,Minas Gerais,Sudeste,Metropolitana de Belo Horizonte,Itabira,Ipatinga,5396.0,189.578,28.46,90.42,67369.0,2021.0,12484.99
3163508,São José do Jacuri,MG,Minas Gerais,Sudeste,Vale do Rio Doce,Peçanha,Governador Valadares,6197.0,345.146,17.95,85.52,99880.0,2021.0,16117.48
3163607,São José do Mantimento,MG,Minas Gerais,Sudeste,Zona da Mata,Manhuaçu,Juíz de Fora,2753.0,54.701,50.33,89.91,44165.0,2021.0,16042.5
3163706,São Lourenço,MG,Minas Gerais,Sudeste,Sul/Sudoeste de Minas,São Lourenço,Pouso Alegre,44798.0,58.019,772.13,97.36,1177795.0,2021.0,26291.24
3163805,São Miguel do Anta,MG,Minas Gerais,Sudeste,Zona da Mata,Viçosa,Juíz de Fora,6334.0,152.111,41.64,88.93,105060.0,2021.0,16586.68
3163904,São Pedro da União,MG,Minas Gerais,Sudeste,Sul/Sudoeste de Minas,São Sebastião do Paraíso,Varginha,4885.0,260.827,18.73,93.29,148147.0,2021.0,30326.92
3164001,São Pedro dos Ferros,MG,Minas Gerais,Sudeste,Zona da Mata,Ponte Nova,Juíz de Fora,7166.0,402.739,17.79,90.09,134364.0,2021.0,18750.21
3164100,São Pedro do Suaçuí,MG,Minas Gerais,Sudeste,Vale do Rio Doce,Peçanha,Governador Valadares,5103.0,308.106,16.56,86.21,81769.0,2021.0,16023.71
3164209,São Romão,MG,Minas Gerais,Sudeste,Norte de Minas,Pirapora,Montes Claros,10315.0,2434.004,4.24,89.86,243070.0,2021.0,23564.71
3164308,São Roque de Minas,MG,Minas Gerais,Sudeste,Oeste de Minas,Piuí,Varginha,7129.0,2098.867,3.4,94.25,323179.0,2021.0,45333.01
3164407,São Sebastião da Bela Vista,MG,Minas Gerais,Sudeste,Sul/Sudoeste de Minas,Santa Rita do Sapucaí,Pouso Alegre,6387.0,167.428,38.15,91.07,442552.0,2021.0,69289.49
3164431,São Sebastião da Vargem Alegre,MG,Minas Gerais,Sudeste,Zona da Mata,Muriaé,Juíz de Fora,3113.0,73.629,42.28,92.2,66796.0,2021.0,21457.12
3164472,São Sebastião do Anta,MG,Minas Gerais,Sudeste,Vale do Rio Doce,Caratinga,Ipatinga,6194.0,80.618,76.83,85.53,104236.0,2021.0,16828.54
3164506,São Sebastião do Maranhão,MG,Minas Gerais,Sudeste,Vale do Rio Doce,Peçanha,Governador Valadares,10079.0,517.83,19.46,82.32,100804.0,2021.0,10001.39
3164605,São Sebastião do Oeste,MG,Minas Gerais,Sudeste,Oeste de Minas,Divinópolis,Divinópolis,8815.0,408.09,21.6,93.18,596667.0,2021.0,67687.69
3164704,São Sebastião do Paraíso,MG,Minas Gerais,Sudeste,Sul/Sudoeste de Minas,São Sebastião do Paraíso,Varginha,71796.0,814.925,88.1,95.33,2234341.0,2021.0,31120.69
3164803,São Sebastião do Rio Preto,MG,Minas Gerais,Sudeste,Metropolitana de Belo Horizonte,Conceição do Mato Dentro,Belo Horizonte,1259.0,128.002,9.84,91.67,25965.0,2021.0,20623.51
3164902,São Sebastião do Rio Verde,MG,Minas Gerais,Sudeste,Sul/Sudoeste de Minas,São Lourenço,Pouso Alegre,2300.0,90.848,25.32,95.74,35675.0,2021.0,15510.87
3165008,São Tiago,MG,Minas Gerais,Sudeste,Campo das Vertentes,São João Del Rei,Barbacena,11192.0,572.4,19.55,94.75,246013.0,2021.0,21981.15
3165107,São Tomás de Aquino,MG,Minas Gerais,Sudeste,Sul/Sudoeste de Minas,São Sebastião do Paraíso,Varginha,6740.0,277.928,24.25,92.5,195196.0,2021.0,28960.83
3165206,São Tomé das Letras,MG,Minas Gerais,Sudeste,Sul/Sudoeste de Minas,Varginha,Varginha,6904.0,369.747,18.67,91.87,137341.0,2021.0,19892.96
3165305,São Vicente de Minas,MG,Minas Gerais,Sudeste,Sul/Sudoeste de Minas,Andrelândia,Barbacena,6804.0,392.651,17.33,94.7,206080.0,2021.0,30288.07
3165404,Sapucaí-Mirim,MG,Minas Gerais,Sudeste,Sul/Sudoeste de Minas,Pouso Alegre,Pouso Alegre,6311.0,285.073,22.14,92.95,110258.0,2021.0,17470.77
3165503,Sardoá,MG,Minas Gerais,Sudeste,Vale do Rio Doce,Guanhães,Governador Valadares,5104.0,141.904,35.97,85.68,68811.0,2021.0,13481.78
3165537,Sarzedo,MG,Minas Gerais,Sudeste,Metropolitana de Belo Horizonte,Belo Horizonte,Belo Horizonte,36844.0,62.134,592.98,96.78,2190346.0,2021.0,59449.19
3165552,Setubinha,MG,Minas Gerais,Sudeste,Vale do Mucuri,Teófilo Otoni,Teófilo Otoni,9917.0,534.655,18.55,77.13,122713.0,2021.0,12374.0
3165560,Sem-Peixe,MG,Minas Gerais,Sudeste,Zona da Mata,Ponte Nova,Juíz de Fora,2433.0,176.634,13.77,87.74,36660.0,2021.0,15067.82
3165578,Senador Amaral,MG,Minas Gerais,Sudeste,Sul/Sudoeste de Minas,Pouso Alegre,Pouso Alegre,6206.0,151.097,41.07,92.47,89404.0,2021.0,14406.06
3165602,Senador Cortes,MG,Minas Gerais,Sudeste,Zona da Mata,Juiz de Fora,Juíz de Fora,2240.0,98.336,22.78,90.33,38033.0,2021.0,16979.02
3165701,Senador Firmino,MG,Minas Gerais,Sudeste,Zona da Mata,Ubá,Juíz de Fora,7716.0,166.495,46.34,93.08,106704.0,2021.0,13828.93
3165800,Senador José Bento,MG,Minas Gerais,Sudeste,Sul/Sudoeste de Minas,Pouso Alegre,Pouso Alegre,2068.0,93.892,22.03,93.9,35501.0,2021.0,17166.83
3165909,Senador Modestino Gonçalves,MG,Minas Gerais,Sudeste,Jequitinhonha,Diamantina,Teófilo Otoni,4008.0,952.055,4.21,83.47,92204.0,2021.0,23004.99
3166006,Senhora de Oliveira,MG,Minas Gerais,Sudeste,Zona da Mata,Viçosa,Barbacena,5483.0,170.749,32.11,90.94,81065.0,2021.0,14784.79
3166105,Senhora do Porto,MG,Minas Gerais,Sudeste,Vale do Rio Doce,Guanhães,Governador Valadares,3067.0,381.328,8.04,84.07,49708.0,2021.0,16207.37
3166204,Senhora dos Remédios,MG,Minas Gerais,Sudeste,Campo das Vertentes,Barbacena,Barbacena,10384.0,237.815,43.66,91.9,115731.0,2021.0,11145.13
3166303,Sericita,MG,Minas Gerais,Sudeste,Zona da Mata,Ponte Nova,Juíz de Fora,7345.0,166.012,44.24,86.58,104954.0,2021.0,14289.18
3166402,Seritinga,MG,Minas Gerais,Sudeste,Sul/Sudoeste de Minas,Andrelândia,Pouso Alegre,1819.0,114.769,15.85,94.65,45221.0,2021.0,24860.36
3166501,Serra Azul de Minas,MG,Minas Gerais,Sudeste,Metropolitana de Belo Horizonte,Conceição do Mato Dentro,Teófilo Otoni,3792.0,218.595,17.35,77.69,45048.0,2021.0,11879.75
3166600,Serra da Saudade,MG,Minas Gerais,Sudeste,Central Mineira,Bom Despacho,Divinópolis,833.0,335.659,2.48,91.04,21916.0,2021.0,26309.72
3166709,Serra dos Aimorés,MG,Minas Gerais,Sudeste,Vale do Mucuri,Nanuque,Teófilo Otoni,6944.0,213.574,32.51,85.09,93122.0,2021.0,13410.43
3166808,Serra do Salitre,MG,Minas Gerais,Sudeste,Triângulo Mineiro/Alto Paranaíba,Patrocínio,Patos de Minas,11801.0,1295.272,9.11,94.45,983425.0,2021.0,83334.04
3166907,Serrania,MG,Minas Gerais,Sudeste,Sul/Sudoeste de Minas,Alfenas,Varginha,7621.0,209.27,36.42,91.12,161680.0,2021.0,21215.06
3166956,Serranópolis de Minas,MG,Minas Gerais,Sudeste,Norte de Minas,Janaúba,Montes Claros,4399.0,551.954,7.97,82.29,47445.0,2021.0,10785.41
3167004,Serranos,MG,Minas Gerais,Sudeste,Sul/Sudoeste de Minas,Andrelândia,Pouso Alegre,1990.0,213.173,9.34,88.52,38551.0,2021.0,19372.36
3167103,Serro,MG,Minas Gerais,Sudeste,Metropolitana de Belo Horizonte,Conceição do Mato Dentro,Teófilo Otoni,21952.0,1217.813,18.03,87.54,292378.0,2021.0,13318.97
3167202,Sete Lagoas,MG,Minas Gerais,Sudeste,Metropolitana de Belo Horizonte,Sete Lagoas,Belo Horizonte,227397.0,536.928,423.51,97.0,12655800.0,2021.0,55655.09
3167301,Silveirânia,MG,Minas Gerais,Sudeste,Zona da Mata,Ubá,Juíz de Fora,2323.0,157.456,14.75,89.64,35131.0,2021.0,15123.12
3167400,Silvianópolis,MG,Minas Gerais,Sudeste,Sul/Sudoeste de Minas,Santa Rita do Sapucaí,Pouso Alegre,6179.0,312.166,19.79,89.22,141500.0,2021.0,22900.15
3167509,Simão Pereira,MG,Minas Gerais,Sudeste,Zona da Mata,Juiz de Fora,Juíz de Fora,2947.0,135.689,21.72,94.35,103933.0,2021.0,35267.39
3167608,Simonésia,MG,Minas Gerais,Sudeste,Zona da Mata,Manhuaçu,Juíz de Fora,19750.0,486.543,40.59,88.34,285219.0,2021.0,14441.47
3167707,Sobrália,MG,Minas Gerais,Sudeste,Vale do Rio Doce,Governador Valadares,Governador Valadares,5137.0,206.787,24.84,85.31,67350.0,2021.0,13110.77
3167806,Soledade de Minas,MG,Minas Gerais,Sudeste,Sul/Sudoeste de Minas,São Lourenço,Pouso Alegre,5613.0,196.866,28.51,94.25,81837.0,2021.0,14579.9
3167905,Tabuleiro,MG,Minas Gerais,Sudeste,Zona da Mata,Ubá,Juíz de Fora,4014.0,211.084,19.02,88.78,65697.0,2021.0,16366.97
3168002,Taiobeiras,MG,Minas Gerais,Sudeste,Norte de Minas,Salinas,Montes Claros,33050.0,1220.046,27.09,86.29,557221.0,2021.0,16859.94
3168051,Taparuba,MG,Minas Gerais,Sudeste,Vale do Rio Doce,Aimorés,Juíz de Fora,3387.0,193.082,17.54,85.67,49071.0,2021.0,14488.04
3168101,Tapira,MG,Minas Gerais,Sudeste,Triângulo Mineiro/Alto Paranaíba,Araxá,Uberaba,4118.0,1179.248,3.49,94.8,688692.0,2021.0,167239.44
3168200,Tapiraí,MG,Minas Gerais,Sudeste,Oeste de Minas,Piuí,Divinópolis,1690.0,407.92,4.14,90.74,56050.0,2021.0,33165.68
3168309,Taquaraçu de Minas,MG,Minas Gerais,Sudeste,Metropolitana de Belo Horizonte,Itabira,Belo Horizonte,4224.0,329.287,12.83,90.37,65923.0,2021.0,15606.77
3168408,Tarumirim,MG,Minas Gerais,Sudeste,Vale do Rio Doce,Caratinga,Governador Valadares,14709.0,731.753,20.1,87.98,188289.0,2021.0,12800.94
3168507,Teixeiras,MG,Minas Gerais,Sudeste,Zona da Mata,Viçosa,Juíz de Fora,12255.0,166.735,73.5,90.89,191264.0,2021.0,15607.02
3168606,Teófilo Otoni,MG,Minas Gerais,Sudeste,Vale do Mucuri,Teófilo Otoni,Teófilo Otoni,137418.0,3242.27,42.38,90.95,2952020.0,2021.0,21482.05
3168705,Timóteo,MG,Minas Gerais,Sudeste,Vale do Rio Doce,Ipatinga,Ipatinga,81579.0,144.381,565.03,96.88,5609602.0,2021.0,68762.82
3168804,Tiradentes,MG,Minas Gerais,Sudeste,Campo das Vertentes,São João Del Rei,Barbacena,7744.0,83.047,93.25,95.65,205615.0,2021.0,26551.52
3168903,Tiros,MG,Minas Gerais,Sudeste,Triângulo Mineiro/Alto Paranaíba,Patos de Minas,Patos de Minas,7883.0,2091.774,3.77,94.56,379852.0,2021.0,48186.22
3169000,Tocantins,MG,Minas Gerais,Sudeste,Zona da Mata,Ubá,Juíz de Fora,16185.0,173.866,93.09,93.9,349351.0,2021.0,21584.86
3169059,Tocos do Moji,MG,Minas Gerais,Sudeste,Sul/Sudoeste de Minas,Pouso Alegre,Pouso Alegre,3826.0,114.705,33.36,91.25,70715.0,2021.0,18482.75
3169109,Toledo,MG,Minas Gerais,Sudeste,Sul/Sudoeste de Minas,Pouso Alegre,Pouso Alegre,7214.0,136.776,52.74,90.98,107093.0,2021.0,14845.16
3169208,Tombos,MG,Minas Gerais,Sudeste,Zona da Mata,Muriaé,Juíz de Fora,8609.0,285.124,30.19,92.39,130946.0,2021.0,15210.36
3169307,Três Corações,MG,Minas Gerais,Sudeste,Sul/Sudoeste de Minas,Varginha,Varginha,75485.0,828.038,91.16,95.03,2958952.0,2021.0,39199.21
3169356,Três Marias,MG,Minas Gerais,Sudeste,Central Mineira,Três Marias,Belo Horizonte,28895.0,2678.253,10.79,94.18,3149734.0,2021.0,109006.19
3169406,Três Pontas,MG,Minas Gerais,Sudeste,Sul/Sudoeste de Minas,Varginha,Varginha,55255.0,689.794,80.1,94.53,1877754.0,2021.0,33983.42
3169505,Tumiritinga,MG,Minas Gerais,Sudeste,Vale do Rio Doce,Governador Valadares,Governador Valadares,5886.0,500.073,11.77,89.04,83258.0,2021.0,14145.09
3169604,Tupaciguara,MG,Minas Gerais,Sudeste,Triângulo Mineiro/Alto Paranaíba,Uberlândia,Uberlândia,25470.0,1822.53,13.98,93.82,946266.0,2021.0,37152.18
3169703,Turmalina,MG,Minas Gerais,Sudeste,Jequitinhonha,Capelinha,Teófilo Otoni,20000.0,1153.111,17.34,89.32,443537.0,2021.0,22176.85
3169802,Turvolândia,MG,Minas Gerais,Sudeste,Sul/Sudoeste de Minas,Santa Rita do Sapucaí,Pouso Alegre,4935.0,221.0,22.33,93.01,139823.0,2021.0,28332.93
3169901,Ubá,MG,Minas Gerais,Sudeste,Zona da Mata,Ubá,Juíz de Fora,103365.0,407.452,253.69,96.08,3557764.0,2021.0,34419.43
3170008,Ubaí,MG,Minas Gerais,Sudeste,Norte de Minas,Montes Claros,Montes Claros,11708.0,820.524,14.27,87.04,117187.0,2021.0,10009.14
3170057,Ubaporanga,MG,Minas Gerais,Sudeste,Vale do Rio Doce,Caratinga,Ipatinga,13017.0,189.045,68.86,89.91,167976.0,2021.0,12904.36
3170107,Uberaba,MG,Minas Gerais,Sudeste,Triângulo Mineiro/Alto Paranaíba,Uberaba,Uberaba,337836.0,4523.957,74.68,96.87,20384265.0,2021.0,60337.75
3170206,Uberlândia,MG,Minas Gerais,Sudeste,Triângulo Mineiro/Alto Paranaíba,Uberlândia,Uberlândia,713224.0,4115.206,173.31,97.13,43030885.0,2021.0,60332.92
3170305,Umburatiba,MG,Minas Gerais,Sudeste,Vale do Mucuri,Nanuque,Teófilo Otoni,2684.0,405.834,6.61,80.41,44152.0,2021.0,16450.07
3170404,Unaí,MG,Minas Gerais,Sudeste,Noroeste de Minas,Unaí,Patos de Minas,86619.0,8445.432,10.26,94.35,4316723.0,2021.0,49835.75
3170438,União de Minas,MG,Minas Gerais,Sudeste,Triângulo Mineiro/Alto Paranaíba,Frutal,Uberaba,3828.0,1147.407,3.34,87.73,130400.0,2021.0,34064.79
3170479,Uruana de Minas,MG,Minas Gerais,Sudeste,Noroeste de Minas,Unaí,Patos de Minas,3282.0,598.221,5.49,87.89,97089.0,2021.0,29582.27
3170503,Urucânia,MG,Minas Gerais,Sudeste,Zona da Mata,Ponte Nova,Juíz de Fora,10600.0,138.792,76.37,88.65,239904.0,2021.0,22632.45
3170529,Urucuia,MG,Minas Gerais,Sudeste,Norte de Minas,Januária,Patos de Minas,17479.0,2076.942,8.42,91.44,193218.0,2021.0,11054.29
3170578,Vargem Alegre,MG,Minas Gerais,Sudeste,Vale do Rio Doce,Caratinga,Ipatinga,5780.0,116.664,49.54,86.28,77359.0,2021.0,13383.91
3170602,Vargem Bonita,MG,Minas Gerais,Sudeste,Oeste de Minas,Piuí,Varginha,2158.0,409.888,5.26,95.15,87624.0,2021.0,40604.26
3170651,Vargem Grande do Rio Pardo,MG,Minas Gerais,Sudeste,Norte de Minas,Salinas,Montes Claros,4633.0,491.512,9.43,80.62,68132.0,2021.0,14705.81
3170701,Varginha,MG,Minas Gerais,Sudeste,Sul/Sudoeste de Minas,Varginha,Varginha,136467.0,395.396,345.14,96.81,8093504.0,2021.0,59307.41
3170750,Varjão de Minas,MG,Minas Gerais,Sudeste,Noroeste de Minas,Paracatu,Patos de Minas,6969.0,651.505,10.7,94.1,316498.0,2021.0,45415.12
3170800,Várzea da Palma,MG,Minas Gerais,Sudeste,Norte de Minas,Pirapora,Montes Claros,33744.0,2220.279,15.2,91.67,1087380.0,2021.0,32224.4
3170909,Varzelândia,MG,Minas Gerais,Sudeste,Norte de Minas,Montes Claros,Montes Claros,18840.0,814.994,23.12,82.13,187195.0,2021.0,9936.04
3171006,Vazante,MG,Minas Gerais,Sudeste,Noroeste de Minas,Paracatu,Patos de Minas,19975.0,1913.396,10.44,95.49,1168800.0,2021.0,58513.14
3171030,Verdelândia,MG,Minas Gerais,Sudeste,Norte de Minas,Montes Claros,Montes Claros,7672.0,1570.582,4.88,83.1,115440.0,2021.0,15046.92
3171071,Veredinha,MG,Minas Gerais,Sudeste,Jequitinhonha,Capelinha,Teófilo Otoni,5181.0,631.692,8.2,83.37,133100.0,2021.0,25690.02
3171105,Veríssimo,MG,Minas Gerais,Sudeste,Triângulo Mineiro/Alto Paranaíba,Uberaba,Uberaba,3411.0,1031.823,3.31,91.35,170416.0,2021.0,49960.72
3171154,Vermelho Novo,MG,Minas Gerais,Sudeste,Zona da Mata,Ponte Nova,Ipatinga,4899.0,115.242,42.51,90.53,64212.0,2021.0,13107.16
3171204,Vespasiano,MG,Minas Gerais,Sudeste,Metropolitana de Belo Horizonte,Belo Horizonte,Belo Horizonte,129246.0,71.04,1819.34,96.42,3019114.0,2021.0,23359.44
3171303,Viçosa,MG,Minas Gerais,Sudeste,Zona da Mata,Viçosa,Juíz de Fora,76430.0,299.418,255.26,95.8,1811350.0,2021.0,23699.46
3171402,Vieiras,MG,Minas Gerais,Sudeste,Zona da Mata,Muriaé,Juíz de Fora,3700.0,112.691,32.83,90.23,53436.0,2021.0,14442.16
3171501,Mathias Lobato,MG,Minas Gerais,Sudeste,Vale do Rio Doce,Governador Valadares,Governador Valadares,3038.0,172.297,17.63,87.17,43983.0,2021.0,14477.62
3171600,Virgem da Lapa,MG,Minas Gerais,Sudeste,Jequitinhonha,Araçuaí,Teófilo Otoni,11804.0,868.914,13.58,85.19,131570.0,2021.0,11146.22
3171709,Virgínia,MG,Minas Gerais,Sudeste,Sul/Sudoeste de Minas,Itajubá,Pouso Alegre,8908.0,326.515,27.28,91.67,180396.0,2021.0,20251.01
3171808,Virginópolis,MG,Minas Gerais,Sudeste,Vale do Rio Doce,Guanhães,Governador Valadares,10314.0,439.878,23.45,91.42,183972.0,2021.0,17837.11
3171907,Virgolândia,MG,Minas Gerais,Sudeste,Vale do Rio Doce,Governador Valadares,Governador Valadares,4552.0,281.022,16.2,83.2,62673.0,2021.0,13768.23
3172004,Visconde do Rio Branco,MG,Minas Gerais,Sudeste,Zona da Mata,Ubá,Juíz de Fora,39160.0,243.351,160.92,94.03,1349239.0,2021.0,34454.52
3172103,Volta Grande,MG,Minas Gerais,Sudeste,Zona da Mata,Cataguases,Juíz de Fora,4443.0,205.552,21.61,92.61,139852.0,2021.0,31476.93
3172202,Wenceslau Braz,MG,Minas Gerais,Sudeste,Sul/Sudoeste de Minas,Itajubá,Pouso Alegre,2356.0,102.487,22.99,93.76,33070.0,2021.0,14036.5
3200102,Afonso Cláudio,ES,Espírito Santo,Sudeste,Central Espírito-santense,Afonso Cláudio,Vitória,30684.0,941.188,32.6,89.79,569778.0,2021.0,18569.22
3200136,Águia Branca,ES,Espírito Santo,Sudeste,Noroeste Espírito-santense,Nova Venécia,Colatina,9711.0,454.448,21.37,91.47,246002.0,2021.0,25332.3
3200169,Água Doce do Norte,ES,Espírito Santo,Sudeste,Noroeste Espírito-santense,Barra de São Francisco,Colatina,12042.0,473.729,25.42,85.29,184400.0,2021.0,15313.07
3200201,Alegre,ES,Espírito Santo,Sudeste,Sul Espírito-santense,Alegre,Cachoeiro do Itapemirim,29177.0,756.86,38.55,91.01,575149.0,2021.0,19712.41
3200300,Alfredo Chaves,ES,Espírito Santo,Sudeste,Central Espírito-santense,Guarapari,Vitória,13836.0,615.677,22.47,94.21,457723.0,2021.0,33082.03
3200359,Alto Rio Novo,ES,Espírito Santo,Sudeste,Noroeste Espírito-santense,Colatina,Colatina,7434.0,227.617,32.66,87.27,113033.0,2021.0,15204.87
3200409,Anchieta,ES,Espírito Santo,Sudeste,Central Espírito-santense,Guarapari,Vitória,29984.0,409.691,73.19,95.6,5764186.0,2021.0,192242.06
3200508,Apiacá,ES,Espírito Santo,Sudeste,Sul Espírito-santense,Cachoeiro de Itapemirim,Cachoeiro do Itapemirim,7223.0,193.984,37.24,90.43,118191.0,2021.0,16363.15
3200607,Aracruz,ES,Espírito Santo,Sudeste,Litoral Norte Espírito-santense,Linhares,São Mateus,94765.0,1420.285,66.72,95.0,5313109.0,2021.0,56066.15
3200706,Atílio Vivácqua,ES,Espírito Santo,Sudeste,Sul Espírito-santense,Cachoeiro de Itapemirim,Cachoeiro do Itapemirim,10540.0,232.868,45.26,92.56,360869.0,2021.0,34238.05
3200805,Baixo Guandu,ES,Espírito Santo,Sudeste,Noroeste Espírito-santense,Colatina,Colatina,30674.0,909.039,33.74,91.39,928258.0,2021.0,30262.05
3200904,Barra de São Francisco,ES,Espírito Santo,Sudeste,Noroeste Espírito-santense,Barra de São Francisco,Colatina,42498.0,944.521,44.99,89.23,1164997.0,2021.0,27412.98
3201001,Boa Esperança,ES,Espírito Santo,Sudeste,Noroeste Espírito-santense,Nova Venécia,São Mateus,13608.0,428.716,31.74,89.32,271046.0,2021.0,19918.14
3201100,Bom Jesus do Norte,ES,Espírito Santo,Sudeste,Sul Espírito-santense,Cachoeiro de Itapemirim,Cachoeiro do Itapemirim,10254.0,89.084,115.1,94.11,186830.0,2021.0,18220.21
3201159,Brejetuba,ES,Espírito Santo,Sudeste,Central Espírito-santense,Afonso Cláudio,Vitória,12985.0,354.404,36.64,85.65,294749.0,2021.0,22699.19
3201209,Cachoeiro de Itapemirim,ES,Espírito Santo,Sudeste,Sul Espírito-santense,Cachoeiro de Itapemirim,Cachoeiro do Itapemirim,185786.0,864.583,214.89,95.74,6146965.0,2021.0,33086.27
3201308,Cariacica,ES,Espírito Santo,Sudeste,Central Espírito-santense,Vitória,Vitória,353491.0,279.718,1263.74,95.47,13698899.0,2021.0,38753.18
3201407,Castelo,ES,Espírito Santo,Sudeste,Sul Espírito-santense,Cachoeiro de Itapemirim,Cachoeiro do Itapemirim,36930.0,663.515,55.66,94.14,1170584.0,2021.0,31697.37
3201506,Colatina,ES,Espírito Santo,Sudeste,Noroeste Espírito-santense,Colatina,Colatina,120033.0,1398.219,85.85,94.76,4378290.0,2021.0,36475.72
3201605,Conceição da Barra,ES,Espírito Santo,Sudeste,Litoral Norte Espírito-santense,São Mateus,São Mateus,27458.0,1182.587,23.22,88.72,607064.0,2021.0,22108.82
3201704,Conceição do Castelo,ES,Espírito Santo,Sudeste,Central Espírito-santense,Afonso Cláudio,Vitória,11937.0,369.778,32.28,92.22,279074.0,2021.0,23378.91
3201803,Divino de São Lourenço,ES,Espírito Santo,Sudeste,Sul Espírito-santense,Alegre,Cachoeiro do Itapemirim,5083.0,174.039,29.21,89.73,82577.0,2021.0,16245.72
3201902,Domingos Martins,ES,Espírito Santo,Sudeste,Central Espírito-santense,Afonso Cláudio,Vitória,35416.0,1229.21,28.81,92.82,957718.0,2021.0,27041.96
3202009,Dores do Rio Preto,ES,Espírito Santo,Sudeste,Sul Espírito-santense,Alegre,Cachoeiro do Itapemirim,6596.0,159.298,41.41,88.73,159784.0,2021.0,24224.38
3202108,Ecoporanga,ES,Espírito Santo,Sudeste,Noroeste Espírito-santense,Barra de São Francisco,Colatina,21992.0,2285.369,9.62,85.84,411088.0,2021.0,18692.62
3202207,Fundão,ES,Espírito Santo,Sudeste,Litoral Norte Espírito-santense,Linhares,Vitória,18014.0,286.854,62.8,93.37,468483.0,2021.0,26006.61
3202256,Governador Lindenberg,ES,Espírito Santo,Sudeste,Noroeste Espírito-santense,Colatina,Colatina,11009.0,360.016,30.58,91.15,334325.0,2021.0,30368.33
3202306,Guaçuí,ES,Espírito Santo,Sudeste,Sul Espírito-santense,Alegre,Cachoeiro do Itapemirim,29358.0,468.185,62.71,91.16,612499.0,2021.0,20863.1
3202405,Guarapari,ES,Espírito Santo,Sudeste,Central Espírito-santense,Guarapari,Vitória,124656.0,589.825,211.34,95.8,2537477.0,2021.0,20355.84
3202454,Ibatiba,ES,Espírito Santo,Sudeste,Sul Espírito-santense,Alegre,Cachoeiro do Itapemirim,25380.0,240.278,105.63,87.91,450083.0,2021.0,17733.77
3202504,Ibiraçu,ES,Espírito Santo,Sudeste,Litoral Norte Espírito-santense,Linhares,São Mateus,11723.0,201.248,58.25,93.6,289513.0,2021.0,24696.15
3202553,Ibitirama,ES,Espírito Santo,Sudeste,Sul Espírito-santense,Alegre,Cachoeiro do Itapemirim,9520.0,330.874,28.77,87.54,171980.0,2021.0,18065.13
3202603,Iconha,ES,Espírito Santo,Sudeste,Central Espírito-santense,Guarapari,Cachoeiro do Itapemirim,12326.0,203.528,60.56,94.44,314849.0,2021.0,25543.49
3202652,Irupi,ES,Espírito Santo,Sudeste,Sul Espírito-santense,Alegre,Cachoeiro do Itapemirim,13710.0,184.807,74.19,89.06,236221.0,2021.0,17229.83
3202702,Itaguaçu,ES,Espírito Santo,Sudeste,Central Espírito-santense,Santa Teresa,Colatina,13589.0,535.021,25.4,91.58,325864.0,2021.0,23979.98
3202801,Itapemirim,ES,Espírito Santo,Sudeste,Sul Espírito-santense,Itapemirim,Cachoeiro do Itapemirim,39832.0,550.71,72.33,92.06,5744177.0,2021.0,144210.11
3202900,Itarana,ES,Espírito Santo,Sudeste,Central Espírito-santense,Santa Teresa,Vitória,10597.0,295.189,35.9,92.61,266025.0,2021.0,25103.8
3203007,Iúna,ES,Espírito Santo,Sudeste,Sul Espírito-santense,Alegre,Cachoeiro do Itapemirim,28590.0,460.586,62.07,90.31,538442.0,2021.0,18833.23
3203056,Jaguaré,ES,Espírito Santo,Sudeste,Litoral Norte Espírito-santense,São Mateus,São Mateus,28931.0,659.751,43.85,90.08,963633.0,2021.0,33307.97
3203106,Jerônimo Monteiro,ES,Espírito Santo,Sudeste,Sul Espírito-santense,Cachoeiro de Itapemirim,Cachoeiro do Itapemirim,11575.0,177.342,65.27,91.26,172122.0,2021.0,14870.15
3203130,João Neiva,ES,Espírito Santo,Sudeste,Litoral Norte Espírito-santense,Linhares,São Mateus,14079.0,284.735,49.45,93.27,646257.0,2021.0,45902.19
3203163,Laranja da Terra,ES,Espírito Santo,Sudeste,Central Espírito-santense,Afonso Cláudio,Vitória,11094.0,458.37,24.2,89.32,187686.0,2021.0,16917.79
3203205,Linhares,ES,Espírito Santo,Sudeste,Litoral Norte Espírito-santense,Linhares,São Mateus,166786.0,3496.263,47.7,94.12,8036037.0,2021.0,48181.72
3203304,Mantenópolis,ES,Espírito Santo,Sudeste,Noroeste Espírito-santense,Barra de São Francisco,Colatina,12770.0,321.418,39.73,86.15,203073.0,2021.0,15902.35
3203320,Marataízes,ES,Espírito Santo,Sudeste,Sul Espírito-santense,Itapemirim,Cachoeiro do Itapemirim,41929.0,130.268,321.87,92.86,6659691.0,2021.0,158832.57
3203346,Marechal Floriano,ES,Espírito Santo,Sudeste,Central Espírito-santense,Afonso Cláudio,Vitória,17641.0,285.495,61.79,93.93,516900.0,2021.0,29301.06
3203353,Marilândia,ES,Espírito Santo,Sudeste,Noroeste Espírito-santense,Colatina,Colatina,12387.0,327.642,37.81,91.46,312890.0,2021.0,25259.55
3203403,Mimoso do Sul,ES,Espírito Santo,Sudeste,Sul Espírito-santense,Cachoeiro de Itapemirim,Cachoeiro do Itapemirim,24475.0,869.439,28.15,90.67,607403.0,2021.0,24817.28
3203502,Montanha,ES,Espírito Santo,Sudeste,Litoral Norte Espírito-santense,Montanha,São Mateus,18900.0,1099.06,17.2,87.58,410502.0,2021.0,21719.68
3203601,Mucurici,ES,Espírito Santo,Sudeste,Litoral Norte Espírito-santense,Montanha,São Mateus,5466.0,540.529,10.11,84.97,96748.0,2021.0,17699.96
3203700,Muniz Freire,ES,Espírito Santo,Sudeste,Sul Espírito-santense,Alegre,Cachoeiro do Itapemirim,18153.0,678.804,26.74,88.13,383337.0,2021.0,21117.01
3203809,Muqui,ES,Espírito Santo,Sudeste,Sul Espírito-santense,Cachoeiro de Itapemirim,Cachoeiro do Itapemirim,13745.0,327.268,42.0,91.91,234318.0,2021.0,17047.51
3203908,Nova Venécia,ES,Espírito Santo,Sudeste,Noroeste Espírito-santense,Nova Venécia,Colatina,49065.0,1439.571,34.08,92.31,1339629.0,2021.0,27303.15
3204005,Pancas,ES,Espírito Santo,Sudeste,Noroeste Espírito-santense,Colatina,Colatina,18893.0,837.842,22.55,87.26,358499.0,2021.0,18975.23
3204054,Pedro Canário,ES,Espírito Santo,Sudeste,Litoral Norte Espírito-santense,São Mateus,São Mateus,21522.0,433.453,49.65,87.05,401435.0,2021.0,18652.31
3204104,Pinheiros,ES,Espírito Santo,Sudeste,Litoral Norte Espírito-santense,Montanha,São Mateus,23915.0,973.136,24.58,88.22,861689.0,2021.0,36031.32
3204203,Piúma,ES,Espírito Santo,Sudeste,Central Espírito-santense,Guarapari,Vitória,22300.0,74.046,301.16,95.45,876048.0,2021.0,39284.66
3204252,Ponto Belo,ES,Espírito Santo,Sudeste,Litoral Norte Espírito-santense,Montanha,São Mateus,6497.0,360.11,18.04,86.78,107547.0,2021.0,16553.33
3204302,Presidente Kennedy,ES,Espírito Santo,Sudeste,Sul Espírito-santense,Itapemirim,Cachoeiro do Itapemirim,13696.0,594.897,23.02,87.37,6811823.0,2021.0,497358.57
3204351,Rio Bananal,ES,Espírito Santo,Sudeste,Litoral Norte Espírito-santense,Linhares,São Mateus,19274.0,641.929,30.03,91.4,525681.0,2021.0,27274.1
3204401,Rio Novo do Sul,ES,Espírito Santo,Sudeste,Central Espírito-santense,Guarapari,Cachoeiro do Itapemirim,11069.0,204.464,54.14,93.14,229881.0,2021.0,20768.0
3204500,Santa Leopoldina,ES,Espírito Santo,Sudeste,Central Espírito-santense,Santa Teresa,Vitória,13106.0,718.325,18.25,90.2,330157.0,2021.0,25191.29
3204559,Santa Maria de Jetibá,ES,Espírito Santo,Sudeste,Central Espírito-santense,Santa Teresa,Vitória,41636.0,735.198,56.63,93.01,1631412.0,2021.0,39182.73
3204609,Santa Teresa,ES,Espírito Santo,Sudeste,Central Espírito-santense,Santa Teresa,Vitória,22808.0,683.032,33.39,94.37,577198.0,2021.0,25306.82
3204658,São Domingos do Norte,ES,Espírito Santo,Sudeste,Noroeste Espírito-santense,Colatina,Colatina,8589.0,298.58,28.77,92.32,331338.0,2021.0,38577.02
3204708,São Gabriel da Palha,ES,Espírito Santo,Sudeste,Noroeste Espírito-santense,Nova Venécia,Colatina,32252.0,434.887,74.16,93.29,762078.0,2021.0,23628.86
3204807,São José do Calçado,ES,Espírito Santo,Sudeste,Sul Espírito-santense,Cachoeiro de Itapemirim,Cachoeiro do Itapemirim,10878.0,273.489,39.77,90.1,203594.0,2021.0,18716.12
3204906,São Mateus,ES,Espírito Santo,Sudeste,Litoral Norte Espírito-santense,São Mateus,São Mateus,123752.0,2346.049,52.75,92.78,2947650.0,2021.0,23819.01
3204955,São Roque do Canaã,ES,Espírito Santo,Sudeste,Central Espírito-santense,Santa Teresa,Colatina,10886.0,341.944,31.84,92.23,228985.0,2021.0,21034.82
3205002,Serra,ES,Espírito Santo,Sudeste,Central Espírito-santense,Vitória,Vitória,520653.0,547.631,950.74,96.12,37279144.0,2021.0,71600.75
3205010,Sooretama,ES,Espírito Santo,Sudeste,Litoral Norte Espírito-santense,Linhares,São Mateus,26502.0,587.036,45.15,89.57,667554.0,2021.0,25188.82
3205036,Vargem Alta,ES,Espírito Santo,Sudeste,Sul Espírito-santense,Cachoeiro de Itapemirim,Cachoeiro do Itapemirim,19563.0,417.76,46.83,93.19,430103.0,2021.0,21985.53
3205069,Venda Nova do Imigrante,ES,Espírito Santo,Sudeste,Central Espírito-santense,Afonso Cláudio,Vitória,23831.0,185.909,128.19,94.67,702150.0,2021.0,29463.72
3205101,Viana,ES,Espírito Santo,Sudeste,Central Espírito-santense,Vitória,Vitória,73423.0,312.279,235.12,94.41,4227430.0,2021.0,57576.37
3205150,Vila Pavão,ES,Espírito Santo,Sudeste,Noroeste Espírito-santense,Nova Venécia,Colatina,8911.0,433.257,20.57,90.88,180641.0,2021.0,20271.69
3205176,Vila Valério,ES,Espírito Santo,Sudeste,Noroeste Espírito-santense,Nova Venécia,Colatina,13728.0,470.343,29.19,91.48,434064.0,2021.0,31618.88
3205200,Vila Velha,ES,Espírito Santo,Sudeste,Central Espírito-santense,Vitória,Vitória,467722.0,210.225,2224.86,97.44,16305901.0,2021.0,34862.38
3205309,Vitória,ES,Espírito Santo,Sudeste,Central Espírito-santense,Vitória,Vitória,322869.0,97.123,3324.33,97.76,31423978.0,2021.0,97327.33
3300100,Angra dos Reis,RJ,Rio de Janeiro,Sudeste,Sul Fluminense,Baía da Ilha Grande,Rio de Janeiro,167434.0,813.42,205.84,95.58,11194157.0,2021.0,66857.13
3300159,Aperibé,RJ,Rio de Janeiro,Sudeste,Noroeste Fluminense,Santo Antônio de Pádua,Campos dos Goytacazes,11034.0,94.542,116.71,93.66,249119.0,2021.0,22577.4
3300209,Araruama,RJ,Rio de Janeiro,Sudeste,Baixadas,Lagos,Macaé - Rio das Ostras - Cabo Frio,129671.0,638.276,203.16,95.33,4234217.0,2021.0,32653.54
3300225,Areal,RJ,Rio de Janeiro,Sudeste,Centro Fluminense,Três Rios,Petrópolis,11828.0,110.724,106.82,94.51,427436.0,2021.0,36137.64
3300233,Armação dos Búzios,RJ,Rio de Janeiro,Sudeste,Baixadas,Lagos,Macaé - Rio das Ostras - Cabo Frio,40006.0,70.977,563.65,97.21,2970297.0,2021.0,74246.29
3300258,Arraial do Cabo,RJ,Rio de Janeiro,Sudeste,Baixadas,Lagos,Macaé - Rio das Ostras - Cabo Frio,30986.0,152.106,203.71,96.82,2705450.0,2021.0,87312.01
3300308,Barra do Piraí,RJ,Rio de Janeiro,Sudeste,Sul Fluminense,Barra do Piraí,Volta Redonda - Barra Mansa,92883.0,584.61,158.88,96.41,2713890.0,2021.0,29218.37
3300407,Barra Mansa,RJ,Rio de Janeiro,Sudeste,Sul Fluminense,Vale do Paraíba Fluminense,Volta Redonda - Barra Mansa,169894.0,547.133,310.52,96.95,6449270.0,2021.0,37960.55
3300456,Belford Roxo,RJ,Rio de Janeiro,Sudeste,Metropolitana do Rio de Janeiro,Rio de Janeiro,Rio de Janeiro,483087.0,78.985,6116.19,96.4,8839736.0,2021.0,18298.43
3300506,Bom Jardim,RJ,Rio de Janeiro,Sudeste,Centro Fluminense,Nova Friburgo,Petrópolis,28102.0,382.43,73.48,92.0,887295.0,2021.0,31574.09
3300605,Bom Jesus do Itabapoana,RJ,Rio de Janeiro,Sudeste,Noroeste Fluminense,Itaperuna,Campos dos Goytacazes,35173.0,596.659,58.95,92.73,908156.0,2021.0,25819.69
3300704,Cabo Frio,RJ,Rio de Janeiro,Sudeste,Baixadas,Lagos,Macaé - Rio das Ostras - Cabo Frio,222161.0,413.449,537.34,96.66,12359509.0,2021.0,55633.12
3300803,Cachoeiras de Macacu,RJ,Rio de Janeiro,Sudeste,Metropolitana do Rio de Janeiro,Macacu-Caceribu,Rio de Janeiro,56943.0,954.749,59.64,93.85,1305498.0,2021.0,22926.4
3300902,Cambuci,RJ,Rio de Janeiro,Sudeste,Noroeste Fluminense,Santo Antônio de Pádua,Campos dos Goytacazes,14616.0,558.281,26.18,90.64,399847.0,2021.0,27356.8
3300936,Carapebus,RJ,Rio de Janeiro,Sudeste,Norte Fluminense,Macaé,Macaé - Rio das Ostras - Cabo Frio,13847.0,304.885,45.42,93.71,726756.0,2021.0,52484.73
3300951,Comendador Levy Gasparian,RJ,Rio de Janeiro,Sudeste,Centro Fluminense,Três Rios,Petrópolis,8741.0,108.639,80.46,95.38,603969.0,2021.0,69096.1
3301009,Campos dos Goytacazes,RJ,Rio de Janeiro,Sudeste,Norte Fluminense,Campos dos Goytacazes,Campos dos Goytacazes,483540.0,4032.487,119.91,95.06,37179716.0,2021.0,76890.67
3301108,Cantagalo,RJ,Rio de Janeiro,Sudeste,Centro Fluminense,Cantagalo-Cordeiro,Petrópolis,19390.0,747.21,25.95,93.11,841413.0,2021.0,43394.17
3301157,Cardoso Moreira,RJ,Rio de Janeiro,Sudeste,Norte Fluminense,Campos dos Goytacazes,Campos dos Goytacazes,12958.0,522.596,24.8,89.01,395476.0,2021.0,30519.83
3301207,Carmo,RJ,Rio de Janeiro,Sudeste,Centro Fluminense,Cantagalo-Cordeiro,Petrópolis,17198.0,305.749,56.25,93.78,561273.0,2021.0,32635.95
3301306,Casimiro de Abreu,RJ,Rio de Janeiro,Sudeste,Baixadas,Bacia de São João,Macaé - Rio das Ostras - Cabo Frio,46110.0,462.918,99.61,95.57,2352145.0,2021.0,51011.6
3301405,Conceição de Macabu,RJ,Rio de Janeiro,Sudeste,Norte Fluminense,Macaé,Macaé - Rio das Ostras - Cabo Frio,21104.0,338.26,62.39,92.45,434135.0,2021.0,20571.22
3301504,Cordeiro,RJ,Rio de Janeiro,Sudeste,Centro Fluminense,Cantagalo-Cordeiro,Petrópolis,20783.0,113.048,183.84,95.73,456168.0,2021.0,21949.09
3301603,Duas Barras,RJ,Rio de Janeiro,Sudeste,Centro Fluminense,Nova Friburgo,Petrópolis,10980.0,379.619,28.92,89.58,249214.0,2021.0,22697.09
3301702,Duque de Caxias,RJ,Rio de Janeiro,Sudeste,Metropolitana do Rio de Janeiro,Rio de Janeiro,Rio de Janeiro,808161.0,467.319,1729.36,96.23,53136504.0,2021.0,65749.9
3301801,Engenheiro Paulo de Frontin,RJ,Rio de Janeiro,Sudeste,Metropolitana do Rio de Janeiro,Vassouras,Volta Redonda - Barra Mansa,12242.0,139.381,87.83,94.98,406735.0,2021.0,33224.55
3301850,Guapimirim,RJ,Rio de Janeiro,Sudeste,Metropolitana do Rio de Janeiro,Rio de Janeiro,Rio de Janeiro,51696.0,358.443,144.22,95.21,1363992.0,2021.0,26384.87
3301876,Iguaba Grande,RJ,Rio de Janeiro,Sudeste,Baixadas,Lagos,Macaé - Rio das Ostras - Cabo Frio,27920.0,50.977,547.7,96.84,631393.0,2021.0,22614.36
3301900,Itaboraí,RJ,Rio de Janeiro,Sudeste,Metropolitana do Rio de Janeiro,Rio de Janeiro,Rio de Janeiro,224267.0,429.961,521.6,94.85,5640678.0,2021.0,25151.62
3302007,Itaguaí,RJ,Rio de Janeiro,Sudeste,Metropolitana do Rio de Janeiro,Itaguaí,Rio de Janeiro,116841.0,282.606,413.44,95.84,10502682.0,2021.0,89888.67
3302056,Italva,RJ,Rio de Janeiro,Sudeste,Noroeste Fluminense,Itaperuna,Campos dos Goytacazes,14073.0,291.193,48.33,91.11,418759.0,2021.0,29756.2
3302106,Itaocara,RJ,Rio de Janeiro,Sudeste,Noroeste Fluminense,Santo Antônio de Pádua,Campos dos Goytacazes,22919.0,433.182,52.91,92.26,635888.0,2021.0,27745.02
3302205,Itaperuna,RJ,Rio de Janeiro,Sudeste,Noroeste Fluminense,Itaperuna,Campos dos Goytacazes,101041.0,1106.694,91.3,94.01,3394940.0,2021.0,33599.63
3302254,Itatiaia,RJ,Rio de Janeiro,Sudeste,Sul Fluminense,Vale do Paraíba Fluminense,Volta Redonda - Barra Mansa,30908.0,241.035,128.23,95.81,6893408.0,2021.0,223029.9
3302270,Japeri,RJ,Rio de Janeiro,Sudeste,Metropolitana do Rio de Janeiro,Rio de Janeiro,Rio de Janeiro,96289.0,81.697,1178.61,94.42,1530183.0,2021.0,15891.57
3302304,Laje do Muriaé,RJ,Rio de Janeiro,Sudeste,Noroeste Fluminense,Itaperuna,Campos dos Goytacazes,7336.0,253.53,28.94,91.22,184160.0,2021.0,25103.6
3302403,Macaé,RJ,Rio de Janeiro,Sudeste,Norte Fluminense,Macaé,Macaé - Rio das Ostras - Cabo Frio,246391.0,1216.989,202.46,96.55,17746787.0,2021.0,72026.93
3302452,Macuco,RJ,Rio de Janeiro,Sudeste,Centro Fluminense,Cantagalo-Cordeiro,Petrópolis,5415.0,78.364,69.1,94.28,214870.0,2021.0,39680.52
3302502,Magé,RJ,Rio de Janeiro,Sudeste,Metropolitana do Rio de Janeiro,Rio de Janeiro,Rio de Janeiro,228127.0,390.775,583.78,95.52,4765781.0,2021.0,20890.91
3302601,Mangaratiba,RJ,Rio de Janeiro,Sudeste,Metropolitana do Rio de Janeiro,Itaguaí,Rio de Janeiro,41220.0,367.606,112.13,96.59,3211861.0,2021.0,77919.97
3302700,Maricá,RJ,Rio de Janeiro,Sudeste,Metropolitana do Rio de Janeiro,Rio de Janeiro,Rio de Janeiro,197277.0,361.572,545.61,97.34,85814188.0,2021.0,434993.37
3302809,Mendes,RJ,Rio de Janeiro,Sudeste,Metropolitana do Rio de Janeiro,Vassouras,Volta Redonda - Barra Mansa,17502.0,95.324,183.61,96.66,357688.0,2021.0,20436.98
3302858,Mesquita,RJ,Rio de Janeiro,Sudeste,Metropolitana do Rio de Janeiro,Rio de Janeiro,Rio de Janeiro,167127.0,41.169,4059.54,97.63,2619212.0,2021.0,15671.99
3302908,Miguel Pereira,RJ,Rio de Janeiro,Sudeste,Metropolitana do Rio de Janeiro,Vassouras,Volta Redonda - Barra Mansa,26582.0,287.933,92.32,95.93,632498.0,2021.0,23794.22
3303005,Miracema,RJ,Rio de Janeiro,Sudeste,Noroeste Fluminense,Santo Antônio de Pádua,Campos dos Goytacazes,26881.0,303.27,88.64,92.69,662180.0,2021.0,24633.76
3303104,Natividade,RJ,Rio de Janeiro,Sudeste,Noroeste Fluminense,Itaperuna,Campos dos Goytacazes,15074.0,387.073,38.94,92.78,324261.0,2021.0,21511.28
3303203,Nilópolis,RJ,Rio de Janeiro,Sudeste,Metropolitana do Rio de Janeiro,Rio de Janeiro,Rio de Janeiro,146774.0,19.393,7568.4,98.08,3059459.0,2021.0,20844.69
3303302,Niterói,RJ,Rio de Janeiro,Sudeste,Metropolitana do Rio de Janeiro,Rio de Janeiro,Rio de Janeiro,481749.0,133.757,3601.67,98.23,66345488.0,2021.0,137717.96
3303401,Nova Friburgo,RJ,Rio de Janeiro,Sudeste,Centro Fluminense,Nova Friburgo,Petrópolis,189939.0,935.429,203.05,96.39,6324877.0,2021.0,33299.52
3303500,Nova Iguaçu,RJ,Rio de Janeiro,Sudeste,Metropolitana do Rio de Janeiro,Rio de Janeiro,Rio de Janeiro,785867.0,520.581,1509.6,96.35,17794452.0,2021.0,22643.08
3303609,Paracambi,RJ,Rio de Janeiro,Sudeste,Metropolitana do Rio de Janeiro,Vassouras,Rio de Janeiro,41375.0,190.949,216.68,96.55,1162875.0,2021.0,28105.74
3303708,Paraíba do Sul,RJ,Rio de Janeiro,Sudeste,Centro Fluminense,Três Rios,Petrópolis,42063.0,571.118,73.65,95.33,1253017.0,2021.0,29789.05
3303807,Paraty,RJ,Rio de Janeiro,Sudeste,Sul Fluminense,Baía da Ilha Grande,Rio de Janeiro,45243.0,924.296,48.95,95.29,1955280.0,2021.0,43217.29
3303856,Paty do Alferes,RJ,Rio de Janeiro,Sudeste,Metropolitana do Rio de Janeiro,Vassouras,Volta Redonda - Barra Mansa,29619.0,314.341,94.23,91.21,684851.0,2021.0,23122.02
3303906,Petrópolis,RJ,Rio de Janeiro,Sudeste,Metropolitana do Rio de Janeiro,Serrana,Petrópolis,278881.0,791.144,352.5,97.05,15665370.0,2021.0,56172.24
3303955,Pinheiral,RJ,Rio de Janeiro,Sudeste,Sul Fluminense,Vale do Paraíba Fluminense,Volta Redonda - Barra Mansa,24298.0,82.254,295.4,96.34,1452638.0,2021.0,59784.26
3304003,Piraí,RJ,Rio de Janeiro,Sudeste,Sul Fluminense,Vale do Paraíba Fluminense,Volta Redonda - Barra Mansa,27474.0,490.255,56.04,94.33,2449973.0,2021.0,89174.24
3304102,Porciúncula,RJ,Rio de Janeiro,Sudeste,Noroeste Fluminense,Itaperuna,Campos dos Goytacazes,17288.0,291.847,59.24,91.47,415943.0,2021.0,24059.64
3304110,Porto Real,RJ,Rio de Janeiro,Sudeste,Sul Fluminense,Vale do Paraíba Fluminense,Volta Redonda - Barra Mansa,20373.0,50.892,400.32,95.88,4245725.0,2021.0,208399.6
3304128,Quatis,RJ,Rio de Janeiro,Sudeste,Sul Fluminense,Vale do Paraíba Fluminense,Volta Redonda - Barra Mansa,13682.0,284.826,48.04,94.87,305010.0,2021.0,22292.79
3304144,Queimados,RJ,Rio de Janeiro,Sudeste,Metropolitana do Rio de Janeiro,Rio de Janeiro,Rio de Janeiro,140523.0,75.927,1850.76,96.24,4361684.0,2021.0,31038.93
3304151,Quissamã,RJ,Rio de Janeiro,Sudeste,Norte Fluminense,Macaé,Macaé - Rio das Ostras - Cabo Frio,22393.0,719.643,31.12,92.61,5996886.0,2021.0,267801.81
3304201,Resende,RJ,Rio de Janeiro,Sudeste,Sul Fluminense,Vale do Paraíba Fluminense,Volta Redonda - Barra Mansa,129612.0,1099.336,117.9,96.76,10754357.0,2021.0,82973.47
3304300,Rio Bonito,RJ,Rio de Janeiro,Sudeste,Metropolitana do Rio de Janeiro,Macacu-Caceribu,Rio de Janeiro,56276.0,459.458,122.48,94.78,1831391.0,2021.0,32543.02
3304409,Rio Claro,RJ,Rio de Janeiro,Sudeste,Sul Fluminense,Vale do Paraíba Fluminense,Volta Redonda - Barra Mansa,17401.0,846.797,20.55,91.59,435959.0,2021.0,25053.68
3304508,Rio das Flores,RJ,Rio de Janeiro,Sudeste,Sul Fluminense,Barra do Piraí,Volta Redonda - Barra Mansa,8954.0,478.783,18.7,92.47,294384.0,2021.0,32877.37
3304524,Rio das Ostras,RJ,Rio de Janeiro,Sudeste,Baixadas,Bacia de São João,Macaé - Rio das Ostras - Cabo Frio,156491.0,228.044,686.23,97.36,8948996.0,2021.0,57185.37
3304557,Rio de Janeiro,RJ,Rio de Janeiro,Sudeste,Metropolitana do Rio de Janeiro,Rio de Janeiro,Rio de Janeiro,6211223.0,1200.329,5174.6,97.67,359632648.0,2021.0,57900.46
3304607,Santa Maria Madalena,RJ,Rio de Janeiro,Sudeste,Centro Fluminense,Santa Maria Madalena,Petrópolis,10232.0,810.963,12.62,89.66,234575.0,2021.0,22925.63
3304706,Santo Antônio de Pádua,RJ,Rio de Janeiro,Sudeste,Noroeste Fluminense,Santo Antônio de Pádua,Campos dos Goytacazes,41325.0,603.633,68.46,93.09,1284632.0,2021.0,31086.07
3304755,São Francisco de Itabapoana,RJ,Rio de Janeiro,Sudeste,Norte Fluminense,Campos dos Goytacazes,Campos dos Goytacazes,45059.0,1118.037,40.3,86.7,1184513.0,2021.0,26288.04
3304805,São Fidélis,RJ,Rio de Janeiro,Sudeste,Norte Fluminense,Campos dos Goytacazes,Campos dos Goytacazes,38961.0,1034.833,37.65,92.18,845178.0,2021.0,21692.92
3304904,São Gonçalo,RJ,Rio de Janeiro,Sudeste,Metropolitana do Rio de Janeiro,Rio de Janeiro,Rio de Janeiro,896744.0,248.16,3613.57,96.98,20324752.0,2021.0,22665.05
3305000,São João da Barra,RJ,Rio de Janeiro,Sudeste,Norte Fluminense,Campos dos Goytacazes,Campos dos Goytacazes,36573.0,452.396,80.84,94.31,9886849.0,2021.0,270331.91
3305109,São João de Meriti,RJ,Rio de Janeiro,Sudeste,Metropolitana do Rio de Janeiro,Rio de Janeiro,Rio de Janeiro,440962.0,35.216,12521.64,97.62,8963716.0,2021.0,20327.64
3305133,São José de Ubá,RJ,Rio de Janeiro,Sudeste,Noroeste Fluminense,Santo Antônio de Pádua,Campos dos Goytacazes,7070.0,249.688,28.32,89.86,196857.0,2021.0,27843.99
3305158,São José do Vale do Rio Preto,RJ,Rio de Janeiro,Sudeste,Metropolitana do Rio de Janeiro,Serrana,Petrópolis,22080.0,220.178,100.28,93.61,744334.0,2021.0,33710.78
3305208,São Pedro da Aldeia,RJ,Rio de Janeiro,Sudeste,Baixadas,Lagos,Macaé - Rio das Ostras - Cabo Frio,104029.0,332.488,312.88,96.09,2743637.0,2021.0,26373.77
3305307,São Sebastião do Alto,RJ,Rio de Janeiro,Sudeste,Centro Fluminense,Santa Maria Madalena,Petrópolis,7750.0,397.214,19.51,89.02,241281.0,2021.0,31133.03
3305406,Sapucaia,RJ,Rio de Janeiro,Sudeste,Centro Fluminense,Três Rios,Petrópolis,17729.0,540.673,32.79,91.83,1000567.0,2021.0,56436.74
3305505,Saquarema,RJ,Rio de Janeiro,Sudeste,Baixadas,Lagos,Rio de Janeiro,89559.0,352.13,254.34,95.73,42178159.0,2021.0,470953.89
3305554,Seropédica,RJ,Rio de Janeiro,Sudeste,Metropolitana do Rio de Janeiro,Itaguaí,Rio de Janeiro,80596.0,265.189,303.92,95.33,4777005.0,2021.0,59270.99
3305604,Silva Jardim,RJ,Rio de Janeiro,Sudeste,Baixadas,Bacia de São João,Rio de Janeiro,21352.0,937.755,22.77,90.44,602627.0,2021.0,28223.45
3305703,Sumidouro,RJ,Rio de Janeiro,Sudeste,Centro Fluminense,Nova Friburgo,Petrópolis,15206.0,413.407,36.78,88.25,600250.0,2021.0,39474.55
3305752,Tanguá,RJ,Rio de Janeiro,Sudeste,Metropolitana do Rio de Janeiro,Rio de Janeiro,Rio de Janeiro,31086.0,143.007,217.37,93.66,694534.0,2021.0,22342.34
3305802,Teresópolis,RJ,Rio de Janeiro,Sudeste,Metropolitana do Rio de Janeiro,Serrana,Petrópolis,165123.0,773.338,213.52,95.07,5923899.0,2021.0,35875.67
3305901,Trajano de Moraes,RJ,Rio de Janeiro,Sudeste,Centro Fluminense,Santa Maria Madalena,Petrópolis,10302.0,591.151,17.43,89.02,242013.0,2021.0,23491.85
3306008,Três Rios,RJ,Rio de Janeiro,Sudeste,Centro Fluminense,Três Rios,Petrópolis,78346.0,322.843,242.68,96.53,6348140.0,2021.0,81026.98
3306107,Valença,RJ,Rio de Janeiro,Sudeste,Sul Fluminense,Barra do Piraí,Volta Redonda - Barra Mansa,68088.0,1300.767,52.34,95.31,3122592.0,2021.0,45861.12
3306156,Varre-Sai,RJ,Rio de Janeiro,Sudeste,Noroeste Fluminense,Itaperuna,Campos dos Goytacazes,10207.0,201.938,50.55,89.76,264149.0,2021.0,25879.2
3306206,Vassouras,RJ,Rio de Janeiro,Sudeste,Metropolitana do Rio de Janeiro,Vassouras,Volta Redonda - Barra Mansa,33976.0,536.073,63.38,94.54,1321254.0,2021.0,38887.86
3306305,Volta Redonda,RJ,Rio de Janeiro,Sudeste,Sul Fluminense,Vale do Paraíba Fluminense,Volta Redonda - Barra Mansa,261563.0,182.105,1436.33,97.63,19671203.0,2021.0,75206.37
3500105,Adamantina,SP,São Paulo,Sudeste,Presidente Prudente,Adamantina,Presidente Prudente,34687.0,411.987,84.19,96.49,1370866.0,2021.0,39521.03
3500204,Adolfo,SP,São Paulo,Sudeste,São José do Rio Preto,São José do Rio Preto,São José do Rio Preto,4351.0,211.055,20.62,93.22,115490.0,2021.0,26543.32
3500303,Aguaí,SP,São Paulo,Sudeste,Campinas,Pirassununga,Campinas,32072.0,474.554,67.58,95.03,1314737.0,2021.0,40993.3
3500402,Águas da Prata,SP,São Paulo,Sudeste,Campinas,São João da Boa Vista,Campinas,7369.0,142.673,51.65,96.85,209004.0,2021.0,28362.6
3500501,Águas de Lindóia,SP,São Paulo,Sudeste,Campinas,Amparo,Campinas,17930.0,60.126,298.21,96.41,585604.0,2021.0,32660.57
3500550,Águas de Santa Bárbara,SP,São Paulo,Sudeste,Bauru,Avaré,Sorocaba,7177.0,404.463,17.74,95.64,217296.0,2021.0,30276.72
3500600,Águas de São Pedro,SP,São Paulo,Sudeste,Piracicaba,Piracicaba,Campinas,2780.0,3.612,769.66,98.76,147855.0,2021.0,53185.25
3500709,Agudos,SP,São Paulo,Sudeste,Bauru,Bauru,Bauru,37680.0,966.708,38.98,96.19,2638623.0,2021.0,70027.15
3500758,Alambari,SP,São Paulo,Sudeste,Itapetininga,Itapetininga,Sorocaba,6141.0,159.6,38.48,95.41,129390.0,2021.0,21069.86
3500808,Alfredo Marcondes,SP,São Paulo,Sudeste,Presidente Prudente,Presidente Prudente,Presidente Prudente,4445.0,118.915,37.38,94.64,120355.0,2021.0,27076.49
3500907,Altair,SP,São Paulo,Sudeste,São José do Rio Preto,São José do Rio Preto,São José do Rio Preto,3451.0,313.007,11.03,92.55,112274.0,2021.0,32533.76
3501004,Altinópolis,SP,São Paulo,Sudeste,Ribeirão Preto,Batatais,Ribeirão Preto,16818.0,928.956,18.1,94.99,833396.0,2021.0,49553.81
3501103,Alto Alegre,SP,São Paulo,Sudeste,Araçatuba,Birigui,Araçatuba,3841.0,318.574,12.06,94.27,113585.0,2021.0,29571.73
3501152,Alumínio,SP,São Paulo,Sudeste,Macro Metropolitana Paulista,Sorocaba,Sorocaba,17301.0,83.619,206.9,96.2,3982313.0,2021.0,230178.2
3501202,Álvares Florence,SP,São Paulo,Sudeste,São José do Rio Preto,Votuporanga,São José do Rio Preto,3915.0,362.411,10.8,93.51,124351.0,2021.0,31762.71
3501301,Álvares Machado,SP,São Paulo,Sudeste,Presidente Prudente,Presidente Prudente,Presidente Prudente,27255.0,347.647,78.4,95.77,709876.0,2021.0,26045.72
3501400,Álvaro de Carvalho,SP,São Paulo,Sudeste,Marília,Marília,Marília,4808.0,153.662,31.29,93.29,58586.0,2021.0,12185.11
3501509,Alvinlândia,SP,São Paulo,Sudeste,Marília,Marília,Marília,2885.0,84.879,33.99,92.71,58405.0,2021.0,20244.37
3501608,Americana,SP,São Paulo,Sudeste,Campinas,Campinas,Campinas,237240.0,133.912,1771.61,98.33,15217280.0,2021.0,64142.98
3501707,Américo Brasiliense,SP,São Paulo,Sudeste,Araraquara,Araraquara,Araraquara,33019.0,122.958,268.54,94.5,1230444.0,2021.0,37264.73
3501806,Américo de Campos,SP,São Paulo,Sudeste,São José do Rio Preto,Votuporanga,São José do Rio Preto,5870.0,252.876,23.21,95.45,126802.0,2021.0,21601.7
3501905,Amparo,SP,São Paulo,Sudeste,Campinas,Amparo,Campinas,68008.0,445.323,152.72,96.78,5152156.0,2021.0,75758.09
3502002,Analândia,SP,São Paulo,Sudeste,Araraquara,São Carlos,Campinas,4589.0,325.953,14.08,95.55,208314.0,2021.0,45394.2
3502101,Andradina,SP,São Paulo,Sudeste,Araçatuba,Andradina,Araçatuba,59783.0,964.226,62.0,96.26,2845285.0,2021.0,47593.55
3502200,Angatuba,SP,São Paulo,Sudeste,Itapetininga,Itapetininga,Sorocaba,24022.0,1027.288,23.38,95.85,1474152.0,2021.0,61366.75
3502309,Anhembi,SP,São Paulo,Sudeste,Bauru,Botucatu,Bauru,5674.0,736.557,7.7,94.36,169558.0,2021.0,29883.33
3502408,Anhumas,SP,São Paulo,Sudeste,Presidente Prudente,Presidente Prudente,Presidente Prudente,4023.0,320.84,12.54,94.36,105621.0,2021.0,26254.29
3502507,Aparecida,SP,São Paulo,Sudeste,Vale do Paraíba Paulista,Guaratinguetá,São José dos Campos,32569.0,120.89,269.41,97.03,1041067.0,2021.0,31964.97
3502606,Aparecida d'Oeste,SP,São Paulo,Sudeste,São José do Rio Preto,Jales,São José do Rio Preto,4086.0,179.004,22.83,91.79,151540.0,2021.0,37087.62
3502705,Apiaí,SP,São Paulo,Sudeste,Itapetininga,Capão Bonito,Sorocaba,24585.0,974.322,25.23,94.01,897713.0,2021.0,36514.66
3502754,Araçariguama,SP,São Paulo,Sudeste,Macro Metropolitana Paulista,Sorocaba,Sorocaba,21522.0,145.204,148.22,94.93,4814504.0,2021.0,223701.51
3502804,Araçatuba,SP,São Paulo,Sudeste,Araçatuba,Araçatuba,Araçatuba,200124.0,1167.126,171.47,97.4,9017953.0,2021.0,45061.83
3502903,Araçoiaba da Serra,SP,São Paulo,Sudeste,Macro Metropolitana Paulista,Sorocaba,Sorocaba,32443.0,255.305,127.08,97.01,1205884.0,2021.0,37169.31
3503000,Aramina,SP,São Paulo,Sudeste,Ribeirão Preto,Ituverava,Ribeirão Preto,5420.0,202.829,26.72,95.06,150277.0,2021.0,27726.38
3503109,Arandu,SP,São Paulo,Sudeste,Bauru,Avaré,Sorocaba,6885.0,285.908,24.08,93.67,194818.0,2021.0,28296.01
3503158,Arapeí,SP,São Paulo,Sudeste,Vale do Paraíba Paulista,Bananal,São José dos Campos,2330.0,156.903,14.85,93.72,45568.0,2021.0,19557.08
3503208,Araraquara,SP,São Paulo,Sudeste,Araraquara,Araraquara,Araraquara,242228.0,1003.625,241.35,97.62,11953237.0,2021.0,49347.05
3503307,Araras,SP,São Paulo,Sudeste,Piracicaba,Limeira,Campinas,130866.0,644.831,202.95,96.81,6942567.0,2021.0,53050.96
3503356,Arco-Íris,SP,São Paulo,Sudeste,Marília,Tupã,Marília,2044.0,264.904,7.72,92.48,62096.0,2021.0,30379.65
3503406,Arealva,SP,São Paulo,Sudeste,Bauru,Bauru,Bauru,8130.0,506.226,16.06,96.19,227079.0,2021.0,27931.0
3503505,Areias,SP,São Paulo,Sudeste,Vale do Paraíba Paulista,Bananal,São José dos Campos,3577.0,305.227,11.72,93.98,58113.0,2021.0,16246.3
3503604,Areiópolis,SP,São Paulo,Sudeste,Bauru,Bauru,Bauru,10130.0,85.907,117.92,93.72,163060.0,2021.0,16096.74
3503703,Ariranha,SP,São Paulo,Sudeste,São José do Rio Preto,Catanduva,São José do Rio Preto,7602.0,132.624,57.32,94.32,1136911.0,2021.0,149554.2
3503802,Artur Nogueira,SP,São Paulo,Sudeste,Campinas,Mogi Mirim,Campinas,51456.0,178.026,289.04,95.41,1721737.0,2021.0,33460.37
3503901,Arujá,SP,São Paulo,Sudeste,Metropolitana de São Paulo,Guarulhos,São Paulo,86678.0,96.167,901.33,96.45,8293370.0,2021.0,95680.22
3503950,Aspásia,SP,São Paulo,Sudeste,São José do Rio Preto,Jales,São José do Rio Preto,1842.0,69.373,26.55,90.68,39546.0,2021.0,21469.06
3504008,Assis,SP,São Paulo,Sudeste,Assis,Assis,Marília,101409.0,460.609,220.16,97.38,4082516.0,2021.0,40257.93
3504107,Atibaia,SP,São Paulo,Sudeste,Macro Metropolitana Paulista,Bragança Paulista,Campinas,158647.0,478.521,331.54,96.55,8361032.0,2021.0,52702.11
3504206,Auriflama,SP,São Paulo,Sudeste,São José do Rio Preto,Auriflama,Araçatuba,13692.0,434.498,31.51,94.83,358544.0,2021.0,26186.39
3504305,Avaí,SP,São Paulo,Sudeste,Bauru,Bauru,Bauru,4483.0,540.689,8.29,93.86,376094.0,2021.0,83893.37
3504404,Avanhandava,SP,São Paulo,Sudeste,Araçatuba,Birigui,Araçatuba,11263.0,338.37,33.29,94.77,199389.0,2021.0,17703.01
3504503,Avaré,SP,São Paulo,Sudeste,Bauru,Avaré,Sorocaba,92805.0,1213.055,76.51,96.58,3278922.0,2021.0,35331.31
3504602,Bady Bassitt,SP,São Paulo,Sudeste,São José do Rio Preto,São José do Rio Preto,São José do Rio Preto,27260.0,110.372,246.98,97.56,551849.0,2021.0,20243.91
3504701,Balbinos,SP,São Paulo,Sudeste,Bauru,Bauru,Bauru,3887.0,91.635,42.42,97.07,65400.0,2021.0,16825.32
3504800,Bálsamo,SP,São Paulo,Sudeste,São José do Rio Preto,São José do Rio Preto,São José do Rio Preto,9596.0,149.881,64.02,96.34,278642.0,2021.0,29037.31
3504909,Bananal,SP,São Paulo,Sudeste,Vale do Paraíba Paulista,Bananal,São José dos Campos,9969.0,616.429,16.17,94.62,216018.0,2021.0,21668.97
3505005,Barão de Antonina,SP,São Paulo,Sudeste,Itapetininga,Itapeva,Sorocaba,3531.0,153.142,23.06,94.22,74956.0,2021.0,21227.98
3505104,Barbosa,SP,São Paulo,Sudeste,Araçatuba,Birigui,Araçatuba,5640.0,205.212,27.48,92.55,109125.0,2021.0,19348.4
3505203,Bariri,SP,São Paulo,Sudeste,Bauru,Jaú,Bauru,31595.0,444.405,71.1,96.13,1623406.0,2021.0,51381.74
3505302,Barra Bonita,SP,São Paulo,Sudeste,Bauru,Jaú,Bauru,34346.0,150.121,228.79,96.05,1515653.0,2021.0,44128.95
3505351,Barra do Chapéu,SP,São Paulo,Sudeste,Itapetininga,Capão Bonito,Sorocaba,5179.0,405.681,12.77,91.19,133738.0,2021.0,25823.13
3505401,Barra do Turvo,SP,São Paulo,Sudeste,Litoral Sul Paulista,Registro,Sorocaba,6876.0,1007.684,6.82,87.77,125821.0,2021.0,18298.57
3505500,Barretos,SP,São Paulo,Sudeste,Ribeirão Preto,Barretos,Ribeirão Preto,122485.0,1566.161,78.21,97.62,5903516.0,2021.0,48197.87
3505609,Barrinha,SP,São Paulo,Sudeste,Ribeirão Preto,Ribeirão Preto,Ribeirão Preto,32092.0,146.025,219.77,93.74,624816.0,2021.0,19469.53
3505708,Barueri,SP,São Paulo,Sudeste,Metropolitana de São Paulo,Osasco,São Paulo,316473.0,65.701,4816.87,97.39,58027667.0,2021.0,183357.4
3505807,Bastos,SP,São Paulo,Sudeste,Marília,Tupã,Marília,21503.0,170.912,125.81,95.8,1067217.0,2021.0,49631.07
3505906,Batatais,SP,São Paulo,Sudeste,Ribeirão Preto,Batatais,Ribeirão Preto,58402.0,849.526,68.75,96.31,2416803.0,2021.0,41382.2
3506003,Bauru,SP,São Paulo,Sudeste,Bauru,Bauru,Bauru,379146.0,667.684,567.85,97.9,16721368.0,2021.0,44102.72
3506102,Bebedouro,SP,São Paulo,Sudeste,Ribeirão Preto,Jaboticabal,Ribeirão Preto,76373.0,683.192,111.79,97.31,4080485.0,2021.0,53428.37
3506201,Bento de Abreu,SP,São Paulo,Sudeste,Araçatuba,Araçatuba,Araçatuba,2606.0,301.687,8.64,94.2,210460.0,2021.0,80759.79
3506300,Bernardino de Campos,SP,São Paulo,Sudeste,Assis,Ourinhos,Marília,11607.0,244.158,47.54,96.71,377950.0,2021.0,32562.25
3506359,Bertioga,SP,São Paulo,Sudeste,Metropolitana de São Paulo,Santos,São Paulo,64188.0,491.546,130.58,96.46,2067677.0,2021.0,32212.83
3506409,Bilac,SP,São Paulo,Sudeste,Araçatuba,Birigui,Araçatuba,7319.0,158.025,46.32,95.66,292577.0,2021.0,39975.0
3506508,Birigui,SP,São Paulo,Sudeste,Araçatuba,Birigui,Araçatuba,118979.0,530.031,224.48,96.71,3947388.0,2021.0,33177.18
3506607,Biritiba Mirim,SP,São Paulo,Sudeste,Metropolitana de São Paulo,Mogi das Cruzes,São Paulo,29683.0,317.406,93.52,94.09,971016.0,2021.0,32712.87
3506706,Boa Esperança do Sul,SP,São Paulo,Sudeste,Araraquara,Araraquara,Araraquara,12978.0,690.748,18.79,92.6,380753.0,2021.0,29338.34
3506805,Bocaina,SP,São Paulo,Sudeste,Bauru,Jaú,Bauru,11259.0,363.926,30.94,94.99,281964.0,2021.0,25043.43
3506904,Bofete,SP,São Paulo,Sudeste,Bauru,Botucatu,Bauru,10460.0,653.541,16.01,94.29,212434.0,2021.0,20309.18
3507001,Boituva,SP,São Paulo,Sudeste,Itapetininga,Tatuí,Sorocaba,61081.0,248.954,245.35,96.98,3393229.0,2021.0,55552.94
3507100,Bom Jesus dos Perdões,SP,São Paulo,Sudeste,Macro Metropolitana Paulista,Bragança Paulista,Campinas,22006.0,108.366,203.07,95.63,1463036.0,2021.0,66483.5
3507159,Bom Sucesso de Itararé,SP,São Paulo,Sudeste,Itapetininga,Itapeva,Sorocaba,3555.0,133.578,26.61,94.21,63857.0,2021.0,17962.59
3507209,Borá,SP,São Paulo,Sudeste,Assis,Assis,Marília,907.0,118.951,7.62,94.36,74195.0,2021.0,81802.65
3507308,Boracéia,SP,São Paulo,Sudeste,Bauru,Jaú,Bauru,4715.0,122.11,38.61,95.1,519153.0,2021.0,110106.68
3507407,Borborema,SP,São Paulo,Sudeste,Araraquara,Araraquara,Araraquara,14226.0,552.256,25.76,94.2,518182.0,2021.0,36425.0
3507456,Borebi,SP,São Paulo,Sudeste,Bauru,Bauru,Bauru,2713.0,347.989,7.8,96.56,73943.0,2021.0,27255.07
3507506,Botucatu,SP,São Paulo,Sudeste,Bauru,Botucatu,Bauru,145155.0,1482.642,97.9,97.43,5979359.0,2021.0,41192.92
3507605,Bragança Paulista,SP,São Paulo,Sudeste,Macro Metropolitana Paulista,Bragança Paulista,Campinas,176811.0,512.584,344.94,97.28,7954300.0,2021.0,44987.59
3507704,Braúna,SP,São Paulo,Sudeste,Araçatuba,Birigui,Araçatuba,5356.0,195.176,27.44,92.22,120687.0,2021.0,22533.05
3507753,Brejo Alegre,SP,São Paulo,Sudeste,Araçatuba,Birigui,Araçatuba,2565.0,105.689,24.27,93.68,75675.0,2021.0,29502.92
3507803,Brodowski,SP,São Paulo,Sudeste,Ribeirão Preto,Ribeirão Preto,Ribeirão Preto,25201.0,278.458,90.5,96.82,894831.0,2021.0,35507.76
3507902,Brotas,SP,São Paulo,Sudeste,Piracicaba,Rio Claro,Bauru,23898.0,1101.373,21.7,96.8,1123987.0,2021.0,47032.68
3508009,Buri,SP,São Paulo,Sudeste,Itapetininga,Itapeva,Sorocaba,20250.0,1196.463,16.92,93.87,684130.0,2021.0,33784.2
3508108,Buritama,SP,São Paulo,Sudeste,Araçatuba,Birigui,Araçatuba,17210.0,326.921,52.64,94.49,627565.0,2021.0,36465.14
3508207,Buritizal,SP,São Paulo,Sudeste,Ribeirão Preto,Ituverava,Ribeirão Preto,4356.0,266.42,16.35,94.85,244488.0,2021.0,56126.72
3508306,Cabrália Paulista,SP,São Paulo,Sudeste,Bauru,Bauru,Bauru,4299.0,239.974,17.91,93.76,102882.0,2021.0,23931.61
3508405,Cabreúva,SP,São Paulo,Sudeste,Macro Metropolitana Paulista,Sorocaba,Campinas,47011.0,260.234,180.65,96.3,5961333.0,2021.0,126807.19
3508504,Caçapava,SP,São Paulo,Sudeste,Vale do Paraíba Paulista,São José dos Campos,São José dos Campos,96202.0,368.99,260.72,97.07,5214553.0,2021.0,54204.21
3508603,Cachoeira Paulista,SP,São Paulo,Sudeste,Vale do Paraíba Paulista,Guaratinguetá,São José dos Campos,31564.0,287.99,109.6,96.49,673632.0,2021.0,21341.78
3508702,Caconde,SP,São Paulo,Sudeste,Campinas,São João da Boa Vista,Campinas,17101.0,468.214,36.52,94.72,574395.0,2021.0,33588.39
3508801,Cafelândia,SP,São Paulo,Sudeste,Bauru,Lins,Bauru,16654.0,920.28,18.1,94.25,682544.0,2021.0,40983.79
3508900,Caiabu,SP,São Paulo,Sudeste,Presidente Prudente,Presidente Prudente,Presidente Prudente,3712.0,253.352,14.65,92.84,69806.0,2021.0,18805.5
3509007,Caieiras,SP,São Paulo,Sudeste,Metropolitana de São Paulo,Franco da Rocha,São Paulo,95032.0,97.642,973.27,97.25,4858858.0,2021.0,51128.65
3509106,Caiuá,SP,São Paulo,Sudeste,Presidente Prudente,Presidente Prudente,Presidente Prudente,5466.0,551.159,9.92,92.93,96255.0,2021.0,17609.77
3509205,Cajamar,SP,São Paulo,Sudeste,Metropolitana de São Paulo,Osasco,São Paulo,92689.0,131.386,705.47,96.53,22713160.0,2021.0,245046.99
3509254,Cajati,SP,São Paulo,Sudeste,Litoral Sul Paulista,Registro,Sorocaba,28515.0,454.436,62.75,93.55,1755226.0,2021.0,61554.48
3509304,Cajobi,SP,São Paulo,Sudeste,São José do Rio Preto,Catanduva,Ribeirão Preto,9133.0,176.929,51.62,94.68,170916.0,2021.0,18714.11
3509403,Cajuru,SP,São Paulo,Sudeste,Ribeirão Preto,Batatais,Ribeirão Preto,23830.0,660.088,36.1,95.16,761749.0,2021.0,31965.97
3509452,Campina do Monte Alegre,SP,São Paulo,Sudeste,Itapetininga,Itapetininga,Sorocaba,5954.0,184.479,32.27,94.63,151087.0,2021.0,25375.71
3509502,Campinas,SP,São Paulo,Sudeste,Campinas,Campinas,Campinas,1139047.0,794.571,1433.54,97.59,72946910.0,2021.0,64042.05
3509601,Campo Limpo Paulista,SP,São Paulo,Sudeste,Macro Metropolitana Paulista,Jundiaí,Campinas,77632.0,79.403,977.7,96.77,2530950.0,2021.0,32601.89
3509700,Campos do Jordão,SP,São Paulo,Sudeste,Vale do Paraíba Paulista,Campos do Jordão,São José dos Campos,46974.0,289.981,161.99,96.46,1449808.0,2021.0,30864.05
3509809,Campos Novos Paulista,SP,São Paulo,Sudeste,Assis,Assis,Marília,4888.0,484.199,10.1,93.27,194705.0,2021.0,39833.27
3509908,Cananéia,SP,São Paulo,Sudeste,Litoral Sul Paulista,Registro,Sorocaba,12289.0,1237.354,9.93,95.28,264410.0,2021.0,21515.99
3509957,Canas,SP,São Paulo,Sudeste,Vale do Paraíba Paulista,Guaratinguetá,São José dos Campos,4931.0,53.261,92.58,95.86,130060.0,2021.0,26375.99
3510005,Cândido Mota,SP,São Paulo,Sudeste,Assis,Assis,Marília,29449.0,595.811,49.43,95.31,1518347.0,2021.0,51558.52
3510104,Cândido Rodrigues,SP,São Paulo,Sudeste,Ribeirão Preto,Jaboticabal,Araraquara,2889.0,70.892,40.75,94.55,107108.0,2021.0,37074.42
3510153,Canitar,SP,São Paulo,Sudeste,Assis,Ourinhos,Marília,6283.0,57.459,109.35,93.68,164319.0,2021.0,26152.95
3510203,Capão Bonito,SP,São Paulo,Sudeste,Itapetininga,Capão Bonito,Sorocaba,46337.0,1640.229,28.25,94.21,1269097.0,2021.0,27388.42
3510302,Capela do Alto,SP,São Paulo,Sudeste,Macro Metropolitana Paulista,Sorocaba,Sorocaba,22866.0,169.89,134.59,95.58,392354.0,2021.0,17158.84
3510401,Capivari,SP,São Paulo,Sudeste,Piracicaba,Piracicaba,Campinas,50068.0,322.878,155.07,96.91,2990810.0,2021.0,59734.96
3510500,Caraguatatuba,SP,São Paulo,Sudeste,Vale do Paraíba Paulista,Caraguatatuba,São José dos Campos,134873.0,484.947,278.12,96.49,4532236.0,2021.0,33603.73
3510609,Carapicuíba,SP,São Paulo,Sudeste,Metropolitana de São Paulo,Osasco,São Paulo,386984.0,34.546,11201.99,96.62,6854706.0,2021.0,17713.15
3510708,Cardoso,SP,São Paulo,Sudeste,São José do Rio Preto,Votuporanga,São José do Rio Preto,11345.0,639.248,17.75,93.44,321120.0,2021.0,28304.98
3510807,Casa Branca,SP,São Paulo,Sudeste,Campinas,São João da Boa Vista,Campinas,28083.0,864.225,32.5,95.98,1179142.0,2021.0,41987.75
3510906,Cássia dos Coqueiros,SP,São Paulo,Sudeste,Ribeirão Preto,Batatais,Ribeirão Preto,2799.0,191.683,14.6,92.98,293111.0,2021.0,104719.9
3511003,Castilho,SP,São Paulo,Sudeste,Araçatuba,Andradina,Araçatuba,19977.0,1065.318,18.75,93.53,1388287.0,2021.0,69494.27
3511102,Catanduva,SP,São Paulo,Sudeste,São José do Rio Preto,Catanduva,São José do Rio Preto,115791.0,290.596,398.46,96.8,5218361.0,2021.0,45067.07
3511201,Catiguá,SP,São Paulo,Sudeste,São José do Rio Preto,Catanduva,São José do Rio Preto,7003.0,148.393,47.19,95.05,152902.0,2021.0,21833.79
3511300,Cedral,SP,São Paulo,Sudeste,São José do Rio Preto,São José do Rio Preto,São José do Rio Preto,12618.0,197.838,63.78,96.8,533104.0,2021.0,42249.48
3511409,Cerqueira César,SP,São Paulo,Sudeste,Bauru,Avaré,Sorocaba,21469.0,511.621,41.96,95.42,956914.0,2021.0,44571.89
3511508,Cerquilho,SP,São Paulo,Sudeste,Itapetininga,Tatuí,Sorocaba,44695.0,127.803,349.72,97.68,2343906.0,2021.0,52442.24
3511607,Cesário Lange,SP,São Paulo,Sudeste,Itapetininga,Tatuí,Sorocaba,19048.0,190.392,100.05,95.54,740569.0,2021.0,38879.09
3511706,Charqueada,SP,São Paulo,Sudeste,Piracicaba,Piracicaba,Campinas,15535.0,175.846,88.34,95.24,515123.0,2021.0,33158.87
3511904,Clementina,SP,São Paulo,Sudeste,Araçatuba,Birigui,Araçatuba,6982.0,168.59,41.41,93.8,186411.0,2021.0,26698.8
3512001,Colina,SP,São Paulo,Sudeste,Ribeirão Preto,Barretos,Ribeirão Preto,18486.0,422.303,43.77,95.48,1541673.0,2021.0,83396.79
3512100,Colômbia,SP,São Paulo,Sudeste,Ribeirão Preto,Barretos,Ribeirão Preto,6629.0,728.648,9.1,92.55,373219.0,2021.0,56300.95
3512209,Conchal,SP,São Paulo,Sudeste,Piracicaba,Limeira,Campinas,28101.0,182.793,153.73,93.88,859274.0,2021.0,30578.06
3512308,Conchas,SP,São Paulo,Sudeste,Bauru,Botucatu,Bauru,15232.0,466.12,32.68,96.19,432993.0,2021.0,28426.54
3512407,Cordeirópolis,SP,São Paulo,Sudeste,Piracicaba,Limeira,Campinas,24514.0,137.579,178.18,97.08,4107826.0,2021.0,167570.61
3512506,Coroados,SP,São Paulo,Sudeste,Araçatuba,Birigui,Araçatuba,5400.0,246.825,21.88,95.78,218777.0,2021.0,40514.26
3512605,Coronel Macedo,SP,São Paulo,Sudeste,Itapetininga,Itapeva,Sorocaba,4280.0,303.83,14.09,91.25,141158.0,2021.0,32980.84
3512704,Corumbataí,SP,São Paulo,Sudeste,Piracicaba,Rio Claro,Campinas,4195.0,278.622,15.06,94.86,345026.0,2021.0,82246.96
3512803,Cosmópolis,SP,São Paulo,Sudeste,Campinas,Campinas,Campinas,59773.0,154.665,386.47,96.64,2109640.0,2021.0,35294.2
3512902,Cosmorama,SP,São Paulo,Sudeste,São José do Rio Preto,Votuporanga,São José do Rio Preto,8719.0,441.68,19.74,94.0,506809.0,2021.0,58126.96
3513009,Cotia,SP,São Paulo,Sudeste,Metropolitana de São Paulo,Itapecerica da Serra,São Paulo,274413.0,323.994,846.97,96.94,16114165.0,2021.0,58722.31
3513108,Cravinhos,SP,São Paulo,Sudeste,Ribeirão Preto,Ribeirão Preto,Ribeirão Preto,33281.0,311.423,106.87,95.88,1753137.0,2021.0,52676.81
3513207,Cristais Paulista,SP,São Paulo,Sudeste,Ribeirão Preto,Franca,Ribeirão Preto,9272.0,385.23,24.07,94.3,346566.0,2021.0,37377.7
3513306,Cruzália,SP,São Paulo,Sudeste,Assis,Assis,Marília,2108.0,149.33,14.12,94.57,137664.0,2021.0,65305.5
3513405,Cruzeiro,SP,São Paulo,Sudeste,Vale do Paraíba Paulista,Guaratinguetá,São José dos Campos,74961.0,305.699,245.21,97.74,3182373.0,2021.0,42453.72
3513504,Cubatão,SP,São Paulo,Sudeste,Metropolitana de São Paulo,Santos,São Paulo,112476.0,142.879,787.21,95.45,21946472.0,2021.0,195121.38
3513603,Cunha,SP,São Paulo,Sudeste,Vale do Paraíba Paulista,Paraibuna/Paraitinga,São José dos Campos,22110.0,1407.25,15.71,93.26,326362.0,2021.0,14760.83
3513702,Descalvado,SP,São Paulo,Sudeste,Araraquara,São Carlos,Araraquara,31756.0,753.706,42.13,96.19,2081162.0,2021.0,65536.02
3513801,Diadema,SP,São Paulo,Sudeste,Metropolitana de São Paulo,São Paulo,São Paulo,393237.0,30.732,12795.69,96.78,18484356.0,2021.0,47005.64
3513850,Dirce Reis,SP,São Paulo,Sudeste,São José do Rio Preto,Jales,São José do Rio Preto,1620.0,88.133,18.38,90.72,69827.0,2021.0,43103.09
3513900,Divinolândia,SP,São Paulo,Sudeste,Campinas,São João da Boa Vista,Campinas,11158.0,223.749,49.87,95.06,491457.0,2021.0,44045.26
3514007,Dobrada,SP,São Paulo,Sudeste,Araraquara,Araraquara,Araraquara,8759.0,149.729,58.5,90.77,138927.0,2021.0,15861.06
3514106,Dois Córregos,SP,São Paulo,Sudeste,Bauru,Jaú,Bauru,24510.0,632.972,38.72,94.19,835299.0,2021.0,34079.93
3514205,Dolcinópolis,SP,São Paulo,Sudeste,São José do Rio Preto,Jales,São José do Rio Preto,2207.0,77.939,28.32,92.44,58947.0,2021.0,26709.11
3514304,Dourado,SP,São Paulo,Sudeste,Araraquara,São Carlos,Araraquara,8096.0,205.874,39.33,95.13,802299.0,2021.0,99098.2
3514403,Dracena,SP,São Paulo,Sudeste,Presidente Prudente,Dracena,Presidente Prudente,45474.0,487.688,93.24,96.53,1444978.0,2021.0,31775.92
3514502,Duartina,SP,São Paulo,Sudeste,Bauru,Bauru,Bauru,12328.0,264.557,46.6,95.73,252626.0,2021.0,20492.05
3514601,Dumont,SP,São Paulo,Sudeste,Ribeirão Preto,Ribeirão Preto,Ribeirão Preto,9471.0,111.376,85.04,96.08,342332.0,2021.0,36145.29
3514700,Echaporã,SP,São Paulo,Sudeste,Marília,Marília,Marília,6205.0,515.258,12.04,94.69,152432.0,2021.0,24566.0
3514809,Eldorado,SP,São Paulo,Sudeste,Litoral Sul Paulista,Registro,Sorocaba,13069.0,1654.256,7.9,92.38,329349.0,2021.0,25200.78
3514908,Elias Fausto,SP,São Paulo,Sudeste,Campinas,Campinas,Campinas,17699.0,202.36,87.46,94.67,1004655.0,2021.0,56763.38
3514924,Elisiário,SP,São Paulo,Sudeste,São José do Rio Preto,Catanduva,São José do Rio Preto,3138.0,93.98,33.39,93.67,76051.0,2021.0,24235.5
3514957,Embaúba,SP,São Paulo,Sudeste,São José do Rio Preto,Catanduva,São José do Rio Preto,2323.0,83.129,27.94,93.81,57200.0,2021.0,24623.33
3515004,Embu das Artes,SP,São Paulo,Sudeste,Metropolitana de São Paulo,Itapecerica da Serra,São Paulo,250691.0,70.398,3561.05,95.75,14314754.0,2021.0,57101.19
3515103,Embu-Guaçu,SP,São Paulo,Sudeste,Metropolitana de São Paulo,Itapecerica da Serra,São Paulo,66970.0,155.641,430.29,95.43,1456125.0,2021.0,21742.94
3515129,Emilianópolis,SP,São Paulo,Sudeste,Presidente Prudente,Presidente Prudente,Presidente Prudente,3014.0,225.167,13.39,92.43,79175.0,2021.0,26269.08
3515152,Engenheiro Coelho,SP,São Paulo,Sudeste,Campinas,Mogi Mirim,Campinas,19566.0,109.941,177.97,94.26,661053.0,2021.0,33785.8
3515186,Espírito Santo do Pinhal,SP,São Paulo,Sudeste,Campinas,São João da Boa Vista,Campinas,39816.0,389.235,102.29,96.01,2065824.0,2021.0,51884.27
3515194,Espírito Santo do Turvo,SP,São Paulo,Sudeste,Assis,Ourinhos,Marília,4157.0,193.666,21.46,91.66,91772.0,2021.0,22076.5
3515202,Estrela d'Oeste,SP,São Paulo,Sudeste,São José do Rio Preto,Fernandópolis,São José do Rio Preto,9417.0,296.281,31.78,94.05,753257.0,2021.0,79989.06
3515301,Estrela do Norte,SP,São Paulo,Sudeste,Presidente Prudente,Presidente Prudente,Presidente Prudente,2703.0,264.987,10.2,92.42,62446.0,2021.0,23102.48
3515350,Euclides da Cunha Paulista,SP,São Paulo,Sudeste,Presidente Prudente,Presidente Prudente,Presidente Prudente,7924.0,573.894,13.81,88.36,136498.0,2021.0,17225.9
3515400,Fartura,SP,São Paulo,Sudeste,Assis,Ourinhos,Marília,16641.0,429.171,38.77,95.36,473712.0,2021.0,28466.56
3515509,Fernandópolis,SP,São Paulo,Sudeste,São José do Rio Preto,Fernandópolis,São José do Rio Preto,71186.0,549.797,129.48,96.22,2468766.0,2021.0,34680.5
3515608,Fernando Prestes,SP,São Paulo,Sudeste,Ribeirão Preto,Jaboticabal,São José do Rio Preto,5942.0,169.99,34.95,93.65,205594.0,2021.0,34600.13
3515657,Fernão,SP,São Paulo,Sudeste,Marília,Marília,Marília,1656.0,100.504,16.48,94.95,80954.0,2021.0,48885.27
3515707,Ferraz de Vasconcelos,SP,São Paulo,Sudeste,Metropolitana de São Paulo,Mogi das Cruzes,São Paulo,179198.0,29.547,6064.85,96.15,4740673.0,2021.0,26454.94
3515806,Flora Rica,SP,São Paulo,Sudeste,Presidente Prudente,Adamantina,Presidente Prudente,1487.0,224.711,6.62,91.82,42156.0,2021.0,28349.7
3515905,Floreal,SP,São Paulo,Sudeste,São José do Rio Preto,Auriflama,São José do Rio Preto,2733.0,204.236,13.38,93.7,81886.0,2021.0,29961.95
3516002,Flórida Paulista,SP,São Paulo,Sudeste,Presidente Prudente,Adamantina,Presidente Prudente,12958.0,524.138,24.72,94.71,264841.0,2021.0,20438.42
3516101,Florínea,SP,São Paulo,Sudeste,Assis,Assis,Marília,3851.0,225.886,17.05,93.24,171949.0,2021.0,44650.48
3516200,Franca,SP,São Paulo,Sudeste,Ribeirão Preto,Franca,Ribeirão Preto,352536.0,605.679,582.05,97.88,11276086.0,2021.0,31985.63
3516309,Francisco Morato,SP,São Paulo,Sudeste,Metropolitana de São Paulo,Franco da Rocha,São Paulo,165139.0,49.001,3370.11,94.88,1872467.0,2021.0,11338.73
3516408,Franco da Rocha,SP,São Paulo,Sudeste,Metropolitana de São Paulo,Franco da Rocha,São Paulo,144849.0,132.775,1090.94,95.96,4297871.0,2021.0,29671.39
3516507,Gabriel Monteiro,SP,São Paulo,Sudeste,Araçatuba,Birigui,Araçatuba,2763.0,138.681,19.92,94.75,93705.0,2021.0,33914.22
3516606,Gália,SP,São Paulo,Sudeste,Marília,Marília,Marília,6380.0,355.914,17.93,93.43,172719.0,2021.0,27071.94
3516705,Garça,SP,São Paulo,Sudeste,Marília,Marília,Marília,42110.0,555.807,75.76,95.89,1725228.0,2021.0,40969.56
3516804,Gastão Vidigal,SP,São Paulo,Sudeste,São José do Rio Preto,Auriflama,Araçatuba,3252.0,180.569,18.01,90.92,85828.0,2021.0,26392.37
3516853,Gavião Peixoto,SP,São Paulo,Sudeste,Araraquara,Araraquara,Araraquara,4702.0,243.766,19.29,94.26,1184185.0,2021.0,251847.09
3516903,General Salgado,SP,São Paulo,Sudeste,São José do Rio Preto,Auriflama,Araçatuba,10312.0,494.376,20.86,93.79,275099.0,2021.0,26677.56
3517000,Getulina,SP,São Paulo,Sudeste,Bauru,Lins,Marília,10232.0,676.755,15.12,94.52,215988.0,2021.0,21109.07
3517109,Glicério,SP,São Paulo,Sudeste,Araçatuba,Birigui,Araçatuba,4138.0,272.8,15.17,94.08,125314.0,2021.0,30283.71
3517208,Guaiçara,SP,São Paulo,Sudeste,Bauru,Lins,Bauru,11239.0,277.154,40.55,95.56,232241.0,2021.0,20663.85
3517307,Guaimbê,SP,São Paulo,Sudeste,Bauru,Lins,Marília,5512.0,217.811,25.31,92.83,442962.0,2021.0,80363.21
3517406,Guaíra,SP,São Paulo,Sudeste,Ribeirão Preto,São Joaquim da Barra,Ribeirão Preto,39279.0,1258.465,31.21,96.07,2704845.0,2021.0,68862.37
3517505,Guapiaçu,SP,São Paulo,Sudeste,São José do Rio Preto,São José do Rio Preto,São José do Rio Preto,21711.0,325.126,66.78,95.26,896415.0,2021.0,41288.52
3517604,Guapiara,SP,São Paulo,Sudeste,Itapetininga,Capão Bonito,Sorocaba,17071.0,408.292,41.81,91.3,439112.0,2021.0,25722.69
3517703,Guará,SP,São Paulo,Sudeste,Ribeirão Preto,Ituverava,Ribeirão Preto,18606.0,362.183,51.37,93.72,618205.0,2021.0,33226.11
3517802,Guaraçaí,SP,São Paulo,Sudeste,Araçatuba,Andradina,Araçatuba,7441.0,569.197,13.07,93.2,326572.0,2021.0,43888.19
3517901,Guaraci,SP,São Paulo,Sudeste,São José do Rio Preto,São José do Rio Preto,Ribeirão Preto,10350.0,641.501,16.13,93.48,375453.0,2021.0,36275.65
3518008,Guarani d'Oeste,SP,São Paulo,Sudeste,São José do Rio Preto,Fernandópolis,São José do Rio Preto,1968.0,85.7,22.96,91.89,37040.0,2021.0,18821.14
3518107,Guarantã,SP,São Paulo,Sudeste,Bauru,Bauru,Bauru,6427.0,461.746,13.92,92.76,196319.0,2021.0,30545.98
3518206,Guararapes,SP,São Paulo,Sudeste,Araçatuba,Araçatuba,Araçatuba,31043.0,955.637,32.48,95.22,1199678.0,2021.0,38645.69
3518305,Guararema,SP,São Paulo,Sudeste,Metropolitana de São Paulo,Mogi das Cruzes,São Paulo,31236.0,270.816,115.34,95.21,1546741.0,2021.0,49517.9
3518404,Guaratinguetá,SP,São Paulo,Sudeste,Vale do Paraíba Paulista,Guaratinguetá,São José dos Campos,118044.0,752.636,156.84,97.67,7877882.0,2021.0,66736.83
3518503,Guareí,SP,São Paulo,Sudeste,Itapetininga,Itapetininga,Sorocaba,15013.0,567.884,26.44,95.07,313681.0,2021.0,20893.96
3518602,Guariba,SP,São Paulo,Sudeste,Ribeirão Preto,Jaboticabal,Ribeirão Preto,37498.0,270.289,138.73,94.05,1135134.0,2021.0,30271.85
3518701,Guarujá,SP,São Paulo,Sudeste,Metropolitana de São Paulo,Santos,São Paulo,287634.0,144.794,1986.5,96.15,10494252.0,2021.0,36484.74
3518800,Guarulhos,SP,São Paulo,Sudeste,Metropolitana de São Paulo,Guarulhos,São Paulo,1291771.0,318.675,4053.57,96.78,77376425.0,2021.0,59899.49
3518859,Guatapará,SP,São Paulo,Sudeste,Ribeirão Preto,Ribeirão Preto,Ribeirão Preto,7320.0,413.567,17.7,93.33,245363.0,2021.0,33519.54
3518909,Guzolândia,SP,São Paulo,Sudeste,São José do Rio Preto,Auriflama,Araçatuba,4246.0,252.477,16.82,90.03,93585.0,2021.0,22040.74
3519006,Herculândia,SP,São Paulo,Sudeste,Marília,Tupã,Marília,9125.0,364.252,25.05,94.53,355955.0,2021.0,39008.77
3519055,Holambra,SP,São Paulo,Sudeste,Campinas,Campinas,Campinas,15094.0,65.577,230.17,96.51,1463401.0,2021.0,96952.5
3519071,Hortolândia,SP,São Paulo,Sudeste,Campinas,Campinas,Campinas,236641.0,62.416,3791.35,96.93,18377822.0,2021.0,77661.19
3519105,Iacanga,SP,São Paulo,Sudeste,Bauru,Bauru,Bauru,10437.0,547.393,19.07,96.52,658010.0,2021.0,63045.89
3519204,Iacri,SP,São Paulo,Sudeste,Marília,Tupã,Marília,6131.0,321.948,19.04,93.42,316795.0,2021.0,51671.02
3519253,Iaras,SP,São Paulo,Sudeste,Bauru,Avaré,Sorocaba,8010.0,401.381,19.96,94.63,168922.0,2021.0,21088.89
3519303,Ibaté,SP,São Paulo,Sudeste,Araraquara,São Carlos,Araraquara,32178.0,290.978,110.59,95.08,1159253.0,2021.0,36026.26
3519402,Ibirá,SP,São Paulo,Sudeste,São José do Rio Preto,São José do Rio Preto,São José do Rio Preto,11690.0,271.912,42.99,94.85,318126.0,2021.0,27213.52
3519501,Ibirarema,SP,São Paulo,Sudeste,Assis,Assis,Marília,6385.0,228.23,27.98,94.59,244614.0,2021.0,38310.73
3519600,Ibitinga,SP,São Paulo,Sudeste,Araraquara,Araraquara,Araraquara,60033.0,689.391,87.08,96.45,1965223.0,2021.0,32735.71
3519709,Ibiúna,SP,São Paulo,Sudeste,Macro Metropolitana Paulista,Piedade,Sorocaba,75605.0,1058.082,71.45,93.94,2370586.0,2021.0,31354.88
3519808,Icém,SP,São Paulo,Sudeste,São José do Rio Preto,São José do Rio Preto,São José do Rio Preto,7819.0,362.355,21.58,95.39,209289.0,2021.0,26766.72
3519907,Iepê,SP,São Paulo,Sudeste,Assis,Assis,Presidente Prudente,7619.0,594.974,12.81,95.12,434356.0,2021.0,57009.58
3520004,Igaraçu do Tietê,SP,São Paulo,Sudeste,Bauru,Jaú,Bauru,23106.0,97.747,236.39,94.19,381185.0,2021.0,16497.23
3520103,Igarapava,SP,São Paulo,Sudeste,Ribeirão Preto,Ituverava,Ribeirão Preto,26212.0,468.355,55.97,94.84,1299637.0,2021.0,49581.76
3520202,Igaratá,SP,São Paulo,Sudeste,Vale do Paraíba Paulista,São José dos Campos,São José dos Campos,10605.0,292.953,36.2,92.85,240165.0,2021.0,22646.39
3520301,Iguape,SP,São Paulo,Sudeste,Litoral Sul Paulista,Registro,Sorocaba,29115.0,1978.795,14.71,94.18,1588620.0,2021.0,54563.63
3520400,Ilhabela,SP,São Paulo,Sudeste,Vale do Paraíba Paulista,Caraguatatuba,São José dos Campos,34934.0,346.389,100.85,96.72,13956618.0,2021.0,399513.88
3520426,Ilha Comprida,SP,São Paulo,Sudeste,Litoral Sul Paulista,Registro,Sorocaba,13419.0,196.567,68.27,95.84,1363561.0,2021.0,101614.2
3520442,Ilha Solteira,SP,São Paulo,Sudeste,Araçatuba,Andradina,Araçatuba,25549.0,652.641,39.15,96.63,706075.0,2021.0,27636.11
3520509,Indaiatuba,SP,São Paulo,Sudeste,Campinas,Campinas,Campinas,255748.0,311.545,820.9,97.88,22817117.0,2021.0,89217.19
3520608,Indiana,SP,São Paulo,Sudeste,Presidente Prudente,Presidente Prudente,Presidente Prudente,5090.0,129.367,39.35,95.47,86968.0,2021.0,17086.05
3520707,Indiaporã,SP,São Paulo,Sudeste,São José do Rio Preto,Fernandópolis,São José do Rio Preto,4035.0,279.606,14.43,91.57,111103.0,2021.0,27534.82
3520806,Inúbia Paulista,SP,São Paulo,Sudeste,Presidente Prudente,Adamantina,Presidente Prudente,3615.0,87.119,41.49,94.03,136681.0,2021.0,37809.41
3520905,Ipaussu,SP,São Paulo,Sudeste,Assis,Ourinhos,Marília,13712.0,209.554,65.43,95.44,499099.0,2021.0,36398.7
3521002,Iperó,SP,São Paulo,Sudeste,Macro Metropolitana Paulista,Sorocaba,Sorocaba,36459.0,170.289,214.1,95.97,969694.0,2021.0,26596.83
3521101,Ipeúna,SP,São Paulo,Sudeste,Piracicaba,Rio Claro,Campinas,6831.0,190.01,35.95,95.56,947912.0,2021.0,138766.21
3521150,Ipiguá,SP,São Paulo,Sudeste,São José do Rio Preto,São José do Rio Preto,São José do Rio Preto,6761.0,136.028,49.7,95.98,124259.0,2021.0,18378.79
3521200,Iporanga,SP,São Paulo,Sudeste,Itapetininga,Capão Bonito,Sorocaba,4046.0,1152.059,3.51,93.31,63459.0,2021.0,15684.38
3521309,Ipuã,SP,São Paulo,Sudeste,Ribeirão Preto,São Joaquim da Barra,Ribeirão Preto,14454.0,466.461,30.99,94.77,442715.0,2021.0,30629.24
3521408,Iracemápolis,SP,São Paulo,Sudeste,Piracicaba,Limeira,Campinas,21967.0,115.118,190.82,97.13,2127925.0,2021.0,96869.17
3521507,Irapuã,SP,São Paulo,Sudeste,São José do Rio Preto,Novo Horizonte,São José do Rio Preto,6867.0,257.612,26.66,92.93,186223.0,2021.0,27118.54
3521606,Irapuru,SP,São Paulo,Sudeste,Presidente Prudente,Adamantina,Presidente Prudente,7085.0,214.461,33.04,94.2,109595.0,2021.0,15468.6
3521705,Itaberá,SP,São Paulo,Sudeste,Itapetininga,Itapeva,Sorocaba,17983.0,1100.247,16.34,94.59,1016119.0,2021.0,56504.42
3521804,Itaí,SP,São Paulo,Sudeste,Bauru,Avaré,Sorocaba,25180.0,1092.884,23.04,93.88,924897.0,2021.0,36731.41
3521903,Itajobi,SP,São Paulo,Sudeste,São José do Rio Preto,Novo Horizonte,São José do Rio Preto,16989.0,502.066,33.84,95.56,935220.0,2021.0,55048.56
3522000,Itaju,SP,São Paulo,Sudeste,Bauru,Jaú,Bauru,3618.0,230.355,15.71,94.82,232257.0,2021.0,64194.86
3522109,Itanhaém,SP,São Paulo,Sudeste,Litoral Sul Paulista,Itanhaém,São Paulo,112476.0,601.711,186.93,95.92,2369275.0,2021.0,21064.72
3522158,Itaoca,SP,São Paulo,Sudeste,Itapetininga,Capão Bonito,Sorocaba,3422.0,183.015,18.7,90.08,53345.0,2021.0,15588.84
3522208,Itapecerica da Serra,SP,São Paulo,Sudeste,Metropolitana de São Paulo,Itapecerica da Serra,São Paulo,158522.0,150.742,1051.61,95.52,4909299.0,2021.0,30969.2
3522307,Itapetininga,SP,São Paulo,Sudeste,Itapetininga,Itapetininga,Sorocaba,157790.0,1789.35,88.18,96.87,6359723.0,2021.0,40304.98
3522406,Itapeva,SP,São Paulo,Sudeste,Itapetininga,Itapeva,Sorocaba,89728.0,1826.258,49.13,95.59,3788992.0,2021.0,42227.53
3522505,Itapevi,SP,São Paulo,Sudeste,Metropolitana de São Paulo,Osasco,São Paulo,232297.0,82.658,2810.34,96.31,12854995.0,2021.0,55338.62
3522604,Itapira,SP,São Paulo,Sudeste,Campinas,Mogi Mirim,Campinas,72022.0,518.416,138.93,96.41,4756331.0,2021.0,66039.97
3522653,Itapirapuã Paulista,SP,São Paulo,Sudeste,Itapetininga,Capão Bonito,Sorocaba,4306.0,406.478,10.59,90.09,52590.0,2021.0,12213.19
3522703,Itápolis,SP,São Paulo,Sudeste,Araraquara,Araraquara,Araraquara,39493.0,996.747,39.62,95.15,1630820.0,2021.0,41293.9
3522802,Itaporanga,SP,São Paulo,Sudeste,Itapetininga,Itapeva,Sorocaba,14085.0,507.997,27.73,92.35,305514.0,2021.0,21690.73
3522901,Itapuí,SP,São Paulo,Sudeste,Bauru,Jaú,Bauru,13659.0,140.023,97.55,94.82,1003729.0,2021.0,73484.81
3523008,Itapura,SP,São Paulo,Sudeste,Araçatuba,Andradina,Araçatuba,3979.0,301.653,13.19,93.28,104628.0,2021.0,26295.05
3523107,Itaquaquecetuba,SP,São Paulo,Sudeste,Metropolitana de São Paulo,Mogi das Cruzes,São Paulo,369275.0,82.622,4469.45,95.3,9519618.0,2021.0,25779.21
3523206,Itararé,SP,São Paulo,Sudeste,Itapetininga,Itapeva,Sorocaba,44438.0,1003.86,44.27,95.61,1182424.0,2021.0,26608.4
3523305,Itariri,SP,São Paulo,Sudeste,Litoral Sul Paulista,Itanhaém,São Paulo,15528.0,273.667,56.74,93.93,438980.0,2021.0,28270.22
3523404,Itatiba,SP,São Paulo,Sudeste,Macro Metropolitana Paulista,Bragança Paulista,Campinas,121590.0,322.269,377.29,97.41,8245498.0,2021.0,67813.95
3523503,Itatinga,SP,São Paulo,Sudeste,Bauru,Avaré,Bauru,19070.0,979.817,19.46,94.27,396660.0,2021.0,20800.21
3523602,Itirapina,SP,São Paulo,Sudeste,Piracicaba,Rio Claro,Araraquara,16148.0,564.603,28.6,96.51,1273184.0,2021.0,78844.69
3523701,Itirapuã,SP,São Paulo,Sudeste,Ribeirão Preto,Franca,Ribeirão Preto,5779.0,161.118,35.87,93.82,161835.0,2021.0,28003.98
3523800,Itobi,SP,São Paulo,Sudeste,Campinas,São João da Boa Vista,Campinas,8046.0,138.986,57.89,94.21,198366.0,2021.0,24653.99
3523909,Itu,SP,São Paulo,Sudeste,Macro Metropolitana Paulista,Sorocaba,Sorocaba,168240.0,640.719,262.58,96.51,10540813.0,2021.0,62653.43
3524006,Itupeva,SP,São Paulo,Sudeste,Macro Metropolitana Paulista,Jundiaí,Campinas,70616.0,200.876,351.54,97.41,8423279.0,2021.0,119282.87
3524105,Ituverava,SP,São Paulo,Sudeste,Ribeirão Preto,Ituverava,Ribeirão Preto,37571.0,704.659,53.32,95.44,1907193.0,2021.0,50762.37
3524204,Jaborandi,SP,São Paulo,Sudeste,Ribeirão Preto,São Joaquim da Barra,Ribeirão Preto,6221.0,273.438,22.75,95.01,153278.0,2021.0,24638.8
3524303,Jaboticabal,SP,São Paulo,Sudeste,Ribeirão Preto,Jaboticabal,Ribeirão Preto,71821.0,706.602,101.64,96.57,3601183.0,2021.0,50141.09
3524402,Jacareí,SP,São Paulo,Sudeste,Vale do Paraíba Paulista,São José dos Campos,São José dos Campos,240275.0,464.272,517.53,97.3,16080494.0,2021.0,66925.37
3524501,Jaci,SP,São Paulo,Sudeste,São José do Rio Preto,São José do Rio Preto,São José do Rio Preto,7613.0,145.133,52.46,93.43,676808.0,2021.0,88901.62
3524600,Jacupiranga,SP,São Paulo,Sudeste,Litoral Sul Paulista,Registro,Sorocaba,16097.0,704.189,22.86,94.44,531089.0,2021.0,32993.04
3524709,Jaguariúna,SP,São Paulo,Sudeste,Campinas,Campinas,Campinas,59347.0,141.391,419.74,97.5,13981302.0,2021.0,235585.66
3524808,Jales,SP,São Paulo,Sudeste,São José do Rio Preto,Jales,São José do Rio Preto,48776.0,368.574,132.34,96.27,1982125.0,2021.0,40637.3
3524907,Jambeiro,SP,São Paulo,Sudeste,Vale do Paraíba Paulista,Paraibuna/Paraitinga,São José dos Campos,6397.0,184.413,34.69,94.16,352904.0,2021.0,55167.11
3525003,Jandira,SP,São Paulo,Sudeste,Metropolitana de São Paulo,Osasco,São Paulo,118045.0,17.449,6765.14,96.95,4908360.0,2021.0,41580.41
3525102,Jardinópolis,SP,São Paulo,Sudeste,Ribeirão Preto,Ribeirão Preto,Ribeirão Preto,45282.0,501.87,90.23,96.11,1580760.0,2021.0,34909.24
3525201,Jarinu,SP,São Paulo,Sudeste,Macro Metropolitana Paulista,Bragança Paulista,Campinas,37535.0,207.549,180.85,96.08,2997400.0,2021.0,79856.13
3525300,Jaú,SP,São Paulo,Sudeste,Bauru,Jaú,Bauru,133497.0,687.103,194.29,96.92,5582395.0,2021.0,41816.63
3525409,Jeriquara,SP,São Paulo,Sudeste,Ribeirão Preto,Franca,Ribeirão Preto,3863.0,141.971,27.21,94.33,168937.0,2021.0,43732.07
3525508,Joanópolis,SP,São Paulo,Sudeste,Macro Metropolitana Paulista,Bragança Paulista,Campinas,12815.0,374.293,34.24,93.62,261558.0,2021.0,20410.3
3525607,João Ramalho,SP,São Paulo,Sudeste,Presidente Prudente,Presidente Prudente,Presidente Prudente,4371.0,415.452,10.52,90.98,148675.0,2021.0,34013.96
3525706,José Bonifácio,SP,São Paulo,Sudeste,São José do Rio Preto,São José do Rio Preto,São José do Rio Preto,36633.0,860.2,42.59,95.96,1381751.0,2021.0,37718.75
3525805,Júlio Mesquita,SP,São Paulo,Sudeste,Bauru,Lins,Marília,4254.0,128.183,33.19,93.8,58843.0,2021.0,13832.39
3525854,Jumirim,SP,São Paulo,Sudeste,Piracicaba,Piracicaba,Sorocaba,3056.0,56.685,53.91,96.27,214000.0,2021.0,70026.18
3525904,Jundiaí,SP,São Paulo,Sudeste,Macro Metropolitana Paulista,Jundiaí,Campinas,443221.0,431.204,1027.87,97.98,57670893.0,2021.0,130117.69
3526001,Junqueirópolis,SP,São Paulo,Sudeste,Presidente Prudente,Dracena,Presidente Prudente,20448.0,582.565,35.1,95.28,807879.0,2021.0,39508.95
3526100,Juquiá,SP,São Paulo,Sudeste,Litoral Sul Paulista,Registro,Sorocaba,17154.0,812.799,21.1,93.08,366459.0,2021.0,21362.89
3526209,Juquitiba,SP,São Paulo,Sudeste,Metropolitana de São Paulo,Itapecerica da Serra,São Paulo,27404.0,522.169,52.48,92.18,573997.0,2021.0,20945.74
3526308,Lagoinha,SP,São Paulo,Sudeste,Vale do Paraíba Paulista,Paraibuna/Paraitinga,São José dos Campos,5083.0,255.472,19.9,93.87,73967.0,2021.0,14551.84
3526407,Laranjal Paulista,SP,São Paulo,Sudeste,Itapetininga,Tatuí,Campinas,26261.0,384.274,68.34,96.6,1411101.0,2021.0,53733.71
3526506,Lavínia,SP,São Paulo,Sudeste,Araçatuba,Araçatuba,Araçatuba,9689.0,537.675,18.02,96.52,184896.0,2021.0,19083.08
3526605,Lavrinhas,SP,São Paulo,Sudeste,Vale do Paraíba Paulista,Guaratinguetá,São José dos Campos,7171.0,167.067,42.92,95.69,133317.0,2021.0,18591.13
3526704,Leme,SP,São Paulo,Sudeste,Piracicaba,Limeira,Campinas,98161.0,402.871,243.65,95.38,4101867.0,2021.0,41787.14
3526803,Lençóis Paulista,SP,São Paulo,Sudeste,Bauru,Bauru,Bauru,66505.0,809.541,82.15,96.56,4924228.0,2021.0,74042.97
3526902,Limeira,SP,São Paulo,Sudeste,Piracicaba,Limeira,Campinas,291869.0,580.711,502.61,97.2,16060739.0,2021.0,55027.22
3527009,Lindóia,SP,São Paulo,Sudeste,Campinas,Amparo,Campinas,7014.0,48.756,143.86,96.52,246179.0,2021.0,35098.23
3527108,Lins,SP,São Paulo,Sudeste,Bauru,Lins,Bauru,74779.0,570.058,131.18,97.01,6763890.0,2021.0,90451.73
3527207,Lorena,SP,São Paulo,Sudeste,Vale do Paraíba Paulista,Guaratinguetá,São José dos Campos,84855.0,414.16,204.88,97.24,3876663.0,2021.0,45685.73
3527256,Lourdes,SP,São Paulo,Sudeste,Araçatuba,Birigui,Araçatuba,1950.0,113.94,17.11,89.82,43489.0,2021.0,22302.05
3527306,Louveira,SP,São Paulo,Sudeste,Macro Metropolitana Paulista,Jundiaí,Campinas,51847.0,55.738,930.19,96.53,19677151.0,2021.0,379523.42
3527405,Lucélia,SP,São Paulo,Sudeste,Presidente Prudente,Adamantina,Presidente Prudente,20061.0,314.81,63.72,95.01,584271.0,2021.0,29124.72
3527504,Lucianópolis,SP,São Paulo,Sudeste,Bauru,Bauru,Bauru,2372.0,189.536,12.51,93.24,70465.0,2021.0,29707.0
3527603,Luís Antônio,SP,São Paulo,Sudeste,Ribeirão Preto,Ribeirão Preto,Ribeirão Preto,12265.0,598.257,20.5,95.66,1556607.0,2021.0,126914.55
3527702,Luiziânia,SP,São Paulo,Sudeste,Araçatuba,Birigui,Araçatuba,4701.0,166.576,28.22,92.51,93809.0,2021.0,19955.12
3527801,Lupércio,SP,São Paulo,Sudeste,Marília,Marília,Marília,3981.0,155.171,25.66,91.68,98337.0,2021.0,24701.58
3527900,Lutécia,SP,São Paulo,Sudeste,Assis,Assis,Marília,2661.0,475.226,5.6,93.78,101173.0,2021.0,38020.67
3528007,Macatuba,SP,São Paulo,Sudeste,Bauru,Jaú,Bauru,16829.0,224.514,74.96,94.94,643783.0,2021.0,38254.38
3528106,Macaubal,SP,São Paulo,Sudeste,São José do Rio Preto,Nhandeara,São José do Rio Preto,7481.0,248.087,30.15,94.62,196952.0,2021.0,26326.96
3528205,Macedônia,SP,São Paulo,Sudeste,São José do Rio Preto,Fernandópolis,São José do Rio Preto,3963.0,327.567,12.1,93.59,90931.0,2021.0,22944.99
3528304,Magda,SP,São Paulo,Sudeste,São José do Rio Preto,Auriflama,Araçatuba,3165.0,312.282,10.14,94.16,104128.0,2021.0,32899.84
3528403,Mairinque,SP,São Paulo,Sudeste,Macro Metropolitana Paulista,Sorocaba,Sorocaba,50027.0,210.149,238.05,96.15,2695116.0,2021.0,53873.23
3528502,Mairiporã,SP,São Paulo,Sudeste,Metropolitana de São Paulo,Franco da Rocha,São Paulo,93853.0,320.697,292.65,95.82,2288092.0,2021.0,24379.53
3528601,Manduri,SP,São Paulo,Sudeste,Assis,Ourinhos,Sorocaba,9871.0,229.046,43.1,95.21,291908.0,2021.0,29572.28
3528700,Marabá Paulista,SP,São Paulo,Sudeste,Presidente Prudente,Presidente Prudente,Presidente Prudente,4573.0,919.519,4.97,93.58,157011.0,2021.0,34334.35
3528809,Maracaí,SP,São Paulo,Sudeste,Assis,Assis,Marília,12673.0,533.498,23.75,94.84,517398.0,2021.0,40826.8
3528858,Marapoama,SP,São Paulo,Sudeste,São José do Rio Preto,Novo Horizonte,São José do Rio Preto,3292.0,111.267,29.59,94.9,119694.0,2021.0,36359.05
3528908,Mariápolis,SP,São Paulo,Sudeste,Presidente Prudente,Adamantina,Presidente Prudente,3513.0,186.544,18.83,94.75,76482.0,2021.0,21771.14
3529005,Marília,SP,São Paulo,Sudeste,Marília,Marília,Marília,237627.0,1170.515,203.01,97.37,9756006.0,2021.0,41055.97
3529104,Marinópolis,SP,São Paulo,Sudeste,São José do Rio Preto,Jales,São José do Rio Preto,1860.0,77.827,23.9,89.71,40067.0,2021.0,21541.4
3529203,Martinópolis,SP,São Paulo,Sudeste,Presidente Prudente,Presidente Prudente,Presidente Prudente,24881.0,1253.564,19.85,94.09,754950.0,2021.0,30342.43
3529302,Matão,SP,São Paulo,Sudeste,Araraquara,Araraquara,Araraquara,79033.0,524.899,150.57,96.26,5356571.0,2021.0,67776.38
3529401,Mauá,SP,São Paulo,Sudeste,Metropolitana de São Paulo,São Paulo,São Paulo,418261.0,61.937,6753.01,96.74,20776213.0,2021.0,49672.84
3529500,Mendonça,SP,São Paulo,Sudeste,São José do Rio Preto,São José do Rio Preto,São José do Rio Preto,6159.0,195.151,31.56,94.81,374785.0,2021.0,60851.6
3529609,Meridiano,SP,São Paulo,Sudeste,São José do Rio Preto,Fernandópolis,São José do Rio Preto,4572.0,228.199,20.04,94.34,393842.0,2021.0,86142.17
3529658,Mesópolis,SP,São Paulo,Sudeste,São José do Rio Preto,Jales,São José do Rio Preto,1952.0,148.636,13.13,88.97,81615.0,2021.0,41810.96
3529708,Miguelópolis,SP,São Paulo,Sudeste,Ribeirão Preto,São Joaquim da Barra,Ribeirão Preto,19441.0,820.849,23.68,92.55,1016137.0,2021.0,52267.73
3529807,Mineiros do Tietê,SP,São Paulo,Sudeste,Bauru,Jaú,Bauru,11230.0,213.242,52.66,94.11,226257.0,2021.0,20147.55
3529906,Miracatu,SP,São Paulo,Sudeste,Litoral Sul Paulista,Registro,Sorocaba,18553.0,1001.484,18.53,92.09,456953.0,2021.0,24629.6
3530003,Mira Estrela,SP,São Paulo,Sudeste,São José do Rio Preto,Fernandópolis,São José do Rio Preto,3126.0,216.825,14.42,94.57,70362.0,2021.0,22508.64
3530102,Mirandópolis,SP,São Paulo,Sudeste,Araçatuba,Andradina,Araçatuba,27983.0,917.694,30.49,95.27,738742.0,2021.0,26399.67
3530201,Mirante do Paranapanema,SP,São Paulo,Sudeste,Presidente Prudente,Presidente Prudente,Presidente Prudente,15917.0,1238.931,12.85,91.74,606917.0,2021.0,38130.11
3530300,Mirassol,SP,São Paulo,Sudeste,São José do Rio Preto,São José do Rio Preto,São José do Rio Preto,63337.0,243.228,260.4,97.18,2660334.0,2021.0,42002.84
3530409,Mirassolândia,SP,São Paulo,Sudeste,São José do Rio Preto,São José do Rio Preto,São José do Rio Preto,4669.0,166.125,28.11,95.3,213295.0,2021.0,45683.23
3530508,Mococa,SP,São Paulo,Sudeste,Campinas,São João da Boa Vista,Campinas,67681.0,855.156,79.14,96.42,3043692.0,2021.0,44971.14
3530607,Mogi das Cruzes,SP,São Paulo,Sudeste,Metropolitana de São Paulo,Mogi das Cruzes,São Paulo,451505.0,712.541,633.65,97.07,19604517.0,2021.0,43420.38
3530706,Mogi Guaçu,SP,São Paulo,Sudeste,Campinas,Mogi Mirim,Campinas,153658.0,812.753,189.06,97.19,6865386.0,2021.0,44679.65
3530805,Mogi Mirim,SP,São Paulo,Sudeste,Campinas,Mogi Mirim,Campinas,92558.0,497.708,185.97,96.95,6313564.0,2021.0,68211.98
3530904,Mombuca,SP,São Paulo,Sudeste,Piracicaba,Piracicaba,Campinas,3722.0,133.698,27.84,92.93,124517.0,2021.0,33454.33
3531001,Monções,SP,São Paulo,Sudeste,São José do Rio Preto,Nhandeara,Araçatuba,1937.0,104.352,18.56,94.22,58262.0,2021.0,30078.47
3531100,Mongaguá,SP,São Paulo,Sudeste,Litoral Sul Paulista,Itanhaém,São Paulo,61951.0,142.755,433.97,96.17,1254605.0,2021.0,20251.57
3531209,Monte Alegre do Sul,SP,São Paulo,Sudeste,Campinas,Amparo,Campinas,8627.0,110.308,78.21,95.79,252218.0,2021.0,29235.89
3531308,Monte Alto,SP,São Paulo,Sudeste,Ribeirão Preto,Jaboticabal,Ribeirão Preto,47574.0,346.95,137.12,96.69,2435240.0,2021.0,51188.46
3531407,Monte Aprazível,SP,São Paulo,Sudeste,São José do Rio Preto,Nhandeara,São José do Rio Preto,22280.0,495.559,44.96,96.21,766600.0,2021.0,34407.54
3531506,Monte Azul Paulista,SP,São Paulo,Sudeste,Ribeirão Preto,Jaboticabal,Ribeirão Preto,18151.0,263.462,68.89,95.2,639162.0,2021.0,35213.6
3531605,Monte Castelo,SP,São Paulo,Sudeste,Presidente Prudente,Dracena,Presidente Prudente,4222.0,233.547,18.08,92.54,128088.0,2021.0,30338.23
3531704,Monteiro Lobato,SP,São Paulo,Sudeste,Vale do Paraíba Paulista,Campos do Jordão,São José dos Campos,4138.0,332.742,12.44,91.9,83030.0,2021.0,20065.25
3531803,Monte Mor,SP,São Paulo,Sudeste,Campinas,Campinas,Campinas,64662.0,240.566,268.79,95.58,4317764.0,2021.0,66774.37
3531902,Morro Agudo,SP,São Paulo,Sudeste,Ribeirão Preto,São Joaquim da Barra,Ribeirão Preto,27933.0,1388.127,20.12,94.85,1225918.0,2021.0,43887.8
3532009,Morungaba,SP,São Paulo,Sudeste,Macro Metropolitana Paulista,Bragança Paulista,Campinas,13720.0,146.752,93.49,96.36,633324.0,2021.0,46160.64
3532058,Motuca,SP,São Paulo,Sudeste,Araraquara,Araraquara,Araraquara,4034.0,228.7,17.64,93.0,120696.0,2021.0,29919.68
3532108,Murutinga do Sul,SP,São Paulo,Sudeste,Araçatuba,Andradina,Araçatuba,3737.0,250.873,14.9,94.34,88027.0,2021.0,23555.53
3532157,Nantes,SP,São Paulo,Sudeste,Assis,Assis,Presidente Prudente,2660.0,286.647,9.28,92.51,142301.0,2021.0,53496.62
3532207,Narandiba,SP,São Paulo,Sudeste,Presidente Prudente,Presidente Prudente,Presidente Prudente,5713.0,357.325,15.99,93.9,639076.0,2021.0,111863.47
3532306,Natividade da Serra,SP,São Paulo,Sudeste,Vale do Paraíba Paulista,Paraibuna/Paraitinga,São José dos Campos,6999.0,833.372,8.4,89.4,93391.0,2021.0,13343.48
3532405,Nazaré Paulista,SP,São Paulo,Sudeste,Macro Metropolitana Paulista,Bragança Paulista,Campinas,18217.0,326.254,55.84,92.91,465371.0,2021.0,25545.97
3532504,Neves Paulista,SP,São Paulo,Sudeste,São José do Rio Preto,Nhandeara,São José do Rio Preto,9699.0,219.05,44.28,95.08,276248.0,2021.0,28482.11
3532603,Nhandeara,SP,São Paulo,Sudeste,São José do Rio Preto,Nhandeara,São José do Rio Preto,9852.0,436.159,22.59,94.4,367777.0,2021.0,37330.19
3532702,Nipoã,SP,São Paulo,Sudeste,São José do Rio Preto,Nhandeara,São José do Rio Preto,4750.0,137.609,34.52,92.91,95892.0,2021.0,20187.79
3532801,Nova Aliança,SP,São Paulo,Sudeste,São José do Rio Preto,São José do Rio Preto,São José do Rio Preto,6693.0,217.515,30.77,95.4,325933.0,2021.0,48697.59
3532827,Nova Campina,SP,São Paulo,Sudeste,Itapetininga,Itapeva,Sorocaba,8497.0,385.375,22.05,92.23,221079.0,2021.0,26018.48
3532843,Nova Canaã Paulista,SP,São Paulo,Sudeste,São José do Rio Preto,Jales,São José do Rio Preto,2032.0,124.473,16.32,94.22,46305.0,2021.0,22787.89
3532868,Nova Castilho,SP,São Paulo,Sudeste,São José do Rio Preto,Auriflama,Araçatuba,1062.0,183.396,5.79,95.9,60665.0,2021.0,57123.35
3532900,Nova Europa,SP,São Paulo,Sudeste,Araraquara,Araraquara,Araraquara,9311.0,160.25,58.1,94.53,377461.0,2021.0,40539.25
3533007,Nova Granada,SP,São Paulo,Sudeste,São José do Rio Preto,São José do Rio Preto,São José do Rio Preto,19419.0,531.796,36.52,94.67,512829.0,2021.0,26408.62
3533106,Nova Guataporanga,SP,São Paulo,Sudeste,Presidente Prudente,Dracena,Presidente Prudente,2156.0,34.158,63.12,89.96,36775.0,2021.0,17057.05
3533205,Nova Independência,SP,São Paulo,Sudeste,Araçatuba,Andradina,Araçatuba,4609.0,265.029,17.39,96.12,213155.0,2021.0,46247.56
3533254,Novais,SP,São Paulo,Sudeste,São José do Rio Preto,Catanduva,São José do Rio Preto,4412.0,117.772,37.46,94.59,78660.0,2021.0,17828.65
3533304,Nova Luzitânia,SP,São Paulo,Sudeste,São José do Rio Preto,Auriflama,Araçatuba,2837.0,73.816,38.43,93.87,60214.0,2021.0,21224.53
3533403,Nova Odessa,SP,São Paulo,Sudeste,Campinas,Campinas,Campinas,62019.0,73.788,840.5,97.87,4020494.0,2021.0,64826.81
3533502,Novo Horizonte,SP,São Paulo,Sudeste,São José do Rio Preto,Novo Horizonte,São José do Rio Preto,38324.0,931.743,41.13,94.66,1585955.0,2021.0,41382.81
3533601,Nuporanga,SP,São Paulo,Sudeste,Ribeirão Preto,São Joaquim da Barra,Ribeirão Preto,7391.0,348.265,21.22,95.47,868092.0,2021.0,117452.58
3533700,Ocauçu,SP,São Paulo,Sudeste,Marília,Marília,Marília,4331.0,301.036,14.39,93.72,141366.0,2021.0,32640.5
3533809,Óleo,SP,São Paulo,Sudeste,Assis,Ourinhos,Sorocaba,2512.0,198.938,12.63,94.9,128272.0,2021.0,51063.69
3533908,Olímpia,SP,São Paulo,Sudeste,São José do Rio Preto,São José do Rio Preto,Ribeirão Preto,55074.0,802.555,68.62,96.55,2551145.0,2021.0,46322.13
3534005,Onda Verde,SP,São Paulo,Sudeste,São José do Rio Preto,São José do Rio Preto,São José do Rio Preto,4771.0,242.946,19.64,94.29,205636.0,2021.0,43101.24
3534104,Oriente,SP,São Paulo,Sudeste,Marília,Marília,Marília,6085.0,218.668,27.83,95.81,129763.0,2021.0,21325.06
3534203,Orindiúva,SP,São Paulo,Sudeste,São José do Rio Preto,São José do Rio Preto,São José do Rio Preto,6024.0,247.378,24.35,93.96,640841.0,2021.0,106381.31
3534302,Orlândia,SP,São Paulo,Sudeste,Ribeirão Preto,São Joaquim da Barra,Ribeirão Preto,38319.0,291.765,131.34,96.45,2579406.0,2021.0,67314.02
3534401,Osasco,SP,São Paulo,Sudeste,Metropolitana de São Paulo,Osasco,São Paulo,728615.0,64.954,11217.4,97.19,86111260.0,2021.0,118184.86
3534500,Oscar Bressane,SP,São Paulo,Sudeste,Marília,Marília,Marília,2470.0,222.13,11.12,94.17,112882.0,2021.0,45701.21
3534609,Osvaldo Cruz,SP,São Paulo,Sudeste,Presidente Prudente,Adamantina,Presidente Prudente,31272.0,248.038,126.08,96.3,1087490.0,2021.0,34775.2
3534708,Ourinhos,SP,São Paulo,Sudeste,Assis,Ourinhos,Marília,103970.0,295.818,351.47,96.76,3961571.0,2021.0,38103.02
3534757,Ouroeste,SP,São Paulo,Sudeste,São José do Rio Preto,Fernandópolis,São José do Rio Preto,10294.0,288.648,35.66,94.47,548740.0,2021.0,53306.78
3534807,Ouro Verde,SP,São Paulo,Sudeste,Presidente Prudente,Dracena,Presidente Prudente,7779.0,266.778,29.16,91.79,134986.0,2021.0,17352.62
3534906,Pacaembu,SP,São Paulo,Sudeste,Presidente Prudente,Adamantina,Presidente Prudente,14877.0,339.375,43.84,95.09,217695.0,2021.0,14632.99
3535002,Palestina,SP,São Paulo,Sudeste,São José do Rio Preto,São José do Rio Preto,São José do Rio Preto,11476.0,697.701,16.45,93.53,420420.0,2021.0,36634.72
3535101,Palmares Paulista,SP,São Paulo,Sudeste,São José do Rio Preto,Catanduva,São José do Rio Preto,9650.0,82.125,117.5,93.13,136419.0,2021.0,14136.68
3535200,Palmeira d'Oeste,SP,São Paulo,Sudeste,São José do Rio Preto,Jales,São José do Rio Preto,8903.0,318.74,27.93,93.94,215050.0,2021.0,24154.78
3535309,Palmital,SP,São Paulo,Sudeste,Assis,Assis,Marília,19594.0,548.407,35.73,96.0,900627.0,2021.0,45964.43
3535408,Panorama,SP,São Paulo,Sudeste,Presidente Prudente,Dracena,Presidente Prudente,14964.0,356.05,42.03,93.33,317826.0,2021.0,21239.37
3535507,Paraguaçu Paulista,SP,São Paulo,Sudeste,Assis,Assis,Marília,41120.0,1001.492,41.06,95.39,1801748.0,2021.0,43816.83
3535606,Paraibuna,SP,São Paulo,Sudeste,Vale do Paraíba Paulista,Paraibuna/Paraitinga,São José dos Campos,17667.0,809.576,21.82,93.34,352398.0,2021.0,19946.68
3535705,Paraíso,SP,São Paulo,Sudeste,São José do Rio Preto,Catanduva,São José do Rio Preto,6099.0,155.186,39.3,94.06,275313.0,2021.0,45140.68
3535804,Paranapanema,SP,São Paulo,Sudeste,Bauru,Avaré,Sorocaba,19395.0,1018.724,19.04,94.31,945145.0,2021.0,48731.37
3535903,Paranapuã,SP,São Paulo,Sudeste,São José do Rio Preto,Jales,São José do Rio Preto,4031.0,140.354,28.72,93.23,133065.0,2021.0,33010.42
3536000,Parapuã,SP,São Paulo,Sudeste,Presidente Prudente,Adamantina,Marília,10580.0,366.664,28.85,93.28,741786.0,2021.0,70112.1
3536109,Pardinho,SP,São Paulo,Sudeste,Bauru,Botucatu,Bauru,7153.0,209.894,34.08,94.75,368271.0,2021.0,51484.83
3536208,Pariquera-Açu,SP,São Paulo,Sudeste,Litoral Sul Paulista,Registro,Sorocaba,19233.0,359.414,53.51,95.07,586024.0,2021.0,30469.71
3536257,Parisi,SP,São Paulo,Sudeste,São José do Rio Preto,Votuporanga,São José do Rio Preto,2892.0,84.737,34.13,93.28,53620.0,2021.0,18540.8
3536307,Patrocínio Paulista,SP,São Paulo,Sudeste,Ribeirão Preto,Franca,Ribeirão Preto,14512.0,602.848,24.07,95.84,1360809.0,2021.0,93771.29
3536406,Paulicéia,SP,São Paulo,Sudeste,Presidente Prudente,Dracena,Presidente Prudente,7955.0,374.091,21.26,94.79,200145.0,2021.0,25159.65
3536505,Paulínia,SP,São Paulo,Sudeste,Campinas,Campinas,Campinas,110537.0,138.777,796.51,97.81,52389437.0,2021.0,473953.85
3536570,Paulistânia,SP,São Paulo,Sudeste,Bauru,Bauru,Bauru,2090.0,256.178,8.16,92.4,48637.0,2021.0,23271.29
3536604,Paulo de Faria,SP,São Paulo,Sudeste,São José do Rio Preto,São José do Rio Preto,São José do Rio Preto,7400.0,737.986,10.03,92.76,269675.0,2021.0,36442.57
3536703,Pederneiras,SP,São Paulo,Sudeste,Bauru,Jaú,Bauru,44827.0,727.482,61.62,95.39,3066261.0,2021.0,68402.1
3536802,Pedra Bela,SP,São Paulo,Sudeste,Campinas,Amparo,Campinas,6557.0,158.587,41.35,92.72,118076.0,2021.0,18007.63
3536901,Pedranópolis,SP,São Paulo,Sudeste,São José do Rio Preto,Fernandópolis,São José do Rio Preto,2787.0,260.101,10.72,94.25,79887.0,2021.0,28664.16
3537008,Pedregulho,SP,São Paulo,Sudeste,Ribeirão Preto,Franca,Ribeirão Preto,15525.0,712.604,21.79,94.0,1731364.0,2021.0,111521.03
3537107,Pedreira,SP,São Paulo,Sudeste,Campinas,Campinas,Campinas,43112.0,108.817,396.19,96.74,1502008.0,2021.0,34839.67
3537156,Pedrinhas Paulista,SP,São Paulo,Sudeste,Assis,Assis,Marília,2804.0,152.309,18.41,95.07,176652.0,2021.0,63000.0
3537206,Pedro de Toledo,SP,São Paulo,Sudeste,Litoral Sul Paulista,Itanhaém,São Paulo,11281.0,670.44,16.83,92.67,178609.0,2021.0,15832.73
3537305,Penápolis,SP,São Paulo,Sudeste,Araçatuba,Birigui,Araçatuba,61679.0,711.315,86.71,96.81,2082458.0,2021.0,33762.84
3537404,Pereira Barreto,SP,São Paulo,Sudeste,Araçatuba,Andradina,Araçatuba,24095.0,974.247,24.73,94.57,1087485.0,2021.0,45133.22
3537503,Pereiras,SP,São Paulo,Sudeste,Itapetininga,Tatuí,Sorocaba,8737.0,223.136,39.16,95.24,317964.0,2021.0,36392.81
3537602,Peruíbe,SP,São Paulo,Sudeste,Litoral Sul Paulista,Itanhaém,São Paulo,68352.0,326.216,209.53,95.99,1966247.0,2021.0,28766.49
3537701,Piacatu,SP,São Paulo,Sudeste,Araçatuba,Birigui,Araçatuba,5519.0,232.488,23.74,92.93,119025.0,2021.0,21566.41
3537800,Piedade,SP,São Paulo,Sudeste,Macro Metropolitana Paulista,Piedade,Sorocaba,52970.0,746.868,70.92,95.42,1597083.0,2021.0,30150.71
3537909,Pilar do Sul,SP,São Paulo,Sudeste,Macro Metropolitana Paulista,Piedade,Sorocaba,27619.0,681.248,40.54,94.89,1276180.0,2021.0,46206.6
3538006,Pindamonhangaba,SP,São Paulo,Sudeste,Vale do Paraíba Paulista,São José dos Campos,São José dos Campos,165428.0,731.355,226.19,97.42,13742498.0,2021.0,83072.38
3538105,Pindorama,SP,São Paulo,Sudeste,São José do Rio Preto,Catanduva,São José do Rio Preto,14542.0,184.825,78.68,95.0,498801.0,2021.0,34300.72
3538204,Pinhalzinho,SP,São Paulo,Sudeste,Campinas,Amparo,Campinas,15224.0,154.529,98.52,96.2,314651.0,2021.0,20668.09
3538303,Piquerobi,SP,São Paulo,Sudeste,Presidente Prudente,Presidente Prudente,Presidente Prudente,3264.0,482.769,6.76,92.15,67093.0,2021.0,20555.45
3538501,Piquete,SP,São Paulo,Sudeste,Vale do Paraíba Paulista,Guaratinguetá,São José dos Campos,12490.0,175.996,70.97,96.71,197854.0,2021.0,15840.99
3538600,Piracaia,SP,São Paulo,Sudeste,Macro Metropolitana Paulista,Bragança Paulista,Campinas,26029.0,385.568,67.51,94.53,661696.0,2021.0,25421.49
3538709,Piracicaba,SP,São Paulo,Sudeste,Piracicaba,Piracicaba,Campinas,423323.0,1378.069,307.19,97.62,34555724.0,2021.0,81629.69
3538808,Piraju,SP,São Paulo,Sudeste,Assis,Ourinhos,Marília,29436.0,504.591,58.34,96.7,926203.0,2021.0,31464.97
3538907,Pirajuí,SP,São Paulo,Sudeste,Bauru,Bauru,Bauru,22431.0,823.758,27.23,94.79,540058.0,2021.0,24076.41
3539004,Pirangi,SP,São Paulo,Sudeste,Ribeirão Preto,Jaboticabal,São José do Rio Preto,10885.0,215.809,50.44,94.89,364798.0,2021.0,33513.83
3539103,Pirapora do Bom Jesus,SP,São Paulo,Sudeste,Metropolitana de São Paulo,Osasco,São Paulo,18370.0,108.489,169.33,95.39,826672.0,2021.0,45001.2
3539202,Pirapozinho,SP,São Paulo,Sudeste,Presidente Prudente,Presidente Prudente,Presidente Prudente,25348.0,477.673,53.07,95.6,927781.0,2021.0,36601.74
3539301,Pirassununga,SP,São Paulo,Sudeste,Campinas,Pirassununga,Araraquara,73545.0,727.118,101.15,96.92,3312332.0,2021.0,45038.17
3539400,Piratininga,SP,São Paulo,Sudeste,Bauru,Bauru,Bauru,15108.0,402.409,37.54,96.52,278467.0,2021.0,18431.76
3539509,Pitangueiras,SP,São Paulo,Sudeste,Ribeirão Preto,Jaboticabal,Ribeirão Preto,33674.0,430.638,78.2,94.49,1389561.0,2021.0,41265.1
3539608,Planalto,SP,São Paulo,Sudeste,São José do Rio Preto,São José do Rio Preto,São José do Rio Preto,4389.0,289.825,15.14,92.08,193762.0,2021.0,44147.19
3539707,Platina,SP,São Paulo,Sudeste,Assis,Assis,Marília,3025.0,327.48,9.24,93.45,120019.0,2021.0,39675.7
3539806,Poá,SP,São Paulo,Sudeste,Metropolitana de São Paulo,Mogi das Cruzes,São Paulo,103765.0,17.264,6010.48,97.35,3769347.0,2021.0,36325.8
3539905,Poloni,SP,São Paulo,Sudeste,São José do Rio Preto,Nhandeara,São José do Rio Preto,5592.0,135.12,41.39,93.71,154423.0,2021.0,27614.99
3540002,Pompéia,SP,São Paulo,Sudeste,Marília,Marília,Marília,20196.0,784.674,25.74,96.42,1951861.0,2021.0,96645.92
3540101,Pongaí,SP,São Paulo,Sudeste,Bauru,Bauru,Bauru,3395.0,183.399,18.51,95.23,94399.0,2021.0,27805.3
3540200,Pontal,SP,São Paulo,Sudeste,Ribeirão Preto,Ribeirão Preto,Ribeirão Preto,37607.0,356.371,105.53,94.14,1462865.0,2021.0,38898.74
3540259,Pontalinda,SP,São Paulo,Sudeste,São José do Rio Preto,Jales,São José do Rio Preto,4127.0,209.525,19.7,89.36,98030.0,2021.0,23753.33
3540309,Pontes Gestal,SP,São Paulo,Sudeste,São José do Rio Preto,Votuporanga,São José do Rio Preto,2387.0,217.505,10.97,91.58,126663.0,2021.0,53063.68
3540408,Populina,SP,São Paulo,Sudeste,São José do Rio Preto,Jales,São José do Rio Preto,4127.0,315.938,13.06,91.74,117260.0,2021.0,28412.89
3540507,Porangaba,SP,São Paulo,Sudeste,Itapetininga,Tatuí,Sorocaba,10451.0,265.689,39.34,94.67,233734.0,2021.0,22364.75
3540606,Porto Feliz,SP,São Paulo,Sudeste,Macro Metropolitana Paulista,Sorocaba,Sorocaba,56497.0,556.706,101.48,96.45,3754666.0,2021.0,66457.79
3540705,Porto Ferreira,SP,São Paulo,Sudeste,Campinas,Pirassununga,Araraquara,52649.0,244.906,214.98,96.16,2495873.0,2021.0,47405.9
3540754,Potim,SP,São Paulo,Sudeste,Vale do Paraíba Paulista,Guaratinguetá,São José dos Campos,20392.0,44.643,456.78,95.25,308459.0,2021.0,15126.47
3540804,Potirendaba,SP,São Paulo,Sudeste,São José do Rio Preto,São José do Rio Preto,São José do Rio Preto,18496.0,342.492,54.0,95.63,620169.0,2021.0,33529.9
3540853,Pracinha,SP,São Paulo,Sudeste,Presidente Prudente,Adamantina,Presidente Prudente,2578.0,63.054,40.89,95.97,40969.0,2021.0,15891.78
3540903,Pradópolis,SP,São Paulo,Sudeste,Ribeirão Preto,Ribeirão Preto,Ribeirão Preto,17078.0,167.378,102.03,94.3,1096526.0,2021.0,64206.93
3541000,Praia Grande,SP,São Paulo,Sudeste,Metropolitana de São Paulo,Santos,São Paulo,349935.0,149.652,2338.32,97.3,8727831.0,2021.0,24941.29
3541059,Pratânia,SP,São Paulo,Sudeste,Bauru,Botucatu,Bauru,5126.0,175.1,29.27,91.48,126367.0,2021.0,24652.17
3541109,Presidente Alves,SP,São Paulo,Sudeste,Bauru,Bauru,Bauru,3804.0,286.642,13.27,93.86,77333.0,2021.0,20329.39
3541208,Presidente Bernardes,SP,São Paulo,Sudeste,Presidente Prudente,Presidente Prudente,Presidente Prudente,14490.0,749.233,19.34,95.48,331914.0,2021.0,22906.42
3541307,Presidente Epitácio,SP,São Paulo,Sudeste,Presidente Prudente,Presidente Prudente,Presidente Prudente,39505.0,1260.281,31.35,95.16,1325522.0,2021.0,33553.27
3541406,Presidente Prudente,SP,São Paulo,Sudeste,Presidente Prudente,Presidente Prudente,Presidente Prudente,225668.0,560.637,402.52,97.54,9242189.0,2021.0,40954.81
3541505,Presidente Venceslau,SP,São Paulo,Sudeste,Presidente Prudente,Presidente Prudente,Presidente Prudente,35201.0,755.203,46.61,95.29,823130.0,2021.0,23383.71
3541604,Promissão,SP,São Paulo,Sudeste,Bauru,Lins,Bauru,35131.0,779.2,45.09,96.37,2115365.0,2021.0,60213.63
3541653,Quadra,SP,São Paulo,Sudeste,Itapetininga,Tatuí,Sorocaba,3405.0,205.672,16.56,94.35,144523.0,2021.0,42444.35
3541703,Quatá,SP,São Paulo,Sudeste,Assis,Assis,Presidente Prudente,13163.0,651.341,20.21,93.0,821159.0,2021.0,62383.88
3541802,Queiroz,SP,São Paulo,Sudeste,Marília,Tupã,Marília,3265.0,234.914,13.9,92.98,684733.0,2021.0,209719.14
3541901,Queluz,SP,São Paulo,Sudeste,Vale do Paraíba Paulista,Guaratinguetá,São José dos Campos,9159.0,249.399,36.72,95.38,388523.0,2021.0,42419.81
3542008,Quintana,SP,São Paulo,Sudeste,Marília,Tupã,Marília,7038.0,318.937,22.07,94.62,276284.0,2021.0,39256.04
3542107,Rafard,SP,São Paulo,Sudeste,Piracicaba,Piracicaba,Campinas,8965.0,121.645,73.7,95.72,442883.0,2021.0,49401.34
3542206,Rancharia,SP,São Paulo,Sudeste,Presidente Prudente,Presidente Prudente,Presidente Prudente,28588.0,1587.498,18.01,95.09,1381836.0,2021.0,48336.22
3542305,Redenção da Serra,SP,São Paulo,Sudeste,Vale do Paraíba Paulista,Paraibuna/Paraitinga,São José dos Campos,4494.0,309.441,14.52,92.09,66825.0,2021.0,14869.83
3542404,Regente Feijó,SP,São Paulo,Sudeste,Presidente Prudente,Presidente Prudente,Presidente Prudente,20145.0,263.28,76.52,95.61,983725.0,2021.0,48832.22
3542503,Reginópolis,SP,São Paulo,Sudeste,Bauru,Bauru,Bauru,7662.0,410.406,18.67,93.4,184875.0,2021.0,24128.82
3542602,Registro,SP,São Paulo,Sudeste,Litoral Sul Paulista,Registro,Sorocaba,59947.0,722.201,83.01,96.37,2357409.0,2021.0,39324.89
3542701,Restinga,SP,São Paulo,Sudeste,Ribeirão Preto,Franca,Ribeirão Preto,6404.0,245.746,26.06,95.33,211752.0,2021.0,33065.58
3542800,Ribeira,SP,São Paulo,Sudeste,Itapetininga,Capão Bonito,Sorocaba,3132.0,335.759,9.33,91.18,62081.0,2021.0,19821.52
3542909,Ribeirão Bonito,SP,São Paulo,Sudeste,Araraquara,São Carlos,Araraquara,10989.0,471.553,23.3,93.1,371778.0,2021.0,33831.83
3543006,Ribeirão Branco,SP,São Paulo,Sudeste,Itapetininga,Capão Bonito,Sorocaba,18627.0,697.5,26.71,90.9,595499.0,2021.0,31969.67
3543105,Ribeirão Corrente,SP,São Paulo,Sudeste,Ribeirão Preto,Franca,Ribeirão Preto,4608.0,148.332,31.07,92.77,319058.0,2021.0,69240.02
3543204,Ribeirão do Sul,SP,São Paulo,Sudeste,Assis,Ourinhos,Marília,4677.0,203.208,23.02,93.35,224363.0,2021.0,47971.56
3543238,Ribeirão dos Índios,SP,São Paulo,Sudeste,Presidente Prudente,Presidente Prudente,Presidente Prudente,2025.0,196.446,10.31,91.67,47001.0,2021.0,23210.37
3543253,Ribeirão Grande,SP,São Paulo,Sudeste,Itapetininga,Capão Bonito,Sorocaba,7450.0,333.363,22.35,91.52,116992.0,2021.0,15703.62
3543303,Ribeirão Pires,SP,São Paulo,Sudeste,Metropolitana de São Paulo,São Paulo,São Paulo,115559.0,98.972,1167.59,97.18,3891003.0,2021.0,33671.14
3543402,Ribeirão Preto,SP,São Paulo,Sudeste,Ribeirão Preto,Ribeirão Preto,Ribeirão Preto,698642.0,650.916,1073.32,97.95,39955306.0,2021.0,57189.96
3543501,Riversul,SP,São Paulo,Sudeste,Itapetininga,Itapeva,Sorocaba,5599.0,385.878,14.51,91.36,92796.0,2021.0,16573.67
3543600,Rifaina,SP,São Paulo,Sudeste,Ribeirão Preto,Franca,Ribeirão Preto,4049.0,162.508,24.92,95.45,191158.0,2021.0,47211.16
3543709,Rincão,SP,São Paulo,Sudeste,Araraquara,Araraquara,Araraquara,9098.0,316.639,28.73,94.06,226043.0,2021.0,24845.35
3543808,Rinópolis,SP,São Paulo,Sudeste,Presidente Prudente,Adamantina,Marília,9259.0,358.481,25.83,94.03,349026.0,2021.0,37695.86
3543907,Rio Claro,SP,São Paulo,Sudeste,Piracicaba,Rio Claro,Campinas,201418.0,498.422,404.11,97.43,13245336.0,2021.0,65760.44
3544004,Rio das Pedras,SP,São Paulo,Sudeste,Piracicaba,Piracicaba,Campinas,31328.0,226.657,138.22,96.6,1787681.0,2021.0,57063.36
3544103,Rio Grande da Serra,SP,São Paulo,Sudeste,Metropolitana de São Paulo,São Paulo,São Paulo,44170.0,36.341,1215.43,95.79,960727.0,2021.0,21750.67
3544202,Riolândia,SP,São Paulo,Sudeste,São José do Rio Preto,Votuporanga,São José do Rio Preto,10309.0,631.897,16.31,92.59,268963.0,2021.0,26090.12
3544251,Rosana,SP,São Paulo,Sudeste,Presidente Prudente,Presidente Prudente,Presidente Prudente,17440.0,744.011,23.44,94.18,1941772.0,2021.0,111340.14
3544301,Roseira,SP,São Paulo,Sudeste,Vale do Paraíba Paulista,Guaratinguetá,São José dos Campos,10832.0,129.847,83.42,96.75,374786.0,2021.0,34599.89
3544400,Rubiácea,SP,São Paulo,Sudeste,Araçatuba,Araçatuba,Araçatuba,2700.0,236.484,11.42,92.08,78950.0,2021.0,29240.74
3544509,Rubinéia,SP,São Paulo,Sudeste,São José do Rio Preto,Jales,São José do Rio Preto,3833.0,242.877,15.78,95.71,102857.0,2021.0,26834.59
3544608,Sabino,SP,São Paulo,Sudeste,Bauru,Lins,Bauru,5112.0,305.285,16.75,94.38,175476.0,2021.0,34326.29
3544707,Sagres,SP,São Paulo,Sudeste,Presidente Prudente,Adamantina,Presidente Prudente,2474.0,147.935,16.72,91.11,54769.0,2021.0,22137.83
3544806,Sales,SP,São Paulo,Sudeste,São José do Rio Preto,Novo Horizonte,São José do Rio Preto,6437.0,308.555,20.86,93.54,169480.0,2021.0,26329.04
3544905,Sales Oliveira,SP,São Paulo,Sudeste,Ribeirão Preto,São Joaquim da Barra,Ribeirão Preto,11411.0,305.776,37.32,96.85,417237.0,2021.0,36564.46
3545001,Salesópolis,SP,São Paulo,Sudeste,Metropolitana de São Paulo,Mogi das Cruzes,São Paulo,15202.0,424.997,35.77,94.04,251752.0,2021.0,16560.45
3545100,Salmourão,SP,São Paulo,Sudeste,Presidente Prudente,Adamantina,Presidente Prudente,4808.0,172.934,27.8,89.89,96895.0,2021.0,20152.87
3545159,Saltinho,SP,São Paulo,Sudeste,Piracicaba,Piracicaba,Campinas,8161.0,99.738,81.82,97.91,377871.0,2021.0,46302.05
3545209,Salto,SP,São Paulo,Sudeste,Macro Metropolitana Paulista,Sorocaba,Sorocaba,134319.0,133.057,1009.48,97.41,9303487.0,2021.0,69264.12
3545308,Salto de Pirapora,SP,São Paulo,Sudeste,Macro Metropolitana Paulista,Sorocaba,Sorocaba,43748.0,280.412,156.01,96.65,2221477.0,2021.0,50778.94
3545407,Salto Grande,SP,São Paulo,Sudeste,Assis,Ourinhos,Marília,9050.0,188.441,48.03,92.73,273943.0,2021.0,30269.94
3545506,Sandovalina,SP,São Paulo,Sudeste,Presidente Prudente,Presidente Prudente,Presidente Prudente,3645.0,455.856,8.0,94.51,318810.0,2021.0,87465.02
3545605,Santa Adélia,SP,São Paulo,Sudeste,São José do Rio Preto,Catanduva,São José do Rio Preto,14018.0,330.269,42.44,95.62,382546.0,2021.0,27289.63
3545704,Santa Albertina,SP,São Paulo,Sudeste,São José do Rio Preto,Jales,São José do Rio Preto,6393.0,272.692,23.44,92.83,214791.0,2021.0,33597.84
3545803,Santa Bárbara d'Oeste,SP,São Paulo,Sudeste,Campinas,Campinas,Campinas,183347.0,271.03,676.48,97.41,7825507.0,2021.0,42681.4
3546009,Santa Branca,SP,São Paulo,Sudeste,Vale do Paraíba Paulista,São José dos Campos,São José dos Campos,13975.0,272.238,51.33,94.99,312819.0,2021.0,22384.19
3546108,Santa Clara d'Oeste,SP,São Paulo,Sudeste,São José do Rio Preto,Jales,São José do Rio Preto,2598.0,183.458,14.16,93.69,96783.0,2021.0,37252.89
3546207,Santa Cruz da Conceição,SP,São Paulo,Sudeste,Piracicaba,Limeira,Campinas,4277.0,150.13,28.49,96.29,161651.0,2021.0,37795.42
3546256,Santa Cruz da Esperança,SP,São Paulo,Sudeste,Ribeirão Preto,Batatais,Ribeirão Preto,2116.0,148.062,14.29,95.67,63457.0,2021.0,29989.13
3546306,Santa Cruz das Palmeiras,SP,São Paulo,Sudeste,Campinas,Pirassununga,Campinas,28864.0,295.337,97.73,94.12,655974.0,2021.0,22726.37
3546405,Santa Cruz do Rio Pardo,SP,São Paulo,Sudeste,Assis,Ourinhos,Marília,46442.0,1114.747,41.66,96.51,2786906.0,2021.0,60008.31
3546504,Santa Ernestina,SP,São Paulo,Sudeste,Ribeirão Preto,Jaboticabal,Ribeirão Preto,6118.0,134.421,45.51,95.12,104373.0,2021.0,17059.99
3546603,Santa Fé do Sul,SP,São Paulo,Sudeste,São José do Rio Preto,Jales,São José do Rio Preto,34794.0,206.537,168.46,96.25,1344881.0,2021.0,38652.67
3546702,Santa Gertrudes,SP,São Paulo,Sudeste,Piracicaba,Limeira,Campinas,23611.0,98.291,240.22,96.79,3895818.0,2021.0,165000.13
3546801,Santa Isabel,SP,São Paulo,Sudeste,Metropolitana de São Paulo,Guarulhos,São Paulo,53174.0,363.332,146.35,94.57,1658733.0,2021.0,31194.44
3546900,Santa Lúcia,SP,São Paulo,Sudeste,Araraquara,Araraquara,Araraquara,7149.0,153.86,46.46,93.83,131128.0,2021.0,18342.15
3547007,Santa Maria da Serra,SP,São Paulo,Sudeste,Piracicaba,Piracicaba,Campinas,5243.0,252.621,20.75,93.38,153024.0,2021.0,29186.34
3547106,Santa Mercedes,SP,São Paulo,Sudeste,Presidente Prudente,Dracena,Presidente Prudente,2956.0,166.753,17.73,93.69,69068.0,2021.0,23365.36
3547205,Santana da Ponte Pensa,SP,São Paulo,Sudeste,São José do Rio Preto,Jales,São José do Rio Preto,1670.0,129.888,12.86,92.45,39913.0,2021.0,23900.0
3547304,Santana de Parnaíba,SP,São Paulo,Sudeste,Metropolitana de São Paulo,Osasco,São Paulo,154105.0,179.949,856.38,97.01,11544903.0,2021.0,74915.82
3547403,Santa Rita d'Oeste,SP,São Paulo,Sudeste,São José do Rio Preto,Jales,São José do Rio Preto,2733.0,209.8,13.03,92.45,68135.0,2021.0,24930.48
3547502,Santa Rita do Passa Quatro,SP,São Paulo,Sudeste,Ribeirão Preto,Ribeirão Preto,Araraquara,24833.0,754.141,32.93,96.48,825835.0,2021.0,33255.55
3547601,Santa Rosa de Viterbo,SP,São Paulo,Sudeste,Ribeirão Preto,Ribeirão Preto,Ribeirão Preto,23411.0,288.576,81.13,96.62,833444.0,2021.0,35600.53
3547650,Santa Salete,SP,São Paulo,Sudeste,São José do Rio Preto,Jales,São José do Rio Preto,1645.0,79.192,20.77,94.95,42106.0,2021.0,25596.35
3547700,Santo Anastácio,SP,São Paulo,Sudeste,Presidente Prudente,Presidente Prudente,Presidente Prudente,17963.0,552.876,32.49,95.94,555801.0,2021.0,30941.44
3547809,Santo André,SP,São Paulo,Sudeste,Metropolitana de São Paulo,São Paulo,São Paulo,748919.0,175.782,4260.5,97.99,32620295.0,2021.0,43556.51
3547908,Santo Antônio da Alegria,SP,São Paulo,Sudeste,Ribeirão Preto,Batatais,Ribeirão Preto,6775.0,310.311,21.83,95.64,211522.0,2021.0,31220.96
3548005,Santo Antônio de Posse,SP,São Paulo,Sudeste,Campinas,Mogi Mirim,Campinas,23244.0,154.133,150.8,96.26,1870734.0,2021.0,80482.45
3548054,Santo Antônio do Aracanguá,SP,São Paulo,Sudeste,Araçatuba,Araçatuba,Araçatuba,8379.0,1308.432,6.4,94.25,289678.0,2021.0,34571.91
3548104,Santo Antônio do Jardim,SP,São Paulo,Sudeste,Campinas,São João da Boa Vista,Campinas,6126.0,109.956,55.71,93.99,222833.0,2021.0,36374.96
3548203,Santo Antônio do Pinhal,SP,São Paulo,Sudeste,Vale do Paraíba Paulista,Campos do Jordão,São José dos Campos,7133.0,133.008,53.63,95.67,148429.0,2021.0,20808.78
3548302,Santo Expedito,SP,São Paulo,Sudeste,Presidente Prudente,Presidente Prudente,Presidente Prudente,3000.0,94.465,31.76,93.23,47273.0,2021.0,15757.67
3548401,Santópolis do Aguapeí,SP,São Paulo,Sudeste,Araçatuba,Birigui,Araçatuba,3899.0,128.026,30.45,93.0,80653.0,2021.0,20685.56
3548500,Santos,SP,São Paulo,Sudeste,Metropolitana de São Paulo,Santos,São Paulo,418608.0,281.033,1489.53,98.4,24090173.0,2021.0,57548.29
3548609,São Bento do Sapucaí,SP,São Paulo,Sudeste,Vale do Paraíba Paulista,Campos do Jordão,São José dos Campos,11674.0,252.579,46.22,96.19,406647.0,2021.0,34833.56
3548708,São Bernardo do Campo,SP,São Paulo,Sudeste,Metropolitana de São Paulo,São Paulo,São Paulo,810729.0,409.532,1979.65,97.6,58277014.0,2021.0,71882.24
3548807,São Caetano do Sul,SP,São Paulo,Sudeste,Metropolitana de São Paulo,São Paulo,São Paulo,165655.0,15.331,10805.23,98.84,15566768.0,2021.0,93971.01
3548906,São Carlos,SP,São Paulo,Sudeste,Araraquara,São Carlos,Araraquara,254857.0,1136.907,224.17,97.5,14141854.0,2021.0,55489.37
3549003,São Francisco,SP,São Paulo,Sudeste,São José do Rio Preto,Jales,São José do Rio Preto,2602.0,75.579,34.43,91.49,51168.0,2021.0,19664.87
3549102,São João da Boa Vista,SP,São Paulo,Sudeste,Campinas,São João da Boa Vista,Campinas,92547.0,516.399,179.22,97.27,4135190.0,2021.0,44682.05
3549201,São João das Duas Pontes,SP,São Paulo,Sudeste,São José do Rio Preto,Fernandópolis,São José do Rio Preto,2580.0,129.462,19.93,91.63,52612.0,2021.0,20392.25
3549250,São João de Iracema,SP,São Paulo,Sudeste,São José do Rio Preto,Auriflama,São José do Rio Preto,1846.0,178.396,10.35,92.63,51478.0,2021.0,27886.24
3549300,São João do Pau d'Alho,SP,São Paulo,Sudeste,Presidente Prudente,Dracena,Presidente Prudente,2242.0,117.665,19.05,94.15,58493.0,2021.0,26089.65
3549409,São Joaquim da Barra,SP,São Paulo,Sudeste,Ribeirão Preto,São Joaquim da Barra,Ribeirão Preto,48558.0,410.863,118.19,96.53,2191086.0,2021.0,45123.07
3549508,São José da Bela Vista,SP,São Paulo,Sudeste,Ribeirão Preto,Franca,Ribeirão Preto,7626.0,276.952,27.54,93.24,231517.0,2021.0,30358.9
3549607,São José do Barreiro,SP,São Paulo,Sudeste,Vale do Paraíba Paulista,Bananal,São José dos Campos,3853.0,570.685,6.75,92.14,63347.0,2021.0,16440.96
3549706,São José do Rio Pardo,SP,São Paulo,Sudeste,Campinas,São João da Boa Vista,Campinas,52205.0,419.684,124.39,96.9,2375167.0,2021.0,45496.93
3549805,São José do Rio Preto,SP,São Paulo,Sudeste,São José do Rio Preto,São José do Rio Preto,São José do Rio Preto,480393.0,431.944,1112.17,97.84,20962615.0,2021.0,43636.39
3549904,São José dos Campos,SP,São Paulo,Sudeste,Vale do Paraíba Paulista,São José dos Campos,São José dos Campos,697054.0,1099.409,634.03,97.86,45208808.0,2021.0,64856.97
3549953,São Lourenço da Serra,SP,São Paulo,Sudeste,Metropolitana de São Paulo,Itapecerica da Serra,São Paulo,16067.0,186.456,86.17,93.56,285412.0,2021.0,17763.86
3550001,São Luiz do Paraitinga,SP,São Paulo,Sudeste,Vale do Paraíba Paulista,Paraibuna/Paraitinga,São José dos Campos,10337.0,617.315,16.75,92.82,204219.0,2021.0,19756.12
3550100,São Manuel,SP,São Paulo,Sudeste,Bauru,Botucatu,Bauru,37289.0,650.734,57.3,95.44,1340317.0,2021.0,35944.03
3550209,São Miguel Arcanjo,SP,São Paulo,Sudeste,Macro Metropolitana Paulista,Piedade,Sorocaba,32039.0,930.339,34.44,94.79,954225.0,2021.0,29783.23
3550308,São Paulo,SP,São Paulo,Sudeste,Metropolitana de São Paulo,São Paulo,São Paulo,11451999.0,1521.202,7528.26,97.42,828980747.0,2021.0,72387.43
3550407,São Pedro,SP,São Paulo,Sudeste,Piracicaba,Piracicaba,Campinas,38256.0,611.278,62.58,96.47,886336.0,2021.0,23168.55
3550506,São Pedro do Turvo,SP,São Paulo,Sudeste,Assis,Ourinhos,Marília,7217.0,731.221,9.87,93.82,234365.0,2021.0,32474.02
3550605,São Roque,SP,São Paulo,Sudeste,Macro Metropolitana Paulista,Sorocaba,Sorocaba,79484.0,306.908,258.98,96.29,3450779.0,2021.0,43414.76
3550704,São Sebastião,SP,São Paulo,Sudeste,Vale do Paraíba Paulista,Caraguatatuba,São José dos Campos,81595.0,402.395,202.77,95.62,16008645.0,2021.0,196196.4
3550803,São Sebastião da Grama,SP,São Paulo,Sudeste,Campinas,São João da Boa Vista,Campinas,10441.0,252.41,41.37,95.75,428492.0,2021.0,41039.36
3550902,São Simão,SP,São Paulo,Sudeste,Ribeirão Preto,Ribeirão Preto,Ribeirão Preto,13442.0,617.252,21.78,96.22,501327.0,2021.0,37295.57
3551009,São Vicente,SP,São Paulo,Sudeste,Metropolitana de São Paulo,Santos,São Paulo,329911.0,148.151,2226.86,96.77,6121259.0,2021.0,18554.27
3551108,Sarapuí,SP,São Paulo,Sudeste,Macro Metropolitana Paulista,Sorocaba,Sorocaba,10369.0,352.592,29.41,95.67,203911.0,2021.0,19665.45
3551207,Sarutaiá,SP,São Paulo,Sudeste,Assis,Ourinhos,Marília,3704.0,141.608,26.16,92.8,96558.0,2021.0,26068.57
3551306,Sebastianópolis do Sul,SP,São Paulo,Sudeste,São José do Rio Preto,Nhandeara,São José do Rio Preto,3130.0,167.848,18.65,92.94,417499.0,2021.0,133386.26
3551405,Serra Azul,SP,São Paulo,Sudeste,Ribeirão Preto,Ribeirão Preto,Ribeirão Preto,12746.0,283.144,45.02,94.16,195523.0,2021.0,15339.95
3551504,Serrana,SP,São Paulo,Sudeste,Ribeirão Preto,Ribeirão Preto,Ribeirão Preto,43909.0,126.046,348.36,95.53,1349050.0,2021.0,30723.77
3551603,Serra Negra,SP,São Paulo,Sudeste,Campinas,Amparo,Campinas,29894.0,203.734,146.73,96.46,845122.0,2021.0,28270.62
3551702,Sertãozinho,SP,São Paulo,Sudeste,Ribeirão Preto,Ribeirão Preto,Ribeirão Preto,126887.0,403.089,314.79,96.14,7109022.0,2021.0,56026.4
3551801,Sete Barras,SP,São Paulo,Sudeste,Litoral Sul Paulista,Registro,Sorocaba,12730.0,1062.699,11.98,91.36,379170.0,2021.0,29785.55
3551900,Severínia,SP,São Paulo,Sudeste,São José do Rio Preto,Catanduva,Ribeirão Preto,14576.0,140.46,103.77,92.42,271912.0,2021.0,18654.77
3552007,Silveiras,SP,São Paulo,Sudeste,Vale do Paraíba Paulista,Bananal,São José dos Campos,6186.0,414.782,14.91,91.76,92559.0,2021.0,14962.66
3552106,Socorro,SP,São Paulo,Sudeste,Campinas,Amparo,Campinas,40122.0,449.029,89.35,95.49,1120219.0,2021.0,27920.32
3552205,Sorocaba,SP,São Paulo,Sudeste,Macro Metropolitana Paulista,Sorocaba,Sorocaba,723682.0,449.872,1608.64,97.92,44533398.0,2021.0,61537.25
3552304,Sud Mennucci,SP,São Paulo,Sudeste,Araçatuba,Andradina,Araçatuba,7355.0,594.744,12.37,93.17,226784.0,2021.0,30833.99
3552403,Sumaré,SP,São Paulo,Sudeste,Campinas,Campinas,Campinas,279545.0,153.465,1821.56,96.5,16179892.0,2021.0,57879.38
3552502,Suzano,SP,São Paulo,Sudeste,Metropolitana de São Paulo,Mogi das Cruzes,São Paulo,307429.0,206.236,1490.67,96.61,14811514.0,2021.0,48178.65
3552551,Suzanápolis,SP,São Paulo,Sudeste,Araçatuba,Andradina,São José do Rio Preto,3408.0,330.587,10.31,92.14,341981.0,2021.0,100346.54
3552601,Tabapuã,SP,São Paulo,Sudeste,São José do Rio Preto,Catanduva,São José do Rio Preto,11323.0,345.792,32.75,94.5,287137.0,2021.0,25358.74
3552700,Tabatinga,SP,São Paulo,Sudeste,Araraquara,Araraquara,Araraquara,14769.0,368.604,40.07,94.02,340423.0,2021.0,23049.83
3552809,Taboão da Serra,SP,São Paulo,Sudeste,Metropolitana de São Paulo,Itapecerica da Serra,São Paulo,273542.0,20.388,13416.81,97.23,10291072.0,2021.0,37621.54
3552908,Taciba,SP,São Paulo,Sudeste,Presidente Prudente,Presidente Prudente,Presidente Prudente,6260.0,607.267,10.31,94.26,186412.0,2021.0,29778.27
3553005,Taguaí,SP,São Paulo,Sudeste,Assis,Ourinhos,Sorocaba,12669.0,145.332,87.17,95.53,343428.0,2021.0,27107.74
3553104,Taiaçu,SP,São Paulo,Sudeste,Ribeirão Preto,Jaboticabal,Ribeirão Preto,5677.0,107.059,53.03,92.03,109907.0,2021.0,19360.05
3553203,Taiúva,SP,São Paulo,Sudeste,Ribeirão Preto,Jaboticabal,Ribeirão Preto,6548.0,132.459,49.43,94.34,139651.0,2021.0,21327.28
3553302,Tambaú,SP,São Paulo,Sudeste,Campinas,São João da Boa Vista,Campinas,21435.0,561.788,38.15,96.31,700419.0,2021.0,32676.42
3553401,Tanabi,SP,São Paulo,Sudeste,São José do Rio Preto,São José do Rio Preto,São José do Rio Preto,25265.0,747.218,33.81,94.73,1323570.0,2021.0,52387.49
3553500,Tapiraí,SP,São Paulo,Sudeste,Macro Metropolitana Paulista,Piedade,Sorocaba,7996.0,755.1,10.59,92.67,185138.0,2021.0,23153.83
3553609,Tapiratiba,SP,São Paulo,Sudeste,Campinas,São João da Boa Vista,Campinas,11816.0,221.891,53.25,95.76,301185.0,2021.0,25489.59
3553658,Taquaral,SP,São Paulo,Sudeste,Ribeirão Preto,Jaboticabal,Ribeirão Preto,2619.0,53.892,48.6,92.23,46862.0,2021.0,17893.09
3553708,Taquaritinga,SP,São Paulo,Sudeste,Ribeirão Preto,Jaboticabal,Araraquara,52260.0,594.335,87.93,95.02,1660014.0,2021.0,31764.52
3553807,Taquarituba,SP,São Paulo,Sudeste,Itapetininga,Itapeva,Sorocaba,24350.0,448.515,54.29,94.77,988152.0,2021.0,40581.19
3553856,Taquarivaí,SP,São Paulo,Sudeste,Itapetininga,Itapeva,Sorocaba,6876.0,231.792,29.66,93.62,367324.0,2021.0,53421.18
3553906,Tarabai,SP,São Paulo,Sudeste,Presidente Prudente,Presidente Prudente,Presidente Prudente,6536.0,201.385,32.46,93.57,168350.0,2021.0,25757.34
3553955,Tarumã,SP,São Paulo,Sudeste,Assis,Assis,Marília,14882.0,302.913,49.13,94.33,897036.0,2021.0,60276.58
3554003,Tatuí,SP,São Paulo,Sudeste,Itapetininga,Tatuí,Sorocaba,123942.0,523.749,236.64,97.12,5076193.0,2021.0,40956.2
3554102,Taubaté,SP,São Paulo,Sudeste,Vale do Paraíba Paulista,São José dos Campos,São José dos Campos,310739.0,625.003,497.18,97.82,16199986.0,2021.0,52133.74
3554201,Tejupá,SP,São Paulo,Sudeste,Assis,Ourinhos,Marília,4127.0,296.189,13.93,90.6,138116.0,2021.0,33466.44
3554300,Teodoro Sampaio,SP,São Paulo,Sudeste,Presidente Prudente,Presidente Prudente,Presidente Prudente,22173.0,1555.803,14.25,93.8,627028.0,2021.0,28278.9
3554409,Terra Roxa,SP,São Paulo,Sudeste,Ribeirão Preto,Jaboticabal,Ribeirão Preto,7904.0,221.541,35.68,96.07,174935.0,2021.0,22132.46
3554508,Tietê,SP,São Paulo,Sudeste,Piracicaba,Piracicaba,Sorocaba,37663.0,404.396,93.13,97.55,2158402.0,2021.0,57308.29
3554607,Timburi,SP,São Paulo,Sudeste,Assis,Ourinhos,Marília,2464.0,196.79,12.52,93.95,66301.0,2021.0,26907.87
3554656,Torre de Pedra,SP,São Paulo,Sudeste,Itapetininga,Tatuí,Sorocaba,2046.0,71.348,28.68,94.97,37757.0,2021.0,18454.06
3554706,Torrinha,SP,São Paulo,Sudeste,Piracicaba,Rio Claro,Bauru,9335.0,315.267,29.61,96.22,284592.0,2021.0,30486.56
3554755,Trabiju,SP,São Paulo,Sudeste,Araraquara,Araraquara,Araraquara,1682.0,63.421,26.52,91.17,44920.0,2021.0,26706.3
3554805,Tremembé,SP,São Paulo,Sudeste,Vale do Paraíba Paulista,São José dos Campos,São José dos Campos,51173.0,191.094,267.79,97.2,896634.0,2021.0,17521.62
3554904,Três Fronteiras,SP,São Paulo,Sudeste,São José do Rio Preto,Jales,São José do Rio Preto,6804.0,151.594,44.88,93.49,122036.0,2021.0,17935.92
3554953,Tuiuti,SP,São Paulo,Sudeste,Macro Metropolitana Paulista,Bragança Paulista,Campinas,6778.0,126.731,53.48,94.63,181790.0,2021.0,26820.6
3555000,Tupã,SP,São Paulo,Sudeste,Marília,Tupã,Marília,63928.0,627.986,101.8,95.92,2213337.0,2021.0,34622.34
3555109,Tupi Paulista,SP,São Paulo,Sudeste,Presidente Prudente,Dracena,Presidente Prudente,15854.0,244.77,64.77,96.43,340357.0,2021.0,21468.21
3555208,Turiúba,SP,São Paulo,Sudeste,Araçatuba,Birigui,Araçatuba,1818.0,153.235,11.86,92.54,56425.0,2021.0,31036.85
3555307,Turmalina,SP,São Paulo,Sudeste,São José do Rio Preto,Fernandópolis,São José do Rio Preto,1669.0,147.797,11.29,94.67,73692.0,2021.0,44153.39
3555356,Ubarana,SP,São Paulo,Sudeste,São José do Rio Preto,São José do Rio Preto,São José do Rio Preto,5365.0,209.861,25.56,91.9,212639.0,2021.0,39634.48
3555406,Ubatuba,SP,São Paulo,Sudeste,Vale do Paraíba Paulista,Caraguatatuba,São José dos Campos,92981.0,708.105,131.31,96.38,2705941.0,2021.0,29102.09
3555505,Ubirajara,SP,São Paulo,Sudeste,Bauru,Bauru,Bauru,5132.0,282.179,18.19,93.9,114468.0,2021.0,22304.75
3555604,Uchoa,SP,São Paulo,Sudeste,São José do Rio Preto,São José do Rio Preto,São José do Rio Preto,10394.0,252.434,41.18,94.65,401841.0,2021.0,38660.86
3555703,União Paulista,SP,São Paulo,Sudeste,São José do Rio Preto,Nhandeara,São José do Rio Preto,1603.0,79.056,20.28,93.3,57595.0,2021.0,35929.51
3555802,Urânia,SP,São Paulo,Sudeste,São José do Rio Preto,Jales,São José do Rio Preto,8833.0,209.262,42.21,93.05,286014.0,2021.0,32380.17
3555901,Uru,SP,São Paulo,Sudeste,Bauru,Bauru,Bauru,1387.0,146.901,9.44,94.01,46392.0,2021.0,33447.73
3556008,Urupês,SP,São Paulo,Sudeste,São José do Rio Preto,Novo Horizonte,São José do Rio Preto,13744.0,323.916,42.43,95.27,483325.0,2021.0,35166.25
3556107,Valentim Gentil,SP,São Paulo,Sudeste,São José do Rio Preto,Votuporanga,São José do Rio Preto,14098.0,149.741,94.15,95.94,437546.0,2021.0,31036.03
3556206,Valinhos,SP,São Paulo,Sudeste,Campinas,Campinas,Campinas,126373.0,148.538,850.78,98.05,7969200.0,2021.0,63060.94
3556305,Valparaíso,SP,São Paulo,Sudeste,Araçatuba,Araçatuba,Araçatuba,24241.0,857.661,28.26,95.34,1236297.0,2021.0,51000.25
3556354,Vargem,SP,São Paulo,Sudeste,Macro Metropolitana Paulista,Bragança Paulista,Campinas,10512.0,142.595,73.72,95.04,153401.0,2021.0,14592.94
3556404,Vargem Grande do Sul,SP,São Paulo,Sudeste,Campinas,São João da Boa Vista,Campinas,40133.0,267.178,150.21,95.64,1287339.0,2021.0,32076.82
3556453,Vargem Grande Paulista,SP,São Paulo,Sudeste,Metropolitana de São Paulo,Itapecerica da Serra,São Paulo,50415.0,42.489,1186.54,96.77,2898203.0,2021.0,57486.92
3556503,Várzea Paulista,SP,São Paulo,Sudeste,Macro Metropolitana Paulista,Jundiaí,Campinas,115771.0,35.12,3296.44,96.53,3965839.0,2021.0,34255.89
3556602,Vera Cruz,SP,São Paulo,Sudeste,Marília,Marília,Marília,10176.0,247.716,41.08,95.93,240193.0,2021.0,23603.87
3556701,Vinhedo,SP,São Paulo,Sudeste,Campinas,Campinas,Campinas,76540.0,80.95,945.52,98.01,12557909.0,2021.0,164069.89
3556800,Viradouro,SP,São Paulo,Sudeste,Ribeirão Preto,Jaboticabal,Ribeirão Preto,17414.0,217.726,79.98,95.72,443704.0,2021.0,25479.73
3556909,Vista Alegre do Alto,SP,São Paulo,Sudeste,Ribeirão Preto,Jaboticabal,São José do Rio Preto,8109.0,95.429,84.97,93.18,425058.0,2021.0,52418.05
3556958,Vitória Brasil,SP,São Paulo,Sudeste,São José do Rio Preto,Jales,São José do Rio Preto,1794.0,49.832,36.0,91.54,45179.0,2021.0,25183.39
3557006,Votorantim,SP,São Paulo,Sudeste,Macro Metropolitana Paulista,Sorocaba,Sorocaba,127923.0,184.186,694.53,97.65,3919236.0,2021.0,30637.46
3557105,Votuporanga,SP,São Paulo,Sudeste,São José do Rio Preto,Votuporanga,São José do Rio Preto,96634.0,420.703,229.7,96.7,3862540.0,2021.0,39970.82
3557154,Zacarias,SP,São Paulo,Sudeste,São José do Rio Preto,São José do Rio Preto,Araçatuba,2692.0,319.056,8.44,93.55,130189.0,2021.0,48361.44
3557204,Chavantes,SP,São Paulo,Sudeste,Assis,Ourinhos,Marília,12211.0,188.727,64.7,94.62,266345.0,2021.0,21811.89
3557303,Estiva Gerbi,SP,São Paulo,Sudeste,Campinas,Mogi Mirim,Campinas,11295.0,74.144,152.34,96.36,389432.0,2021.0,34478.26
4100103,Abatiá,PR,Paraná,Sul,Norte Pioneiro Paranaense,Cornélio Procópio,Londrina,7241.0,228.717,31.66,88.97,221817.0,2021.0,30633.48
4100202,Adrianópolis,PR,Paraná,Sul,Metropolitana de Curitiba,Cerro Azul,Curitiba,6256.0,1349.311,4.64,87.44,368854.0,2021.0,58960.04
4100301,Agudos do Sul,PR,Paraná,Sul,Metropolitana de Curitiba,Rio Negro,Curitiba,10233.0,192.261,53.22,93.28,216904.0,2021.0,21196.52
4100400,Almirante Tamandaré,PR,Paraná,Sul,Metropolitana de Curitiba,Curitiba,Curitiba,119825.0,194.228,616.93,96.48,1936255.0,2021.0,16159.02
4100459,Altamira do Paraná,PR,Paraná,Sul,Centro Ocidental Paranaense,Goioerê,Maringá,3590.0,386.945,9.28,89.4,96207.0,2021.0,26798.61
4100509,Altônia,PR,Paraná,Sul,Noroeste Paranaense,Umuarama,Maringá,18742.0,661.56,28.33,92.76,462493.0,2021.0,24676.82
4100608,Alto Paraná,PR,Paraná,Sul,Noroeste Paranaense,Paranavaí,Maringá,13909.0,407.719,34.11,92.0,436261.0,2021.0,31365.37
4100707,Alto Piquiri,PR,Paraná,Sul,Noroeste Paranaense,Umuarama,Maringá,9727.0,447.666,21.73,88.22,410780.0,2021.0,42230.9
4100806,Alvorada do Sul,PR,Paraná,Sul,Norte Central Paranaense,Porecatu,Londrina,10326.0,424.25,24.34,92.24,338359.0,2021.0,32767.67
4100905,Amaporã,PR,Paraná,Sul,Noroeste Paranaense,Paranavaí,Maringá,4762.0,384.735,12.38,90.22,121114.0,2021.0,25433.43
4101002,Ampére,PR,Paraná,Sul,Sudoeste Paranaense,Capanema,Cascavel,19620.0,298.349,65.76,94.62,750364.0,2021.0,38244.85
4101051,Anahy,PR,Paraná,Sul,Oeste Paranaense,Cascavel,Cascavel,2918.0,102.895,28.36,90.27,115042.0,2021.0,39424.95
4101101,Andirá,PR,Paraná,Sul,Norte Pioneiro Paranaense,Cornélio Procópio,Londrina,19878.0,235.944,84.25,91.94,816503.0,2021.0,41075.71
4101150,Ângulo,PR,Paraná,Sul,Norte Central Paranaense,Astorga,Maringá,3235.0,106.021,30.51,92.76,154197.0,2021.0,47665.22
4101200,Antonina,PR,Paraná,Sul,Metropolitana de Curitiba,Paranaguá,Curitiba,18091.0,891.582,20.29,94.51,700871.0,2021.0,38741.42
4101309,Antônio Olinto,PR,Paraná,Sul,Sudeste Paranaense,São Mateus do Sul,Curitiba,7018.0,469.62,14.94,93.79,233345.0,2021.0,33249.5
4101408,Apucarana,PR,Paraná,Sul,Norte Central Paranaense,Apucarana,Londrina,130134.0,556.99,233.64,95.73,3874080.0,2021.0,29769.93
4101507,Arapongas,PR,Paraná,Sul,Norte Central Paranaense,Apucarana,Londrina,119138.0,382.215,311.7,96.36,4953989.0,2021.0,41581.94
4101606,Arapoti,PR,Paraná,Sul,Centro Oriental Paranaense,Jaguariaíva,Ponta Grossa,25777.0,1358.176,18.98,94.32,1447431.0,2021.0,56152.03
4101655,Arapuã,PR,Paraná,Sul,Norte Central Paranaense,Ivaiporã,Londrina,3527.0,217.371,16.23,87.77,152146.0,2021.0,43137.51
4101705,Araruna,PR,Paraná,Sul,Centro Ocidental Paranaense,Campo Mourão,Maringá,14485.0,493.191,29.37,93.43,547353.0,2021.0,37787.57
4101804,Araucária,PR,Paraná,Sul,Metropolitana de Curitiba,Curitiba,Curitiba,151666.0,469.24,323.22,97.17,25266761.0,2021.0,166594.76
4101853,Ariranha do Ivaí,PR,Paraná,Sul,Norte Central Paranaense,Ivaiporã,Londrina,2329.0,234.076,9.95,85.37,128974.0,2021.0,55377.42
4101903,Assaí,PR,Paraná,Sul,Norte Pioneiro Paranaense,Assaí,Londrina,13797.0,440.347,31.33,93.48,539552.0,2021.0,39106.47
4102000,Assis Chateaubriand,PR,Paraná,Sul,Oeste Paranaense,Toledo,Cascavel,36808.0,980.727,37.53,94.15,1633260.0,2021.0,44372.42
4102109,Astorga,PR,Paraná,Sul,Norte Central Paranaense,Astorga,Maringá,25475.0,434.792,58.59,95.13,882920.0,2021.0,34658.29
4102208,Atalaia,PR,Paraná,Sul,Norte Central Paranaense,Astorga,Maringá,3980.0,137.663,28.91,94.84,177304.0,2021.0,44548.74
4102307,Balsa Nova,PR,Paraná,Sul,Metropolitana de Curitiba,Curitiba,Curitiba,13395.0,348.926,38.39,96.45,926185.0,2021.0,69144.08
4102406,Bandeirantes,PR,Paraná,Sul,Norte Pioneiro Paranaense,Cornélio Procópio,Londrina,31273.0,445.192,70.25,93.63,1033468.0,2021.0,33046.65
4102505,Barbosa Ferraz,PR,Paraná,Sul,Centro Ocidental Paranaense,Campo Mourão,Maringá,10795.0,538.636,20.04,87.21,299363.0,2021.0,27731.64
4102604,Barracão,PR,Paraná,Sul,Sudoeste Paranaense,Francisco Beltrão,Cascavel,9759.0,161.213,60.53,93.72,264230.0,2021.0,27075.52
4102703,Barra do Jacaré,PR,Paraná,Sul,Norte Pioneiro Paranaense,Jacarezinho,Londrina,2814.0,115.855,24.29,91.91,150148.0,2021.0,53357.5
4102752,Bela Vista da Caroba,PR,Paraná,Sul,Sudoeste Paranaense,Capanema,Cascavel,4031.0,148.107,27.22,91.89,106924.0,2021.0,26525.43
4102802,Bela Vista do Paraíso,PR,Paraná,Sul,Norte Central Paranaense,Porecatu,Londrina,14833.0,242.689,61.12,92.33,523791.0,2021.0,35312.55
4102901,Bituruna,PR,Paraná,Sul,Sudeste Paranaense,União da Vitória,Curitiba,15533.0,1234.946,12.58,94.34,552342.0,2021.0,35559.26
4103008,Boa Esperança,PR,Paraná,Sul,Centro Ocidental Paranaense,Goioerê,Maringá,4558.0,302.739,15.06,90.11,285689.0,2021.0,62678.59
4103024,Boa Esperança do Iguaçu,PR,Paraná,Sul,Sudoeste Paranaense,Francisco Beltrão,Cascavel,2455.0,151.797,16.17,90.69,142607.0,2021.0,58088.39
4103040,Boa Ventura de São Roque,PR,Paraná,Sul,Centro-Sul Paranaense,Pitanga,Guarapuava,6378.0,620.453,10.28,90.76,361490.0,2021.0,56677.64
4103057,Boa Vista da Aparecida,PR,Paraná,Sul,Oeste Paranaense,Cascavel,Cascavel,7924.0,266.175,29.77,89.77,185315.0,2021.0,23386.55
4103107,Bocaiúva do Sul,PR,Paraná,Sul,Metropolitana de Curitiba,Curitiba,Curitiba,13299.0,825.665,16.11,94.35,280327.0,2021.0,21078.8
4103156,Bom Jesus do Sul,PR,Paraná,Sul,Sudoeste Paranaense,Francisco Beltrão,Cascavel,3980.0,176.129,22.6,89.71,115670.0,2021.0,29062.81
4103206,Bom Sucesso,PR,Paraná,Sul,Norte Central Paranaense,Faxinal,Londrina,6581.0,322.755,20.39,91.32,157269.0,2021.0,23897.43
4103222,Bom Sucesso do Sul,PR,Paraná,Sul,Sudoeste Paranaense,Pato Branco,Cascavel,3202.0,195.931,16.34,94.39,300056.0,2021.0,93708.93
4103305,Borrazópolis,PR,Paraná,Sul,Norte Central Paranaense,Faxinal,Londrina,7735.0,334.378,23.13,91.85,245673.0,2021.0,31761.22
4103354,Braganey,PR,Paraná,Sul,Oeste Paranaense,Cascavel,Cascavel,4854.0,343.321,14.14,89.18,241526.0,2021.0,49758.14
4103370,Brasilândia do Sul,PR,Paraná,Sul,Noroeste Paranaense,Umuarama,Maringá,3708.0,291.036,12.74,89.14,275949.0,2021.0,74419.9
4103404,Cafeara,PR,Paraná,Sul,Norte Central Paranaense,Astorga,Londrina,2627.0,185.8,14.14,89.03,114049.0,2021.0,43414.16
4103453,Cafelândia,PR,Paraná,Sul,Oeste Paranaense,Cascavel,Cascavel,18997.0,274.904,69.1,95.17,1949226.0,2021.0,102607.04
4103479,Cafezal do Sul,PR,Paraná,Sul,Noroeste Paranaense,Umuarama,Maringá,4473.0,335.392,13.34,86.94,148983.0,2021.0,33307.18
4103503,Califórnia,PR,Paraná,Sul,Norte Central Paranaense,Apucarana,Londrina,8710.0,141.817,61.42,92.65,253205.0,2021.0,29070.61
4103602,Cambará,PR,Paraná,Sul,Norte Pioneiro Paranaense,Jacarezinho,Londrina,23212.0,366.153,63.39,94.75,819036.0,2021.0,35285.02
4103701,Cambé,PR,Paraná,Sul,Norte Central Paranaense,Londrina,Londrina,107208.0,495.375,216.42,95.72,5029902.0,2021.0,46917.23
4103800,Cambira,PR,Paraná,Sul,Norte Central Paranaense,Apucarana,Londrina,9460.0,164.786,57.41,93.52,280211.0,2021.0,29620.61
4103909,Campina da Lagoa,PR,Paraná,Sul,Centro Ocidental Paranaense,Goioerê,Maringá,15723.0,796.614,19.74,91.89,578373.0,2021.0,36785.16
4103958,Campina do Simão,PR,Paraná,Sul,Centro-Sul Paranaense,Guarapuava,Guarapuava,3936.0,448.424,8.78,93.04,150370.0,2021.0,38203.76
4104006,Campina Grande do Sul,PR,Paraná,Sul,Metropolitana de Curitiba,Curitiba,Curitiba,47825.0,539.245,88.69,96.3,2176024.0,2021.0,45499.72
4104055,Campo Bonito,PR,Paraná,Sul,Oeste Paranaense,Cascavel,Cascavel,4027.0,433.832,9.28,88.37,224661.0,2021.0,55788.68
4104105,Campo do Tenente,PR,Paraná,Sul,Metropolitana de Curitiba,Rio Negro,Curitiba,7508.0,304.488,24.66,94.4,261270.0,2021.0,34798.88
4104204,Campo Largo,PR,Paraná,Sul,Metropolitana de Curitiba,Curitiba,Curitiba,136327.0,1243.551,109.63,96.92,5733187.0,2021.0,42054.67
4104253,Campo Magro,PR,Paraná,Sul,Metropolitana de Curitiba,Curitiba,Curitiba,30160.0,275.352,109.53,95.85,541601.0,2021.0,17957.59
4104303,Campo Mourão,PR,Paraná,Sul,Centro Ocidental Paranaense,Campo Mourão,Maringá,99432.0,749.637,132.64,95.35,5147310.0,2021.0,51767.14
4104402,Cândido de Abreu,PR,Paraná,Sul,Norte Central Paranaense,Ivaiporã,Londrina,15244.0,1510.16,10.09,87.89,421637.0,2021.0,27659.21
4104428,Candói,PR,Paraná,Sul,Centro-Sul Paranaense,Guarapuava,Guarapuava,14973.0,1512.786,9.9,92.56,850048.0,2021.0,56772.06
4104451,Cantagalo,PR,Paraná,Sul,Centro-Sul Paranaense,Guarapuava,Guarapuava,10933.0,583.304,18.74,91.18,335944.0,2021.0,30727.52
4104501,Capanema,PR,Paraná,Sul,Sudoeste Paranaense,Capanema,Cascavel,20481.0,419.036,48.88,95.4,1106692.0,2021.0,54035.06
4104600,Capitão Leônidas Marques,PR,Paraná,Sul,Oeste Paranaense,Cascavel,Cascavel,14648.0,280.063,52.3,92.2,1255526.0,2021.0,85713.13
4104659,Carambeí,PR,Paraná,Sul,Centro Oriental Paranaense,Ponta Grossa,Ponta Grossa,23283.0,649.68,35.84,96.55,1578833.0,2021.0,67810.55
4104709,Carlópolis,PR,Paraná,Sul,Norte Pioneiro Paranaense,Wenceslau Braz,Londrina,16905.0,451.418,37.45,93.71,458638.0,2021.0,27130.32
4104808,Cascavel,PR,Paraná,Sul,Oeste Paranaense,Cascavel,Cascavel,348051.0,2091.199,166.44,96.83,15786905.0,2021.0,45358.02
4104907,Castro,PR,Paraná,Sul,Centro Oriental Paranaense,Ponta Grossa,Ponta Grossa,73075.0,2531.503,28.87,95.0,3631156.0,2021.0,49690.81
4105003,Catanduvas,PR,Paraná,Sul,Oeste Paranaense,Cascavel,Cascavel,10446.0,580.421,18.0,91.49,355951.0,2021.0,34075.34
4105102,Centenário do Sul,PR,Paraná,Sul,Norte Central Paranaense,Astorga,Londrina,10832.0,371.834,29.13,89.94,440499.0,2021.0,40666.45
4105201,Cerro Azul,PR,Paraná,Sul,Metropolitana de Curitiba,Cerro Azul,Curitiba,16134.0,1341.189,12.03,86.18,405086.0,2021.0,25107.6
4105300,Céu Azul,PR,Paraná,Sul,Oeste Paranaense,Foz do Iguaçu,Cascavel,11087.0,1179.449,9.4,95.14,942758.0,2021.0,85032.74
4105409,Chopinzinho,PR,Paraná,Sul,Sudoeste Paranaense,Pato Branco,Cascavel,21085.0,959.692,21.97,94.19,909271.0,2021.0,43124.07
4105508,Cianorte,PR,Paraná,Sul,Noroeste Paranaense,Cianorte,Maringá,79527.0,811.666,97.98,95.91,3039716.0,2021.0,38222.44
4105607,Cidade Gaúcha,PR,Paraná,Sul,Noroeste Paranaense,Cianorte,Maringá,11467.0,403.045,28.45,91.88,431473.0,2021.0,37627.37
4105706,Clevelândia,PR,Paraná,Sul,Centro-Sul Paranaense,Palmas,Cascavel,15070.0,703.638,21.42,91.99,837980.0,2021.0,55605.84
4105805,Colombo,PR,Paraná,Sul,Metropolitana de Curitiba,Curitiba,Curitiba,232212.0,197.58,1175.28,96.84,5693870.0,2021.0,24520.14
4105904,Colorado,PR,Paraná,Sul,Norte Central Paranaense,Astorga,Maringá,22896.0,407.568,56.18,93.77,796267.0,2021.0,34777.56
4106001,Congonhinhas,PR,Paraná,Sul,Norte Pioneiro Paranaense,Cornélio Procópio,Londrina,8320.0,535.963,15.52,88.12,285617.0,2021.0,34328.97
4106100,Conselheiro Mairinck,PR,Paraná,Sul,Norte Pioneiro Paranaense,Ibaiti,Londrina,3461.0,204.705,16.91,91.9,152425.0,2021.0,44040.74
4106209,Contenda,PR,Paraná,Sul,Metropolitana de Curitiba,Curitiba,Curitiba,19128.0,299.037,63.97,97.03,557577.0,2021.0,29149.78
4106308,Corbélia,PR,Paraná,Sul,Oeste Paranaense,Cascavel,Cascavel,17470.0,529.137,33.02,94.15,1064177.0,2021.0,60914.54
4106407,Cornélio Procópio,PR,Paraná,Sul,Norte Pioneiro Paranaense,Cornélio Procópio,Londrina,45206.0,635.1,71.18,95.1,1812202.0,2021.0,40087.64
4106456,Coronel Domingos Soares,PR,Paraná,Sul,Centro-Sul Paranaense,Palmas,Cascavel,5649.0,1556.186,3.63,89.4,323716.0,2021.0,57305.01
4106506,Coronel Vivida,PR,Paraná,Sul,Sudoeste Paranaense,Pato Branco,Cascavel,23331.0,684.417,34.09,95.51,887309.0,2021.0,38031.33
4106555,Corumbataí do Sul,PR,Paraná,Sul,Centro Ocidental Paranaense,Campo Mourão,Maringá,3760.0,164.341,22.88,87.24,87683.0,2021.0,23319.95
4106571,Cruzeiro do Iguaçu,PR,Paraná,Sul,Sudoeste Paranaense,Francisco Beltrão,Cascavel,4133.0,161.862,25.53,92.17,177173.0,2021.0,42867.89
4106605,Cruzeiro do Oeste,PR,Paraná,Sul,Noroeste Paranaense,Umuarama,Maringá,23831.0,775.984,30.71,91.89,859368.0,2021.0,36060.93
4106704,Cruzeiro do Sul,PR,Paraná,Sul,Noroeste Paranaense,Paranavaí,Maringá,4494.0,259.103,17.34,91.96,205351.0,2021.0,45694.48
4106803,Cruz Machado,PR,Paraná,Sul,Sudeste Paranaense,União da Vitória,Curitiba,15978.0,1478.35,10.81,95.93,505066.0,2021.0,31610.09
4106852,Cruzmaltina,PR,Paraná,Sul,Norte Central Paranaense,Faxinal,Londrina,2892.0,312.299,9.26,87.03,151165.0,2021.0,52270.06
4106902,Curitiba,PR,Paraná,Sul,Metropolitana de Curitiba,Curitiba,Curitiba,1773718.0,434.892,4078.53,98.47,98000491.0,2021.0,55251.45
4107009,Curiúva,PR,Paraná,Sul,Norte Pioneiro Paranaense,Ibaiti,Ponta Grossa,13647.0,576.263,23.68,89.89,276029.0,2021.0,20226.35
4107108,Diamante do Norte,PR,Paraná,Sul,Noroeste Paranaense,Paranavaí,Maringá,5142.0,242.887,21.17,91.43,298207.0,2021.0,57994.36
4107124,Diamante do Sul,PR,Paraná,Sul,Oeste Paranaense,Cascavel,Cascavel,3171.0,347.233,9.13,85.05,74736.0,2021.0,23568.59
4107157,Diamante D'Oeste,PR,Paraná,Sul,Oeste Paranaense,Toledo,Cascavel,4557.0,309.11,14.74,89.15,128031.0,2021.0,28095.46
4107207,Dois Vizinhos,PR,Paraná,Sul,Sudoeste Paranaense,Francisco Beltrão,Cascavel,44869.0,418.648,107.18,95.99,2026447.0,2021.0,45163.63
4107256,Douradina,PR,Paraná,Sul,Noroeste Paranaense,Umuarama,Maringá,9161.0,420.604,21.78,93.06,841228.0,2021.0,91827.09
4107306,Doutor Camargo,PR,Paraná,Sul,Norte Central Paranaense,Floraí,Maringá,6327.0,118.279,53.49,94.42,200365.0,2021.0,31668.25
4107405,Enéas Marques,PR,Paraná,Sul,Sudoeste Paranaense,Francisco Beltrão,Cascavel,5999.0,192.203,31.21,93.08,311321.0,2021.0,51895.48
4107504,Engenheiro Beltrão,PR,Paraná,Sul,Centro Ocidental Paranaense,Campo Mourão,Maringá,12454.0,467.47,26.64,91.47,566606.0,2021.0,45495.9
4107520,Esperança Nova,PR,Paraná,Sul,Noroeste Paranaense,Umuarama,Maringá,1849.0,141.286,13.09,89.78,65236.0,2021.0,35281.77
4107538,Entre Rios do Oeste,PR,Paraná,Sul,Oeste Paranaense,Toledo,Cascavel,4575.0,120.967,37.82,96.43,313143.0,2021.0,68446.56
4107546,Espigão Alto do Iguaçu,PR,Paraná,Sul,Centro-Sul Paranaense,Guarapuava,Cascavel,4797.0,326.44,14.69,88.25,162811.0,2021.0,33940.17
4107553,Farol,PR,Paraná,Sul,Centro Ocidental Paranaense,Campo Mourão,Maringá,3039.0,289.232,10.51,87.3,215732.0,2021.0,70987.82
4107603,Faxinal,PR,Paraná,Sul,Norte Central Paranaense,Faxinal,Londrina,16389.0,715.943,22.89,90.28,500122.0,2021.0,30515.71
4107652,Fazenda Rio Grande,PR,Paraná,Sul,Metropolitana de Curitiba,Curitiba,Curitiba,148873.0,116.678,1275.93,97.37,3322418.0,2021.0,22317.13
4107702,Fênix,PR,Paraná,Sul,Centro Ocidental Paranaense,Campo Mourão,Maringá,4492.0,234.099,19.19,89.82,212862.0,2021.0,47386.91
4107736,Fernandes Pinheiro,PR,Paraná,Sul,Sudeste Paranaense,Prudentópolis,Ponta Grossa,6255.0,406.5,15.39,92.89,253838.0,2021.0,40581.61
4107751,Figueira,PR,Paraná,Sul,Norte Pioneiro Paranaense,Ibaiti,Londrina,8062.0,129.769,62.13,89.29,161492.0,2021.0,20031.26
4107801,Floraí,PR,Paraná,Sul,Norte Central Paranaense,Floraí,Maringá,4792.0,191.133,25.07,93.69,239257.0,2021.0,49928.42
4107850,Flor da Serra do Sul,PR,Paraná,Sul,Sudoeste Paranaense,Francisco Beltrão,Cascavel,4364.0,255.721,17.07,90.56,182643.0,2021.0,41852.2
4107900,Floresta,PR,Paraná,Sul,Norte Central Paranaense,Floraí,Maringá,10458.0,158.226,66.1,94.59,271124.0,2021.0,25925.03
4108007,Florestópolis,PR,Paraná,Sul,Norte Central Paranaense,Porecatu,Londrina,11446.0,246.853,46.37,91.26,400285.0,2021.0,34971.61
4108106,Flórida,PR,Paraná,Sul,Norte Central Paranaense,Astorga,Maringá,2652.0,83.046,31.93,91.86,80573.0,2021.0,30381.98
4108205,Formosa do Oeste,PR,Paraná,Sul,Oeste Paranaense,Toledo,Cascavel,7635.0,275.901,27.67,93.41,370767.0,2021.0,48561.49
4108304,Foz do Iguaçu,PR,Paraná,Sul,Oeste Paranaense,Foz do Iguaçu,Cascavel,285415.0,609.192,468.51,96.07,18969029.0,2021.0,66461.22
4108320,Francisco Alves,PR,Paraná,Sul,Noroeste Paranaense,Umuarama,Maringá,8116.0,321.898,25.21,90.63,290544.0,2021.0,35798.92
4108403,Francisco Beltrão,PR,Paraná,Sul,Sudoeste Paranaense,Francisco Beltrão,Cascavel,96666.0,735.111,131.5,96.25,3694539.0,2021.0,38219.63
4108452,Foz do Jordão,PR,Paraná,Sul,Centro-Sul Paranaense,Guarapuava,Guarapuava,4926.0,235.382,20.93,92.07,184044.0,2021.0,37361.75
4108502,General Carneiro,PR,Paraná,Sul,Sudeste Paranaense,União da Vitória,Curitiba,11062.0,1071.183,10.33,91.5,445472.0,2021.0,40270.48
4108551,Godoy Moreira,PR,Paraná,Sul,Norte Central Paranaense,Ivaiporã,Londrina,2977.0,131.012,22.72,83.31,72426.0,2021.0,24328.52
4108601,Goioerê,PR,Paraná,Sul,Centro Ocidental Paranaense,Goioerê,Maringá,28437.0,564.163,50.41,92.76,1074370.0,2021.0,37780.71
4108650,Goioxim,PR,Paraná,Sul,Centro-Sul Paranaense,Guarapuava,Guarapuava,6566.0,702.471,9.35,91.32,309145.0,2021.0,47082.7
4108700,Grandes Rios,PR,Paraná,Sul,Norte Central Paranaense,Ivaiporã,Londrina,5641.0,314.198,17.95,86.22,172728.0,2021.0,30620.1
4108809,Guaíra,PR,Paraná,Sul,Oeste Paranaense,Toledo,Cascavel,32097.0,563.742,56.94,92.89,1139934.0,2021.0,35515.28
4108908,Guairaçá,PR,Paraná,Sul,Noroeste Paranaense,Paranavaí,Maringá,6587.0,493.94,13.34,89.49,273736.0,2021.0,41557.01
4108957,Guamiranga,PR,Paraná,Sul,Sudeste Paranaense,Prudentópolis,Guarapuava,7856.0,244.795,32.09,94.67,295065.0,2021.0,37559.19
4109005,Guapirama,PR,Paraná,Sul,Norte Pioneiro Paranaense,Wenceslau Braz,Londrina,4626.0,189.1,24.46,91.75,176952.0,2021.0,38251.62
4109104,Guaporema,PR,Paraná,Sul,Noroeste Paranaense,Cianorte,Maringá,2191.0,201.15,10.89,89.0,78139.0,2021.0,35663.62
4109203,Guaraci,PR,Paraná,Sul,Norte Central Paranaense,Astorga,Londrina,4748.0,211.68,22.43,91.96,223863.0,2021.0,47148.9
4109302,Guaraniaçu,PR,Paraná,Sul,Oeste Paranaense,Cascavel,Cascavel,13735.0,1238.32,11.09,91.6,512014.0,2021.0,37278.05
4109401,Guarapuava,PR,Paraná,Sul,Centro-Sul Paranaense,Guarapuava,Guarapuava,182093.0,3168.087,57.48,96.13,8309024.0,2021.0,45630.66
4109500,Guaraqueçaba,PR,Paraná,Sul,Metropolitana de Curitiba,Paranaguá,Curitiba,7430.0,2011.357,3.69,90.82,118152.0,2021.0,15902.02
4109609,Guaratuba,PR,Paraná,Sul,Metropolitana de Curitiba,Paranaguá,Curitiba,42062.0,1326.67,31.7,96.49,982125.0,2021.0,23349.46
4109658,Honório Serpa,PR,Paraná,Sul,Centro-Sul Paranaense,Palmas,Cascavel,4941.0,502.235,9.84,91.9,298546.0,2021.0,60422.18
4109708,Ibaiti,PR,Paraná,Sul,Norte Pioneiro Paranaense,Ibaiti,Londrina,28830.0,898.221,32.1,91.32,878434.0,2021.0,30469.44
4109757,Ibema,PR,Paraná,Sul,Oeste Paranaense,Cascavel,Cascavel,6218.0,145.446,42.75,88.1,182341.0,2021.0,29324.7
4109807,Ibiporã,PR,Paraná,Sul,Norte Central Paranaense,Londrina,Londrina,51603.0,297.742,173.31,94.89,3313394.0,2021.0,64209.33
4109906,Icaraíma,PR,Paraná,Sul,Noroeste Paranaense,Umuarama,Maringá,8991.0,675.24,13.32,90.62,249550.0,2021.0,27755.53
4110003,Iguaraçu,PR,Paraná,Sul,Norte Central Paranaense,Astorga,Maringá,5338.0,164.983,32.35,93.91,212505.0,2021.0,39809.85
4110052,Iguatu,PR,Paraná,Sul,Oeste Paranaense,Cascavel,Cascavel,2144.0,106.937,20.05,89.15,83996.0,2021.0,39177.24
4110078,Imbaú,PR,Paraná,Sul,Centro Oriental Paranaense,Telêmaco Borba,Ponta Grossa,14249.0,330.734,43.08,90.97,276156.0,2021.0,19380.73
4110102,Imbituva,PR,Paraná,Sul,Sudeste Paranaense,Prudentópolis,Ponta Grossa,29924.0,756.535,39.55,95.77,1290790.0,2021.0,43135.61
4110201,Inácio Martins,PR,Paraná,Sul,Centro-Sul Paranaense,Guarapuava,Guarapuava,9670.0,936.208,10.33,92.76,265709.0,2021.0,27477.66
4110300,Inajá,PR,Paraná,Sul,Noroeste Paranaense,Paranavaí,Maringá,2536.0,194.704,13.02,88.42,58312.0,2021.0,22993.69
4110409,Indianópolis,PR,Paraná,Sul,Noroeste Paranaense,Cianorte,Maringá,4448.0,122.622,36.27,92.85,507444.0,2021.0,114083.63
4110508,Ipiranga,PR,Paraná,Sul,Sudeste Paranaense,Prudentópolis,Ponta Grossa,14142.0,900.721,15.7,95.13,615190.0,2021.0,43500.92
4110607,Iporã,PR,Paraná,Sul,Noroeste Paranaense,Umuarama,Maringá,15746.0,647.894,24.3,92.31,597062.0,2021.0,37918.33
4110656,Iracema do Oeste,PR,Paraná,Sul,Oeste Paranaense,Toledo,Cascavel,2343.0,81.538,28.74,88.6,194366.0,2021.0,82956.04
4110706,Irati,PR,Paraná,Sul,Sudeste Paranaense,Irati,Ponta Grossa,59250.0,999.517,59.28,97.02,2286211.0,2021.0,38585.84
4110805,Iretama,PR,Paraná,Sul,Centro Ocidental Paranaense,Campo Mourão,Maringá,10684.0,570.459,18.73,87.54,354163.0,2021.0,33148.91
4110904,Itaguajé,PR,Paraná,Sul,Norte Central Paranaense,Astorga,Maringá,4481.0,194.353,23.06,95.53,121778.0,2021.0,27176.52
4110953,Itaipulândia,PR,Paraná,Sul,Oeste Paranaense,Foz do Iguaçu,Cascavel,11485.0,330.846,34.71,92.81,524784.0,2021.0,45692.99
4111001,Itambaracá,PR,Paraná,Sul,Norte Pioneiro Paranaense,Cornélio Procópio,Londrina,5908.0,207.342,28.49,87.89,223622.0,2021.0,37850.71
4111100,Itambé,PR,Paraná,Sul,Norte Central Paranaense,Floraí,Maringá,6111.0,243.822,25.06,93.11,228333.0,2021.0,37364.26
4111209,Itapejara d'Oeste,PR,Paraná,Sul,Sudoeste Paranaense,Pato Branco,Cascavel,12344.0,254.014,48.6,94.68,753014.0,2021.0,61002.43
4111258,Itaperuçu,PR,Paraná,Sul,Metropolitana de Curitiba,Curitiba,Curitiba,31217.0,322.991,96.65,93.34,626927.0,2021.0,20082.87
4111308,Itaúna do Sul,PR,Paraná,Sul,Noroeste Paranaense,Paranavaí,Maringá,3572.0,128.87,27.72,85.89,87750.0,2021.0,24566.07
4111407,Ivaí,PR,Paraná,Sul,Sudeste Paranaense,Prudentópolis,Ponta Grossa,13229.0,607.848,21.76,93.89,497707.0,2021.0,37622.42
4111506,Ivaiporã,PR,Paraná,Sul,Norte Central Paranaense,Ivaiporã,Londrina,32720.0,436.989,74.88,92.37,947821.0,2021.0,28967.63
4111555,Ivaté,PR,Paraná,Sul,Noroeste Paranaense,Umuarama,Maringá,6831.0,410.156,16.65,91.79,203930.0,2021.0,29853.61
4111605,Ivatuba,PR,Paraná,Sul,Norte Central Paranaense,Floraí,Maringá,2708.0,96.661,28.02,94.43,143593.0,2021.0,53025.48
4111704,Jaboti,PR,Paraná,Sul,Norte Pioneiro Paranaense,Ibaiti,Londrina,5427.0,139.277,38.97,91.02,160051.0,2021.0,29491.62
4111803,Jacarezinho,PR,Paraná,Sul,Norte Pioneiro Paranaense,Jacarezinho,Londrina,40375.0,602.528,67.01,93.16,1598029.0,2021.0,39579.67
4111902,Jaguapitã,PR,Paraná,Sul,Norte Central Paranaense,Astorga,Londrina,15122.0,475.004,31.84,93.76,1049382.0,2021.0,69394.39
4112009,Jaguariaíva,PR,Paraná,Sul,Centro Oriental Paranaense,Jaguariaíva,Ponta Grossa,35141.0,1453.066,24.18,95.04,1788853.0,2021.0,50905.01
4112108,Jandaia do Sul,PR,Paraná,Sul,Norte Central Paranaense,Apucarana,Londrina,21408.0,187.6,114.12,94.78,790155.0,2021.0,36909.33
4112207,Janiópolis,PR,Paraná,Sul,Centro Ocidental Paranaense,Goioerê,Maringá,5870.0,335.65,17.49,87.24,241936.0,2021.0,41215.67
4112306,Japira,PR,Paraná,Sul,Norte Pioneiro Paranaense,Ibaiti,Londrina,4972.0,187.802,26.47,91.07,163418.0,2021.0,32867.66
4112405,Japurá,PR,Paraná,Sul,Noroeste Paranaense,Cianorte,Maringá,9144.0,165.185,55.36,94.48,321178.0,2021.0,35124.45
4112504,Jardim Alegre,PR,Paraná,Sul,Norte Central Paranaense,Ivaiporã,Londrina,12004.0,413.386,29.04,88.78,374099.0,2021.0,31164.53
4112603,Jardim Olinda,PR,Paraná,Sul,Noroeste Paranaense,Paranavaí,Maringá,1343.0,128.515,10.45,90.57,57044.0,2021.0,42475.06
4112702,Jataizinho,PR,Paraná,Sul,Norte Pioneiro Paranaense,Assaí,Londrina,11813.0,159.178,74.21,92.78,282676.0,2021.0,23929.23
4112751,Jesuítas,PR,Paraná,Sul,Oeste Paranaense,Toledo,Cascavel,10506.0,247.496,42.45,94.19,441972.0,2021.0,42068.53
4112801,Joaquim Távora,PR,Paraná,Sul,Norte Pioneiro Paranaense,Wenceslau Braz,Londrina,11945.0,289.173,41.31,94.88,680977.0,2021.0,57009.38
4112900,Jundiaí do Sul,PR,Paraná,Sul,Norte Pioneiro Paranaense,Jacarezinho,Londrina,3333.0,320.816,10.39,89.77,128060.0,2021.0,38421.84
4112959,Juranda,PR,Paraná,Sul,Centro Ocidental Paranaense,Goioerê,Maringá,7771.0,354.364,21.93,92.31,440931.0,2021.0,56740.57
4113007,Jussara,PR,Paraná,Sul,Noroeste Paranaense,Cianorte,Maringá,6690.0,210.869,31.73,94.0,405133.0,2021.0,60558.0
4113106,Kaloré,PR,Paraná,Sul,Norte Central Paranaense,Faxinal,Londrina,4582.0,193.299,23.7,91.0,165650.0,2021.0,36152.34
4113205,Lapa,PR,Paraná,Sul,Metropolitana de Curitiba,Lapa,Curitiba,45003.0,2093.859,21.49,96.12,2841179.0,2021.0,63133.1
4113254,Laranjal,PR,Paraná,Sul,Centro-Sul Paranaense,Pitanga,Guarapuava,5600.0,559.439,10.01,86.1,113016.0,2021.0,20181.43
4113304,Laranjeiras do Sul,PR,Paraná,Sul,Centro-Sul Paranaense,Guarapuava,Cascavel,32227.0,673.688,47.84,94.6,1027729.0,2021.0,31890.31
4113403,Leópolis,PR,Paraná,Sul,Norte Pioneiro Paranaense,Cornélio Procópio,Londrina,3752.0,344.918,10.88,92.12,227372.0,2021.0,60600.21
4113429,Lidianópolis,PR,Paraná,Sul,Norte Central Paranaense,Ivaiporã,Londrina,3938.0,151.456,26.0,88.51,125681.0,2021.0,31914.93
4113452,Lindoeste,PR,Paraná,Sul,Oeste Paranaense,Cascavel,Cascavel,5175.0,347.093,14.91,91.11,200871.0,2021.0,38815.65
4113502,Loanda,PR,Paraná,Sul,Noroeste Paranaense,Paranavaí,Maringá,23225.0,722.496,32.15,93.99,697950.0,2021.0,30051.67
4113601,Lobato,PR,Paraná,Sul,Norte Central Paranaense,Astorga,Maringá,4601.0,240.904,19.1,94.87,215564.0,2021.0,46851.55
4113700,Londrina,PR,Paraná,Sul,Norte Central Paranaense,Londrina,Londrina,555965.0,1652.569,336.42,97.16,23603698.0,2021.0,42455.37
4113734,Luiziana,PR,Paraná,Sul,Centro Ocidental Paranaense,Campo Mourão,Maringá,6690.0,916.839,7.3,87.75,546858.0,2021.0,81742.6
4113759,Lunardelli,PR,Paraná,Sul,Norte Central Paranaense,Ivaiporã,Londrina,4872.0,199.213,24.46,86.65,142210.0,2021.0,29189.24
4113809,Lupionópolis,PR,Paraná,Sul,Norte Central Paranaense,Astorga,Londrina,4813.0,121.066,39.76,91.21,131498.0,2021.0,27321.42
4113908,Mallet,PR,Paraná,Sul,Sudeste Paranaense,Irati,Ponta Grossa,13428.0,760.224,17.66,97.1,758397.0,2021.0,56478.78
4114005,Mamborê,PR,Paraná,Sul,Centro Ocidental Paranaense,Campo Mourão,Maringá,13452.0,788.061,17.07,92.29,793177.0,2021.0,58963.5
4114104,Mandaguaçu,PR,Paraná,Sul,Norte Central Paranaense,Astorga,Maringá,31457.0,294.019,106.99,95.15,687733.0,2021.0,21862.64
4114203,Mandaguari,PR,Paraná,Sul,Norte Central Paranaense,Maringá,Maringá,36716.0,335.814,109.33,94.68,1835706.0,2021.0,49997.44
4114302,Mandirituba,PR,Paraná,Sul,Metropolitana de Curitiba,Curitiba,Curitiba,27439.0,379.179,72.36,95.77,665013.0,2021.0,24236.05
4114351,Manfrinópolis,PR,Paraná,Sul,Sudoeste Paranaense,Francisco Beltrão,Cascavel,2770.0,215.779,12.84,91.51,81472.0,2021.0,29412.27
4114401,Mangueirinha,PR,Paraná,Sul,Centro-Sul Paranaense,Palmas,Cascavel,16603.0,1055.458,15.73,92.34,1773268.0,2021.0,106804.07
4114500,Manoel Ribas,PR,Paraná,Sul,Norte Central Paranaense,Ivaiporã,Londrina,14240.0,571.135,24.93,91.75,531488.0,2021.0,37323.6
4114609,Marechal Cândido Rondon,PR,Paraná,Sul,Oeste Paranaense,Toledo,Cascavel,55836.0,745.748,74.87,96.94,2923749.0,2021.0,52363.15
4114708,Maria Helena,PR,Paraná,Sul,Noroeste Paranaense,Umuarama,Maringá,5865.0,486.224,12.06,90.3,134443.0,2021.0,22922.93
4114807,Marialva,PR,Paraná,Sul,Norte Central Paranaense,Maringá,Maringá,41851.0,475.564,88.0,95.54,2654433.0,2021.0,63425.8
4114906,Marilândia do Sul,PR,Paraná,Sul,Norte Central Paranaense,Apucarana,Londrina,8677.0,384.424,22.57,91.8,466433.0,2021.0,53755.1
4115002,Marilena,PR,Paraná,Sul,Noroeste Paranaense,Paranavaí,Maringá,7253.0,232.363,31.21,90.19,174490.0,2021.0,24057.63
4115101,Mariluz,PR,Paraná,Sul,Noroeste Paranaense,Umuarama,Maringá,9847.0,433.17,22.73,87.73,284359.0,2021.0,28877.73
4115200,Maringá,PR,Paraná,Sul,Norte Central Paranaense,Maringá,Maringá,409657.0,487.012,841.16,98.02,22655738.0,2021.0,55304.16
4115309,Mariópolis,PR,Paraná,Sul,Sudoeste Paranaense,Pato Branco,Cascavel,6371.0,230.365,27.66,94.03,439911.0,2021.0,69048.97
4115358,Maripá,PR,Paraná,Sul,Oeste Paranaense,Toledo,Cascavel,6555.0,283.793,23.1,97.02,478110.0,2021.0,72938.22
4115408,Marmeleiro,PR,Paraná,Sul,Sudoeste Paranaense,Francisco Beltrão,Cascavel,15901.0,387.612,41.02,94.51,635104.0,2021.0,39941.14
4115457,Marquinho,PR,Paraná,Sul,Centro-Sul Paranaense,Guarapuava,Cascavel,4504.0,503.858,8.94,91.43,111454.0,2021.0,24745.56
4115507,Marumbi,PR,Paraná,Sul,Norte Central Paranaense,Faxinal,Londrina,4699.0,208.47,22.54,92.4,103451.0,2021.0,22015.54
4115606,Matelândia,PR,Paraná,Sul,Oeste Paranaense,Foz do Iguaçu,Cascavel,18450.0,639.746,28.84,94.53,1096366.0,2021.0,59423.63
4115705,Matinhos,PR,Paraná,Sul,Metropolitana de Curitiba,Paranaguá,Curitiba,39259.0,117.899,332.99,97.02,892232.0,2021.0,22726.81
4115739,Mato Rico,PR,Paraná,Sul,Centro-Sul Paranaense,Pitanga,Guarapuava,3267.0,394.533,8.28,84.59,123187.0,2021.0,37706.46
4115754,Mauá da Serra,PR,Paraná,Sul,Norte Central Paranaense,Apucarana,Londrina,9383.0,108.324,86.62,91.4,373698.0,2021.0,39827.13
4115804,Medianeira,PR,Paraná,Sul,Oeste Paranaense,Foz do Iguaçu,Cascavel,54369.0,328.732,165.39,96.47,2442040.0,2021.0,44916.04
4115853,Mercedes,PR,Paraná,Sul,Oeste Paranaense,Toledo,Cascavel,5931.0,197.136,30.09,96.09,278211.0,2021.0,46907.94
4115903,Mirador,PR,Paraná,Sul,Noroeste Paranaense,Paranavaí,Maringá,2238.0,221.708,10.09,89.87,126635.0,2021.0,56584.0
4116000,Miraselva,PR,Paraná,Sul,Norte Central Paranaense,Porecatu,Londrina,1966.0,90.294,21.77,92.09,52324.0,2021.0,26614.45
4116059,Missal,PR,Paraná,Sul,Oeste Paranaense,Foz do Iguaçu,Cascavel,11064.0,324.397,34.11,95.17,466420.0,2021.0,42156.54
4116109,Moreira Sales,PR,Paraná,Sul,Centro Ocidental Paranaense,Goioerê,Maringá,11175.0,353.772,31.59,87.75,306144.0,2021.0,27395.44
4116208,Morretes,PR,Paraná,Sul,Metropolitana de Curitiba,Paranaguá,Curitiba,18309.0,684.58,26.74,96.14,389211.0,2021.0,21257.91
4116307,Munhoz de Melo,PR,Paraná,Sul,Norte Central Paranaense,Astorga,Maringá,3951.0,137.018,28.84,93.03,136929.0,2021.0,34656.8
4116406,Nossa Senhora das Graças,PR,Paraná,Sul,Norte Central Paranaense,Astorga,Maringá,3669.0,185.769,19.75,90.99,99515.0,2021.0,27123.19
4116505,Nova Aliança do Ivaí,PR,Paraná,Sul,Noroeste Paranaense,Paranavaí,Maringá,1323.0,131.272,10.08,90.95,51926.0,2021.0,39248.68
4116604,Nova América da Colina,PR,Paraná,Sul,Norte Pioneiro Paranaense,Cornélio Procópio,Londrina,3280.0,129.476,25.33,89.97,97600.0,2021.0,29756.1
4116703,Nova Aurora,PR,Paraná,Sul,Oeste Paranaense,Cascavel,Cascavel,13765.0,470.642,29.25,94.44,819755.0,2021.0,59553.58
4116802,Nova Cantu,PR,Paraná,Sul,Centro Ocidental Paranaense,Goioerê,Maringá,6790.0,555.488,12.22,87.26,348087.0,2021.0,51264.65
4116901,Nova Esperança,PR,Paraná,Sul,Norte Central Paranaense,Astorga,Maringá,26585.0,401.587,66.2,94.07,943181.0,2021.0,35477.94
4116950,Nova Esperança do Sudoeste,PR,Paraná,Sul,Sudoeste Paranaense,Francisco Beltrão,Cascavel,5597.0,208.472,26.85,93.02,164792.0,2021.0,29442.92
4117008,Nova Fátima,PR,Paraná,Sul,Norte Pioneiro Paranaense,Cornélio Procópio,Londrina,7225.0,283.423,25.49,90.13,314928.0,2021.0,43588.65
4117057,Nova Laranjeiras,PR,Paraná,Sul,Centro-Sul Paranaense,Guarapuava,Cascavel,12074.0,1210.205,9.98,92.1,308284.0,2021.0,25532.88
4117107,Nova Londrina,PR,Paraná,Sul,Noroeste Paranaense,Paranavaí,Maringá,12923.0,269.389,47.97,94.61,442935.0,2021.0,34274.94
4117206,Nova Olímpia,PR,Paraná,Sul,Noroeste Paranaense,Umuarama,Maringá,5833.0,136.347,42.78,91.17,109207.0,2021.0,18722.27
4117214,Nova Santa Bárbara,PR,Paraná,Sul,Norte Pioneiro Paranaense,Assaí,Londrina,4184.0,76.887,54.42,84.31,110742.0,2021.0,26467.97
4117222,Nova Santa Rosa,PR,Paraná,Sul,Oeste Paranaense,Toledo,Cascavel,8322.0,204.665,40.66,97.14,439747.0,2021.0,52841.5
4117255,Nova Prata do Iguaçu,PR,Paraná,Sul,Sudoeste Paranaense,Francisco Beltrão,Cascavel,12699.0,352.565,36.02,93.03,492498.0,2021.0,38782.42
4117271,Nova Tebas,PR,Paraná,Sul,Norte Central Paranaense,Ivaiporã,Guarapuava,6848.0,545.686,12.55,86.27,189788.0,2021.0,27714.37
4117297,Novo Itacolomi,PR,Paraná,Sul,Norte Central Paranaense,Apucarana,Londrina,3125.0,161.411,19.36,91.11,91407.0,2021.0,29250.24
4117305,Ortigueira,PR,Paraná,Sul,Centro Oriental Paranaense,Telêmaco Borba,Ponta Grossa,24192.0,2429.52,9.96,88.27,2726430.0,2021.0,112699.65
4117404,Ourizona,PR,Paraná,Sul,Norte Central Paranaense,Floraí,Maringá,3187.0,176.457,18.06,91.86,166696.0,2021.0,52304.99
4117453,Ouro Verde do Oeste,PR,Paraná,Sul,Oeste Paranaense,Toledo,Cascavel,6785.0,293.042,23.15,94.1,318622.0,2021.0,46959.76
4117503,Paiçandu,PR,Paraná,Sul,Norte Central Paranaense,Maringá,Maringá,45962.0,171.379,268.19,94.85,1057696.0,2021.0,23012.4
4117602,Palmas,PR,Paraná,Sul,Centro-Sul Paranaense,Palmas,Cascavel,48247.0,1557.903,30.97,93.86,1616525.0,2021.0,33505.19
4117701,Palmeira,PR,Paraná,Sul,Centro Oriental Paranaense,Ponta Grossa,Ponta Grossa,33855.0,1470.072,23.03,96.92,1642026.0,2021.0,48501.73
4117800,Palmital,PR,Paraná,Sul,Centro-Sul Paranaense,Pitanga,Guarapuava,13033.0,817.647,15.94,89.51,330837.0,2021.0,25384.56
4117909,Palotina,PR,Paraná,Sul,Oeste Paranaense,Toledo,Cascavel,35011.0,651.238,53.76,95.79,2815815.0,2021.0,80426.58
4118006,Paraíso do Norte,PR,Paraná,Sul,Noroeste Paranaense,Paranavaí,Maringá,13245.0,204.564,64.75,93.1,377239.0,2021.0,28481.62
4118105,Paranacity,PR,Paraná,Sul,Noroeste Paranaense,Paranavaí,Maringá,9557.0,348.631,27.41,92.78,325522.0,2021.0,34061.11
4118204,Paranaguá,PR,Paraná,Sul,Metropolitana de Curitiba,Paranaguá,Curitiba,145829.0,822.838,177.23,97.34,13646908.0,2021.0,93581.58
4118303,Paranapoema,PR,Paraná,Sul,Noroeste Paranaense,Paranavaí,Maringá,2398.0,175.875,13.63,91.41,92021.0,2021.0,38374.06
4118402,Paranavaí,PR,Paraná,Sul,Noroeste Paranaense,Paranavaí,Maringá,92001.0,1202.266,76.52,95.47,3179798.0,2021.0,34562.65
4118451,Pato Bragado,PR,Paraná,Sul,Oeste Paranaense,Toledo,Cascavel,5733.0,135.6,42.28,96.95,243483.0,2021.0,42470.43
4118501,Pato Branco,PR,Paraná,Sul,Sudoeste Paranaense,Pato Branco,Cascavel,91836.0,539.087,170.35,97.25,4548086.0,2021.0,49524.0
4118600,Paula Freitas,PR,Paraná,Sul,Sudeste Paranaense,União da Vitória,Curitiba,5666.0,421.409,13.45,95.84,439962.0,2021.0,77649.49
4118709,Paulo Frontin,PR,Paraná,Sul,Sudeste Paranaense,União da Vitória,Curitiba,6343.0,363.351,17.46,96.38,396724.0,2021.0,62545.17
4118808,Peabiru,PR,Paraná,Sul,Centro Ocidental Paranaense,Campo Mourão,Maringá,13346.0,468.594,28.48,92.71,454229.0,2021.0,34034.84
4118857,Perobal,PR,Paraná,Sul,Noroeste Paranaense,Umuarama,Maringá,7189.0,409.05,17.57,93.33,281883.0,2021.0,39210.32
4118907,Pérola,PR,Paraná,Sul,Noroeste Paranaense,Umuarama,Maringá,11878.0,236.186,50.29,92.34,359685.0,2021.0,30281.61
4119004,Pérola d'Oeste,PR,Paraná,Sul,Sudoeste Paranaense,Capanema,Cascavel,6221.0,205.279,30.31,93.34,237952.0,2021.0,38249.8
4119103,Piên,PR,Paraná,Sul,Metropolitana de Curitiba,Rio Negro,Curitiba,13655.0,254.792,53.59,97.35,919729.0,2021.0,67354.74
4119152,Pinhais,PR,Paraná,Sul,Metropolitana de Curitiba,Curitiba,Curitiba,127019.0,60.869,2086.76,97.81,7962954.0,2021.0,62691.05
4119202,Pinhalão,PR,Paraná,Sul,Norte Pioneiro Paranaense,Ibaiti,Londrina,6566.0,220.625,29.76,90.54,251475.0,2021.0,38299.57
4119251,Pinhal de São Bento,PR,Paraná,Sul,Sudoeste Paranaense,Francisco Beltrão,Cascavel,2761.0,97.463,28.33,90.51,80246.0,2021.0,29064.11
4119301,Pinhão,PR,Paraná,Sul,Centro-Sul Paranaense,Guarapuava,Guarapuava,29886.0,2001.588,14.93,91.02,1794773.0,2021.0,60053.97
4119400,Piraí do Sul,PR,Paraná,Sul,Centro Oriental Paranaense,Jaguariaíva,Ponta Grossa,23651.0,1345.417,17.58,95.57,1191670.0,2021.0,50385.61
4119509,Piraquara,PR,Paraná,Sul,Metropolitana de Curitiba,Curitiba,Curitiba,118730.0,227.042,522.94,96.0,1543847.0,2021.0,13003.01
4119608,Pitanga,PR,Paraná,Sul,Centro-Sul Paranaense,Pitanga,Guarapuava,33567.0,1663.747,20.18,93.08,1140790.0,2021.0,33985.46
4119657,Pitangueiras,PR,Paraná,Sul,Norte Central Paranaense,Londrina,Londrina,3046.0,123.229,24.72,92.2,121843.0,2021.0,40000.98
4119707,Planaltina do Paraná,PR,Paraná,Sul,Noroeste Paranaense,Paranavaí,Maringá,4070.0,356.192,11.43,91.1,103914.0,2021.0,25531.7
4119806,Planalto,PR,Paraná,Sul,Sudoeste Paranaense,Capanema,Cascavel,14374.0,346.241,41.51,94.49,425326.0,2021.0,29589.95
4119905,Ponta Grossa,PR,Paraná,Sul,Centro Oriental Paranaense,Ponta Grossa,Ponta Grossa,358371.0,2054.732,174.41,97.65,19490249.0,2021.0,54385.68
4119954,Pontal do Paraná,PR,Paraná,Sul,Metropolitana de Curitiba,Paranaguá,Curitiba,30425.0,200.41,151.81,96.91,653317.0,2021.0,21473.03
4120002,Porecatu,PR,Paraná,Sul,Norte Central Paranaense,Porecatu,Londrina,11624.0,291.663,39.85,92.79,554196.0,2021.0,47676.88
4120101,Porto Amazonas,PR,Paraná,Sul,Metropolitana de Curitiba,Lapa,Ponta Grossa,4098.0,186.581,21.96,96.17,163131.0,2021.0,39807.47
4120150,Porto Barreiro,PR,Paraná,Sul,Centro-Sul Paranaense,Guarapuava,Cascavel,3110.0,361.02,8.61,92.99,170013.0,2021.0,54666.56
4120200,Porto Rico,PR,Paraná,Sul,Noroeste Paranaense,Paranavaí,Maringá,3182.0,217.676,14.62,92.44,108611.0,2021.0,34132.94
4120309,Porto Vitória,PR,Paraná,Sul,Sudeste Paranaense,União da Vitória,Curitiba,3562.0,213.013,16.72,96.91,98738.0,2021.0,27719.82
4120333,Prado Ferreira,PR,Paraná,Sul,Norte Central Paranaense,Porecatu,Londrina,3709.0,152.876,24.26,89.32,170927.0,2021.0,46084.39
4120358,Pranchita,PR,Paraná,Sul,Sudoeste Paranaense,Capanema,Cascavel,5737.0,226.14,25.37,92.42,329443.0,2021.0,57424.26
4120408,Presidente Castelo Branco,PR,Paraná,Sul,Norte Central Paranaense,Astorga,Maringá,4336.0,155.734,27.84,94.76,147400.0,2021.0,33994.46
4120507,Primeiro de Maio,PR,Paraná,Sul,Norte Central Paranaense,Porecatu,Londrina,10082.0,414.442,24.33,93.04,371262.0,2021.0,36824.24
4120606,Prudentópolis,PR,Paraná,Sul,Sudeste Paranaense,Prudentópolis,Guarapuava,49393.0,2247.141,21.98,94.62,1571730.0,2021.0,31820.91
4120655,Quarto Centenário,PR,Paraná,Sul,Centro Ocidental Paranaense,Goioerê,Maringá,4201.0,321.875,13.05,90.38,363003.0,2021.0,86408.71
4120705,Quatiguá,PR,Paraná,Sul,Norte Pioneiro Paranaense,Wenceslau Braz,Londrina,8099.0,112.689,71.87,93.62,212114.0,2021.0,26190.15
4120804,Quatro Barras,PR,Paraná,Sul,Metropolitana de Curitiba,Curitiba,Curitiba,24191.0,180.471,134.04,97.04,1941120.0,2021.0,80241.41
4120853,Quatro Pontes,PR,Paraná,Sul,Oeste Paranaense,Toledo,Cascavel,4480.0,114.393,39.16,98.39,253567.0,2021.0,56599.78
4120903,Quedas do Iguaçu,PR,Paraná,Sul,Centro-Sul Paranaense,Guarapuava,Cascavel,30738.0,821.503,37.42,92.06,1466517.0,2021.0,47710.23
4121000,Querência do Norte,PR,Paraná,Sul,Noroeste Paranaense,Paranavaí,Maringá,10685.0,914.763,11.68,88.34,261216.0,2021.0,24446.98
4121109,Quinta do Sol,PR,Paraná,Sul,Centro Ocidental Paranaense,Campo Mourão,Maringá,5001.0,326.177,15.33,88.05,257471.0,2021.0,51483.9
4121208,Quitandinha,PR,Paraná,Sul,Metropolitana de Curitiba,Rio Negro,Curitiba,18398.0,447.024,41.16,94.73,509137.0,2021.0,27673.5
4121257,Ramilândia,PR,Paraná,Sul,Oeste Paranaense,Foz do Iguaçu,Cascavel,4221.0,237.196,17.8,87.42,113774.0,2021.0,26954.28
4121307,Rancho Alegre,PR,Paraná,Sul,Norte Pioneiro Paranaense,Assaí,Londrina,3512.0,167.646,20.95,91.28,185651.0,2021.0,52861.9
4121356,Rancho Alegre D'Oeste,PR,Paraná,Sul,Centro Ocidental Paranaense,Goioerê,Maringá,2618.0,241.386,10.85,90.33,234807.0,2021.0,89689.46
4121406,Realeza,PR,Paraná,Sul,Sudoeste Paranaense,Capanema,Cascavel,19247.0,353.416,54.46,94.09,743082.0,2021.0,38607.68
4121505,Rebouças,PR,Paraná,Sul,Sudeste Paranaense,Irati,Ponta Grossa,14514.0,481.84,30.12,95.71,536432.0,2021.0,36959.63
4121604,Renascença,PR,Paraná,Sul,Sudoeste Paranaense,Francisco Beltrão,Cascavel,6845.0,425.273,16.1,92.55,422523.0,2021.0,61727.25
4121703,Reserva,PR,Paraná,Sul,Centro Oriental Paranaense,Telêmaco Borba,Ponta Grossa,24573.0,1635.535,15.02,89.69,757378.0,2021.0,30821.55
4121752,Reserva do Iguaçu,PR,Paraná,Sul,Centro-Sul Paranaense,Guarapuava,Guarapuava,6553.0,834.232,7.86,90.6,260028.0,2021.0,39680.76
4121802,Ribeirão Claro,PR,Paraná,Sul,Norte Pioneiro Paranaense,Jacarezinho,Londrina,12364.0,629.224,19.65,94.6,383691.0,2021.0,31032.92
4121901,Ribeirão do Pinhal,PR,Paraná,Sul,Norte Pioneiro Paranaense,Cornélio Procópio,Londrina,13060.0,374.732,34.85,88.82,338041.0,2021.0,25883.69
4122008,Rio Azul,PR,Paraná,Sul,Sudeste Paranaense,Irati,Ponta Grossa,14025.0,599.056,23.41,97.04,729564.0,2021.0,52018.82
4122107,Rio Bom,PR,Paraná,Sul,Norte Central Paranaense,Faxinal,Londrina,3197.0,177.836,17.98,90.47,104362.0,2021.0,32643.73
4122156,Rio Bonito do Iguaçu,PR,Paraná,Sul,Centro-Sul Paranaense,Guarapuava,Cascavel,13929.0,681.406,20.44,93.5,441514.0,2021.0,31697.47
4122172,Rio Branco do Ivaí,PR,Paraná,Sul,Norte Central Paranaense,Ivaiporã,Londrina,3808.0,376.109,10.12,86.29,115554.0,2021.0,30345.06
4122206,Rio Branco do Sul,PR,Paraná,Sul,Metropolitana de Curitiba,Curitiba,Curitiba,37558.0,811.425,46.29,93.14,1375599.0,2021.0,36625.99
4122305,Rio Negro,PR,Paraná,Sul,Metropolitana de Curitiba,Rio Negro,Curitiba,31324.0,604.138,51.85,97.79,1298354.0,2021.0,41449.18
4122404,Rolândia,PR,Paraná,Sul,Norte Central Paranaense,Londrina,Londrina,71670.0,459.024,156.14,95.15,3574945.0,2021.0,49880.63
4122503,Roncador,PR,Paraná,Sul,Centro Ocidental Paranaense,Campo Mourão,Maringá,11251.0,742.121,15.16,88.07,598091.0,2021.0,53158.92
4122602,Rondon,PR,Paraná,Sul,Noroeste Paranaense,Cianorte,Maringá,9097.0,555.125,16.39,92.4,350064.0,2021.0,38481.26
4122651,Rosário do Ivaí,PR,Paraná,Sul,Norte Central Paranaense,Ivaiporã,Londrina,5435.0,377.47,14.4,85.89,129868.0,2021.0,23894.76
4122701,Sabáudia,PR,Paraná,Sul,Norte Central Paranaense,Apucarana,Londrina,8822.0,190.329,46.35,94.56,705318.0,2021.0,79949.9
4122800,Salgado Filho,PR,Paraná,Sul,Sudoeste Paranaense,Francisco Beltrão,Cascavel,4075.0,181.015,22.51,91.62,124341.0,2021.0,30513.13
4122909,Salto do Itararé,PR,Paraná,Sul,Norte Pioneiro Paranaense,Wenceslau Braz,Londrina,5192.0,200.52,25.89,89.05,103656.0,2021.0,19964.56
4123006,Salto do Lontra,PR,Paraná,Sul,Sudoeste Paranaense,Francisco Beltrão,Cascavel,15223.0,312.717,48.68,93.24,529891.0,2021.0,34808.58
4123105,Santa Amélia,PR,Paraná,Sul,Norte Pioneiro Paranaense,Cornélio Procópio,Londrina,3394.0,78.045,43.49,91.71,100856.0,2021.0,29715.97
4123204,Santa Cecília do Pavão,PR,Paraná,Sul,Norte Pioneiro Paranaense,Assaí,Londrina,3365.0,105.076,32.02,86.48,153510.0,2021.0,45619.61
4123303,Santa Cruz de Monte Castelo,PR,Paraná,Sul,Noroeste Paranaense,Paranavaí,Maringá,8613.0,442.013,19.49,91.47,375096.0,2021.0,43549.98
4123402,Santa Fé,PR,Paraná,Sul,Norte Central Paranaense,Astorga,Maringá,11378.0,276.241,41.19,93.77,319674.0,2021.0,28095.8
4123501,Santa Helena,PR,Paraná,Sul,Oeste Paranaense,Toledo,Cascavel,25492.0,754.701,33.78,94.47,1465191.0,2021.0,57476.5
4123600,Santa Inês,PR,Paraná,Sul,Norte Central Paranaense,Astorga,Maringá,1748.0,156.935,11.14,92.0,51485.0,2021.0,29453.66
4123709,Santa Isabel do Ivaí,PR,Paraná,Sul,Noroeste Paranaense,Paranavaí,Maringá,8912.0,349.497,25.5,92.57,253123.0,2021.0,28402.49
4123808,Santa Izabel do Oeste,PR,Paraná,Sul,Sudoeste Paranaense,Capanema,Cascavel,14070.0,321.182,43.81,94.24,466992.0,2021.0,33190.62
4123824,Santa Lúcia,PR,Paraná,Sul,Oeste Paranaense,Cascavel,Cascavel,3644.0,126.813,28.74,93.47,140108.0,2021.0,38448.96
4123857,Santa Maria do Oeste,PR,Paraná,Sul,Centro-Sul Paranaense,Pitanga,Guarapuava,9934.0,836.669,11.87,90.17,267310.0,2021.0,26908.6
4123907,Santa Mariana,PR,Paraná,Sul,Norte Pioneiro Paranaense,Cornélio Procópio,Londrina,11066.0,427.193,25.9,90.09,493066.0,2021.0,44556.84
4123956,Santa Mônica,PR,Paraná,Sul,Noroeste Paranaense,Paranavaí,Maringá,3356.0,259.957,12.91,89.21,91009.0,2021.0,27118.3
4124004,Santana do Itararé,PR,Paraná,Sul,Norte Pioneiro Paranaense,Wenceslau Braz,Londrina,5514.0,251.269,21.94,88.76,171601.0,2021.0,31120.96
4124020,Santa Tereza do Oeste,PR,Paraná,Sul,Oeste Paranaense,Cascavel,Cascavel,13174.0,326.19,40.39,94.15,582095.0,2021.0,44185.14
4124053,Santa Terezinha de Itaipu,PR,Paraná,Sul,Oeste Paranaense,Foz do Iguaçu,Cascavel,24262.0,268.258,90.44,94.73,687337.0,2021.0,28329.77
4124103,Santo Antônio da Platina,PR,Paraná,Sul,Norte Pioneiro Paranaense,Jacarezinho,Londrina,44369.0,721.472,61.5,93.55,1505597.0,2021.0,33933.53
4124202,Santo Antônio do Caiuá,PR,Paraná,Sul,Noroeste Paranaense,Paranavaí,Maringá,2493.0,219.068,11.38,88.92,54056.0,2021.0,21683.11
4124301,Santo Antônio do Paraíso,PR,Paraná,Sul,Norte Pioneiro Paranaense,Cornélio Procópio,Londrina,2125.0,167.014,12.72,89.67,106892.0,2021.0,50302.12
4124400,Santo Antônio do Sudoeste,PR,Paraná,Sul,Sudoeste Paranaense,Francisco Beltrão,Cascavel,23673.0,325.651,72.69,92.03,648290.0,2021.0,27385.21
4124509,Santo Inácio,PR,Paraná,Sul,Norte Central Paranaense,Astorga,Maringá,6181.0,280.133,22.06,94.08,532112.0,2021.0,86088.34
4124608,São Carlos do Ivaí,PR,Paraná,Sul,Noroeste Paranaense,Paranavaí,Maringá,6587.0,225.079,29.27,92.29,396026.0,2021.0,60122.36
4124707,São Jerônimo da Serra,PR,Paraná,Sul,Norte Pioneiro Paranaense,Assaí,Londrina,10830.0,823.774,13.15,85.48,322891.0,2021.0,29814.5
4124806,São João,PR,Paraná,Sul,Sudoeste Paranaense,Pato Branco,Cascavel,11886.0,388.059,30.63,95.15,890618.0,2021.0,74930.0
4124905,São João do Caiuá,PR,Paraná,Sul,Noroeste Paranaense,Paranavaí,Maringá,5586.0,304.413,18.35,87.51,154592.0,2021.0,27674.9
4125001,São João do Ivaí,PR,Paraná,Sul,Norte Central Paranaense,Ivaiporã,Londrina,10667.0,353.331,30.19,88.12,361197.0,2021.0,33861.16
4125100,São João do Triunfo,PR,Paraná,Sul,Sudeste Paranaense,São Mateus do Sul,Ponta Grossa,13726.0,720.407,19.05,93.7,579555.0,2021.0,42223.15
4125209,São Jorge d'Oeste,PR,Paraná,Sul,Sudoeste Paranaense,Francisco Beltrão,Cascavel,9378.0,379.545,24.71,93.9,473334.0,2021.0,50472.81
4125308,São Jorge do Ivaí,PR,Paraná,Sul,Norte Central Paranaense,Floraí,Maringá,5168.0,315.088,16.4,92.54,401315.0,2021.0,77653.83
4125357,São Jorge do Patrocínio,PR,Paraná,Sul,Noroeste Paranaense,Umuarama,Maringá,6504.0,406.413,16.0,90.43,145367.0,2021.0,22350.4
4125407,São José da Boa Vista,PR,Paraná,Sul,Norte Pioneiro Paranaense,Wenceslau Braz,Londrina,6040.0,399.667,15.11,92.78,229785.0,2021.0,38043.87
4125456,São José das Palmeiras,PR,Paraná,Sul,Oeste Paranaense,Toledo,Cascavel,3957.0,182.419,21.69,88.96,99024.0,2021.0,25025.02
4125506,São José dos Pinhais,PR,Paraná,Sul,Metropolitana de Curitiba,Curitiba,Curitiba,329628.0,946.435,348.28,97.64,27008910.0,2021.0,81937.55
4125555,São Manoel do Paraná,PR,Paraná,Sul,Noroeste Paranaense,Cianorte,Maringá,2138.0,95.381,22.42,89.51,62338.0,2021.0,29157.16
4125605,São Mateus do Sul,PR,Paraná,Sul,Sudeste Paranaense,São Mateus do Sul,Curitiba,42366.0,1341.714,31.58,96.76,1516858.0,2021.0,35803.66
4125704,São Miguel do Iguaçu,PR,Paraná,Sul,Oeste Paranaense,Foz do Iguaçu,Cascavel,29122.0,851.917,34.18,93.73,1470081.0,2021.0,50480.08
4125753,São Pedro do Iguaçu,PR,Paraná,Sul,Oeste Paranaense,Toledo,Cascavel,5784.0,308.324,18.76,91.19,247154.0,2021.0,42730.64
4125803,São Pedro do Ivaí,PR,Paraná,Sul,Norte Central Paranaense,Ivaiporã,Londrina,8690.0,322.692,26.93,90.48,370121.0,2021.0,42591.6
4125902,São Pedro do Paraná,PR,Paraná,Sul,Noroeste Paranaense,Paranavaí,Maringá,2661.0,250.654,10.62,91.81,90323.0,2021.0,33943.25
4126009,São Sebastião da Amoreira,PR,Paraná,Sul,Norte Pioneiro Paranaense,Assaí,Londrina,8063.0,226.872,35.54,88.21,300152.0,2021.0,37225.85
4126108,São Tomé,PR,Paraná,Sul,Noroeste Paranaense,Cianorte,Maringá,5232.0,218.623,23.93,93.88,163463.0,2021.0,31242.93
4126207,Sapopema,PR,Paraná,Sul,Norte Pioneiro Paranaense,Ibaiti,Londrina,6695.0,677.609,9.88,87.78,153880.0,2021.0,22984.32
4126256,Sarandi,PR,Paraná,Sul,Norte Central Paranaense,Maringá,Maringá,118455.0,103.501,1144.48,95.92,2072735.0,2021.0,17498.08
4126272,Saudade do Iguaçu,PR,Paraná,Sul,Sudoeste Paranaense,Pato Branco,Cascavel,6108.0,152.084,40.16,92.69,786318.0,2021.0,128735.76
4126306,Sengés,PR,Paraná,Sul,Centro Oriental Paranaense,Jaguariaíva,Ponta Grossa,17270.0,1441.333,11.98,93.0,664790.0,2021.0,38493.92
4126355,Serranópolis do Iguaçu,PR,Paraná,Sul,Oeste Paranaense,Foz do Iguaçu,Cascavel,5007.0,482.394,10.38,95.42,291329.0,2021.0,58184.34
4126405,Sertaneja,PR,Paraná,Sul,Norte Pioneiro Paranaense,Cornélio Procópio,Londrina,5616.0,444.492,12.63,93.14,416451.0,2021.0,74154.38
4126504,Sertanópolis,PR,Paraná,Sul,Norte Central Paranaense,Porecatu,Londrina,15930.0,505.532,31.51,94.84,690780.0,2021.0,43363.47
4126603,Siqueira Campos,PR,Paraná,Sul,Norte Pioneiro Paranaense,Wenceslau Braz,Londrina,22811.0,278.035,82.04,94.26,706556.0,2021.0,30974.35
4126652,Sulina,PR,Paraná,Sul,Sudoeste Paranaense,Pato Branco,Cascavel,3440.0,170.759,20.15,94.21,158520.0,2021.0,46081.4
4126678,Tamarana,PR,Paraná,Sul,Norte Central Paranaense,Londrina,Londrina,10707.0,472.155,22.68,89.25,391581.0,2021.0,36572.43
4126702,Tamboara,PR,Paraná,Sul,Noroeste Paranaense,Paranavaí,Maringá,4880.0,193.346,25.24,91.64,126316.0,2021.0,25884.43
4126801,Tapejara,PR,Paraná,Sul,Noroeste Paranaense,Cianorte,Maringá,15869.0,591.399,26.83,92.69,496650.0,2021.0,31296.87
4126900,Tapira,PR,Paraná,Sul,Noroeste Paranaense,Umuarama,Maringá,5745.0,434.371,13.23,87.71,153423.0,2021.0,26705.48
4127007,Teixeira Soares,PR,Paraná,Sul,Sudeste Paranaense,Prudentópolis,Ponta Grossa,9547.0,902.793,10.57,95.57,616404.0,2021.0,64565.2
4127106,Telêmaco Borba,PR,Paraná,Sul,Centro Oriental Paranaense,Telêmaco Borba,Ponta Grossa,75042.0,1382.86,54.27,95.88,4913441.0,2021.0,65475.88
4127205,Terra Boa,PR,Paraná,Sul,Centro Ocidental Paranaense,Campo Mourão,Maringá,17568.0,320.85,54.75,92.98,569416.0,2021.0,32412.11
4127304,Terra Rica,PR,Paraná,Sul,Noroeste Paranaense,Paranavaí,Maringá,14842.0,700.599,21.18,92.2,376155.0,2021.0,25343.96
4127403,Terra Roxa,PR,Paraná,Sul,Oeste Paranaense,Toledo,Cascavel,18119.0,800.807,22.63,93.01,896105.0,2021.0,49456.65
4127502,Tibagi,PR,Paraná,Sul,Centro Oriental Paranaense,Telêmaco Borba,Ponta Grossa,19961.0,2977.933,6.7,93.18,1440060.0,2021.0,72143.68
4127601,Tijucas do Sul,PR,Paraná,Sul,Metropolitana de Curitiba,Rio Negro,Curitiba,17621.0,671.889,26.23,94.62,576384.0,2021.0,32710.06
4127700,Toledo,PR,Paraná,Sul,Oeste Paranaense,Toledo,Cascavel,150470.0,1198.049,125.6,96.6,7482190.0,2021.0,49725.46
4127809,Tomazina,PR,Paraná,Sul,Norte Pioneiro Paranaense,Wenceslau Braz,Londrina,8426.0,591.438,14.25,90.92,324156.0,2021.0,38470.92
4127858,Três Barras do Paraná,PR,Paraná,Sul,Oeste Paranaense,Cascavel,Cascavel,11135.0,505.505,22.03,90.17,435956.0,2021.0,39151.86
4127882,Tunas do Paraná,PR,Paraná,Sul,Metropolitana de Curitiba,Curitiba,Curitiba,6219.0,668.478,9.3,87.5,144129.0,2021.0,23175.59
4127908,Tuneiras do Oeste,PR,Paraná,Sul,Noroeste Paranaense,Cianorte,Maringá,8067.0,698.871,11.54,89.35,233721.0,2021.0,28972.48
4127957,Tupãssi,PR,Paraná,Sul,Oeste Paranaense,Toledo,Cascavel,8077.0,299.769,26.94,92.55,431427.0,2021.0,53414.26
4127965,Turvo,PR,Paraná,Sul,Centro-Sul Paranaense,Guarapuava,Guarapuava,14231.0,938.966,15.16,91.87,601622.0,2021.0,42275.45
4128005,Ubiratã,PR,Paraná,Sul,Centro Ocidental Paranaense,Goioerê,Maringá,24749.0,652.581,37.92,93.5,1713942.0,2021.0,69252.98
4128104,Umuarama,PR,Paraná,Sul,Noroeste Paranaense,Umuarama,Maringá,117095.0,1234.537,94.85,95.81,4103610.0,2021.0,35045.13
4128203,União da Vitória,PR,Paraná,Sul,Sudeste Paranaense,União da Vitória,Curitiba,55033.0,719.998,76.43,97.39,1959155.0,2021.0,35599.64
4128302,Uniflor,PR,Paraná,Sul,Norte Central Paranaense,Astorga,Maringá,2136.0,94.819,22.53,91.04,99878.0,2021.0,46759.36
4128401,Uraí,PR,Paraná,Sul,Norte Pioneiro Paranaense,Assaí,Londrina,10406.0,237.81,43.76,91.68,367846.0,2021.0,35349.41
4128500,Wenceslau Braz,PR,Paraná,Sul,Norte Pioneiro Paranaense,Wenceslau Braz,Londrina,19188.0,397.916,48.22,93.04,711221.0,2021.0,37065.93
4128534,Ventania,PR,Paraná,Sul,Centro Oriental Paranaense,Telêmaco Borba,Ponta Grossa,9681.0,819.334,11.82,90.14,347603.0,2021.0,35905.69
4128559,Vera Cruz do Oeste,PR,Paraná,Sul,Oeste Paranaense,Foz do Iguaçu,Cascavel,8215.0,327.09,25.12,90.4,341108.0,2021.0,41522.58
4128609,Verê,PR,Paraná,Sul,Sudoeste Paranaense,Francisco Beltrão,Cascavel,7932.0,311.801,25.44,93.32,499728.0,2021.0,63001.51
4128625,Alto Paraíso,PR,Paraná,Sul,Noroeste Paranaense,Umuarama,Maringá,3055.0,967.772,3.16,88.61,113661.0,2021.0,37204.91
4128633,Doutor Ulysses,PR,Paraná,Sul,Metropolitana de Curitiba,Cerro Azul,Curitiba,5697.0,777.482,7.33,86.55,99207.0,2021.0,17413.9
4128658,Virmond,PR,Paraná,Sul,Centro-Sul Paranaense,Guarapuava,Cascavel,3811.0,249.094,15.3,93.15,189728.0,2021.0,49784.31
4128708,Vitorino,PR,Paraná,Sul,Sudoeste Paranaense,Pato Branco,Cascavel,9706.0,308.218,31.49,95.58,498334.0,2021.0,51342.88
4128807,Xambrê,PR,Paraná,Sul,Noroeste Paranaense,Umuarama,Maringá,5798.0,359.712,16.12,91.01,119631.0,2021.0,20633.15
4200051,Abdon Batista,SC,Santa Catarina,Sul,Serrana,Curitibanos,Chapecó,2598.0,237.517,10.94,93.45,75131.0,2021.0,28918.78
4200101,Abelardo Luz,SC,Santa Catarina,Sul,Oeste Catarinense,Xanxerê,Chapecó,17392.0,953.992,18.23,92.66,785908.0,2021.0,45187.9
4200200,Agrolândia,SC,Santa Catarina,Sul,Vale do Itajaí,Ituporanga,Blumenau,10990.0,206.815,53.14,97.11,396148.0,2021.0,36046.22
4200309,Agronômica,SC,Santa Catarina,Sul,Vale do Itajaí,Rio do Sul,Blumenau,6055.0,129.774,46.66,97.48,232893.0,2021.0,38462.92
4200408,Água Doce,SC,Santa Catarina,Sul,Oeste Catarinense,Joaçaba,Chapecó,6508.0,1319.137,4.93,95.88,651092.0,2021.0,100044.87
4200507,Águas de Chapecó,SC,Santa Catarina,Sul,Oeste Catarinense,Chapecó,Chapecó,6036.0,139.511,43.27,92.52,137707.0,2021.0,22814.28
4200556,Águas Frias,SC,Santa Catarina,Sul,Oeste Catarinense,Chapecó,Chapecó,2839.0,76.631,37.05,94.84,163075.0,2021.0,57441.0
4200606,Águas Mornas,SC,Santa Catarina,Sul,Grande Florianópolis,Tabuleiro,Florianópolis,6743.0,326.66,20.64,95.34,199590.0,2021.0,29599.58
4200705,Alfredo Wagner,SC,Santa Catarina,Sul,Grande Florianópolis,Tabuleiro,Florianópolis,10481.0,733.489,14.29,94.01,336469.0,2021.0,32102.76
4200754,Alto Bela Vista,SC,Santa Catarina,Sul,Oeste Catarinense,Concórdia,Chapecó,1856.0,103.433,17.94,97.84,78996.0,2021.0,42562.5
4200804,Anchieta,SC,Santa Catarina,Sul,Oeste Catarinense,São Miguel do Oeste,Chapecó,5943.0,232.348,25.58,92.62,203805.0,2021.0,34293.29
4200903,Angelina,SC,Santa Catarina,Sul,Grande Florianópolis,Tijucas,Florianópolis,5358.0,499.998,10.72,93.12,174561.0,2021.0,32579.51
4201000,Anita Garibaldi,SC,Santa Catarina,Sul,Serrana,Campos de Lages,Lages,8285.0,589.812,14.05,91.4,231507.0,2021.0,27942.91
4201109,Anitápolis,SC,Santa Catarina,Sul,Grande Florianópolis,Tabuleiro,Florianópolis,3593.0,540.636,6.65,92.27,84568.0,2021.0,23536.88
4201208,Antônio Carlos,SC,Santa Catarina,Sul,Grande Florianópolis,Florianópolis,Florianópolis,11224.0,234.422,47.88,98.44,796531.0,2021.0,70966.77
4201257,Apiúna,SC,Santa Catarina,Sul,Vale do Itajaí,Blumenau,Blumenau,9811.0,493.49,19.88,95.03,442460.0,2021.0,45098.36
4201273,Arabutã,SC,Santa Catarina,Sul,Oeste Catarinense,Concórdia,Chapecó,4378.0,132.779,32.97,96.99,284414.0,2021.0,64964.37
4201307,Araquari,SC,Santa Catarina,Sul,Norte Catarinense,Joinville,Joinville,45283.0,386.693,117.1,97.0,7488000.0,2021.0,165360.07
4201406,Araranguá,SC,Santa Catarina,Sul,Sul Catarinense,Araranguá,Criciúma,71922.0,301.819,238.3,97.25,2385270.0,2021.0,33164.68
4201505,Armazém,SC,Santa Catarina,Sul,Sul Catarinense,Tubarão,Criciúma,8834.0,173.958,50.78,95.5,272106.0,2021.0,30802.13
4201604,Arroio Trinta,SC,Santa Catarina,Sul,Oeste Catarinense,Joaçaba,Caçador,3556.0,93.53,38.02,96.26,125953.0,2021.0,35419.85
4201653,Arvoredo,SC,Santa Catarina,Sul,Oeste Catarinense,Concórdia,Chapecó,2510.0,90.503,27.73,91.81,203872.0,2021.0,81223.9
4201703,Ascurra,SC,Santa Catarina,Sul,Vale do Itajaí,Blumenau,Blumenau,8319.0,112.884,73.7,95.99,244991.0,2021.0,29449.57
4201802,Atalanta,SC,Santa Catarina,Sul,Vale do Itajaí,Ituporanga,Blumenau,3227.0,94.383,34.19,96.54,125981.0,2021.0,39039.67
4201901,Aurora,SC,Santa Catarina,Sul,Vale do Itajaí,Rio do Sul,Blumenau,6780.0,207.045,32.75,97.02,406918.0,2021.0,60017.4
4201950,Balneário Arroio do Silva,SC,Santa Catarina,Sul,Sul Catarinense,Araranguá,Criciúma,15820.0,94.477,167.45,96.96,221907.0,2021.0,14026.99
4202008,Balneário Camboriú,SC,Santa Catarina,Sul,Vale do Itajaí,Itajaí,Blumenau,139155.0,45.214,3077.7,98.81,7358669.0,2021.0,52881.1
4202057,Balneário Barra do Sul,SC,Santa Catarina,Sul,Norte Catarinense,Joinville,Joinville,14912.0,108.914,136.92,96.71,254639.0,2021.0,17076.11
4202073,Balneário Gaivota,SC,Santa Catarina,Sul,Sul Catarinense,Araranguá,Criciúma,15669.0,146.834,106.71,96.67,216995.0,2021.0,13848.68
4202081,Bandeirante,SC,Santa Catarina,Sul,Oeste Catarinense,São Miguel do Oeste,Chapecó,3144.0,148.074,21.23,92.81,102212.0,2021.0,32510.18
4202099,Barra Bonita,SC,Santa Catarina,Sul,Oeste Catarinense,São Miguel do Oeste,Chapecó,1668.0,92.561,18.02,92.12,52281.0,2021.0,31343.53
4202107,Barra Velha,SC,Santa Catarina,Sul,Vale do Itajaí,Itajaí,Blumenau,45369.0,138.947,326.52,97.56,2372445.0,2021.0,52292.2
4202131,Bela Vista do Toldo,SC,Santa Catarina,Sul,Norte Catarinense,Canoinhas,Joinville,5872.0,535.682,10.96,95.61,196847.0,2021.0,33522.99
4202156,Belmonte,SC,Santa Catarina,Sul,Oeste Catarinense,São Miguel do Oeste,Chapecó,2658.0,93.852,28.32,92.89,57652.0,2021.0,21689.99
4202206,Benedito Novo,SC,Santa Catarina,Sul,Vale do Itajaí,Blumenau,Blumenau,10520.0,388.291,27.09,97.11,470160.0,2021.0,44692.02
4202305,Biguaçu,SC,Santa Catarina,Sul,Grande Florianópolis,Florianópolis,Florianópolis,76773.0,365.755,209.9,97.15,2670278.0,2021.0,34781.47
4202404,Blumenau,SC,Santa Catarina,Sul,Vale do Itajaí,Blumenau,Blumenau,361261.0,518.619,696.58,98.61,20579490.0,2021.0,56965.71
4202438,Bocaina do Sul,SC,Santa Catarina,Sul,Serrana,Campos de Lages,Lages,3515.0,510.673,6.88,91.98,135898.0,2021.0,38662.3
4202453,Bombinhas,SC,Santa Catarina,Sul,Vale do Itajaí,Itajaí,Blumenau,25058.0,35.143,713.03,98.12,877594.0,2021.0,35022.51
4202503,Bom Jardim da Serra,SC,Santa Catarina,Sul,Serrana,Campos de Lages,Lages,4026.0,938.516,4.29,94.08,371658.0,2021.0,92314.46
4202537,Bom Jesus,SC,Santa Catarina,Sul,Oeste Catarinense,Xanxerê,Chapecó,2777.0,63.883,43.47,93.56,159057.0,2021.0,57276.56
4202578,Bom Jesus do Oeste,SC,Santa Catarina,Sul,Oeste Catarinense,Chapecó,Chapecó,2187.0,67.777,32.27,93.1,73702.0,2021.0,33700.05
4202602,Bom Retiro,SC,Santa Catarina,Sul,Serrana,Campos de Lages,Lages,8418.0,1057.034,7.96,94.41,422363.0,2021.0,50173.79
4202701,Botuverá,SC,Santa Catarina,Sul,Vale do Itajaí,Blumenau,Blumenau,5363.0,296.256,18.1,97.27,430641.0,2021.0,80298.53
4202800,Braço do Norte,SC,Santa Catarina,Sul,Sul Catarinense,Tubarão,Criciúma,33773.0,212.045,159.27,97.53,1745017.0,2021.0,51669.0
4202859,Braço do Trombudo,SC,Santa Catarina,Sul,Vale do Itajaí,Rio do Sul,Blumenau,4026.0,89.411,45.03,97.14,250151.0,2021.0,62133.88
4202875,Brunópolis,SC,Santa Catarina,Sul,Serrana,Curitibanos,Lages,2489.0,336.439,7.4,91.72,137959.0,2021.0,55427.48
4202909,Brusque,SC,Santa Catarina,Sul,Vale do Itajaí,Blumenau,Blumenau,141385.0,284.675,496.65,98.15,8724534.0,2021.0,61707.64
4203006,Caçador,SC,Santa Catarina,Sul,Oeste Catarinense,Joaçaba,Caçador,73720.0,983.424,74.96,96.42,4703416.0,2021.0,63801.09
4203105,Caibi,SC,Santa Catarina,Sul,Oeste Catarinense,Chapecó,Chapecó,6304.0,173.079,36.42,94.71,316775.0,2021.0,50249.84
4203154,Calmon,SC,Santa Catarina,Sul,Oeste Catarinense,Joaçaba,Caçador,3443.0,636.208,5.41,90.9,97691.0,2021.0,28373.8
4203204,Camboriú,SC,Santa Catarina,Sul,Vale do Itajaí,Itajaí,Blumenau,103074.0,210.568,489.5,97.85,2242672.0,2021.0,21757.88
4203253,Capão Alto,SC,Santa Catarina,Sul,Serrana,Campos de Lages,Lages,2625.0,1331.962,1.97,92.29,235019.0,2021.0,89531.05
4203303,Campo Alegre,SC,Santa Catarina,Sul,Norte Catarinense,São Bento do Sul,Joinville,12501.0,499.216,25.04,96.76,699703.0,2021.0,55971.76
4203402,Campo Belo do Sul,SC,Santa Catarina,Sul,Serrana,Campos de Lages,Lages,7257.0,1025.638,7.08,89.63,333024.0,2021.0,45890.04
4203501,Campo Erê,SC,Santa Catarina,Sul,Oeste Catarinense,Chapecó,Chapecó,9623.0,479.161,20.08,91.47,437829.0,2021.0,45498.18
4203600,Campos Novos,SC,Santa Catarina,Sul,Serrana,Curitibanos,Chapecó,36932.0,1717.697,21.5,95.95,2610347.0,2021.0,70679.82
4203709,Canelinha,SC,Santa Catarina,Sul,Grande Florianópolis,Tijucas,Blumenau,12821.0,151.008,84.9,94.3,295662.0,2021.0,23060.76
4203808,Canoinhas,SC,Santa Catarina,Sul,Norte Catarinense,Canoinhas,Joinville,55016.0,1148.036,47.92,97.01,2203147.0,2021.0,40045.57
4203907,Capinzal,SC,Santa Catarina,Sul,Oeste Catarinense,Joaçaba,Chapecó,23314.0,244.057,95.53,96.28,1070740.0,2021.0,45926.91
4203956,Capivari de Baixo,SC,Santa Catarina,Sul,Sul Catarinense,Tubarão,Criciúma,23975.0,53.222,450.47,97.46,1348603.0,2021.0,56250.39
4204004,Catanduvas,SC,Santa Catarina,Sul,Oeste Catarinense,Joaçaba,Chapecó,10566.0,199.166,53.05,96.16,530881.0,2021.0,50244.27
4204103,Caxambu do Sul,SC,Santa Catarina,Sul,Oeste Catarinense,Chapecó,Chapecó,4614.0,140.873,32.75,92.23,164148.0,2021.0,35576.07
4204152,Celso Ramos,SC,Santa Catarina,Sul,Serrana,Campos de Lages,Chapecó,2805.0,208.391,13.46,93.03,65903.0,2021.0,23494.83
4204178,Cerro Negro,SC,Santa Catarina,Sul,Serrana,Campos de Lages,Lages,3317.0,418.544,7.93,88.27,141416.0,2021.0,42633.71
4204194,Chapadão do Lageado,SC,Santa Catarina,Sul,Vale do Itajaí,Ituporanga,Blumenau,2950.0,124.866,23.63,94.85,97932.0,2021.0,33197.29
4204202,Chapecó,SC,Santa Catarina,Sul,Oeste Catarinense,Chapecó,Chapecó,254785.0,624.846,407.76,97.29,13694780.0,2021.0,53750.34
4204251,Cocal do Sul,SC,Santa Catarina,Sul,Sul Catarinense,Criciúma,Criciúma,17240.0,70.965,242.94,98.13,888493.0,2021.0,51536.72
4204301,Concórdia,SC,Santa Catarina,Sul,Oeste Catarinense,Concórdia,Chapecó,81646.0,799.194,102.16,97.07,4559829.0,2021.0,55848.77
4204350,Cordilheira Alta,SC,Santa Catarina,Sul,Oeste Catarinense,Chapecó,Chapecó,4781.0,83.556,57.22,96.13,434573.0,2021.0,90895.84
4204400,Coronel Freitas,SC,Santa Catarina,Sul,Oeste Catarinense,Chapecó,Chapecó,10388.0,233.698,44.45,93.92,381583.0,2021.0,36733.06
4204459,Coronel Martins,SC,Santa Catarina,Sul,Oeste Catarinense,Xanxerê,Chapecó,2065.0,107.502,19.21,89.68,57378.0,2021.0,27785.96
4204509,Corupá,SC,Santa Catarina,Sul,Norte Catarinense,Joinville,Joinville,15267.0,405.761,37.63,97.63,797605.0,2021.0,52243.73
4204558,Correia Pinto,SC,Santa Catarina,Sul,Serrana,Campos de Lages,Lages,15727.0,647.388,24.29,93.96,591364.0,2021.0,37601.83
4204608,Criciúma,SC,Santa Catarina,Sul,Sul Catarinense,Criciúma,Criciúma,214493.0,234.865,913.26,98.03,10065323.0,2021.0,46926.11
4204707,Cunha Porã,SC,Santa Catarina,Sul,Oeste Catarinense,Chapecó,Chapecó,10953.0,220.099,49.76,96.78,927562.0,2021.0,84685.66
4204756,Cunhataí,SC,Santa Catarina,Sul,Oeste Catarinense,Chapecó,Chapecó,1968.0,54.811,35.91,96.84,66625.0,2021.0,33854.17
4204806,Curitibanos,SC,Santa Catarina,Sul,Serrana,Curitibanos,Lages,40045.0,949.865,42.16,94.74,1875348.0,2021.0,46831.02
4204905,Descanso,SC,Santa Catarina,Sul,Oeste Catarinense,São Miguel do Oeste,Chapecó,8530.0,287.057,29.72,94.97,299006.0,2021.0,35053.46
4205001,Dionísio Cerqueira,SC,Santa Catarina,Sul,Oeste Catarinense,São Miguel do Oeste,Chapecó,15008.0,378.843,39.62,93.2,636297.0,2021.0,42397.19
4205100,Dona Emma,SC,Santa Catarina,Sul,Vale do Itajaí,Rio do Sul,Blumenau,4221.0,178.157,23.69,96.79,165733.0,2021.0,39263.92
4205159,Doutor Pedrinho,SC,Santa Catarina,Sul,Vale do Itajaí,Blumenau,Blumenau,3637.0,374.205,9.72,96.6,175716.0,2021.0,48313.45
4205175,Entre Rios,SC,Santa Catarina,Sul,Oeste Catarinense,Xanxerê,Chapecó,3402.0,103.888,32.75,91.48,60606.0,2021.0,17814.81
4205191,Ermo,SC,Santa Catarina,Sul,Sul Catarinense,Araranguá,Criciúma,2269.0,65.311,34.74,94.67,176552.0,2021.0,77810.49
4205209,Erval Velho,SC,Santa Catarina,Sul,Oeste Catarinense,Joaçaba,Chapecó,4885.0,208.841,23.39,94.94,183149.0,2021.0,37492.12
4205308,Faxinal dos Guedes,SC,Santa Catarina,Sul,Oeste Catarinense,Xanxerê,Chapecó,11192.0,340.07,32.91,94.88,758371.0,2021.0,67760.1
4205357,Flor do Sertão,SC,Santa Catarina,Sul,Oeste Catarinense,Chapecó,Chapecó,1783.0,58.457,30.5,88.27,64278.0,2021.0,36050.48
4205407,Florianópolis,SC,Santa Catarina,Sul,Grande Florianópolis,Florianópolis,Florianópolis,537211.0,674.844,796.05,98.64,23559947.0,2021.0,43856.04
4205431,Formosa do Sul,SC,Santa Catarina,Sul,Oeste Catarinense,Chapecó,Chapecó,2682.0,100.408,26.71,93.4,78637.0,2021.0,29320.28
4205456,Forquilhinha,SC,Santa Catarina,Sul,Sul Catarinense,Criciúma,Criciúma,31431.0,183.351,171.43,97.13,1224548.0,2021.0,38959.88
4205506,Fraiburgo,SC,Santa Catarina,Sul,Oeste Catarinense,Joaçaba,Caçador,33481.0,549.188,60.96,95.71,1273659.0,2021.0,38041.25
4205555,Frei Rogério,SC,Santa Catarina,Sul,Serrana,Curitibanos,Lages,2411.0,158.775,15.19,94.1,102098.0,2021.0,42346.74
4205605,Galvão,SC,Santa Catarina,Sul,Oeste Catarinense,Xanxerê,Chapecó,3210.0,139.836,22.96,88.36,99963.0,2021.0,31141.12
4205704,Garopaba,SC,Santa Catarina,Sul,Sul Catarinense,Tubarão,Florianópolis,29959.0,114.773,261.03,95.99,773365.0,2021.0,25814.11
4205803,Garuva,SC,Santa Catarina,Sul,Norte Catarinense,Joinville,Joinville,18545.0,503.595,36.83,95.49,2033242.0,2021.0,109638.29
4205902,Gaspar,SC,Santa Catarina,Sul,Vale do Itajaí,Blumenau,Blumenau,72570.0,386.616,187.71,97.99,4157383.0,2021.0,57287.9
4206009,Governador Celso Ramos,SC,Santa Catarina,Sul,Grande Florianópolis,Florianópolis,Florianópolis,16915.0,127.556,132.61,95.2,449768.0,2021.0,26589.89
4206108,Grão-Pará,SC,Santa Catarina,Sul,Sul Catarinense,Tubarão,Criciúma,6277.0,334.362,18.77,96.94,329166.0,2021.0,52440.02
4206207,Gravatal,SC,Santa Catarina,Sul,Sul Catarinense,Tubarão,Criciúma,12435.0,165.718,75.04,97.13,387304.0,2021.0,31146.28
4206306,Guabiruba,SC,Santa Catarina,Sul,Vale do Itajaí,Blumenau,Blumenau,24543.0,172.173,142.55,97.82,1262926.0,2021.0,51457.69
4206405,Guaraciaba,SC,Santa Catarina,Sul,Oeste Catarinense,São Miguel do Oeste,Chapecó,10796.0,331.766,32.54,95.72,454637.0,2021.0,42111.62
4206504,Guaramirim,SC,Santa Catarina,Sul,Norte Catarinense,Joinville,Joinville,46711.0,267.514,174.61,97.8,2514410.0,2021.0,53829.08
4206603,Guarujá do Sul,SC,Santa Catarina,Sul,Oeste Catarinense,São Miguel do Oeste,Chapecó,4829.0,100.63,47.99,94.72,202565.0,2021.0,41947.61
4206652,Guatambú,SC,Santa Catarina,Sul,Oeste Catarinense,Chapecó,Chapecó,8425.0,206.196,40.86,94.65,354999.0,2021.0,42136.38
4206702,Herval d'Oeste,SC,Santa Catarina,Sul,Oeste Catarinense,Joaçaba,Chapecó,21724.0,216.581,100.3,96.82,624023.0,2021.0,28725.05
4206751,Ibiam,SC,Santa Catarina,Sul,Oeste Catarinense,Joaçaba,Caçador,2008.0,146.009,13.75,96.61,75608.0,2021.0,37653.39
4206801,Ibicaré,SC,Santa Catarina,Sul,Oeste Catarinense,Joaçaba,Chapecó,3269.0,156.439,20.9,95.0,145418.0,2021.0,44483.94
4206900,Ibirama,SC,Santa Catarina,Sul,Vale do Itajaí,Rio do Sul,Blumenau,19862.0,247.102,80.38,97.64,599219.0,2021.0,30169.12
4207007,Içara,SC,Santa Catarina,Sul,Sul Catarinense,Criciúma,Criciúma,59035.0,230.393,256.24,97.39,3521710.0,2021.0,59654.61
4207106,Ilhota,SC,Santa Catarina,Sul,Vale do Itajaí,Itajaí,Blumenau,17046.0,253.024,67.37,96.16,1215356.0,2021.0,71298.6
4207205,Imaruí,SC,Santa Catarina,Sul,Sul Catarinense,Tubarão,Criciúma,11881.0,542.238,21.91,93.15,252843.0,2021.0,21281.29
4207304,Imbituba,SC,Santa Catarina,Sul,Sul Catarinense,Tubarão,Florianópolis,52579.0,181.577,289.57,96.77,2502978.0,2021.0,47604.14
4207403,Imbuia,SC,Santa Catarina,Sul,Vale do Itajaí,Ituporanga,Blumenau,5982.0,119.113,50.22,96.17,260687.0,2021.0,43578.57
4207502,Indaial,SC,Santa Catarina,Sul,Vale do Itajaí,Blumenau,Blumenau,71549.0,430.799,166.08,98.03,3675993.0,2021.0,51377.28
4207577,Iomerê,SC,Santa Catarina,Sul,Oeste Catarinense,Joaçaba,Caçador,2877.0,113.986,25.24,98.07,227780.0,2021.0,79172.75
4207601,Ipira,SC,Santa Catarina,Sul,Oeste Catarinense,Concórdia,Chapecó,4578.0,155.651,29.41,97.06,107135.0,2021.0,23402.14
4207650,Iporã do Oeste,SC,Santa Catarina,Sul,Oeste Catarinense,São Miguel do Oeste,Chapecó,9335.0,200.96,46.45,97.22,381311.0,2021.0,40847.46
4207684,Ipuaçu,SC,Santa Catarina,Sul,Oeste Catarinense,Xanxerê,Chapecó,7730.0,261.081,29.61,92.17,321243.0,2021.0,41557.96
4207700,Ipumirim,SC,Santa Catarina,Sul,Oeste Catarinense,Concórdia,Chapecó,7816.0,245.921,31.78,95.65,465730.0,2021.0,59586.75
4207759,Iraceminha,SC,Santa Catarina,Sul,Oeste Catarinense,Chapecó,Chapecó,3986.0,165.147,24.14,95.68,133806.0,2021.0,33568.99
4207809,Irani,SC,Santa Catarina,Sul,Oeste Catarinense,Concórdia,Chapecó,10195.0,325.862,31.29,94.88,282690.0,2021.0,27728.3
4207858,Irati,SC,Santa Catarina,Sul,Oeste Catarinense,Chapecó,Chapecó,2069.0,77.912,26.56,92.23,56619.0,2021.0,27365.39
4207908,Irineópolis,SC,Santa Catarina,Sul,Norte Catarinense,Canoinhas,Joinville,10285.0,589.698,17.44,94.46,458977.0,2021.0,44625.86
4208005,Itá,SC,Santa Catarina,Sul,Oeste Catarinense,Concórdia,Chapecó,7067.0,166.265,42.5,95.47,404732.0,2021.0,57270.69
4208104,Itaiópolis,SC,Santa Catarina,Sul,Norte Catarinense,Canoinhas,Joinville,22051.0,1297.543,16.99,96.68,1047675.0,2021.0,47511.45
4208203,Itajaí,SC,Santa Catarina,Sul,Vale do Itajaí,Itajaí,Blumenau,264054.0,289.215,913.0,98.12,47757207.0,2021.0,180861.52
4208302,Itapema,SC,Santa Catarina,Sul,Vale do Itajaí,Itajaí,Blumenau,75940.0,58.21,1304.59,98.14,2889464.0,2021.0,38049.3
4208401,Itapiranga,SC,Santa Catarina,Sul,Oeste Catarinense,São Miguel do Oeste,Chapecó,16638.0,281.782,59.05,97.81,1064833.0,2021.0,64000.06
4208450,Itapoá,SC,Santa Catarina,Sul,Norte Catarinense,Joinville,Joinville,30750.0,245.394,125.31,97.61,1688955.0,2021.0,54925.37
4208500,Ituporanga,SC,Santa Catarina,Sul,Vale do Itajaí,Ituporanga,Blumenau,26525.0,336.588,78.81,96.96,1399717.0,2021.0,52769.73
4208609,Jaborá,SC,Santa Catarina,Sul,Oeste Catarinense,Joaçaba,Chapecó,4310.0,182.483,23.62,95.34,181354.0,2021.0,42077.49
4208708,Jacinto Machado,SC,Santa Catarina,Sul,Sul Catarinense,Araranguá,Criciúma,10624.0,430.704,24.67,95.01,529785.0,2021.0,49866.81
4208807,Jaguaruna,SC,Santa Catarina,Sul,Sul Catarinense,Tubarão,Criciúma,20375.0,326.362,62.43,96.92,852029.0,2021.0,41817.37
4208906,Jaraguá do Sul,SC,Santa Catarina,Sul,Norte Catarinense,Joinville,Joinville,182660.0,530.894,344.06,98.56,12053539.0,2021.0,65988.94
4208955,Jardinópolis,SC,Santa Catarina,Sul,Oeste Catarinense,Chapecó,Chapecó,1776.0,68.499,25.93,94.94,67321.0,2021.0,37905.97
4209003,Joaçaba,SC,Santa Catarina,Sul,Oeste Catarinense,Joaçaba,Chapecó,30146.0,241.637,124.76,97.5,2381234.0,2021.0,78990.05
4209102,Joinville,SC,Santa Catarina,Sul,Norte Catarinense,Joinville,Joinville,616317.0,1127.947,546.41,98.43,45074735.0,2021.0,73135.63
4209151,José Boiteux,SC,Santa Catarina,Sul,Vale do Itajaí,Rio do Sul,Blumenau,5985.0,405.552,14.76,96.2,130477.0,2021.0,21800.67
4209177,Jupiá,SC,Santa Catarina,Sul,Oeste Catarinense,Xanxerê,Chapecó,2555.0,91.448,27.94,92.86,88240.0,2021.0,34536.2
4209201,Lacerdópolis,SC,Santa Catarina,Sul,Oeste Catarinense,Joaçaba,Chapecó,2248.0,69.036,32.56,96.69,137761.0,2021.0,61281.58
4209300,Lages,SC,Santa Catarina,Sul,Serrana,Campos de Lages,Lages,164981.0,2637.66,62.55,96.41,6577420.0,2021.0,39867.74
4209409,Laguna,SC,Santa Catarina,Sul,Sul Catarinense,Tubarão,Criciúma,42785.0,333.26,128.38,97.1,1093923.0,2021.0,25567.91
4209458,Lajeado Grande,SC,Santa Catarina,Sul,Oeste Catarinense,Xanxerê,Chapecó,1702.0,65.348,26.05,94.19,59139.0,2021.0,34746.77
4209508,Laurentino,SC,Santa Catarina,Sul,Vale do Itajaí,Rio do Sul,Blumenau,7932.0,79.333,99.98,97.31,444804.0,2021.0,56077.16
4209607,Lauro Müller,SC,Santa Catarina,Sul,Sul Catarinense,Criciúma,Criciúma,14381.0,271.852,52.9,97.01,418821.0,2021.0,29123.22
4209706,Lebon Régis,SC,Santa Catarina,Sul,Oeste Catarinense,Joaçaba,Caçador,11472.0,941.64,12.18,91.95,416800.0,2021.0,36331.94
4209805,Leoberto Leal,SC,Santa Catarina,Sul,Grande Florianópolis,Tijucas,Blumenau,3330.0,293.6,11.34,91.75,119785.0,2021.0,35971.47
4209854,Lindóia do Sul,SC,Santa Catarina,Sul,Oeste Catarinense,Concórdia,Chapecó,4549.0,190.171,23.92,95.53,151920.0,2021.0,33396.35
4209904,Lontras,SC,Santa Catarina,Sul,Vale do Itajaí,Rio do Sul,Blumenau,12873.0,197.586,65.15,96.42,466218.0,2021.0,36216.73
4210001,Luiz Alves,SC,Santa Catarina,Sul,Vale do Itajaí,Blumenau,Blumenau,11684.0,260.106,44.92,96.92,792775.0,2021.0,67851.34
4210035,Luzerna,SC,Santa Catarina,Sul,Oeste Catarinense,Joaçaba,Chapecó,5794.0,117.099,49.48,98.19,292995.0,2021.0,50568.69
4210050,Macieira,SC,Santa Catarina,Sul,Oeste Catarinense,Joaçaba,Caçador,1778.0,261.208,6.81,94.44,59147.0,2021.0,33266.03
4210100,Mafra,SC,Santa Catarina,Sul,Norte Catarinense,Canoinhas,Joinville,55286.0,1404.084,39.38,97.56,2490227.0,2021.0,45042.63
4210209,Major Gercino,SC,Santa Catarina,Sul,Grande Florianópolis,Tijucas,Blumenau,3214.0,306.058,10.5,94.47,62144.0,2021.0,19335.41
4210308,Major Vieira,SC,Santa Catarina,Sul,Norte Catarinense,Canoinhas,Joinville,7425.0,520.816,14.26,95.06,300319.0,2021.0,40447.0
4210407,Maracajá,SC,Santa Catarina,Sul,Sul Catarinense,Araranguá,Criciúma,7815.0,62.902,124.24,96.69,273081.0,2021.0,34943.19
4210506,Maravilha,SC,Santa Catarina,Sul,Oeste Catarinense,Chapecó,Chapecó,28251.0,170.339,165.85,97.14,1794179.0,2021.0,63508.51
4210555,Marema,SC,Santa Catarina,Sul,Oeste Catarinense,Xanxerê,Chapecó,2184.0,104.184,20.96,93.08,97312.0,2021.0,44556.78
4210605,Massaranduba,SC,Santa Catarina,Sul,Norte Catarinense,Joinville,Joinville,17162.0,374.459,45.83,97.29,751874.0,2021.0,43810.4
4210704,Matos Costa,SC,Santa Catarina,Sul,Oeste Catarinense,Joaçaba,Caçador,2761.0,435.391,6.34,92.23,62590.0,2021.0,22669.32
4210803,Meleiro,SC,Santa Catarina,Sul,Sul Catarinense,Araranguá,Criciúma,7006.0,186.439,37.58,95.98,340386.0,2021.0,48584.93
4210852,Mirim Doce,SC,Santa Catarina,Sul,Vale do Itajaí,Rio do Sul,Blumenau,2511.0,337.991,7.43,94.41,89444.0,2021.0,35620.87
4210902,Modelo,SC,Santa Catarina,Sul,Oeste Catarinense,Chapecó,Chapecó,4080.0,92.346,44.18,95.56,170306.0,2021.0,41741.67
4211009,Mondaí,SC,Santa Catarina,Sul,Oeste Catarinense,São Miguel do Oeste,Chapecó,10066.0,200.276,50.26,96.61,1089189.0,2021.0,108204.75
4211058,Monte Carlo,SC,Santa Catarina,Sul,Serrana,Curitibanos,Caçador,9117.0,191.278,47.66,91.9,233427.0,2021.0,25603.49
4211108,Monte Castelo,SC,Santa Catarina,Sul,Norte Catarinense,Canoinhas,Joinville,7736.0,560.743,13.8,95.35,237437.0,2021.0,30692.48
4211207,Morro da Fumaça,SC,Santa Catarina,Sul,Sul Catarinense,Criciúma,Criciúma,18537.0,82.818,223.83,96.43,922592.0,2021.0,49770.3
4211256,Morro Grande,SC,Santa Catarina,Sul,Sul Catarinense,Araranguá,Criciúma,3010.0,260.143,11.57,94.22,145130.0,2021.0,48215.95
4211306,Navegantes,SC,Santa Catarina,Sul,Vale do Itajaí,Itajaí,Blumenau,86401.0,111.377,775.75,97.31,6143029.0,2021.0,71099.05
4211405,Nova Erechim,SC,Santa Catarina,Sul,Oeste Catarinense,Chapecó,Chapecó,5155.0,65.087,79.2,95.6,248377.0,2021.0,48181.77
4211454,Nova Itaberaba,SC,Santa Catarina,Sul,Oeste Catarinense,Chapecó,Chapecó,4536.0,137.388,33.02,95.56,189439.0,2021.0,41763.45
4211504,Nova Trento,SC,Santa Catarina,Sul,Grande Florianópolis,Tijucas,Blumenau,13727.0,402.852,34.07,96.83,691559.0,2021.0,50379.47
4211603,Nova Veneza,SC,Santa Catarina,Sul,Sul Catarinense,Criciúma,Criciúma,13664.0,295.061,46.31,97.39,1074610.0,2021.0,78645.35
4211652,Novo Horizonte,SC,Santa Catarina,Sul,Oeste Catarinense,Chapecó,Chapecó,2643.0,151.722,17.42,94.28,119844.0,2021.0,45343.93
4211702,Orleans,SC,Santa Catarina,Sul,Sul Catarinense,Tubarão,Criciúma,23661.0,549.859,43.03,97.27,1188044.0,2021.0,50211.06
4211751,Otacílio Costa,SC,Santa Catarina,Sul,Serrana,Campos de Lages,Lages,17312.0,847.253,20.43,95.68,998100.0,2021.0,57653.65
4211801,Ouro,SC,Santa Catarina,Sul,Oeste Catarinense,Joaçaba,Chapecó,7032.0,213.543,32.93,96.61,252631.0,2021.0,35925.91
4211850,Ouro Verde,SC,Santa Catarina,Sul,Oeste Catarinense,Xanxerê,Chapecó,2181.0,188.568,11.57,92.72,137266.0,2021.0,62937.18
4211876,Paial,SC,Santa Catarina,Sul,Oeste Catarinense,Concórdia,Chapecó,1927.0,86.048,22.39,92.33,58314.0,2021.0,30261.55
4211892,Painel,SC,Santa Catarina,Sul,Serrana,Campos de Lages,Lages,2215.0,738.331,3.0,91.26,84941.0,2021.0,38348.08
4211900,Palhoça,SC,Santa Catarina,Sul,Grande Florianópolis,Florianópolis,Florianópolis,222598.0,394.85,563.75,97.74,8210037.0,2021.0,36882.8
4212007,Palma Sola,SC,Santa Catarina,Sul,Oeste Catarinense,São Miguel do Oeste,Chapecó,7605.0,330.878,22.98,92.3,332287.0,2021.0,43693.23
4212056,Palmeira,SC,Santa Catarina,Sul,Serrana,Campos de Lages,Lages,2561.0,289.097,8.86,93.1,187897.0,2021.0,73368.61
4212106,Palmitos,SC,Santa Catarina,Sul,Oeste Catarinense,Chapecó,Chapecó,15626.0,351.051,44.51,95.75,913813.0,2021.0,58480.29
4212205,Papanduva,SC,Santa Catarina,Sul,Norte Catarinense,Canoinhas,Joinville,19150.0,764.737,25.04,96.1,853826.0,2021.0,44586.21
4212239,Paraíso,SC,Santa Catarina,Sul,Oeste Catarinense,São Miguel do Oeste,Chapecó,4267.0,180.338,23.66,93.44,143301.0,2021.0,33583.55
4212254,Passo de Torres,SC,Santa Catarina,Sul,Sul Catarinense,Araranguá,Criciúma,12897.0,92.638,139.22,97.46,237368.0,2021.0,18404.9
4212270,Passos Maia,SC,Santa Catarina,Sul,Oeste Catarinense,Xanxerê,Chapecó,4034.0,617.092,6.54,92.14,175185.0,2021.0,43427.12
4212304,Paulo Lopes,SC,Santa Catarina,Sul,Grande Florianópolis,Florianópolis,Florianópolis,9063.0,446.165,20.31,93.75,250073.0,2021.0,27592.74
4212403,Pedras Grandes,SC,Santa Catarina,Sul,Sul Catarinense,Tubarão,Criciúma,4245.0,159.891,26.55,96.81,243931.0,2021.0,57463.13
4212502,Penha,SC,Santa Catarina,Sul,Vale do Itajaí,Itajaí,Blumenau,33663.0,57.752,582.89,97.85,1037153.0,2021.0,30809.88
4212601,Peritiba,SC,Santa Catarina,Sul,Oeste Catarinense,Concórdia,Chapecó,2992.0,96.168,31.11,97.3,120957.0,2021.0,40426.8
4212650,Pescaria Brava,SC,Santa Catarina,Sul,Sul Catarinense,Tubarão,Criciúma,10190.0,106.853,95.36,95.67,119468.0,2021.0,11724.04
4212700,Petrolândia,SC,Santa Catarina,Sul,Vale do Itajaí,Ituporanga,Blumenau,6716.0,306.76,21.89,95.6,223564.0,2021.0,33288.27
4212809,Balneário Piçarras,SC,Santa Catarina,Sul,Vale do Itajaí,Itajaí,Blumenau,27127.0,99.355,273.03,97.49,1513947.0,2021.0,55809.6
4212908,Pinhalzinho,SC,Santa Catarina,Sul,Oeste Catarinense,Chapecó,Chapecó,21972.0,128.726,170.69,96.61,1514219.0,2021.0,68915.85
4213005,Pinheiro Preto,SC,Santa Catarina,Sul,Oeste Catarinense,Joaçaba,Caçador,3473.0,61.011,56.92,97.43,227282.0,2021.0,65442.56
4213104,Piratuba,SC,Santa Catarina,Sul,Oeste Catarinense,Concórdia,Chapecó,5769.0,146.088,39.49,96.57,801159.0,2021.0,138873.11
4213153,Planalto Alegre,SC,Santa Catarina,Sul,Oeste Catarinense,Chapecó,Chapecó,2946.0,63.1,46.69,92.44,141935.0,2021.0,48178.89
4213203,Pomerode,SC,Santa Catarina,Sul,Vale do Itajaí,Blumenau,Blumenau,34289.0,214.299,160.01,98.63,2806453.0,2021.0,81847.04
4213302,Ponte Alta,SC,Santa Catarina,Sul,Serrana,Curitibanos,Lages,4437.0,575.17,7.71,92.85,175776.0,2021.0,39615.96
4213351,Ponte Alta do Norte,SC,Santa Catarina,Sul,Serrana,Curitibanos,Lages,3210.0,396.882,8.09,92.73,166641.0,2021.0,51913.08
4213401,Ponte Serrada,SC,Santa Catarina,Sul,Oeste Catarinense,Xanxerê,Chapecó,10649.0,560.731,18.99,93.34,291075.0,2021.0,27333.55
4213500,Porto Belo,SC,Santa Catarina,Sul,Vale do Itajaí,Itajaí,Blumenau,27688.0,93.673,295.58,97.69,1472149.0,2021.0,53169.21
4213609,Porto União,SC,Santa Catarina,Sul,Norte Catarinense,Canoinhas,Joinville,32970.0,848.779,38.84,97.35,1149833.0,2021.0,34875.13
4213708,Pouso Redondo,SC,Santa Catarina,Sul,Vale do Itajaí,Rio do Sul,Blumenau,17123.0,356.539,48.03,96.19,719081.0,2021.0,41995.04
4213807,Praia Grande,SC,Santa Catarina,Sul,Sul Catarinense,Araranguá,Criciúma,8270.0,284.36,29.08,94.83,223279.0,2021.0,26998.67
4213906,Presidente Castello Branco,SC,Santa Catarina,Sul,Oeste Catarinense,Concórdia,Chapecó,1689.0,65.433,25.81,96.94,75923.0,2021.0,44951.45
4214003,Presidente Getúlio,SC,Santa Catarina,Sul,Vale do Itajaí,Rio do Sul,Blumenau,20010.0,297.16,67.34,97.96,985125.0,2021.0,49231.63
4214102,Presidente Nereu,SC,Santa Catarina,Sul,Vale do Itajaí,Rio do Sul,Blumenau,2301.0,224.748,10.24,92.33,62744.0,2021.0,27268.14
4214151,Princesa,SC,Santa Catarina,Sul,Oeste Catarinense,São Miguel do Oeste,Chapecó,2964.0,85.598,34.63,94.97,135911.0,2021.0,45853.91
4214201,Quilombo,SC,Santa Catarina,Sul,Oeste Catarinense,Chapecó,Chapecó,11022.0,278.983,39.51,94.99,462642.0,2021.0,41974.41
4214300,Rancho Queimado,SC,Santa Catarina,Sul,Grande Florianópolis,Tabuleiro,Florianópolis,3279.0,286.461,11.45,96.16,165751.0,2021.0,50549.25
4214409,Rio das Antas,SC,Santa Catarina,Sul,Oeste Catarinense,Joaçaba,Caçador,6253.0,314.913,19.86,95.76,288090.0,2021.0,46072.29
4214508,Rio do Campo,SC,Santa Catarina,Sul,Vale do Itajaí,Rio do Sul,Blumenau,6452.0,502.095,12.85,95.18,212941.0,2021.0,33003.87
4214607,Rio do Oeste,SC,Santa Catarina,Sul,Vale do Itajaí,Rio do Sul,Blumenau,7747.0,245.057,31.61,97.36,276136.0,2021.0,35644.25
4214706,Rio dos Cedros,SC,Santa Catarina,Sul,Vale do Itajaí,Blumenau,Blumenau,10865.0,555.473,19.56,98.13,475005.0,2021.0,43718.82
4214805,Rio do Sul,SC,Santa Catarina,Sul,Vale do Itajaí,Rio do Sul,Blumenau,72587.0,260.817,278.31,98.03,3690347.0,2021.0,50840.33
4214904,Rio Fortuna,SC,Santa Catarina,Sul,Sul Catarinense,Tubarão,Criciúma,4847.0,302.39,16.03,98.84,302785.0,2021.0,62468.54
4215000,Rio Negrinho,SC,Santa Catarina,Sul,Norte Catarinense,São Bento do Sul,Joinville,39261.0,907.42,43.27,96.66,1614643.0,2021.0,41125.88
4215059,Rio Rufino,SC,Santa Catarina,Sul,Serrana,Campos de Lages,Lages,2397.0,282.571,8.48,93.54,70066.0,2021.0,29230.71
4215075,Riqueza,SC,Santa Catarina,Sul,Oeste Catarinense,São Miguel do Oeste,Chapecó,4768.0,191.061,24.96,93.9,147665.0,2021.0,30970.01
4215109,Rodeio,SC,Santa Catarina,Sul,Vale do Itajaí,Blumenau,Blumenau,12757.0,129.001,98.89,96.67,390081.0,2021.0,30577.8
4215208,Romelândia,SC,Santa Catarina,Sul,Oeste Catarinense,São Miguel do Oeste,Chapecó,4823.0,223.333,21.6,92.72,111333.0,2021.0,23083.77
4215307,Salete,SC,Santa Catarina,Sul,Vale do Itajaí,Rio do Sul,Blumenau,7489.0,177.887,42.1,96.76,318174.0,2021.0,42485.51
4215356,Saltinho,SC,Santa Catarina,Sul,Oeste Catarinense,Chapecó,Chapecó,3632.0,156.568,23.2,92.02,93630.0,2021.0,25779.19
4215406,Salto Veloso,SC,Santa Catarina,Sul,Oeste Catarinense,Joaçaba,Caçador,4390.0,104.531,42.0,95.58,266923.0,2021.0,60802.51
4215455,Sangão,SC,Santa Catarina,Sul,Sul Catarinense,Tubarão,Criciúma,12882.0,82.984,155.23,96.37,466692.0,2021.0,36228.23
4215505,Santa Cecília,SC,Santa Catarina,Sul,Serrana,Curitibanos,Lages,15546.0,1145.845,13.57,94.18,662060.0,2021.0,42587.16
4215554,Santa Helena,SC,Santa Catarina,Sul,Oeste Catarinense,São Miguel do Oeste,Chapecó,2425.0,81.004,29.94,96.24,103613.0,2021.0,42727.01
4215604,Santa Rosa de Lima,SC,Santa Catarina,Sul,Sul Catarinense,Tubarão,Criciúma,2088.0,203.218,10.27,96.92,72830.0,2021.0,34880.27
4215653,Santa Rosa do Sul,SC,Santa Catarina,Sul,Sul Catarinense,Araranguá,Criciúma,9792.0,150.299,65.15,95.72,199094.0,2021.0,20332.31
4215679,Santa Terezinha,SC,Santa Catarina,Sul,Norte Catarinense,Canoinhas,Blumenau,8066.0,715.551,11.27,96.58,268988.0,2021.0,33348.38
4215687,Santa Terezinha do Progresso,SC,Santa Catarina,Sul,Oeste Catarinense,Chapecó,Chapecó,2576.0,119.653,21.53,90.99,65119.0,2021.0,25279.11
4215695,Santiago do Sul,SC,Santa Catarina,Sul,Oeste Catarinense,Chapecó,Chapecó,1651.0,73.335,22.51,94.48,48482.0,2021.0,29365.23
4215703,Santo Amaro da Imperatriz,SC,Santa Catarina,Sul,Grande Florianópolis,Florianópolis,Florianópolis,27272.0,344.235,79.22,97.26,1256507.0,2021.0,46073.15
4215752,São Bernardino,SC,Santa Catarina,Sul,Oeste Catarinense,Chapecó,Chapecó,2684.0,149.891,17.91,91.03,88164.0,2021.0,32847.99
4215802,São Bento do Sul,SC,Santa Catarina,Sul,Norte Catarinense,São Bento do Sul,Joinville,83277.0,495.772,167.97,98.28,4697511.0,2021.0,56408.26
4215901,São Bonifácio,SC,Santa Catarina,Sul,Grande Florianópolis,Tabuleiro,Florianópolis,2946.0,461.438,6.38,97.77,112432.0,2021.0,38164.29
4216008,São Carlos,SC,Santa Catarina,Sul,Oeste Catarinense,Chapecó,Chapecó,10282.0,162.12,63.42,96.47,520825.0,2021.0,50654.06
4216057,São Cristóvão do Sul,SC,Santa Catarina,Sul,Serrana,Curitibanos,Lages,6084.0,345.903,17.59,92.97,219812.0,2021.0,36129.52
4216107,São Domingos,SC,Santa Catarina,Sul,Oeste Catarinense,Xanxerê,Chapecó,9226.0,367.525,25.1,93.13,450004.0,2021.0,48775.63
4216206,São Francisco do Sul,SC,Santa Catarina,Sul,Norte Catarinense,Joinville,Joinville,52674.0,493.266,106.79,97.56,8516615.0,2021.0,161685.37
4216255,São João do Oeste,SC,Santa Catarina,Sul,Oeste Catarinense,São Miguel do Oeste,Chapecó,6295.0,163.747,38.44,99.1,353230.0,2021.0,56112.79
4216305,São João Batista,SC,Santa Catarina,Sul,Grande Florianópolis,Tijucas,Blumenau,32687.0,200.765,162.81,97.81,1029819.0,2021.0,31505.46
4216354,São João do Itaperiú,SC,Santa Catarina,Sul,Vale do Itajaí,Itajaí,Joinville,4463.0,151.885,29.38,96.25,338152.0,2021.0,75767.87
4216404,São João do Sul,SC,Santa Catarina,Sul,Sul Catarinense,Araranguá,Criciúma,8668.0,184.375,47.01,95.29,282920.0,2021.0,32639.59
4216503,São Joaquim,SC,Santa Catarina,Sul,Serrana,Campos de Lages,Lages,25939.0,1888.634,13.73,95.43,1133378.0,2021.0,43693.97
4216602,São José,SC,Santa Catarina,Sul,Grande Florianópolis,Florianópolis,Florianópolis,270299.0,150.499,1796.02,98.31,13840195.0,2021.0,51203.28
4216701,São José do Cedro,SC,Santa Catarina,Sul,Oeste Catarinense,São Miguel do Oeste,Chapecó,14167.0,280.76,50.46,96.47,568200.0,2021.0,40107.29
4216800,São José do Cerrito,SC,Santa Catarina,Sul,Serrana,Campos de Lages,Lages,8708.0,948.714,9.18,91.33,318824.0,2021.0,36612.77
4216909,São Lourenço do Oeste,SC,Santa Catarina,Sul,Oeste Catarinense,Chapecó,Chapecó,24791.0,356.193,69.6,95.33,1389521.0,2021.0,56049.41
4217006,São Ludgero,SC,Santa Catarina,Sul,Sul Catarinense,Tubarão,Criciúma,13509.0,106.765,126.53,97.61,929265.0,2021.0,68788.59
4217105,São Martinho,SC,Santa Catarina,Sul,Sul Catarinense,Tubarão,Criciúma,3405.0,224.566,15.16,97.69,109266.0,2021.0,32089.87
4217154,São Miguel da Boa Vista,SC,Santa Catarina,Sul,Oeste Catarinense,Chapecó,Chapecó,1781.0,72.755,24.48,93.92,50300.0,2021.0,28242.56
4217204,São Miguel do Oeste,SC,Santa Catarina,Sul,Oeste Catarinense,São Miguel do Oeste,Chapecó,44330.0,234.202,189.28,96.69,2174480.0,2021.0,49052.11
4217253,São Pedro de Alcântara,SC,Santa Catarina,Sul,Grande Florianópolis,Florianópolis,Florianópolis,5776.0,139.196,41.5,96.45,101140.0,2021.0,17510.39
4217303,Saudades,SC,Santa Catarina,Sul,Oeste Catarinense,Chapecó,Chapecó,10265.0,205.781,49.88,97.36,527168.0,2021.0,51355.87
4217402,Schroeder,SC,Santa Catarina,Sul,Norte Catarinense,Joinville,Joinville,20061.0,165.237,121.41,98.01,759499.0,2021.0,37859.48
4217501,Seara,SC,Santa Catarina,Sul,Oeste Catarinense,Concórdia,Chapecó,18620.0,309.627,60.14,96.13,1178644.0,2021.0,63299.89
4217550,Serra Alta,SC,Santa Catarina,Sul,Oeste Catarinense,Chapecó,Chapecó,3303.0,90.564,36.47,95.93,118038.0,2021.0,35736.6
4217600,Siderópolis,SC,Santa Catarina,Sul,Sul Catarinense,Criciúma,Criciúma,13714.0,262.004,52.34,97.02,679557.0,2021.0,49552.06
4217709,Sombrio,SC,Santa Catarina,Sul,Sul Catarinense,Araranguá,Criciúma,29991.0,143.457,209.06,96.76,910386.0,2021.0,30355.31
4217758,Sul Brasil,SC,Santa Catarina,Sul,Oeste Catarinense,Chapecó,Chapecó,2832.0,113.125,25.03,92.62,83395.0,2021.0,29447.39
4217808,Taió,SC,Santa Catarina,Sul,Vale do Itajaí,Rio do Sul,Blumenau,18310.0,693.847,26.39,97.07,844678.0,2021.0,46132.06
4217907,Tangará,SC,Santa Catarina,Sul,Oeste Catarinense,Joaçaba,Caçador,8143.0,390.044,20.88,97.38,600872.0,2021.0,73790.0
4217956,Tigrinhos,SC,Santa Catarina,Sul,Oeste Catarinense,Chapecó,Chapecó,2329.0,56.962,40.89,95.37,65554.0,2021.0,28146.84
4218004,Tijucas,SC,Santa Catarina,Sul,Grande Florianópolis,Tijucas,Blumenau,51592.0,279.159,184.81,96.84,2438156.0,2021.0,47258.41
4218103,Timbé do Sul,SC,Santa Catarina,Sul,Sul Catarinense,Araranguá,Criciúma,5386.0,328.507,16.4,94.13,154885.0,2021.0,28756.96
4218202,Timbó,SC,Santa Catarina,Sul,Vale do Itajaí,Blumenau,Blumenau,46099.0,128.313,359.27,98.57,2534741.0,2021.0,54984.73
4218251,Timbó Grande,SC,Santa Catarina,Sul,Norte Catarinense,Canoinhas,Caçador,7342.0,596.344,12.31,92.55,303296.0,2021.0,41309.72
4218301,Três Barras,SC,Santa Catarina,Sul,Norte Catarinense,Canoinhas,Joinville,19746.0,436.496,45.24,95.56,1522852.0,2021.0,77122.05
4218350,Treviso,SC,Santa Catarina,Sul,Sul Catarinense,Criciúma,Criciúma,3782.0,156.61,24.15,97.65,232257.0,2021.0,61411.16
4218400,Treze de Maio,SC,Santa Catarina,Sul,Sul Catarinense,Tubarão,Criciúma,7362.0,159.833,46.06,96.42,199732.0,2021.0,27130.13
4218509,Treze Tílias,SC,Santa Catarina,Sul,Oeste Catarinense,Joaçaba,Chapecó,8787.0,185.937,47.26,97.16,829532.0,2021.0,94404.46
4218608,Trombudo Central,SC,Santa Catarina,Sul,Vale do Itajaí,Rio do Sul,Blumenau,7274.0,109.648,66.34,96.7,437965.0,2021.0,60209.65
4218707,Tubarão,SC,Santa Catarina,Sul,Sul Catarinense,Tubarão,Criciúma,110088.0,301.485,365.15,97.88,4817596.0,2021.0,43761.32
4218756,Tunápolis,SC,Santa Catarina,Sul,Oeste Catarinense,São Miguel do Oeste,Chapecó,4916.0,132.939,36.98,97.37,182316.0,2021.0,37086.25
4218806,Turvo,SC,Santa Catarina,Sul,Sul Catarinense,Araranguá,Criciúma,13043.0,235.104,55.48,96.82,737916.0,2021.0,56575.63
4218855,União do Oeste,SC,Santa Catarina,Sul,Oeste Catarinense,Chapecó,Chapecó,2774.0,92.857,29.87,93.71,85132.0,2021.0,30689.26
4218905,Urubici,SC,Santa Catarina,Sul,Serrana,Campos de Lages,Lages,10834.0,1021.371,10.61,94.8,356315.0,2021.0,32888.59
4218954,Urupema,SC,Santa Catarina,Sul,Serrana,Campos de Lages,Lages,2656.0,350.472,7.58,94.31,88459.0,2021.0,33305.35
4219002,Urussanga,SC,Santa Catarina,Sul,Sul Catarinense,Criciúma,Criciúma,20919.0,254.954,82.05,97.67,1087691.0,2021.0,51995.36
4219101,Vargeão,SC,Santa Catarina,Sul,Oeste Catarinense,Xanxerê,Chapecó,3634.0,166.685,21.8,94.89,201010.0,2021.0,55313.7
4219150,Vargem,SC,Santa Catarina,Sul,Serrana,Curitibanos,Chapecó,2627.0,350.606,7.49,94.22,116146.0,2021.0,44212.41
4219176,Vargem Bonita,SC,Santa Catarina,Sul,Oeste Catarinense,Joaçaba,Chapecó,4576.0,299.807,15.26,94.55,539920.0,2021.0,117989.51
4219200,Vidal Ramos,SC,Santa Catarina,Sul,Vale do Itajaí,Ituporanga,Blumenau,6189.0,346.932,17.84,96.26,354849.0,2021.0,57335.43
4219309,Videira,SC,Santa Catarina,Sul,Oeste Catarinense,Joaçaba,Caçador,55466.0,384.127,144.39,97.57,3456102.0,2021.0,62310.28
4219358,Vitor Meireles,SC,Santa Catarina,Sul,Vale do Itajaí,Rio do Sul,Blumenau,5370.0,370.414,14.5,96.0,142288.0,2021.0,26496.83
4219408,Witmarsum,SC,Santa Catarina,Sul,Vale do Itajaí,Rio do Sul,Blumenau,4255.0,153.776,27.67,96.24,175208.0,2021.0,41176.97
4219507,Xanxerê,SC,Santa Catarina,Sul,Oeste Catarinense,Xanxerê,Chapecó,51607.0,377.426,136.73,96.59,2639977.0,2021.0,51155.41
4219606,Xavantina,SC,Santa Catarina,Sul,Oeste Catarinense,Concórdia,Chapecó,3653.0,218.032,16.75,95.25,211880.0,2021.0,58001.64
4219705,Xaxim,SC,Santa Catarina,Sul,Oeste Catarinense,Xanxerê,Chapecó,31918.0,293.628,108.7,96.3,1471922.0,2021.0,46115.73
4219853,Zortéa,SC,Santa Catarina,Sul,Serrana,Curitibanos,Chapecó,3930.0,190.179,20.66,95.41,103657.0,2021.0,26375.83
4220000,Balneário Rincão,SC,Santa Catarina,Sul,Sul Catarinense,Criciúma,Criciúma,15981.0,63.42,251.99,96.56,294751.0,2021.0,18443.84
4300034,Aceguá,RS,Rio Grande do Sul,Sul,Sudoeste Rio-grandense,Campanha Meridional,Pelotas,4170.0,1551.339,2.69,96.41,458226.0,2021.0,109886.33
4300059,Água Santa,RS,Rio Grande do Sul,Sul,Noroeste Rio-grandense,Passo Fundo,Passo Fundo,3912.0,291.503,13.42,96.04,547413.0,2021.0,139931.75
4300109,Agudo,RS,Rio Grande do Sul,Sul,Centro Ocidental Rio-grandense,Restinga Seca,Santa Maria,16041.0,534.624,30.0,95.48,667877.0,2021.0,41635.62
4300208,Ajuricaba,RS,Rio Grande do Sul,Sul,Noroeste Rio-grandense,Ijuí,Ijuí,6720.0,322.674,20.83,96.92,521060.0,2021.0,77538.69
4300307,Alecrim,RS,Rio Grande do Sul,Sul,Noroeste Rio-grandense,Santa Rosa,Ijuí,6123.0,316.394,19.35,94.27,162073.0,2021.0,26469.54
4300406,Alegrete,RS,Rio Grande do Sul,Sul,Sudoeste Rio-grandense,Campanha Ocidental,Uruguaiana,72409.0,7800.428,9.28,95.79,3079886.0,2021.0,42534.57
4300455,Alegria,RS,Rio Grande do Sul,Sul,Noroeste Rio-grandense,Ijuí,Ijuí,3651.0,172.794,21.13,93.8,156623.0,2021.0,42898.66
4300471,Almirante Tamandaré do Sul,RS,Rio Grande do Sul,Sul,Noroeste Rio-grandense,Carazinho,Passo Fundo,1969.0,265.042,7.43,97.14,276412.0,2021.0,140381.92
4300505,Alpestre,RS,Rio Grande do Sul,Sul,Noroeste Rio-grandense,Frederico Westphalen,Passo Fundo,7117.0,325.979,21.83,91.43,196384.0,2021.0,27593.65
4300554,Alto Alegre,RS,Rio Grande do Sul,Sul,Noroeste Rio-grandense,Cruz Alta,Passo Fundo,1800.0,115.335,15.61,95.06,106142.0,2021.0,58967.78
4300570,Alto Feliz,RS,Rio Grande do Sul,Sul,Metropolitana de Porto Alegre,Montenegro,Caxias do Sul,3072.0,78.175,39.3,98.44,161549.0,2021.0,52587.57
4300604,Alvorada,RS,Rio Grande do Sul,Sul,Metropolitana de Porto Alegre,Porto Alegre,Porto Alegre,187315.0,71.7,2612.48,97.38,3302273.0,2021.0,17629.52
4300638,Amaral Ferrador,RS,Rio Grande do Sul,Sul,Sudeste Rio-grandense,Serras de Sudeste,Porto Alegre,5310.0,505.983,10.49,93.03,147633.0,2021.0,27802.82
4300646,Ametista do Sul,RS,Rio Grande do Sul,Sul,Noroeste Rio-grandense,Frederico Westphalen,Passo Fundo,7650.0,93.704,81.64,92.6,177772.0,2021.0,23238.17
4300661,André da Rocha,RS,Rio Grande do Sul,Sul,Nordeste Rio-grandense,Guaporé,Caxias do Sul,1135.0,331.208,3.43,95.67,193090.0,2021.0,170123.35
4300703,Anta Gorda,RS,Rio Grande do Sul,Sul,Nordeste Rio-grandense,Guaporé,Santa Cruz do Sul - Lajeado,5957.0,242.1,24.61,97.05,322293.0,2021.0,54103.24
4300802,Antônio Prado,RS,Rio Grande do Sul,Sul,Nordeste Rio-grandense,Caxias do Sul,Caxias do Sul,13045.0,347.541,37.54,96.9,797513.0,2021.0,61135.53
4300851,Arambaré,RS,Rio Grande do Sul,Sul,Metropolitana de Porto Alegre,Camaquã,Porto Alegre,4112.0,518.193,7.94,94.57,285089.0,2021.0,69330.98
4300877,Araricá,RS,Rio Grande do Sul,Sul,Metropolitana de Porto Alegre,Porto Alegre,Porto Alegre,8525.0,35.391,240.88,96.97,236432.0,2021.0,27733.96
4300901,Aratiba,RS,Rio Grande do Sul,Sul,Noroeste Rio-grandense,Erechim,Passo Fundo,6483.0,342.279,18.94,96.86,946972.0,2021.0,146070.03
4301008,Arroio do Meio,RS,Rio Grande do Sul,Sul,Centro Oriental Rio-grandense,Lajeado-Estrela,Santa Cruz do Sul - Lajeado,21958.0,157.088,139.78,98.35,1536560.0,2021.0,69977.23
4301057,Arroio do Sal,RS,Rio Grande do Sul,Sul,Metropolitana de Porto Alegre,Osório,Porto Alegre,11057.0,119.16,92.79,97.76,285580.0,2021.0,25827.98
4301073,Arroio do Padre,RS,Rio Grande do Sul,Sul,Sudeste Rio-grandense,Pelotas,Pelotas,2599.0,124.693,20.84,96.65,76785.0,2021.0,29544.06
4301107,Arroio dos Ratos,RS,Rio Grande do Sul,Sul,Metropolitana de Porto Alegre,São Jerônimo,Porto Alegre,14601.0,425.791,34.29,95.58,357348.0,2021.0,24474.21
4301206,Arroio do Tigre,RS,Rio Grande do Sul,Sul,Centro Oriental Rio-grandense,Santa Cruz do Sul,Santa Cruz do Sul - Lajeado,12058.0,315.132,38.26,94.2,429273.0,2021.0,35600.68
4301305,Arroio Grande,RS,Rio Grande do Sul,Sul,Sudeste Rio-grandense,Jaguarão,Pelotas,17558.0,2508.557,7.0,94.29,1131512.0,2021.0,64444.24
4301404,Arvorezinha,RS,Rio Grande do Sul,Sul,Nordeste Rio-grandense,Guaporé,Passo Fundo,10322.0,269.31,38.33,95.31,336248.0,2021.0,32575.86
4301503,Augusto Pestana,RS,Rio Grande do Sul,Sul,Noroeste Rio-grandense,Ijuí,Ijuí,7149.0,348.231,20.53,97.32,504184.0,2021.0,70525.11
4301552,Áurea,RS,Rio Grande do Sul,Sul,Noroeste Rio-grandense,Erechim,Passo Fundo,3396.0,156.727,21.67,97.24,163439.0,2021.0,48126.91
4301602,Bagé,RS,Rio Grande do Sul,Sul,Sudoeste Rio-grandense,Campanha Meridional,Pelotas,117938.0,4090.36,28.83,96.54,3748437.0,2021.0,31783.11
4301636,Balneário Pinhal,RS,Rio Grande do Sul,Sul,Metropolitana de Porto Alegre,Osório,Porto Alegre,14955.0,102.387,146.06,95.82,312095.0,2021.0,20868.94
4301651,Barão,RS,Rio Grande do Sul,Sul,Metropolitana de Porto Alegre,Montenegro,Caxias do Sul,6461.0,124.757,51.79,97.41,308102.0,2021.0,47686.43
4301701,Barão de Cotegipe,RS,Rio Grande do Sul,Sul,Noroeste Rio-grandense,Erechim,Passo Fundo,7144.0,260.505,27.42,96.92,341674.0,2021.0,47826.71
4301750,Barão do Triunfo,RS,Rio Grande do Sul,Sul,Metropolitana de Porto Alegre,São Jerônimo,Porto Alegre,5889.0,436.101,13.5,92.18,142319.0,2021.0,24166.92
4301800,Barracão,RS,Rio Grande do Sul,Sul,Noroeste Rio-grandense,Sananduva,Passo Fundo,4831.0,515.469,9.37,93.7,317085.0,2021.0,65635.48
4301859,Barra do Guarita,RS,Rio Grande do Sul,Sul,Noroeste Rio-grandense,Três Passos,Ijuí,3161.0,62.801,50.33,93.83,56812.0,2021.0,17972.79
4301875,Barra do Quaraí,RS,Rio Grande do Sul,Sul,Sudoeste Rio-grandense,Campanha Ocidental,Uruguaiana,4241.0,1055.937,4.02,95.75,386183.0,2021.0,91059.42
4301909,Barra do Ribeiro,RS,Rio Grande do Sul,Sul,Metropolitana de Porto Alegre,Camaquã,Porto Alegre,12225.0,729.316,16.76,94.95,507428.0,2021.0,41507.4
4301925,Barra do Rio Azul,RS,Rio Grande do Sul,Sul,Noroeste Rio-grandense,Erechim,Passo Fundo,1696.0,146.995,11.54,95.63,80748.0,2021.0,47610.85
4301958,Barra Funda,RS,Rio Grande do Sul,Sul,Noroeste Rio-grandense,Carazinho,Passo Fundo,2498.0,60.437,41.33,96.64,165030.0,2021.0,66064.85
4302006,Barros Cassal,RS,Rio Grande do Sul,Sul,Noroeste Rio-grandense,Soledade,Passo Fundo,9296.0,647.994,14.35,88.43,244514.0,2021.0,26303.14
4302055,Benjamin Constant do Sul,RS,Rio Grande do Sul,Sul,Noroeste Rio-grandense,Erechim,Passo Fundo,2082.0,132.351,15.73,88.14,49314.0,2021.0,23685.88
4302105,Bento Gonçalves,RS,Rio Grande do Sul,Sul,Nordeste Rio-grandense,Caxias do Sul,Caxias do Sul,123151.0,272.287,452.28,98.39,7498525.0,2021.0,60888.87
4302154,Boa Vista das Missões,RS,Rio Grande do Sul,Sul,Noroeste Rio-grandense,Carazinho,Passo Fundo,1933.0,196.064,9.86,95.4,238522.0,2021.0,123394.72
4302204,Boa Vista do Buricá,RS,Rio Grande do Sul,Sul,Noroeste Rio-grandense,Três Passos,Ijuí,6966.0,109.541,63.59,98.18,326887.0,2021.0,46926.07
4302220,Boa Vista do Cadeado,RS,Rio Grande do Sul,Sul,Noroeste Rio-grandense,Cruz Alta,Passo Fundo,2229.0,701.221,3.18,96.12,468752.0,2021.0,210296.99
4302238,Boa Vista do Incra,RS,Rio Grande do Sul,Sul,Noroeste Rio-grandense,Cruz Alta,Passo Fundo,2271.0,504.114,4.5,97.02,384174.0,2021.0,169165.13
4302253,Boa Vista do Sul,RS,Rio Grande do Sul,Sul,Nordeste Rio-grandense,Caxias do Sul,Caxias do Sul,2779.0,94.399,29.44,95.62,120127.0,2021.0,43226.7
4302303,Bom Jesus,RS,Rio Grande do Sul,Sul,Nordeste Rio-grandense,Vacaria,Caxias do Sul,11202.0,2622.837,4.27,93.64,613624.0,2021.0,54778.08
4302352,Bom Princípio,RS,Rio Grande do Sul,Sul,Metropolitana de Porto Alegre,Montenegro,Porto Alegre,13142.0,88.66,148.23,98.72,906596.0,2021.0,68984.63
4302378,Bom Progresso,RS,Rio Grande do Sul,Sul,Noroeste Rio-grandense,Três Passos,Ijuí,2096.0,89.206,23.5,91.69,86280.0,2021.0,41164.12
4302402,Bom Retiro do Sul,RS,Rio Grande do Sul,Sul,Centro Oriental Rio-grandense,Lajeado-Estrela,Santa Cruz do Sul - Lajeado,12294.0,102.54,119.89,97.04,403056.0,2021.0,32784.77
4302451,Boqueirão do Leão,RS,Rio Grande do Sul,Sul,Centro Oriental Rio-grandense,Lajeado-Estrela,Santa Cruz do Sul - Lajeado,6247.0,265.952,23.49,92.28,150395.0,2021.0,24074.76
4302501,Bossoroca,RS,Rio Grande do Sul,Sul,Noroeste Rio-grandense,Santo Ângelo,Ijuí,5890.0,1610.056,3.66,92.75,490599.0,2021.0,83293.55
4302584,Bozano,RS,Rio Grande do Sul,Sul,Noroeste Rio-grandense,Ijuí,Ijuí,2151.0,200.497,10.73,96.31,227410.0,2021.0,105722.92
4302600,Braga,RS,Rio Grande do Sul,Sul,Noroeste Rio-grandense,Três Passos,Ijuí,3268.0,132.044,24.75,91.23,130949.0,2021.0,40070.07
4302659,Brochier,RS,Rio Grande do Sul,Sul,Metropolitana de Porto Alegre,Montenegro,Porto Alegre,4966.0,105.353,47.14,96.45,117701.0,2021.0,23701.37
4302709,Butiá,RS,Rio Grande do Sul,Sul,Metropolitana de Porto Alegre,São Jerônimo,Porto Alegre,19084.0,752.187,25.37,94.66,543351.0,2021.0,28471.55
4302808,Caçapava do Sul,RS,Rio Grande do Sul,Sul,Sudeste Rio-grandense,Serras de Sudeste,Santa Maria,32515.0,3048.147,10.67,94.26,1122674.0,2021.0,34527.88
4302907,Cacequi,RS,Rio Grande do Sul,Sul,Centro Ocidental Rio-grandense,Santa Maria,Santa Maria,11157.0,2373.507,4.7,93.81,623088.0,2021.0,55847.27
4303004,Cachoeira do Sul,RS,Rio Grande do Sul,Sul,Centro Oriental Rio-grandense,Cachoeira do Sul,Santa Maria,80070.0,3736.064,21.43,95.21,3542706.0,2021.0,44245.11
4303103,Cachoeirinha,RS,Rio Grande do Sul,Sul,Metropolitana de Porto Alegre,Porto Alegre,Porto Alegre,136258.0,43.778,3112.48,98.19,6458504.0,2021.0,47399.08
4303202,Cacique Doble,RS,Rio Grande do Sul,Sul,Noroeste Rio-grandense,Sananduva,Passo Fundo,4603.0,204.055,22.56,93.97,169236.0,2021.0,36766.46
4303301,Caibaté,RS,Rio Grande do Sul,Sul,Noroeste Rio-grandense,Cerro Largo,Ijuí,4704.0,261.303,18.0,95.91,264916.0,2021.0,56317.18
4303400,Caiçara,RS,Rio Grande do Sul,Sul,Noroeste Rio-grandense,Frederico Westphalen,Passo Fundo,4836.0,189.16,25.57,95.65,149122.0,2021.0,30835.81
4303509,Camaquã,RS,Rio Grande do Sul,Sul,Metropolitana de Porto Alegre,Camaquã,Porto Alegre,62200.0,1680.168,37.02,95.2,2723674.0,2021.0,43788.97
4303558,Camargo,RS,Rio Grande do Sul,Sul,Noroeste Rio-grandense,Passo Fundo,Passo Fundo,2981.0,138.069,21.59,96.27,520483.0,2021.0,174600.13
4303608,Cambará do Sul,RS,Rio Grande do Sul,Sul,Nordeste Rio-grandense,Vacaria,Caxias do Sul,6361.0,1181.811,5.38,96.35,242578.0,2021.0,38135.2
4303673,Campestre da Serra,RS,Rio Grande do Sul,Sul,Nordeste Rio-grandense,Vacaria,Caxias do Sul,3242.0,538.487,6.02,95.93,204703.0,2021.0,63140.96
4303707,Campina das Missões,RS,Rio Grande do Sul,Sul,Noroeste Rio-grandense,Cerro Largo,Ijuí,5882.0,224.801,26.17,97.88,239170.0,2021.0,40661.34
4303806,Campinas do Sul,RS,Rio Grande do Sul,Sul,Noroeste Rio-grandense,Erechim,Passo Fundo,5284.0,276.162,19.13,95.77,399404.0,2021.0,75587.43
4303905,Campo Bom,RS,Rio Grande do Sul,Sul,Metropolitana de Porto Alegre,Porto Alegre,Porto Alegre,62886.0,60.579,1038.08,98.18,3600083.0,2021.0,57247.77
4304002,Campo Novo,RS,Rio Grande do Sul,Sul,Noroeste Rio-grandense,Três Passos,Ijuí,4975.0,220.719,22.54,91.82,325740.0,2021.0,65475.38
4304101,Campos Borges,RS,Rio Grande do Sul,Sul,Noroeste Rio-grandense,Cruz Alta,Passo Fundo,3613.0,226.202,15.97,93.49,150034.0,2021.0,41526.16
4304200,Candelária,RS,Rio Grande do Sul,Sul,Centro Oriental Rio-grandense,Santa Cruz do Sul,Santa Cruz do Sul - Lajeado,28906.0,944.735,30.6,94.11,1078191.0,2021.0,37299.9
4304309,Cândido Godói,RS,Rio Grande do Sul,Sul,Noroeste Rio-grandense,Santa Rosa,Ijuí,6294.0,247.047,25.48,97.13,358438.0,2021.0,56949.16
4304358,Candiota,RS,Rio Grande do Sul,Sul,Sudeste Rio-grandense,Serras de Sudeste,Pelotas,10710.0,933.628,11.47,95.51,2744010.0,2021.0,256210.08
4304408,Canela,RS,Rio Grande do Sul,Sul,Metropolitana de Porto Alegre,Gramado-Canela,Caxias do Sul,48946.0,253.002,193.46,97.54,1595265.0,2021.0,32592.35
4304507,Canguçu,RS,Rio Grande do Sul,Sul,Sudeste Rio-grandense,Pelotas,Pelotas,49680.0,3526.253,14.09,93.95,1660011.0,2021.0,33414.07
4304606,Canoas,RS,Rio Grande do Sul,Sul,Metropolitana de Porto Alegre,Porto Alegre,Porto Alegre,347657.0,130.789,2658.15,98.19,21995418.0,2021.0,63267.58
4304614,Canudos do Vale,RS,Rio Grande do Sul,Sul,Centro Oriental Rio-grandense,Lajeado-Estrela,Santa Cruz do Sul - Lajeado,1656.0,82.908,19.97,93.33,67988.0,2021.0,41055.56
4304622,Capão Bonito do Sul,RS,Rio Grande do Sul,Sul,Nordeste Rio-grandense,Vacaria,Passo Fundo,1733.0,526.85,3.29,93.52,342053.0,2021.0,197376.23
4304630,Capão da Canoa,RS,Rio Grande do Sul,Sul,Metropolitana de Porto Alegre,Osório,Porto Alegre,63594.0,98.383,646.39,97.74,1966028.0,2021.0,30915.31
4304655,Capão do Cipó,RS,Rio Grande do Sul,Sul,Centro Ocidental Rio-grandense,Santiago,Santa Maria,3119.0,1007.796,3.09,97.02,644965.0,2021.0,206785.83
4304663,Capão do Leão,RS,Rio Grande do Sul,Sul,Sudeste Rio-grandense,Pelotas,Pelotas,26487.0,783.196,33.82,95.1,830088.0,2021.0,31339.45
4304671,Capivari do Sul,RS,Rio Grande do Sul,Sul,Metropolitana de Porto Alegre,Osório,Porto Alegre,3991.0,412.889,9.67,95.74,386834.0,2021.0,96926.58
4304689,Capela de Santana,RS,Rio Grande do Sul,Sul,Metropolitana de Porto Alegre,Montenegro,Porto Alegre,11159.0,182.756,61.06,95.56,298588.0,2021.0,26757.59
4304697,Capitão,RS,Rio Grande do Sul,Sul,Centro Oriental Rio-grandense,Lajeado-Estrela,Santa Cruz do Sul - Lajeado,2921.0,73.967,39.49,96.11,95379.0,2021.0,32652.86
4304705,Carazinho,RS,Rio Grande do Sul,Sul,Noroeste Rio-grandense,Carazinho,Passo Fundo,61804.0,666.694,92.7,97.12,3846858.0,2021.0,62242.86
4304713,Caraá,RS,Rio Grande do Sul,Sul,Metropolitana de Porto Alegre,Osório,Porto Alegre,7394.0,294.606,25.1,92.81,165661.0,2021.0,22404.79
4304804,Carlos Barbosa,RS,Rio Grande do Sul,Sul,Nordeste Rio-grandense,Caxias do Sul,Caxias do Sul,30420.0,230.061,132.23,98.11,3529584.0,2021.0,116028.4
4304853,Carlos Gomes,RS,Rio Grande do Sul,Sul,Noroeste Rio-grandense,Erechim,Passo Fundo,1368.0,83.155,16.45,97.23,70447.0,2021.0,51496.35
4304903,Casca,RS,Rio Grande do Sul,Sul,Noroeste Rio-grandense,Passo Fundo,Passo Fundo,9465.0,272.041,34.79,97.77,717921.0,2021.0,75850.08
4304952,Caseiros,RS,Rio Grande do Sul,Sul,Noroeste Rio-grandense,Passo Fundo,Passo Fundo,3000.0,235.863,12.72,94.25,199197.0,2021.0,66399.0
4305009,Catuípe,RS,Rio Grande do Sul,Sul,Noroeste Rio-grandense,Santo Ângelo,Ijuí,8674.0,583.184,14.87,95.79,638112.0,2021.0,73566.06
4305108,Caxias do Sul,RS,Rio Grande do Sul,Sul,Nordeste Rio-grandense,Caxias do Sul,Caxias do Sul,463501.0,1652.32,280.52,98.36,31688552.0,2021.0,68367.82
4305116,Centenário,RS,Rio Grande do Sul,Sul,Noroeste Rio-grandense,Erechim,Passo Fundo,2721.0,134.23,20.27,97.82,120779.0,2021.0,44387.73
4305124,Cerrito,RS,Rio Grande do Sul,Sul,Sudeste Rio-grandense,Pelotas,Pelotas,5808.0,451.699,12.86,92.45,161328.0,2021.0,27776.86
4305132,Cerro Branco,RS,Rio Grande do Sul,Sul,Centro Oriental Rio-grandense,Cachoeira do Sul,Santa Maria,3802.0,158.025,24.06,90.5,90159.0,2021.0,23713.57
4305157,Cerro Grande,RS,Rio Grande do Sul,Sul,Noroeste Rio-grandense,Carazinho,Passo Fundo,2379.0,73.438,32.39,88.71,74182.0,2021.0,31182.01
4305173,Cerro Grande do Sul,RS,Rio Grande do Sul,Sul,Metropolitana de Porto Alegre,Camaquã,Porto Alegre,9178.0,324.908,28.25,92.98,203184.0,2021.0,22138.16
4305207,Cerro Largo,RS,Rio Grande do Sul,Sul,Noroeste Rio-grandense,Cerro Largo,Ijuí,13705.0,176.643,77.59,97.05,796777.0,2021.0,58137.69
4305306,Chapada,RS,Rio Grande do Sul,Sul,Noroeste Rio-grandense,Carazinho,Passo Fundo,9540.0,684.247,13.94,96.74,741828.0,2021.0,77759.75
4305355,Charqueadas,RS,Rio Grande do Sul,Sul,Metropolitana de Porto Alegre,São Jerônimo,Porto Alegre,35012.0,217.362,161.08,96.96,1736983.0,2021.0,49611.08
4305371,Charrua,RS,Rio Grande do Sul,Sul,Noroeste Rio-grandense,Passo Fundo,Passo Fundo,2768.0,198.748,13.93,93.73,149352.0,2021.0,53956.65
4305405,Chiapetta,RS,Rio Grande do Sul,Sul,Noroeste Rio-grandense,Ijuí,Ijuí,3913.0,397.179,9.85,95.4,388836.0,2021.0,99370.3
4305439,Chuí,RS,Rio Grande do Sul,Sul,Sudeste Rio-grandense,Litoral Lagunar,Pelotas,6262.0,202.387,30.94,98.36,370303.0,2021.0,59134.94
4305447,Chuvisca,RS,Rio Grande do Sul,Sul,Metropolitana de Porto Alegre,Camaquã,Porto Alegre,4597.0,220.471,20.85,92.97,129741.0,2021.0,28222.97
4305454,Cidreira,RS,Rio Grande do Sul,Sul,Metropolitana de Porto Alegre,Osório,Porto Alegre,17071.0,243.419,70.13,96.78,362063.0,2021.0,21209.24
4305504,Ciríaco,RS,Rio Grande do Sul,Sul,Noroeste Rio-grandense,Passo Fundo,Passo Fundo,4149.0,274.35,15.12,96.08,264361.0,2021.0,63716.8
4305587,Colinas,RS,Rio Grande do Sul,Sul,Centro Oriental Rio-grandense,Lajeado-Estrela,Santa Cruz do Sul - Lajeado,2423.0,60.732,39.9,98.3,87210.0,2021.0,35992.57
4305603,Colorado,RS,Rio Grande do Sul,Sul,Noroeste Rio-grandense,Não-Me-Toque,Passo Fundo,3258.0,286.295,11.38,95.92,338158.0,2021.0,103793.12
4305702,Condor,RS,Rio Grande do Sul,Sul,Noroeste Rio-grandense,Ijuí,Ijuí,6406.0,463.568,13.82,95.94,624707.0,2021.0,97519.04
4305801,Constantina,RS,Rio Grande do Sul,Sul,Noroeste Rio-grandense,Frederico Westphalen,Passo Fundo,10385.0,203.614,51.0,95.61,432350.0,2021.0,41632.16
4305835,Coqueiro Baixo,RS,Rio Grande do Sul,Sul,Centro Oriental Rio-grandense,Lajeado-Estrela,Santa Cruz do Sul - Lajeado,1290.0,112.638,11.45,95.13,52164.0,2021.0,40437.21
4305850,Coqueiros do Sul,RS,Rio Grande do Sul,Sul,Noroeste Rio-grandense,Carazinho,Passo Fundo,2211.0,277.147,7.98,96.28,190145.0,2021.0,85999.55
4305871,Coronel Barros,RS,Rio Grande do Sul,Sul,Noroeste Rio-grandense,Ijuí,Ijuí,2822.0,163.684,17.24,98.03,226126.0,2021.0,80129.7
4305900,Coronel Bicaco,RS,Rio Grande do Sul,Sul,Noroeste Rio-grandense,Ijuí,Ijuí,6144.0,492.303,12.48,91.47,515154.0,2021.0,83846.68
4305934,Coronel Pilar,RS,Rio Grande do Sul,Sul,Nordeste Rio-grandense,Caxias do Sul,Caxias do Sul,1607.0,105.668,15.21,97.0,49060.0,2021.0,30528.94
4305959,Cotiporã,RS,Rio Grande do Sul,Sul,Nordeste Rio-grandense,Caxias do Sul,Caxias do Sul,3846.0,173.207,22.2,97.78,167929.0,2021.0,43663.29
4305975,Coxilha,RS,Rio Grande do Sul,Sul,Noroeste Rio-grandense,Passo Fundo,Passo Fundo,2667.0,422.101,6.32,95.97,422465.0,2021.0,158404.57
4306007,Crissiumal,RS,Rio Grande do Sul,Sul,Noroeste Rio-grandense,Três Passos,Ijuí,12886.0,362.194,35.58,96.42,508979.0,2021.0,39498.6
4306056,Cristal,RS,Rio Grande do Sul,Sul,Sudeste Rio-grandense,Pelotas,Porto Alegre,7299.0,682.138,10.7,92.82,308908.0,2021.0,42321.96
4306072,Cristal do Sul,RS,Rio Grande do Sul,Sul,Noroeste Rio-grandense,Frederico Westphalen,Passo Fundo,2692.0,97.077,27.73,91.81,94741.0,2021.0,35193.54
4306106,Cruz Alta,RS,Rio Grande do Sul,Sul,Noroeste Rio-grandense,Cruz Alta,Passo Fundo,58913.0,1360.548,43.3,96.53,4609397.0,2021.0,78240.74
4306130,Cruzaltense,RS,Rio Grande do Sul,Sul,Noroeste Rio-grandense,Erechim,Passo Fundo,1635.0,166.883,9.8,93.97,144764.0,2021.0,88540.67
4306205,Cruzeiro do Sul,RS,Rio Grande do Sul,Sul,Centro Oriental Rio-grandense,Lajeado-Estrela,Santa Cruz do Sul - Lajeado,11600.0,155.058,74.81,96.98,533004.0,2021.0,45948.62
4306304,David Canabarro,RS,Rio Grande do Sul,Sul,Noroeste Rio-grandense,Passo Fundo,Passo Fundo,4321.0,174.734,24.73,95.7,229364.0,2021.0,53081.23
4306320,Derrubadas,RS,Rio Grande do Sul,Sul,Noroeste Rio-grandense,Três Passos,Ijuí,2751.0,360.851,7.62,93.32,148408.0,2021.0,53946.93
4306353,Dezesseis de Novembro,RS,Rio Grande do Sul,Sul,Noroeste Rio-grandense,Santo Ângelo,Ijuí,2507.0,217.363,11.53,90.78,57175.0,2021.0,22806.14
4306379,Dilermando de Aguiar,RS,Rio Grande do Sul,Sul,Centro Ocidental Rio-grandense,Santa Maria,Santa Maria,2806.0,600.518,4.67,90.52,267902.0,2021.0,95474.7
4306403,Dois Irmãos,RS,Rio Grande do Sul,Sul,Metropolitana de Porto Alegre,Gramado-Canela,Porto Alegre,30709.0,66.114,464.49,98.63,2188545.0,2021.0,71267.22
4306429,Dois Irmãos das Missões,RS,Rio Grande do Sul,Sul,Noroeste Rio-grandense,Frederico Westphalen,Passo Fundo,2090.0,226.072,9.24,89.79,199195.0,2021.0,95308.61
4306452,Dois Lajeados,RS,Rio Grande do Sul,Sul,Nordeste Rio-grandense,Guaporé,Caxias do Sul,3097.0,133.535,23.19,96.9,172602.0,2021.0,55732.0
4306502,Dom Feliciano,RS,Rio Grande do Sul,Sul,Metropolitana de Porto Alegre,Camaquã,Porto Alegre,13051.0,1355.195,9.63,91.41,356860.0,2021.0,27343.5
4306551,Dom Pedro de Alcântara,RS,Rio Grande do Sul,Sul,Metropolitana de Porto Alegre,Osório,Porto Alegre,2562.0,78.219,32.75,97.04,65534.0,2021.0,25579.23
4306601,Dom Pedrito,RS,Rio Grande do Sul,Sul,Sudoeste Rio-grandense,Campanha Meridional,Pelotas,36981.0,5194.051,7.12,95.65,2210948.0,2021.0,59786.05
4306700,Dona Francisca,RS,Rio Grande do Sul,Sul,Centro Ocidental Rio-grandense,Restinga Seca,Santa Maria,3079.0,114.149,26.97,96.6,106596.0,2021.0,34620.33
4306734,Doutor Maurício Cardoso,RS,Rio Grande do Sul,Sul,Noroeste Rio-grandense,Três Passos,Ijuí,4470.0,255.731,17.48,96.25,260797.0,2021.0,58343.85
4306759,Doutor Ricardo,RS,Rio Grande do Sul,Sul,Centro Oriental Rio-grandense,Lajeado-Estrela,Santa Cruz do Sul - Lajeado,1888.0,107.96,17.49,97.63,78891.0,2021.0,41785.49
4306767,Eldorado do Sul,RS,Rio Grande do Sul,Sul,Metropolitana de Porto Alegre,Porto Alegre,Porto Alegre,39559.0,509.614,77.63,96.49,2120269.0,2021.0,53597.64
4306809,Encantado,RS,Rio Grande do Sul,Sul,Centro Oriental Rio-grandense,Lajeado-Estrela,Santa Cruz do Sul - Lajeado,22962.0,140.006,164.01,97.05,1168358.0,2021.0,50882.24
4306908,Encruzilhada do Sul,RS,Rio Grande do Sul,Sul,Sudeste Rio-grandense,Serras de Sudeste,Santa Cruz do Sul - Lajeado,23819.0,3347.861,7.11,92.81,1080949.0,2021.0,45381.8
4306924,Engenho Velho,RS,Rio Grande do Sul,Sul,Noroeste Rio-grandense,Frederico Westphalen,Passo Fundo,1296.0,71.191,18.2,92.45,73214.0,2021.0,56492.28
4306932,Entre-Ijuís,RS,Rio Grande do Sul,Sul,Noroeste Rio-grandense,Santo Ângelo,Ijuí,9158.0,552.986,16.56,95.7,687578.0,2021.0,75079.49
4306957,Entre Rios do Sul,RS,Rio Grande do Sul,Sul,Noroeste Rio-grandense,Erechim,Passo Fundo,2685.0,119.912,22.39,93.13,207517.0,2021.0,77287.52
4306973,Erebango,RS,Rio Grande do Sul,Sul,Noroeste Rio-grandense,Erechim,Passo Fundo,3054.0,152.793,19.99,95.13,180479.0,2021.0,59095.94
4307005,Erechim,RS,Rio Grande do Sul,Sul,Noroeste Rio-grandense,Erechim,Passo Fundo,105705.0,429.164,246.3,97.8,6882629.0,2021.0,65111.67
4307054,Ernestina,RS,Rio Grande do Sul,Sul,Noroeste Rio-grandense,Passo Fundo,Passo Fundo,3034.0,238.558,12.72,97.48,265549.0,2021.0,87524.39
4307104,Herval,RS,Rio Grande do Sul,Sul,Sudeste Rio-grandense,Jaguarão,Pelotas,6191.0,1759.717,3.52,95.0,253608.0,2021.0,40963.98
4307203,Erval Grande,RS,Rio Grande do Sul,Sul,Noroeste Rio-grandense,Erechim,Passo Fundo,4930.0,285.677,17.26,91.2,150883.0,2021.0,30605.07
4307302,Erval Seco,RS,Rio Grande do Sul,Sul,Noroeste Rio-grandense,Frederico Westphalen,Passo Fundo,6787.0,357.181,19.0,92.88,353968.0,2021.0,52153.82
4307401,Esmeralda,RS,Rio Grande do Sul,Sul,Nordeste Rio-grandense,Vacaria,Caxias do Sul,3195.0,829.587,3.85,94.04,392860.0,2021.0,122960.88
4307450,Esperança do Sul,RS,Rio Grande do Sul,Sul,Noroeste Rio-grandense,Três Passos,Ijuí,3226.0,148.909,21.66,93.54,116731.0,2021.0,36184.44
4307500,Espumoso,RS,Rio Grande do Sul,Sul,Noroeste Rio-grandense,Cruz Alta,Passo Fundo,15173.0,783.642,19.36,95.14,1113106.0,2021.0,73360.97
4307559,Estação,RS,Rio Grande do Sul,Sul,Noroeste Rio-grandense,Erechim,Passo Fundo,5582.0,99.757,55.96,97.64,350708.0,2021.0,62828.38
4307609,Estância Velha,RS,Rio Grande do Sul,Sul,Metropolitana de Porto Alegre,Porto Alegre,Porto Alegre,47924.0,51.779,925.55,98.38,1875498.0,2021.0,39134.84
4307708,Esteio,RS,Rio Grande do Sul,Sul,Metropolitana de Porto Alegre,Porto Alegre,Porto Alegre,76137.0,27.676,2751.01,98.03,3749900.0,2021.0,49252.01
4307807,Estrela,RS,Rio Grande do Sul,Sul,Centro Oriental Rio-grandense,Lajeado-Estrela,Santa Cruz do Sul - Lajeado,32183.0,185.026,173.94,97.99,2171447.0,2021.0,67471.86
4307815,Estrela Velha,RS,Rio Grande do Sul,Sul,Centro Oriental Rio-grandense,Santa Cruz do Sul,Santa Cruz do Sul - Lajeado,3070.0,281.613,10.9,95.42,197415.0,2021.0,64304.56
4307831,Eugênio de Castro,RS,Rio Grande do Sul,Sul,Noroeste Rio-grandense,Santo Ângelo,Ijuí,2633.0,418.069,6.3,95.58,405444.0,2021.0,153985.57
4307864,Fagundes Varela,RS,Rio Grande do Sul,Sul,Nordeste Rio-grandense,Caxias do Sul,Caxias do Sul,2566.0,134.295,19.11,97.57,197919.0,2021.0,77131.33
4307906,Farroupilha,RS,Rio Grande do Sul,Sul,Nordeste Rio-grandense,Caxias do Sul,Caxias do Sul,70286.0,361.341,194.51,98.09,4398457.0,2021.0,62579.42
4308003,Faxinal do Soturno,RS,Rio Grande do Sul,Sul,Centro Ocidental Rio-grandense,Restinga Seca,Santa Maria,6702.0,169.514,39.54,96.64,270106.0,2021.0,40302.3
4308052,Faxinalzinho,RS,Rio Grande do Sul,Sul,Noroeste Rio-grandense,Erechim,Passo Fundo,2520.0,143.321,17.58,92.05,103166.0,2021.0,40938.89
4308078,Fazenda Vilanova,RS,Rio Grande do Sul,Sul,Centro Oriental Rio-grandense,Lajeado-Estrela,Santa Cruz do Sul - Lajeado,4291.0,84.794,50.6,95.57,140824.0,2021.0,32818.46
4308102,Feliz,RS,Rio Grande do Sul,Sul,Metropolitana de Porto Alegre,Montenegro,Caxias do Sul,13764.0,94.832,145.14,98.64,589355.0,2021.0,42818.58
4308201,Flores da Cunha,RS,Rio Grande do Sul,Sul,Nordeste Rio-grandense,Caxias do Sul,Caxias do Sul,30892.0,276.241,111.83,97.89,2538142.0,2021.0,82161.79
4308250,Floriano Peixoto,RS,Rio Grande do Sul,Sul,Noroeste Rio-grandense,Erechim,Passo Fundo,1668.0,168.521,9.9,95.96,103059.0,2021.0,61785.97
4308300,Fontoura Xavier,RS,Rio Grande do Sul,Sul,Noroeste Rio-grandense,Soledade,Passo Fundo,9550.0,583.239,16.37,88.55,227470.0,2021.0,23818.85
4308409,Formigueiro,RS,Rio Grande do Sul,Sul,Centro Ocidental Rio-grandense,Restinga Seca,Santa Maria,6413.0,578.875,11.08,91.81,302801.0,2021.0,47216.75
4308433,Forquetinha,RS,Rio Grande do Sul,Sul,Centro Oriental Rio-grandense,Lajeado-Estrela,Santa Cruz do Sul - Lajeado,2393.0,93.275,25.66,94.49,58940.0,2021.0,24630.17
4308458,Fortaleza dos Valos,RS,Rio Grande do Sul,Sul,Noroeste Rio-grandense,Cruz Alta,Passo Fundo,4477.0,650.512,6.88,95.87,564773.0,2021.0,126149.88
4308508,Frederico Westphalen,RS,Rio Grande do Sul,Sul,Noroeste Rio-grandense,Frederico Westphalen,Passo Fundo,32627.0,265.181,123.04,96.6,1430611.0,2021.0,43847.46
4308607,Garibaldi,RS,Rio Grande do Sul,Sul,Nordeste Rio-grandense,Caxias do Sul,Caxias do Sul,34335.0,168.492,203.78,98.11,2997969.0,2021.0,87315.25
4308656,Garruchos,RS,Rio Grande do Sul,Sul,Sudoeste Rio-grandense,Campanha Ocidental,Ijuí,2688.0,803.737,3.34,90.97,200967.0,2021.0,74764.51
4308706,Gaurama,RS,Rio Grande do Sul,Sul,Noroeste Rio-grandense,Erechim,Passo Fundo,5665.0,204.428,27.71,96.71,282773.0,2021.0,49915.8
4308805,General Câmara,RS,Rio Grande do Sul,Sul,Metropolitana de Porto Alegre,São Jerônimo,Porto Alegre,7612.0,510.01,14.93,94.27,276374.0,2021.0,36307.67
4308854,Gentil,RS,Rio Grande do Sul,Sul,Noroeste Rio-grandense,Passo Fundo,Passo Fundo,1744.0,184.715,9.44,95.17,190648.0,2021.0,109316.51
4308904,Getúlio Vargas,RS,Rio Grande do Sul,Sul,Noroeste Rio-grandense,Erechim,Passo Fundo,16602.0,287.466,57.75,96.98,793664.0,2021.0,47805.32
4309001,Giruá,RS,Rio Grande do Sul,Sul,Noroeste Rio-grandense,Santo Ângelo,Ijuí,16013.0,857.059,18.68,95.45,1202945.0,2021.0,75123.03
4309050,Glorinha,RS,Rio Grande do Sul,Sul,Metropolitana de Porto Alegre,Porto Alegre,Porto Alegre,7658.0,323.955,23.64,95.64,461888.0,2021.0,60314.44
4309100,Gramado,RS,Rio Grande do Sul,Sul,Metropolitana de Porto Alegre,Gramado-Canela,Caxias do Sul,40134.0,239.341,167.69,98.52,2658034.0,2021.0,66228.98
4309126,Gramado dos Loureiros,RS,Rio Grande do Sul,Sul,Noroeste Rio-grandense,Frederico Westphalen,Passo Fundo,2014.0,131.396,15.33,86.7,94580.0,2021.0,46961.27
4309159,Gramado Xavier,RS,Rio Grande do Sul,Sul,Centro Oriental Rio-grandense,Santa Cruz do Sul,Santa Cruz do Sul - Lajeado,3304.0,217.515,15.19,91.73,109483.0,2021.0,33136.5
4309209,Gravataí,RS,Rio Grande do Sul,Sul,Metropolitana de Porto Alegre,Porto Alegre,Porto Alegre,265074.0,468.288,566.05,97.59,10261656.0,2021.0,38712.42
4309258,Guabiju,RS,Rio Grande do Sul,Sul,Nordeste Rio-grandense,Guaporé,Caxias do Sul,1417.0,146.925,9.64,96.68,132788.0,2021.0,93710.66
4309308,Guaíba,RS,Rio Grande do Sul,Sul,Metropolitana de Porto Alegre,Porto Alegre,Porto Alegre,92924.0,376.166,247.03,97.68,8284825.0,2021.0,89157.0
4309407,Guaporé,RS,Rio Grande do Sul,Sul,Nordeste Rio-grandense,Guaporé,Caxias do Sul,25268.0,297.545,84.92,97.44,1149055.0,2021.0,45474.71
4309506,Guarani das Missões,RS,Rio Grande do Sul,Sul,Noroeste Rio-grandense,Cerro Largo,Ijuí,7415.0,290.7,25.51,95.6,362625.0,2021.0,48904.25
4309555,Harmonia,RS,Rio Grande do Sul,Sul,Metropolitana de Porto Alegre,Montenegro,Porto Alegre,5378.0,48.557,110.76,98.6,245497.0,2021.0,45648.38
4309571,Herveiras,RS,Rio Grande do Sul,Sul,Centro Oriental Rio-grandense,Santa Cruz do Sul,Santa Cruz do Sul - Lajeado,2565.0,118.261,21.69,92.09,71143.0,2021.0,27736.06
4309605,Horizontina,RS,Rio Grande do Sul,Sul,Noroeste Rio-grandense,Três Passos,Ijuí,18851.0,229.694,82.07,97.69,2608198.0,2021.0,138358.6
4309654,Hulha Negra,RS,Rio Grande do Sul,Sul,Sudoeste Rio-grandense,Campanha Meridional,Pelotas,5976.0,822.608,7.26,93.84,314488.0,2021.0,52625.17
4309704,Humaitá,RS,Rio Grande do Sul,Sul,Noroeste Rio-grandense,Três Passos,Ijuí,4681.0,135.01,34.67,96.95,229249.0,2021.0,48974.36
4309753,Ibarama,RS,Rio Grande do Sul,Sul,Centro Oriental Rio-grandense,Santa Cruz do Sul,Santa Cruz do Sul - Lajeado,3732.0,195.426,19.1,93.58,112227.0,2021.0,30071.54
4309803,Ibiaçá,RS,Rio Grande do Sul,Sul,Noroeste Rio-grandense,Sananduva,Passo Fundo,4527.0,348.778,12.98,96.41,367295.0,2021.0,81134.31
4309902,Ibiraiaras,RS,Rio Grande do Sul,Sul,Noroeste Rio-grandense,Passo Fundo,Passo Fundo,6776.0,292.16,23.19,95.48,399693.0,2021.0,58986.57
4309951,Ibirapuitã,RS,Rio Grande do Sul,Sul,Noroeste Rio-grandense,Soledade,Passo Fundo,3723.0,307.164,12.12,92.91,213522.0,2021.0,57352.14
4310009,Ibirubá,RS,Rio Grande do Sul,Sul,Noroeste Rio-grandense,Cruz Alta,Passo Fundo,21583.0,607.185,35.55,97.77,1722057.0,2021.0,79787.66
4310108,Igrejinha,RS,Rio Grande do Sul,Sul,Metropolitana de Porto Alegre,Gramado-Canela,Porto Alegre,32808.0,138.303,237.22,97.61,1888887.0,2021.0,57573.98
4310207,Ijuí,RS,Rio Grande do Sul,Sul,Noroeste Rio-grandense,Ijuí,Ijuí,84780.0,688.982,123.05,97.11,5190405.0,2021.0,61222.05
4310306,Ilópolis,RS,Rio Grande do Sul,Sul,Nordeste Rio-grandense,Guaporé,Santa Cruz do Sul - Lajeado,4157.0,123.602,33.63,94.63,140570.0,2021.0,33815.25
4310330,Imbé,RS,Rio Grande do Sul,Sul,Metropolitana de Porto Alegre,Osório,Porto Alegre,26824.0,39.766,674.55,97.86,626823.0,2021.0,23367.99
4310363,Imigrante,RS,Rio Grande do Sul,Sul,Centro Oriental Rio-grandense,Lajeado-Estrela,Santa Cruz do Sul - Lajeado,3080.0,71.716,42.95,98.14,519190.0,2021.0,168568.18
4310405,Independência,RS,Rio Grande do Sul,Sul,Noroeste Rio-grandense,Santa Rosa,Ijuí,6427.0,358.283,17.94,95.63,494166.0,2021.0,76889.06
4310413,Inhacorá,RS,Rio Grande do Sul,Sul,Noroeste Rio-grandense,Ijuí,Ijuí,2014.0,113.749,17.71,90.72,110557.0,2021.0,54894.24
4310439,Ipê,RS,Rio Grande do Sul,Sul,Nordeste Rio-grandense,Vacaria,Caxias do Sul,5399.0,599.032,9.01,95.52,298583.0,2021.0,55303.39
4310462,Ipiranga do Sul,RS,Rio Grande do Sul,Sul,Noroeste Rio-grandense,Erechim,Passo Fundo,1720.0,158.71,10.84,95.94,177629.0,2021.0,103272.67
4310504,Iraí,RS,Rio Grande do Sul,Sul,Noroeste Rio-grandense,Frederico Westphalen,Passo Fundo,7482.0,181.579,41.21,92.0,254492.0,2021.0,34013.9
4310538,Itaara,RS,Rio Grande do Sul,Sul,Centro Ocidental Rio-grandense,Santa Maria,Santa Maria,5572.0,172.801,32.25,96.27,286659.0,2021.0,51446.34
4310553,Itacurubi,RS,Rio Grande do Sul,Sul,Centro Ocidental Rio-grandense,Santiago,Santa Maria,2995.0,1120.874,2.67,93.64,246287.0,2021.0,82232.72
4310579,Itapuca,RS,Rio Grande do Sul,Sul,Nordeste Rio-grandense,Guaporé,Passo Fundo,1937.0,184.673,10.49,91.36,94235.0,2021.0,48649.97
4310603,Itaqui,RS,Rio Grande do Sul,Sul,Sudoeste Rio-grandense,Campanha Ocidental,Uruguaiana,35768.0,3406.606,10.5,95.37,2186929.0,2021.0,61142.05
4310652,Itati,RS,Rio Grande do Sul,Sul,Metropolitana de Porto Alegre,Osório,Porto Alegre,2638.0,205.06,12.86,93.67,86739.0,2021.0,32880.59
4310702,Itatiba do Sul,RS,Rio Grande do Sul,Sul,Noroeste Rio-grandense,Erechim,Passo Fundo,3208.0,212.669,15.08,95.22,81707.0,2021.0,25469.76
4310751,Ivorá,RS,Rio Grande do Sul,Sul,Centro Ocidental Rio-grandense,Restinga Seca,Santa Maria,1929.0,122.93,15.69,94.51,71911.0,2021.0,37278.9
4310801,Ivoti,RS,Rio Grande do Sul,Sul,Metropolitana de Porto Alegre,Gramado-Canela,Porto Alegre,22983.0,63.092,364.28,98.36,1180387.0,2021.0,51359.14
4310850,Jaboticaba,RS,Rio Grande do Sul,Sul,Noroeste Rio-grandense,Carazinho,Passo Fundo,3779.0,127.589,29.62,89.96,136730.0,2021.0,36181.53
4310876,Jacuizinho,RS,Rio Grande do Sul,Sul,Noroeste Rio-grandense,Cruz Alta,Passo Fundo,2040.0,339.399,6.01,89.9,224027.0,2021.0,109817.16
4310900,Jacutinga,RS,Rio Grande do Sul,Sul,Noroeste Rio-grandense,Erechim,Passo Fundo,3338.0,178.009,18.75,95.16,232301.0,2021.0,69592.87
4311007,Jaguarão,RS,Rio Grande do Sul,Sul,Sudeste Rio-grandense,Jaguarão,Pelotas,26603.0,2051.845,12.97,95.76,1059396.0,2021.0,39822.43
4311106,Jaguari,RS,Rio Grande do Sul,Sul,Centro Ocidental Rio-grandense,Santa Maria,Santa Maria,10579.0,675.314,15.67,96.07,378020.0,2021.0,35733.06
4311122,Jaquirana,RS,Rio Grande do Sul,Sul,Nordeste Rio-grandense,Vacaria,Caxias do Sul,3690.0,908.879,4.06,92.04,94042.0,2021.0,25485.64
4311130,Jari,RS,Rio Grande do Sul,Sul,Centro Ocidental Rio-grandense,Santiago,Santa Maria,3349.0,853.08,3.93,94.72,469006.0,2021.0,140043.6
4311155,Jóia,RS,Rio Grande do Sul,Sul,Noroeste Rio-grandense,Cruz Alta,Ijuí,7184.0,1238.918,5.8,94.49,975410.0,2021.0,135775.33
4311205,Júlio de Castilhos,RS,Rio Grande do Sul,Sul,Centro Ocidental Rio-grandense,Santiago,Santa Maria,18226.0,1929.544,9.45,95.7,1925175.0,2021.0,105627.95
4311239,Lagoa Bonita do Sul,RS,Rio Grande do Sul,Sul,Centro Oriental Rio-grandense,Santa Cruz do Sul,Santa Cruz do Sul - Lajeado,2251.0,109.758,20.51,91.59,68916.0,2021.0,30615.73
4311254,Lagoão,RS,Rio Grande do Sul,Sul,Noroeste Rio-grandense,Soledade,Santa Cruz do Sul - Lajeado,5341.0,387.486,13.78,83.64,154690.0,2021.0,28962.74
4311270,Lagoa dos Três Cantos,RS,Rio Grande do Sul,Sul,Noroeste Rio-grandense,Não-Me-Toque,Passo Fundo,1738.0,138.602,12.54,98.61,157140.0,2021.0,90414.27
4311304,Lagoa Vermelha,RS,Rio Grande do Sul,Sul,Nordeste Rio-grandense,Vacaria,Passo Fundo,27659.0,1260.227,21.95,96.09,1513404.0,2021.0,54716.51
4311403,Lajeado,RS,Rio Grande do Sul,Sul,Centro Oriental Rio-grandense,Lajeado-Estrela,Santa Cruz do Sul - Lajeado,93646.0,91.231,1026.47,97.76,5596183.0,2021.0,59758.91
4311429,Lajeado do Bugre,RS,Rio Grande do Sul,Sul,Noroeste Rio-grandense,Carazinho,Passo Fundo,2601.0,67.947,38.28,87.99,74875.0,2021.0,28787.0
4311502,Lavras do Sul,RS,Rio Grande do Sul,Sul,Sudoeste Rio-grandense,Campanha Meridional,Santa Maria,7157.0,2600.969,2.75,93.56,497629.0,2021.0,69530.39
4311601,Liberato Salzano,RS,Rio Grande do Sul,Sul,Noroeste Rio-grandense,Frederico Westphalen,Passo Fundo,4781.0,245.627,19.46,90.79,172443.0,2021.0,36068.4
4311627,Lindolfo Collor,RS,Rio Grande do Sul,Sul,Metropolitana de Porto Alegre,Gramado-Canela,Porto Alegre,6248.0,33.351,187.34,97.04,365850.0,2021.0,58554.74
4311643,Linha Nova,RS,Rio Grande do Sul,Sul,Metropolitana de Porto Alegre,Montenegro,Porto Alegre,1683.0,63.502,26.5,97.69,65579.0,2021.0,38965.54
4311700,Machadinho,RS,Rio Grande do Sul,Sul,Noroeste Rio-grandense,Sananduva,Passo Fundo,5735.0,335.198,17.11,93.32,272824.0,2021.0,47571.75
4311718,Maçambará,RS,Rio Grande do Sul,Sul,Sudoeste Rio-grandense,Campanha Ocidental,Uruguaiana,4425.0,1682.82,2.63,93.92,582043.0,2021.0,131535.14
4311734,Mampituba,RS,Rio Grande do Sul,Sul,Metropolitana de Porto Alegre,Osório,Porto Alegre,3131.0,156.653,19.99,92.56,70214.0,2021.0,22425.42
4311759,Manoel Viana,RS,Rio Grande do Sul,Sul,Sudoeste Rio-grandense,Campanha Ocidental,Uruguaiana,6801.0,1390.696,4.89,94.17,546972.0,2021.0,80425.23
4311775,Maquiné,RS,Rio Grande do Sul,Sul,Metropolitana de Porto Alegre,Osório,Porto Alegre,7418.0,613.58,12.09,95.33,190484.0,2021.0,25678.62
4311791,Maratá,RS,Rio Grande do Sul,Sul,Metropolitana de Porto Alegre,Montenegro,Porto Alegre,2470.0,82.063,30.1,96.67,80817.0,2021.0,32719.43
4311809,Marau,RS,Rio Grande do Sul,Sul,Noroeste Rio-grandense,Passo Fundo,Passo Fundo,45124.0,649.77,69.45,98.02,3060022.0,2021.0,67813.62
4311908,Marcelino Ramos,RS,Rio Grande do Sul,Sul,Noroeste Rio-grandense,Erechim,Passo Fundo,4320.0,229.759,18.8,95.93,167825.0,2021.0,38848.38
4311981,Mariana Pimentel,RS,Rio Grande do Sul,Sul,Metropolitana de Porto Alegre,Porto Alegre,Porto Alegre,3916.0,338.45,11.57,93.45,104496.0,2021.0,26684.37
4312005,Mariano Moro,RS,Rio Grande do Sul,Sul,Noroeste Rio-grandense,Erechim,Passo Fundo,1858.0,98.727,18.82,94.23,72888.0,2021.0,39229.28
4312054,Marques de Souza,RS,Rio Grande do Sul,Sul,Centro Oriental Rio-grandense,Lajeado-Estrela,Santa Cruz do Sul - Lajeado,3969.0,125.714,31.57,95.62,124135.0,2021.0,31276.14
4312104,Mata,RS,Rio Grande do Sul,Sul,Centro Ocidental Rio-grandense,Santa Maria,Santa Maria,4698.0,316.121,14.86,95.49,169006.0,2021.0,35974.03
4312138,Mato Castelhano,RS,Rio Grande do Sul,Sul,Noroeste Rio-grandense,Passo Fundo,Passo Fundo,2553.0,238.268,10.71,94.93,168255.0,2021.0,65904.82
4312153,Mato Leitão,RS,Rio Grande do Sul,Sul,Centro Oriental Rio-grandense,Santa Cruz do Sul,Santa Cruz do Sul - Lajeado,4859.0,46.799,103.83,96.67,180537.0,2021.0,37155.18
4312179,Mato Queimado,RS,Rio Grande do Sul,Sul,Noroeste Rio-grandense,Cerro Largo,Ijuí,1795.0,114.653,15.66,96.89,88446.0,2021.0,49273.54
4312203,Maximiliano de Almeida,RS,Rio Grande do Sul,Sul,Noroeste Rio-grandense,Sananduva,Passo Fundo,4191.0,208.439,20.11,95.15,161123.0,2021.0,38445.0
4312252,Minas do Leão,RS,Rio Grande do Sul,Sul,Metropolitana de Porto Alegre,São Jerônimo,Porto Alegre,7505.0,424.339,17.69,94.33,279177.0,2021.0,37198.8
4312302,Miraguaí,RS,Rio Grande do Sul,Sul,Noroeste Rio-grandense,Três Passos,Ijuí,4427.0,131.236,33.73,94.19,190386.0,2021.0,43005.65
4312351,Montauri,RS,Rio Grande do Sul,Sul,Nordeste Rio-grandense,Guaporé,Caxias do Sul,1499.0,82.23,18.23,93.91,98138.0,2021.0,65468.98
4312377,Monte Alegre dos Campos,RS,Rio Grande do Sul,Sul,Nordeste Rio-grandense,Vacaria,Caxias do Sul,3180.0,549.455,5.79,92.4,109730.0,2021.0,34506.29
4312385,Monte Belo do Sul,RS,Rio Grande do Sul,Sul,Nordeste Rio-grandense,Caxias do Sul,Caxias do Sul,2557.0,69.726,36.67,98.62,94435.0,2021.0,36931.95
4312401,Montenegro,RS,Rio Grande do Sul,Sul,Metropolitana de Porto Alegre,Montenegro,Porto Alegre,64322.0,425.023,151.34,97.14,5752345.0,2021.0,89430.44
4312427,Mormaço,RS,Rio Grande do Sul,Sul,Noroeste Rio-grandense,Soledade,Passo Fundo,2756.0,146.191,18.85,93.47,153334.0,2021.0,55636.43
4312443,Morrinhos do Sul,RS,Rio Grande do Sul,Sul,Metropolitana de Porto Alegre,Osório,Porto Alegre,3071.0,166.224,18.48,97.17,81466.0,2021.0,26527.52
4312450,Morro Redondo,RS,Rio Grande do Sul,Sul,Sudeste Rio-grandense,Pelotas,Pelotas,6046.0,244.645,24.71,94.17,132445.0,2021.0,21906.22
4312476,Morro Reuter,RS,Rio Grande do Sul,Sul,Metropolitana de Porto Alegre,Gramado-Canela,Porto Alegre,6029.0,89.412,67.43,98.48,274167.0,2021.0,45474.71
4312500,Mostardas,RS,Rio Grande do Sul,Sul,Metropolitana de Porto Alegre,Osório,Porto Alegre,12090.0,1977.442,6.11,92.48,643326.0,2021.0,53211.41
4312609,Muçum,RS,Rio Grande do Sul,Sul,Centro Oriental Rio-grandense,Lajeado-Estrela,Santa Cruz do Sul - Lajeado,4601.0,111.247,41.36,96.05,301852.0,2021.0,65605.74
4312617,Muitos Capões,RS,Rio Grande do Sul,Sul,Nordeste Rio-grandense,Vacaria,Caxias do Sul,2879.0,1193.23,2.41,96.56,1122086.0,2021.0,389748.52
4312625,Muliterno,RS,Rio Grande do Sul,Sul,Noroeste Rio-grandense,Passo Fundo,Passo Fundo,1721.0,111.132,15.49,94.4,91988.0,2021.0,53450.32
4312658,Não-Me-Toque,RS,Rio Grande do Sul,Sul,Noroeste Rio-grandense,Não-Me-Toque,Passo Fundo,17898.0,361.689,49.48,97.37,2207535.0,2021.0,123339.76
4312674,Nicolau Vergueiro,RS,Rio Grande do Sul,Sul,Noroeste Rio-grandense,Passo Fundo,Passo Fundo,1932.0,154.995,12.46,95.87,146252.0,2021.0,75699.79
4312708,Nonoai,RS,Rio Grande do Sul,Sul,Noroeste Rio-grandense,Frederico Westphalen,Passo Fundo,13719.0,468.962,29.25,91.62,525507.0,2021.0,38305.05
4312757,Nova Alvorada,RS,Rio Grande do Sul,Sul,Nordeste Rio-grandense,Guaporé,Passo Fundo,3163.0,148.861,21.25,95.14,236575.0,2021.0,74794.5
4312807,Nova Araçá,RS,Rio Grande do Sul,Sul,Nordeste Rio-grandense,Guaporé,Caxias do Sul,4954.0,75.514,65.6,98.41,327226.0,2021.0,66052.89
4312906,Nova Bassano,RS,Rio Grande do Sul,Sul,Nordeste Rio-grandense,Guaporé,Caxias do Sul,9649.0,211.611,45.6,98.41,802207.0,2021.0,83138.87
4312955,Nova Boa Vista,RS,Rio Grande do Sul,Sul,Noroeste Rio-grandense,Carazinho,Passo Fundo,2042.0,93.733,21.79,98.35,145343.0,2021.0,71176.79
4313003,Nova Bréscia,RS,Rio Grande do Sul,Sul,Centro Oriental Rio-grandense,Lajeado-Estrela,Santa Cruz do Sul - Lajeado,3044.0,102.994,29.56,97.96,141144.0,2021.0,46367.94
4313011,Nova Candelária,RS,Rio Grande do Sul,Sul,Noroeste Rio-grandense,Três Passos,Ijuí,3061.0,97.579,31.37,97.9,229431.0,2021.0,74952.96
4313037,Nova Esperança do Sul,RS,Rio Grande do Sul,Sul,Centro Ocidental Rio-grandense,Santa Maria,Santa Maria,4865.0,191.0,25.47,96.7,172366.0,2021.0,35429.8
4313060,Nova Hartz,RS,Rio Grande do Sul,Sul,Metropolitana de Porto Alegre,Porto Alegre,Porto Alegre,20088.0,62.319,322.34,96.83,805698.0,2021.0,40108.42
4313086,Nova Pádua,RS,Rio Grande do Sul,Sul,Nordeste Rio-grandense,Caxias do Sul,Caxias do Sul,2343.0,102.643,22.83,97.85,100211.0,2021.0,42770.38
4313102,Nova Palma,RS,Rio Grande do Sul,Sul,Centro Ocidental Rio-grandense,Restinga Seca,Santa Maria,5586.0,314.613,17.76,97.67,382689.0,2021.0,68508.59
4313201,Nova Petrópolis,RS,Rio Grande do Sul,Sul,Metropolitana de Porto Alegre,Gramado-Canela,Caxias do Sul,23300.0,290.164,80.3,98.62,972689.0,2021.0,41746.31
4313300,Nova Prata,RS,Rio Grande do Sul,Sul,Nordeste Rio-grandense,Guaporé,Caxias do Sul,25692.0,259.941,98.84,97.95,1730043.0,2021.0,67337.81
4313334,Nova Ramada,RS,Rio Grande do Sul,Sul,Noroeste Rio-grandense,Ijuí,Ijuí,2163.0,255.264,8.47,96.26,304678.0,2021.0,140858.99
4313359,Nova Roma do Sul,RS,Rio Grande do Sul,Sul,Nordeste Rio-grandense,Caxias do Sul,Caxias do Sul,3466.0,149.767,23.14,97.38,169305.0,2021.0,48847.37
4313375,Nova Santa Rita,RS,Rio Grande do Sul,Sul,Metropolitana de Porto Alegre,Porto Alegre,Porto Alegre,29024.0,218.153,133.04,97.03,2487522.0,2021.0,85705.69
4313391,Novo Cabrais,RS,Rio Grande do Sul,Sul,Centro Oriental Rio-grandense,Cachoeira do Sul,Santa Maria,3568.0,192.998,18.49,94.73,133172.0,2021.0,37323.99
4313409,Novo Hamburgo,RS,Rio Grande do Sul,Sul,Metropolitana de Porto Alegre,Porto Alegre,Porto Alegre,227646.0,222.536,1022.96,97.75,10037923.0,2021.0,44094.44
4313425,Novo Machado,RS,Rio Grande do Sul,Sul,Noroeste Rio-grandense,Santa Rosa,Ijuí,3198.0,218.836,14.61,95.05,186355.0,2021.0,58272.36
4313441,Novo Tiradentes,RS,Rio Grande do Sul,Sul,Noroeste Rio-grandense,Frederico Westphalen,Passo Fundo,2146.0,75.428,28.45,92.38,74729.0,2021.0,34822.46
4313466,Novo Xingu,RS,Rio Grande do Sul,Sul,Noroeste Rio-grandense,Frederico Westphalen,Passo Fundo,1646.0,79.851,20.61,95.48,75034.0,2021.0,45585.66
4313490,Novo Barreiro,RS,Rio Grande do Sul,Sul,Noroeste Rio-grandense,Carazinho,Passo Fundo,4272.0,123.344,34.63,92.86,135200.0,2021.0,31647.94
4313508,Osório,RS,Rio Grande do Sul,Sul,Metropolitana de Porto Alegre,Osório,Porto Alegre,47396.0,663.878,71.39,97.21,1819038.0,2021.0,38379.57
4313607,Paim Filho,RS,Rio Grande do Sul,Sul,Noroeste Rio-grandense,Sananduva,Passo Fundo,3629.0,182.115,19.93,95.77,167646.0,2021.0,46196.2
4313656,Palmares do Sul,RS,Rio Grande do Sul,Sul,Metropolitana de Porto Alegre,Osório,Porto Alegre,12844.0,949.201,13.53,94.86,735606.0,2021.0,57272.35
4313706,Palmeira das Missões,RS,Rio Grande do Sul,Sul,Noroeste Rio-grandense,Carazinho,Passo Fundo,33216.0,1421.101,23.37,93.7,2215057.0,2021.0,66686.45
4313805,Palmitinho,RS,Rio Grande do Sul,Sul,Noroeste Rio-grandense,Frederico Westphalen,Passo Fundo,7839.0,144.181,54.37,93.0,271643.0,2021.0,34652.76
4313904,Panambi,RS,Rio Grande do Sul,Sul,Noroeste Rio-grandense,Ijuí,Ijuí,43515.0,491.57,88.52,97.91,3167752.0,2021.0,72796.78
4313953,Pantano Grande,RS,Rio Grande do Sul,Sul,Centro Oriental Rio-grandense,Cachoeira do Sul,Santa Cruz do Sul - Lajeado,10212.0,841.225,12.14,92.7,533689.0,2021.0,52260.97
4314001,Paraí,RS,Rio Grande do Sul,Sul,Nordeste Rio-grandense,Guaporé,Caxias do Sul,7194.0,121.745,59.09,98.25,424447.0,2021.0,59000.14
4314027,Paraíso do Sul,RS,Rio Grande do Sul,Sul,Centro Oriental Rio-grandense,Cachoeira do Sul,Santa Maria,6519.0,337.534,19.31,94.13,207386.0,2021.0,31812.55
4314035,Pareci Novo,RS,Rio Grande do Sul,Sul,Metropolitana de Porto Alegre,Montenegro,Porto Alegre,4319.0,57.485,75.13,98.1,136435.0,2021.0,31589.49
4314050,Parobé,RS,Rio Grande do Sul,Sul,Metropolitana de Porto Alegre,Porto Alegre,Porto Alegre,52058.0,108.707,478.88,96.68,1390320.0,2021.0,26707.13
4314068,Passa Sete,RS,Rio Grande do Sul,Sul,Centro Oriental Rio-grandense,Santa Cruz do Sul,Santa Cruz do Sul - Lajeado,3983.0,304.266,13.09,91.18,132983.0,2021.0,33387.65
4314076,Passo do Sobrado,RS,Rio Grande do Sul,Sul,Centro Oriental Rio-grandense,Cachoeira do Sul,Santa Cruz do Sul - Lajeado,6025.0,265.133,22.72,96.04,229641.0,2021.0,38114.69
4314100,Passo Fundo,RS,Rio Grande do Sul,Sul,Noroeste Rio-grandense,Passo Fundo,Passo Fundo,206215.0,784.407,262.89,97.54,12552867.0,2021.0,60872.72
4314134,Paulo Bento,RS,Rio Grande do Sul,Sul,Noroeste Rio-grandense,Erechim,Passo Fundo,2144.0,149.669,14.32,96.74,195870.0,2021.0,91357.28
4314159,Paverama,RS,Rio Grande do Sul,Sul,Centro Oriental Rio-grandense,Lajeado-Estrela,Santa Cruz do Sul - Lajeado,7978.0,171.863,46.42,96.21,242458.0,2021.0,30390.82
4314175,Pedras Altas,RS,Rio Grande do Sul,Sul,Sudeste Rio-grandense,Serras de Sudeste,Pelotas,2061.0,1373.985,1.5,93.23,386190.0,2021.0,187379.91
4314209,Pedro Osório,RS,Rio Grande do Sul,Sul,Sudeste Rio-grandense,Pelotas,Pelotas,7484.0,603.757,12.4,93.6,270651.0,2021.0,36163.95
4314308,Pejuçara,RS,Rio Grande do Sul,Sul,Noroeste Rio-grandense,Ijuí,Ijuí,3745.0,414.106,9.04,97.0,464212.0,2021.0,123955.14
4314407,Pelotas,RS,Rio Grande do Sul,Sul,Sudeste Rio-grandense,Pelotas,Pelotas,325685.0,1608.78,202.44,97.19,10778176.0,2021.0,33093.87
4314423,Picada Café,RS,Rio Grande do Sul,Sul,Metropolitana de Porto Alegre,Gramado-Canela,Caxias do Sul,5351.0,84.28,63.49,98.56,386453.0,2021.0,72220.71
4314456,Pinhal,RS,Rio Grande do Sul,Sul,Noroeste Rio-grandense,Carazinho,Passo Fundo,2959.0,68.222,43.37,92.38,123342.0,2021.0,41683.68
4314464,Pinhal da Serra,RS,Rio Grande do Sul,Sul,Nordeste Rio-grandense,Vacaria,Caxias do Sul,2248.0,438.11,5.13,93.26,304725.0,2021.0,135553.83
4314472,Pinhal Grande,RS,Rio Grande do Sul,Sul,Centro Ocidental Rio-grandense,Santiago,Santa Maria,3805.0,478.11,7.96,94.86,931834.0,2021.0,244897.24
4314498,Pinheirinho do Vale,RS,Rio Grande do Sul,Sul,Noroeste Rio-grandense,Frederico Westphalen,Passo Fundo,4540.0,105.385,43.08,91.61,131549.0,2021.0,28975.55
4314506,Pinheiro Machado,RS,Rio Grande do Sul,Sul,Sudeste Rio-grandense,Serras de Sudeste,Pelotas,11214.0,2249.176,4.99,93.01,397726.0,2021.0,35466.92
4314548,Pinto Bandeira,RS,Rio Grande do Sul,Sul,Nordeste Rio-grandense,Caxias do Sul,Caxias do Sul,2723.0,104.801,25.98,97.63,74286.0,2021.0,27280.94
4314555,Pirapó,RS,Rio Grande do Sul,Sul,Noroeste Rio-grandense,Santo Ângelo,Ijuí,2260.0,293.723,7.69,90.13,94672.0,2021.0,41890.27
4314605,Piratini,RS,Rio Grande do Sul,Sul,Sudeste Rio-grandense,Serras de Sudeste,Pelotas,17504.0,3538.3,4.95,92.85,880277.0,2021.0,50290.05
4314704,Planalto,RS,Rio Grande do Sul,Sul,Noroeste Rio-grandense,Frederico Westphalen,Passo Fundo,10406.0,228.552,45.53,92.17,252508.0,2021.0,24265.62
4314753,Poço das Antas,RS,Rio Grande do Sul,Sul,Metropolitana de Porto Alegre,Montenegro,Santa Cruz do Sul - Lajeado,2171.0,67.618,32.11,97.87,131757.0,2021.0,60689.54
4314779,Pontão,RS,Rio Grande do Sul,Sul,Noroeste Rio-grandense,Passo Fundo,Passo Fundo,3296.0,502.709,6.56,96.17,403317.0,2021.0,122365.59
4314787,Ponte Preta,RS,Rio Grande do Sul,Sul,Noroeste Rio-grandense,Erechim,Passo Fundo,1575.0,99.504,15.83,95.98,96049.0,2021.0,60983.49
4314803,Portão,RS,Rio Grande do Sul,Sul,Metropolitana de Porto Alegre,Montenegro,Porto Alegre,34071.0,159.298,213.88,97.09,1662403.0,2021.0,48792.32
4314902,Porto Alegre,RS,Rio Grande do Sul,Sul,Metropolitana de Porto Alegre,Porto Alegre,Porto Alegre,1332845.0,495.39,2690.5,98.26,81563063.0,2021.0,61194.71
4315008,Porto Lucena,RS,Rio Grande do Sul,Sul,Noroeste Rio-grandense,Santa Rosa,Ijuí,4360.0,250.876,17.38,92.98,135662.0,2021.0,31115.14
4315057,Porto Mauá,RS,Rio Grande do Sul,Sul,Noroeste Rio-grandense,Santa Rosa,Ijuí,2142.0,105.811,20.24,94.89,89350.0,2021.0,41713.35
4315073,Porto Vera Cruz,RS,Rio Grande do Sul,Sul,Noroeste Rio-grandense,Santa Rosa,Ijuí,1560.0,114.284,13.65,92.49,45212.0,2021.0,28982.05
4315107,Porto Xavier,RS,Rio Grande do Sul,Sul,Noroeste Rio-grandense,Cerro Largo,Ijuí,9938.0,281.497,35.3,93.36,210927.0,2021.0,21224.29
4315131,Pouso Novo,RS,Rio Grande do Sul,Sul,Centro Oriental Rio-grandense,Lajeado-Estrela,Santa Cruz do Sul - Lajeado,1739.0,105.338,16.51,91.81,61420.0,2021.0,35319.15
4315149,Presidente Lucena,RS,Rio Grande do Sul,Sul,Metropolitana de Porto Alegre,Gramado-Canela,Porto Alegre,3077.0,49.628,62.0,97.79,213813.0,2021.0,69487.49
4315156,Progresso,RS,Rio Grande do Sul,Sul,Centro Oriental Rio-grandense,Lajeado-Estrela,Santa Cruz do Sul - Lajeado,5340.0,256.039,20.86,92.4,166517.0,2021.0,31182.96
4315172,Protásio Alves,RS,Rio Grande do Sul,Sul,Nordeste Rio-grandense,Guaporé,Caxias do Sul,2025.0,171.994,11.77,95.23,93263.0,2021.0,46055.8
4315206,Putinga,RS,Rio Grande do Sul,Sul,Nordeste Rio-grandense,Guaporé,Santa Cruz do Sul - Lajeado,3747.0,216.159,17.33,95.31,133443.0,2021.0,35613.29
4315305,Quaraí,RS,Rio Grande do Sul,Sul,Sudoeste Rio-grandense,Campanha Ocidental,Uruguaiana,23500.0,3139.995,7.48,96.17,625752.0,2021.0,26627.74
4315313,Quatro Irmãos,RS,Rio Grande do Sul,Sul,Noroeste Rio-grandense,Erechim,Passo Fundo,1552.0,268.971,5.77,94.33,185963.0,2021.0,119821.52
4315321,Quevedos,RS,Rio Grande do Sul,Sul,Centro Ocidental Rio-grandense,Santiago,Santa Maria,2507.0,543.359,4.61,93.61,299304.0,2021.0,119387.32
4315354,Quinze de Novembro,RS,Rio Grande do Sul,Sul,Noroeste Rio-grandense,Cruz Alta,Passo Fundo,3910.0,223.072,17.53,97.58,255121.0,2021.0,65248.34
4315404,Redentora,RS,Rio Grande do Sul,Sul,Noroeste Rio-grandense,Três Passos,Ijuí,9738.0,303.705,32.06,90.72,232904.0,2021.0,23917.03
4315453,Relvado,RS,Rio Grande do Sul,Sul,Centro Oriental Rio-grandense,Lajeado-Estrela,Santa Cruz do Sul - Lajeado,1796.0,108.188,16.6,96.53,82687.0,2021.0,46039.53
4315503,Restinga Sêca,RS,Rio Grande do Sul,Sul,Centro Ocidental Rio-grandense,Restinga Seca,Santa Maria,14939.0,968.62,15.42,94.78,673423.0,2021.0,45078.18
4315552,Rio dos Índios,RS,Rio Grande do Sul,Sul,Noroeste Rio-grandense,Frederico Westphalen,Passo Fundo,2835.0,235.854,12.02,89.8,136486.0,2021.0,48143.21
4315602,Rio Grande,RS,Rio Grande do Sul,Sul,Sudeste Rio-grandense,Litoral Lagunar,Pelotas,191900.0,2682.867,71.53,96.74,13282201.0,2021.0,69214.18
4315701,Rio Pardo,RS,Rio Grande do Sul,Sul,Centro Oriental Rio-grandense,Cachoeira do Sul,Santa Cruz do Sul - Lajeado,34654.0,2051.112,16.9,94.31,1390525.0,2021.0,40125.96
4315750,Riozinho,RS,Rio Grande do Sul,Sul,Metropolitana de Porto Alegre,Gramado-Canela,Porto Alegre,4473.0,239.09,18.71,93.56,155849.0,2021.0,34842.16
4315800,Roca Sales,RS,Rio Grande do Sul,Sul,Centro Oriental Rio-grandense,Lajeado-Estrela,Santa Cruz do Sul - Lajeado,10418.0,208.108,50.06,97.6,576083.0,2021.0,55296.89
4315909,Rodeio Bonito,RS,Rio Grande do Sul,Sul,Noroeste Rio-grandense,Frederico Westphalen,Passo Fundo,6654.0,83.278,79.9,94.61,279280.0,2021.0,41971.75
4315958,Rolador,RS,Rio Grande do Sul,Sul,Noroeste Rio-grandense,Santo Ângelo,Ijuí,2291.0,295.326,7.76,93.67,161914.0,2021.0,70673.94
4316006,Rolante,RS,Rio Grande do Sul,Sul,Metropolitana de Porto Alegre,Gramado-Canela,Porto Alegre,21253.0,296.09,71.78,95.95,731611.0,2021.0,34423.89
4316105,Ronda Alta,RS,Rio Grande do Sul,Sul,Noroeste Rio-grandense,Passo Fundo,Passo Fundo,9777.0,418.675,23.35,94.41,471554.0,2021.0,48230.95
4316204,Rondinha,RS,Rio Grande do Sul,Sul,Noroeste Rio-grandense,Frederico Westphalen,Passo Fundo,4991.0,252.454,19.77,96.06,268874.0,2021.0,53871.77
4316303,Roque Gonzales,RS,Rio Grande do Sul,Sul,Noroeste Rio-grandense,Cerro Largo,Ijuí,6576.0,349.074,18.84,94.57,437026.0,2021.0,66457.73
4316402,Rosário do Sul,RS,Rio Grande do Sul,Sul,Sudoeste Rio-grandense,Campanha Central,Uruguaiana,36630.0,4343.656,8.43,95.07,1381976.0,2021.0,37727.98
4316428,Sagrada Família,RS,Rio Grande do Sul,Sul,Noroeste Rio-grandense,Carazinho,Passo Fundo,2480.0,77.889,31.84,93.07,82616.0,2021.0,33312.9
4316436,Saldanha Marinho,RS,Rio Grande do Sul,Sul,Noroeste Rio-grandense,Cruz Alta,Passo Fundo,2575.0,221.554,11.62,96.47,254248.0,2021.0,98737.09
4316451,Salto do Jacuí,RS,Rio Grande do Sul,Sul,Noroeste Rio-grandense,Cruz Alta,Passo Fundo,10203.0,507.698,20.1,93.35,1213458.0,2021.0,118931.49
4316477,Salvador das Missões,RS,Rio Grande do Sul,Sul,Noroeste Rio-grandense,Cerro Largo,Ijuí,2877.0,94.312,30.51,98.66,178470.0,2021.0,62033.37
4316501,Salvador do Sul,RS,Rio Grande do Sul,Sul,Metropolitana de Porto Alegre,Montenegro,Porto Alegre,6879.0,99.156,69.38,97.94,337663.0,2021.0,49086.06
4316600,Sananduva,RS,Rio Grande do Sul,Sul,Noroeste Rio-grandense,Sananduva,Passo Fundo,16399.0,504.438,32.51,96.72,843826.0,2021.0,51455.94
4316709,Santa Bárbara do Sul,RS,Rio Grande do Sul,Sul,Noroeste Rio-grandense,Cruz Alta,Passo Fundo,8122.0,975.799,8.32,95.85,1336030.0,2021.0,164495.2
4316733,Santa Cecília do Sul,RS,Rio Grande do Sul,Sul,Noroeste Rio-grandense,Passo Fundo,Passo Fundo,1674.0,200.056,8.37,95.65,143880.0,2021.0,85949.82
4316758,Santa Clara do Sul,RS,Rio Grande do Sul,Sul,Centro Oriental Rio-grandense,Lajeado-Estrela,Santa Cruz do Sul - Lajeado,6887.0,86.442,79.67,97.87,339107.0,2021.0,49238.71
4316808,Santa Cruz do Sul,RS,Rio Grande do Sul,Sul,Centro Oriental Rio-grandense,Santa Cruz do Sul,Santa Cruz do Sul - Lajeado,133230.0,733.898,181.54,97.75,9815201.0,2021.0,73671.1
4316907,Santa Maria,RS,Rio Grande do Sul,Sul,Centro Ocidental Rio-grandense,Santa Maria,Santa Maria,271735.0,1780.194,152.64,97.9,9562066.0,2021.0,35188.94
4316956,Santa Maria do Herval,RS,Rio Grande do Sul,Sul,Metropolitana de Porto Alegre,Gramado-Canela,Porto Alegre,6340.0,140.437,45.14,97.95,279409.0,2021.0,44070.82
4316972,Santa Margarida do Sul,RS,Rio Grande do Sul,Sul,Sudoeste Rio-grandense,Campanha Central,Santa Maria,2596.0,955.299,2.72,90.97,361016.0,2021.0,139066.26
4317004,Santana da Boa Vista,RS,Rio Grande do Sul,Sul,Sudeste Rio-grandense,Serras de Sudeste,Santa Maria,7024.0,1418.805,4.95,91.64,364901.0,2021.0,51950.6
4317103,Sant'Ana do Livramento,RS,Rio Grande do Sul,Sul,Sudoeste Rio-grandense,Campanha Central,Uruguaiana,84421.0,6946.407,12.15,97.12,2823928.0,2021.0,33450.54
4317202,Santa Rosa,RS,Rio Grande do Sul,Sul,Noroeste Rio-grandense,Santa Rosa,Ijuí,76963.0,489.38,157.27,97.61,3732053.0,2021.0,48491.52
4317251,Santa Tereza,RS,Rio Grande do Sul,Sul,Nordeste Rio-grandense,Caxias do Sul,Caxias do Sul,1505.0,73.669,20.43,97.86,49851.0,2021.0,33123.59
4317301,Santa Vitória do Palmar,RS,Rio Grande do Sul,Sul,Sudeste Rio-grandense,Litoral Lagunar,Pelotas,30983.0,5206.977,5.95,95.91,1755631.0,2021.0,56664.33
4317400,Santiago,RS,Rio Grande do Sul,Sul,Centro Ocidental Rio-grandense,Santiago,Santa Maria,48938.0,2414.195,20.27,96.73,2021451.0,2021.0,41306.37
4317509,Santo Ângelo,RS,Rio Grande do Sul,Sul,Noroeste Rio-grandense,Santo Ângelo,Ijuí,76917.0,679.34,113.22,97.07,3180273.0,2021.0,41346.82
4317558,Santo Antônio do Palma,RS,Rio Grande do Sul,Sul,Noroeste Rio-grandense,Passo Fundo,Passo Fundo,2091.0,126.094,16.58,96.58,119797.0,2021.0,57291.73
4317608,Santo Antônio da Patrulha,RS,Rio Grande do Sul,Sul,Metropolitana de Porto Alegre,Osório,Porto Alegre,42947.0,1049.583,40.92,94.26,1680505.0,2021.0,39129.74
4317707,Santo Antônio das Missões,RS,Rio Grande do Sul,Sul,Noroeste Rio-grandense,Santo Ângelo,Ijuí,10300.0,1710.869,6.02,92.91,673946.0,2021.0,65431.65
4317756,Santo Antônio do Planalto,RS,Rio Grande do Sul,Sul,Noroeste Rio-grandense,Carazinho,Passo Fundo,2089.0,203.44,10.27,96.57,189470.0,2021.0,90698.9
4317806,Santo Augusto,RS,Rio Grande do Sul,Sul,Noroeste Rio-grandense,Ijuí,Ijuí,13902.0,467.775,29.72,93.96,848439.0,2021.0,61030.0
4317905,Santo Cristo,RS,Rio Grande do Sul,Sul,Noroeste Rio-grandense,Santa Rosa,Ijuí,15320.0,367.202,41.72,97.54,784071.0,2021.0,51179.57
4317954,Santo Expedito do Sul,RS,Rio Grande do Sul,Sul,Noroeste Rio-grandense,Sananduva,Passo Fundo,2349.0,125.595,18.7,92.77,128953.0,2021.0,54896.98
4318002,São Borja,RS,Rio Grande do Sul,Sul,Sudoeste Rio-grandense,Campanha Ocidental,Uruguaiana,59676.0,3616.69,16.5,94.88,2570766.0,2021.0,43078.73
4318051,São Domingos do Sul,RS,Rio Grande do Sul,Sul,Noroeste Rio-grandense,Passo Fundo,Passo Fundo,2754.0,78.67,35.01,97.44,123436.0,2021.0,44820.62
4318101,São Francisco de Assis,RS,Rio Grande do Sul,Sul,Sudoeste Rio-grandense,Campanha Ocidental,Santa Maria,17618.0,2506.975,7.03,93.38,804124.0,2021.0,45642.18
4318200,São Francisco de Paula,RS,Rio Grande do Sul,Sul,Nordeste Rio-grandense,Vacaria,Caxias do Sul,21893.0,3317.794,6.6,95.24,1026518.0,2021.0,46887.96
4318309,São Gabriel,RS,Rio Grande do Sul,Sul,Sudoeste Rio-grandense,Campanha Central,Santa Maria,58487.0,5053.46,11.57,94.23,2723193.0,2021.0,46560.65
4318408,São Jerônimo,RS,Rio Grande do Sul,Sul,Metropolitana de Porto Alegre,São Jerônimo,Porto Alegre,21028.0,935.596,22.48,94.36,667014.0,2021.0,31720.28
4318424,São João da Urtiga,RS,Rio Grande do Sul,Sul,Noroeste Rio-grandense,Sananduva,Passo Fundo,4461.0,171.029,26.08,93.95,184149.0,2021.0,41279.76
4318432,São João do Polêsine,RS,Rio Grande do Sul,Sul,Centro Ocidental Rio-grandense,Restinga Seca,Santa Maria,2649.0,78.32,33.82,97.62,104818.0,2021.0,39568.89
4318440,São Jorge,RS,Rio Grande do Sul,Sul,Nordeste Rio-grandense,Guaporé,Caxias do Sul,2912.0,125.62,23.18,97.61,133331.0,2021.0,45786.74
4318457,São José das Missões,RS,Rio Grande do Sul,Sul,Noroeste Rio-grandense,Carazinho,Passo Fundo,2362.0,98.125,24.07,92.21,93351.0,2021.0,39522.02
4318465,São José do Herval,RS,Rio Grande do Sul,Sul,Noroeste Rio-grandense,Soledade,Passo Fundo,1902.0,102.912,18.48,89.77,59113.0,2021.0,31079.39
4318481,São José do Hortêncio,RS,Rio Grande do Sul,Sul,Metropolitana de Porto Alegre,Montenegro,Porto Alegre,4447.0,63.709,69.8,98.27,117866.0,2021.0,26504.61
4318499,São José do Inhacorá,RS,Rio Grande do Sul,Sul,Noroeste Rio-grandense,Santa Rosa,Ijuí,2406.0,77.732,30.95,97.24,183794.0,2021.0,76389.86
4318507,São José do Norte,RS,Rio Grande do Sul,Sul,Sudeste Rio-grandense,Litoral Lagunar,Pelotas,25443.0,1071.824,23.74,88.26,792704.0,2021.0,31156.07
4318606,São José do Ouro,RS,Rio Grande do Sul,Sul,Noroeste Rio-grandense,Sananduva,Passo Fundo,6834.0,335.287,20.38,94.85,463018.0,2021.0,67752.12
4318614,São José do Sul,RS,Rio Grande do Sul,Sul,Metropolitana de Porto Alegre,Montenegro,Porto Alegre,2380.0,54.764,43.46,98.2,94019.0,2021.0,39503.78
4318622,São José dos Ausentes,RS,Rio Grande do Sul,Sul,Nordeste Rio-grandense,Vacaria,Caxias do Sul,4172.0,1173.907,3.55,96.12,155632.0,2021.0,37303.93
4318705,São Leopoldo,RS,Rio Grande do Sul,Sul,Metropolitana de Porto Alegre,Porto Alegre,Porto Alegre,217409.0,103.009,2110.58,97.62,10855414.0,2021.0,49930.84
4318804,São Lourenço do Sul,RS,Rio Grande do Sul,Sul,Sudeste Rio-grandense,Pelotas,Pelotas,41989.0,2036.125,20.62,96.05,1701071.0,2021.0,40512.3
4318903,São Luiz Gonzaga,RS,Rio Grande do Sul,Sul,Noroeste Rio-grandense,Santo Ângelo,Ijuí,34752.0,1295.522,26.82,95.7,1903783.0,2021.0,54781.97
4319000,São Marcos,RS,Rio Grande do Sul,Sul,Nordeste Rio-grandense,Caxias do Sul,Caxias do Sul,21084.0,256.159,82.31,97.96,1145393.0,2021.0,54325.22
4319109,São Martinho,RS,Rio Grande do Sul,Sul,Noroeste Rio-grandense,Três Passos,Ijuí,5481.0,171.245,32.01,95.94,354030.0,2021.0,64592.23
4319125,São Martinho da Serra,RS,Rio Grande do Sul,Sul,Centro Ocidental Rio-grandense,Santa Maria,Santa Maria,2860.0,669.547,4.27,92.53,336100.0,2021.0,117517.48
4319158,São Miguel das Missões,RS,Rio Grande do Sul,Sul,Noroeste Rio-grandense,Santo Ângelo,Ijuí,7056.0,1228.447,5.74,94.84,867930.0,2021.0,123005.95
4319208,São Nicolau,RS,Rio Grande do Sul,Sul,Noroeste Rio-grandense,Santo Ângelo,Ijuí,5118.0,485.588,10.54,89.74,228047.0,2021.0,44557.84
4319307,São Paulo das Missões,RS,Rio Grande do Sul,Sul,Noroeste Rio-grandense,Cerro Largo,Ijuí,5846.0,223.942,26.1,94.97,200549.0,2021.0,34305.34
4319356,São Pedro da Serra,RS,Rio Grande do Sul,Sul,Metropolitana de Porto Alegre,Montenegro,Porto Alegre,3548.0,35.207,100.78,97.32,113228.0,2021.0,31913.19
4319364,São Pedro das Missões,RS,Rio Grande do Sul,Sul,Noroeste Rio-grandense,Carazinho,Passo Fundo,1757.0,79.894,21.99,91.63,114178.0,2021.0,64984.63
4319372,São Pedro do Butiá,RS,Rio Grande do Sul,Sul,Noroeste Rio-grandense,Cerro Largo,Ijuí,3070.0,107.559,28.54,98.11,161665.0,2021.0,52659.61
4319406,São Pedro do Sul,RS,Rio Grande do Sul,Sul,Centro Ocidental Rio-grandense,Santa Maria,Santa Maria,15577.0,873.394,17.84,96.23,532258.0,2021.0,34169.48
4319505,São Sebastião do Caí,RS,Rio Grande do Sul,Sul,Metropolitana de Porto Alegre,Montenegro,Porto Alegre,24428.0,114.293,213.73,97.0,899461.0,2021.0,36820.9
4319604,São Sepé,RS,Rio Grande do Sul,Sul,Centro Ocidental Rio-grandense,Santa Maria,Santa Maria,21219.0,2204.779,9.62,94.47,1331321.0,2021.0,62741.93
4319703,São Valentim,RS,Rio Grande do Sul,Sul,Noroeste Rio-grandense,Erechim,Passo Fundo,3264.0,154.45,21.13,92.08,135541.0,2021.0,41526.04
4319711,São Valentim do Sul,RS,Rio Grande do Sul,Sul,Nordeste Rio-grandense,Guaporé,Caxias do Sul,2207.0,91.898,24.02,98.31,95576.0,2021.0,43305.85
4319737,São Valério do Sul,RS,Rio Grande do Sul,Sul,Noroeste Rio-grandense,Ijuí,Ijuí,2543.0,107.402,23.68,90.71,90430.0,2021.0,35560.36
4319752,São Vendelino,RS,Rio Grande do Sul,Sul,Metropolitana de Porto Alegre,Montenegro,Porto Alegre,2251.0,31.935,70.49,98.67,95748.0,2021.0,42535.76
4319802,São Vicente do Sul,RS,Rio Grande do Sul,Sul,Centro Ocidental Rio-grandense,Santa Maria,Santa Maria,8097.0,1174.822,6.89,95.49,730555.0,2021.0,90225.39
4319901,Sapiranga,RS,Rio Grande do Sul,Sul,Metropolitana de Porto Alegre,Porto Alegre,Porto Alegre,75648.0,136.473,554.31,97.24,3615599.0,2021.0,47795.04
4320008,Sapucaia do Sul,RS,Rio Grande do Sul,Sul,Metropolitana de Porto Alegre,Porto Alegre,Porto Alegre,132107.0,58.247,2268.05,97.36,4204086.0,2021.0,31823.34
4320107,Sarandi,RS,Rio Grande do Sul,Sul,Noroeste Rio-grandense,Carazinho,Passo Fundo,22851.0,351.717,64.97,96.98,1299139.0,2021.0,56852.61
4320206,Seberi,RS,Rio Grande do Sul,Sul,Noroeste Rio-grandense,Frederico Westphalen,Passo Fundo,11950.0,300.827,39.72,95.13,617245.0,2021.0,51652.3
4320230,Sede Nova,RS,Rio Grande do Sul,Sul,Noroeste Rio-grandense,Três Passos,Ijuí,2704.0,119.312,22.66,93.13,157535.0,2021.0,58259.99
4320263,Segredo,RS,Rio Grande do Sul,Sul,Centro Oriental Rio-grandense,Santa Cruz do Sul,Santa Cruz do Sul - Lajeado,6009.0,245.17,24.51,91.67,163088.0,2021.0,27140.62
4320305,Selbach,RS,Rio Grande do Sul,Sul,Noroeste Rio-grandense,Não-Me-Toque,Passo Fundo,5107.0,176.471,28.94,97.21,375174.0,2021.0,73462.7
4320321,Senador Salgado Filho,RS,Rio Grande do Sul,Sul,Noroeste Rio-grandense,Santo Ângelo,Ijuí,2673.0,147.068,18.18,95.33,149060.0,2021.0,55765.06
4320354,Sentinela do Sul,RS,Rio Grande do Sul,Sul,Metropolitana de Porto Alegre,Camaquã,Porto Alegre,5306.0,282.13,18.81,93.63,136267.0,2021.0,25681.68
4320404,Serafina Corrêa,RS,Rio Grande do Sul,Sul,Nordeste Rio-grandense,Guaporé,Caxias do Sul,16961.0,163.31,103.86,97.85,782303.0,2021.0,46123.64
4320453,Sério,RS,Rio Grande do Sul,Sul,Centro Oriental Rio-grandense,Lajeado-Estrela,Santa Cruz do Sul - Lajeado,1941.0,98.131,19.78,90.83,59572.0,2021.0,30691.4
4320503,Sertão,RS,Rio Grande do Sul,Sul,Noroeste Rio-grandense,Passo Fundo,Passo Fundo,5541.0,440.631,12.58,96.93,534503.0,2021.0,96463.27
4320552,Sertão Santana,RS,Rio Grande do Sul,Sul,Metropolitana de Porto Alegre,Porto Alegre,Porto Alegre,5863.0,252.013,23.26,95.31,314768.0,2021.0,53687.19
4320578,Sete de Setembro,RS,Rio Grande do Sul,Sul,Noroeste Rio-grandense,Cerro Largo,Ijuí,1830.0,129.238,14.16,95.72,105652.0,2021.0,57733.33
4320602,Severiano de Almeida,RS,Rio Grande do Sul,Sul,Noroeste Rio-grandense,Erechim,Passo Fundo,3406.0,167.598,20.32,96.74,149414.0,2021.0,43867.88
4320651,Silveira Martins,RS,Rio Grande do Sul,Sul,Centro Ocidental Rio-grandense,Restinga Seca,Santa Maria,2028.0,119.285,17.0,96.33,86631.0,2021.0,42717.46
4320677,Sinimbu,RS,Rio Grande do Sul,Sul,Centro Oriental Rio-grandense,Santa Cruz do Sul,Santa Cruz do Sul - Lajeado,8578.0,510.213,16.81,94.46,213482.0,2021.0,24887.15
4320701,Sobradinho,RS,Rio Grande do Sul,Sul,Centro Oriental Rio-grandense,Santa Cruz do Sul,Santa Cruz do Sul - Lajeado,14226.0,128.823,110.43,95.28,438644.0,2021.0,30833.97
4320800,Soledade,RS,Rio Grande do Sul,Sul,Noroeste Rio-grandense,Soledade,Passo Fundo,29991.0,1215.056,24.68,94.51,1405196.0,2021.0,46853.92
4320859,Tabaí,RS,Rio Grande do Sul,Sul,Centro Oriental Rio-grandense,Lajeado-Estrela,Santa Cruz do Sul - Lajeado,4461.0,94.754,47.08,94.66,142087.0,2021.0,31850.93
4320909,Tapejara,RS,Rio Grande do Sul,Sul,Noroeste Rio-grandense,Passo Fundo,Passo Fundo,24557.0,238.082,103.15,97.71,1644548.0,2021.0,66968.6
4321006,Tapera,RS,Rio Grande do Sul,Sul,Noroeste Rio-grandense,Não-Me-Toque,Passo Fundo,10592.0,179.935,58.87,95.44,640275.0,2021.0,60448.92
4321105,Tapes,RS,Rio Grande do Sul,Sul,Metropolitana de Porto Alegre,Camaquã,Porto Alegre,14695.0,805.452,18.24,94.33,603914.0,2021.0,41096.56
4321204,Taquara,RS,Rio Grande do Sul,Sul,Metropolitana de Porto Alegre,Gramado-Canela,Porto Alegre,53242.0,452.572,117.64,96.73,1568880.0,2021.0,29466.96
4321303,Taquari,RS,Rio Grande do Sul,Sul,Centro Oriental Rio-grandense,Lajeado-Estrela,Santa Cruz do Sul - Lajeado,25198.0,349.967,72.0,95.49,1094083.0,2021.0,43419.44
4321329,Taquaruçu do Sul,RS,Rio Grande do Sul,Sul,Noroeste Rio-grandense,Frederico Westphalen,Passo Fundo,3119.0,76.917,40.55,94.87,188858.0,2021.0,60550.82
4321352,Tavares,RS,Rio Grande do Sul,Sul,Metropolitana de Porto Alegre,Osório,Porto Alegre,5212.0,610.106,8.54,91.49,124254.0,2021.0,23839.98
4321402,Tenente Portela,RS,Rio Grande do Sul,Sul,Noroeste Rio-grandense,Três Passos,Ijuí,14497.0,337.495,42.95,94.24,579215.0,2021.0,39954.13
4321436,Terra de Areia,RS,Rio Grande do Sul,Sul,Metropolitana de Porto Alegre,Osório,Porto Alegre,10334.0,142.304,72.62,95.46,291340.0,2021.0,28192.37
4321451,Teutônia,RS,Rio Grande do Sul,Sul,Centro Oriental Rio-grandense,Lajeado-Estrela,Santa Cruz do Sul - Lajeado,32797.0,177.795,184.47,98.63,1576011.0,2021.0,48053.51
4321469,Tio Hugo,RS,Rio Grande do Sul,Sul,Noroeste Rio-grandense,Não-Me-Toque,Passo Fundo,3267.0,113.944,28.67,96.42,174784.0,2021.0,53499.85
4321477,Tiradentes do Sul,RS,Rio Grande do Sul,Sul,Noroeste Rio-grandense,Três Passos,Ijuí,5129.0,236.653,21.67,94.01,196243.0,2021.0,38261.45
4321493,Toropi,RS,Rio Grande do Sul,Sul,Centro Ocidental Rio-grandense,Santa Maria,Santa Maria,2554.0,198.316,12.88,95.88,101334.0,2021.0,39676.59
4321501,Torres,RS,Rio Grande do Sul,Sul,Metropolitana de Porto Alegre,Osório,Porto Alegre,41751.0,161.627,258.32,97.16,1382107.0,2021.0,33103.57
4321600,Tramandaí,RS,Rio Grande do Sul,Sul,Metropolitana de Porto Alegre,Osório,Porto Alegre,54387.0,142.878,380.65,97.57,1234556.0,2021.0,22699.47
4321626,Travesseiro,RS,Rio Grande do Sul,Sul,Centro Oriental Rio-grandense,Lajeado-Estrela,Santa Cruz do Sul - Lajeado,2152.0,80.681,26.67,97.19,78088.0,2021.0,36286.25
4321634,Três Arroios,RS,Rio Grande do Sul,Sul,Noroeste Rio-grandense,Erechim,Passo Fundo,2591.0,148.601,17.44,97.08,141197.0,2021.0,54495.18
4321667,Três Cachoeiras,RS,Rio Grande do Sul,Sul,Metropolitana de Porto Alegre,Osório,Porto Alegre,10962.0,251.483,43.59,96.74,308570.0,2021.0,28149.06
4321709,Três Coroas,RS,Rio Grande do Sul,Sul,Metropolitana de Porto Alegre,Gramado-Canela,Porto Alegre,24425.0,165.285,147.78,96.84,805149.0,2021.0,32964.14
4321808,Três de Maio,RS,Rio Grande do Sul,Sul,Noroeste Rio-grandense,Santa Rosa,Ijuí,24916.0,421.461,59.12,97.05,1353676.0,2021.0,54329.59
4321832,Três Forquilhas,RS,Rio Grande do Sul,Sul,Metropolitana de Porto Alegre,Osório,Porto Alegre,2760.0,217.386,12.7,92.26,64219.0,2021.0,23267.75
4321857,Três Palmeiras,RS,Rio Grande do Sul,Sul,Noroeste Rio-grandense,Frederico Westphalen,Passo Fundo,4716.0,180.599,26.11,93.72,178530.0,2021.0,37856.23
4321907,Três Passos,RS,Rio Grande do Sul,Sul,Noroeste Rio-grandense,Três Passos,Ijuí,25436.0,268.902,94.59,96.49,1033034.0,2021.0,40613.07
4321956,Trindade do Sul,RS,Rio Grande do Sul,Sul,Noroeste Rio-grandense,Frederico Westphalen,Passo Fundo,7556.0,268.417,28.15,93.11,351371.0,2021.0,46502.25
4322004,Triunfo,RS,Rio Grande do Sul,Sul,Metropolitana de Porto Alegre,São Jerônimo,Porto Alegre,27498.0,817.625,33.63,95.68,12982404.0,2021.0,472121.75
4322103,Tucunduva,RS,Rio Grande do Sul,Sul,Noroeste Rio-grandense,Santa Rosa,Ijuí,5542.0,181.198,30.59,96.21,259332.0,2021.0,46793.94
4322152,Tunas,RS,Rio Grande do Sul,Sul,Noroeste Rio-grandense,Soledade,Santa Cruz do Sul - Lajeado,3681.0,217.302,16.94,85.05,120845.0,2021.0,32829.39
4322186,Tupanci do Sul,RS,Rio Grande do Sul,Sul,Noroeste Rio-grandense,Sananduva,Passo Fundo,1374.0,135.243,10.16,94.05,94728.0,2021.0,68943.23
4322202,Tupanciretã,RS,Rio Grande do Sul,Sul,Centro Ocidental Rio-grandense,Santiago,Passo Fundo,20005.0,2253.234,8.88,95.42,2052015.0,2021.0,102575.11
4322251,Tupandi,RS,Rio Grande do Sul,Sul,Metropolitana de Porto Alegre,Montenegro,Porto Alegre,5029.0,59.447,84.6,98.48,533593.0,2021.0,106103.2
4322301,Tuparendi,RS,Rio Grande do Sul,Sul,Noroeste Rio-grandense,Santa Rosa,Ijuí,8363.0,307.71,27.18,96.85,383535.0,2021.0,45860.94
4322327,Turuçu,RS,Rio Grande do Sul,Sul,Sudeste Rio-grandense,Pelotas,Pelotas,3419.0,253.635,13.48,94.24,163727.0,2021.0,47887.39
4322343,Ubiretama,RS,Rio Grande do Sul,Sul,Noroeste Rio-grandense,Santo Ângelo,Ijuí,1994.0,125.876,15.84,96.71,110732.0,2021.0,55532.6
4322350,União da Serra,RS,Rio Grande do Sul,Sul,Nordeste Rio-grandense,Guaporé,Caxias do Sul,1170.0,131.154,8.92,96.81,91174.0,2021.0,77926.5
4322376,Unistalda,RS,Rio Grande do Sul,Sul,Centro Ocidental Rio-grandense,Santiago,Santa Maria,1995.0,602.387,3.31,93.82,149067.0,2021.0,74720.3
4322400,Uruguaiana,RS,Rio Grande do Sul,Sul,Sudoeste Rio-grandense,Campanha Ocidental,Uruguaiana,117210.0,5702.098,20.56,97.13,3717113.0,2021.0,31713.28
4322509,Vacaria,RS,Rio Grande do Sul,Sul,Nordeste Rio-grandense,Vacaria,Caxias do Sul,64197.0,2124.492,30.22,97.01,3245679.0,2021.0,50558.11
4322525,Vale Verde,RS,Rio Grande do Sul,Sul,Metropolitana de Porto Alegre,São Jerônimo,Santa Cruz do Sul - Lajeado,3150.0,329.727,9.55,93.52,130453.0,2021.0,41413.65
4322533,Vale do Sol,RS,Rio Grande do Sul,Sul,Centro Oriental Rio-grandense,Santa Cruz do Sul,Santa Cruz do Sul - Lajeado,9897.0,328.275,30.15,95.01,272714.0,2021.0,27555.22
4322541,Vale Real,RS,Rio Grande do Sul,Sul,Metropolitana de Porto Alegre,Montenegro,Caxias do Sul,6058.0,45.085,134.37,98.21,198294.0,2021.0,32732.59
4322558,Vanini,RS,Rio Grande do Sul,Sul,Noroeste Rio-grandense,Passo Fundo,Passo Fundo,2004.0,64.905,30.88,95.11,94776.0,2021.0,47293.41
4322608,Venâncio Aires,RS,Rio Grande do Sul,Sul,Centro Oriental Rio-grandense,Santa Cruz do Sul,Santa Cruz do Sul - Lajeado,68763.0,772.588,89.0,96.35,3732042.0,2021.0,54273.98
4322707,Vera Cruz,RS,Rio Grande do Sul,Sul,Centro Oriental Rio-grandense,Santa Cruz do Sul,Santa Cruz do Sul - Lajeado,26710.0,309.621,86.27,96.94,826722.0,2021.0,30951.78
4322806,Veranópolis,RS,Rio Grande do Sul,Sul,Nordeste Rio-grandense,Caxias do Sul,Caxias do Sul,24021.0,289.397,83.0,98.37,1738706.0,2021.0,72382.75
4322855,Vespasiano Corrêa,RS,Rio Grande do Sul,Sul,Centro Oriental Rio-grandense,Lajeado-Estrela,Santa Cruz do Sul - Lajeado,1818.0,113.622,16.0,95.95,119440.0,2021.0,65698.57
4322905,Viadutos,RS,Rio Grande do Sul,Sul,Noroeste Rio-grandense,Erechim,Passo Fundo,4769.0,268.072,17.79,95.57,204582.0,2021.0,42898.3
4323002,Viamão,RS,Rio Grande do Sul,Sul,Metropolitana de Porto Alegre,Porto Alegre,Porto Alegre,224112.0,1496.506,149.76,97.1,4335081.0,2021.0,19343.37
4323101,Vicente Dutra,RS,Rio Grande do Sul,Sul,Noroeste Rio-grandense,Frederico Westphalen,Passo Fundo,4665.0,193.025,24.17,91.75,126515.0,2021.0,27120.04
4323200,Victor Graeff,RS,Rio Grande do Sul,Sul,Noroeste Rio-grandense,Não-Me-Toque,Passo Fundo,2780.0,238.133,11.67,98.04,295872.0,2021.0,106428.78
4323309,Vila Flores,RS,Rio Grande do Sul,Sul,Nordeste Rio-grandense,Caxias do Sul,Caxias do Sul,3646.0,107.703,33.85,97.46,297553.0,2021.0,81610.81
4323358,Vila Lângaro,RS,Rio Grande do Sul,Sul,Noroeste Rio-grandense,Passo Fundo,Passo Fundo,2079.0,151.695,13.71,96.0,168933.0,2021.0,81256.85
4323408,Vila Maria,RS,Rio Grande do Sul,Sul,Noroeste Rio-grandense,Passo Fundo,Passo Fundo,4413.0,181.061,24.37,96.3,389407.0,2021.0,88240.88
4323457,Vila Nova do Sul,RS,Rio Grande do Sul,Sul,Centro Ocidental Rio-grandense,Santa Maria,Santa Maria,3863.0,508.278,7.6,93.97,195943.0,2021.0,50723.01
4323507,Vista Alegre,RS,Rio Grande do Sul,Sul,Noroeste Rio-grandense,Frederico Westphalen,Passo Fundo,2660.0,77.63,34.27,94.49,137064.0,2021.0,51527.82
4323606,Vista Alegre do Prata,RS,Rio Grande do Sul,Sul,Nordeste Rio-grandense,Guaporé,Caxias do Sul,1590.0,119.327,13.32,97.93,85229.0,2021.0,53603.14
4323705,Vista Gaúcha,RS,Rio Grande do Sul,Sul,Noroeste Rio-grandense,Três Passos,Ijuí,2783.0,90.022,30.91,95.96,103513.0,2021.0,37194.75
4323754,Vitória das Missões,RS,Rio Grande do Sul,Sul,Noroeste Rio-grandense,Santo Ângelo,Ijuí,3260.0,258.312,12.62,93.28,159528.0,2021.0,48934.97
4323770,Westfália,RS,Rio Grande do Sul,Sul,Centro Oriental Rio-grandense,Lajeado-Estrela,Santa Cruz do Sul - Lajeado,3098.0,63.665,48.66,98.95,264840.0,2021.0,85487.41
4323804,Xangri-lá,RS,Rio Grande do Sul,Sul,Metropolitana de Porto Alegre,Osório,Porto Alegre,16463.0,60.756,270.97,97.99,733160.0,2021.0,44533.8
5000203,Água Clara,MS,Mato Grosso do Sul,Centro-Oeste,Leste de Mato Grosso do Sul,Três Lagoas,Campo Grande,16741.0,7781.558,2.15,93.95,1211925.0,2021.0,72392.63
5000252,Alcinópolis,MS,Mato Grosso do Sul,Centro-Oeste,Centro Norte de Mato Grosso do Sul,Alto Taquari,Campo Grande,4537.0,4397.518,1.03,91.26,237904.0,2021.0,52436.41
5000609,Amambai,MS,Mato Grosso do Sul,Centro-Oeste,Sudoeste de Mato Grosso do Sul,Dourados,Dourados,39325.0,4193.742,9.38,91.53,2033695.0,2021.0,51715.07
5000708,Anastácio,MS,Mato Grosso do Sul,Centro-Oeste,Pantanais Sul Mato-grossense,Aquidauana,Corumbá,24114.0,2913.177,8.28,91.02,609913.0,2021.0,25292.9
5000807,Anaurilândia,MS,Mato Grosso do Sul,Centro-Oeste,Leste de Mato Grosso do Sul,Nova Andradina,Dourados,7653.0,3415.657,2.24,91.49,410374.0,2021.0,53622.63
5000856,Angélica,MS,Mato Grosso do Sul,Centro-Oeste,Sudoeste de Mato Grosso do Sul,Iguatemi,Dourados,10729.0,1283.627,8.36,91.52,883913.0,2021.0,82385.4
5000906,Antônio João,MS,Mato Grosso do Sul,Centro-Oeste,Sudoeste de Mato Grosso do Sul,Dourados,Dourados,9303.0,1142.895,8.14,89.2,866590.0,2021.0,93151.67
5001003,Aparecida do Taboado,MS,Mato Grosso do Sul,Centro-Oeste,Leste de Mato Grosso do Sul,Paranaíba,Campo Grande,27674.0,2751.485,10.06,93.33,1660199.0,2021.0,59991.29
5001102,Aquidauana,MS,Mato Grosso do Sul,Centro-Oeste,Pantanais Sul Mato-grossense,Aquidauana,Corumbá,46803.0,17087.021,2.74,93.3,1116844.0,2021.0,23862.66
5001243,Aral Moreira,MS,Mato Grosso do Sul,Centro-Oeste,Sudoeste de Mato Grosso do Sul,Dourados,Dourados,10748.0,1653.86,6.5,88.88,1255601.0,2021.0,116821.83
5001508,Bandeirantes,MS,Mato Grosso do Sul,Centro-Oeste,Centro Norte de Mato Grosso do Sul,Campo Grande,Campo Grande,7940.0,3357.926,2.36,92.7,780114.0,2021.0,98251.13
5001904,Bataguassu,MS,Mato Grosso do Sul,Centro-Oeste,Leste de Mato Grosso do Sul,Nova Andradina,Campo Grande,23031.0,2392.476,9.63,93.47,1055097.0,2021.0,45812.04
5002001,Batayporã,MS,Mato Grosso do Sul,Centro-Oeste,Leste de Mato Grosso do Sul,Nova Andradina,Dourados,10712.0,1826.578,5.86,90.6,603790.0,2021.0,56365.76
5002100,Bela Vista,MS,Mato Grosso do Sul,Centro-Oeste,Sudoeste de Mato Grosso do Sul,Bodoquena,Corumbá,21613.0,4899.44,4.41,92.74,931638.0,2021.0,43105.45
5002159,Bodoquena,MS,Mato Grosso do Sul,Centro-Oeste,Sudoeste de Mato Grosso do Sul,Bodoquena,Corumbá,8567.0,2591.933,3.31,91.11,332561.0,2021.0,38818.84
5002209,Bonito,MS,Mato Grosso do Sul,Centro-Oeste,Sudoeste de Mato Grosso do Sul,Bodoquena,Corumbá,23659.0,5373.016,4.4,93.42,1130067.0,2021.0,47764.78
5002308,Brasilândia,MS,Mato Grosso do Sul,Centro-Oeste,Leste de Mato Grosso do Sul,Três Lagoas,Campo Grande,11579.0,5803.542,2.0,93.47,833889.0,2021.0,72017.36
5002407,Caarapó,MS,Mato Grosso do Sul,Centro-Oeste,Sudoeste de Mato Grosso do Sul,Dourados,Dourados,30612.0,2115.73,14.47,92.01,1967108.0,2021.0,64259.38
5002605,Camapuã,MS,Mato Grosso do Sul,Centro-Oeste,Centro Norte de Mato Grosso do Sul,Alto Taquari,Campo Grande,13583.0,6238.127,2.18,93.63,607830.0,2021.0,44749.32
5002704,Campo Grande,MS,Mato Grosso do Sul,Centro-Oeste,Centro Norte de Mato Grosso do Sul,Campo Grande,Campo Grande,898100.0,8082.978,111.11,97.09,35187899.0,2021.0,39180.38
5002803,Caracol,MS,Mato Grosso do Sul,Centro-Oeste,Sudoeste de Mato Grosso do Sul,Bodoquena,Corumbá,5036.0,2943.206,1.71,92.71,174649.0,2021.0,34680.1
5002902,Cassilândia,MS,Mato Grosso do Sul,Centro-Oeste,Leste de Mato Grosso do Sul,Cassilândia,Campo Grande,20988.0,3658.252,5.74,92.6,712341.0,2021.0,33940.39
5002951,Chapadão do Sul,MS,Mato Grosso do Sul,Centro-Oeste,Leste de Mato Grosso do Sul,Cassilândia,Campo Grande,30993.0,3252.327,9.53,96.77,2655075.0,2021.0,85666.92
5003108,Corguinho,MS,Mato Grosso do Sul,Centro-Oeste,Centro Norte de Mato Grosso do Sul,Campo Grande,Campo Grande,4783.0,2639.657,1.81,91.33,144630.0,2021.0,30238.34
5003157,Coronel Sapucaia,MS,Mato Grosso do Sul,Centro-Oeste,Sudoeste de Mato Grosso do Sul,Iguatemi,Dourados,14289.0,1023.727,13.96,84.96,336178.0,2021.0,23527.05
5003207,Corumbá,MS,Mato Grosso do Sul,Centro-Oeste,Pantanais Sul Mato-grossense,Baixo Pantanal,Corumbá,96268.0,64432.45,1.49,95.35,3847165.0,2021.0,39963.07
5003256,Costa Rica,MS,Mato Grosso do Sul,Centro-Oeste,Leste de Mato Grosso do Sul,Cassilândia,Campo Grande,26037.0,4159.384,6.26,93.35,2556159.0,2021.0,98174.1
5003306,Coxim,MS,Mato Grosso do Sul,Centro-Oeste,Centro Norte de Mato Grosso do Sul,Alto Taquari,Campo Grande,32151.0,6391.486,5.03,92.47,1225785.0,2021.0,38125.87
5003454,Deodápolis,MS,Mato Grosso do Sul,Centro-Oeste,Sudoeste de Mato Grosso do Sul,Iguatemi,Dourados,13663.0,828.533,16.49,91.68,461295.0,2021.0,33762.35
5003488,Dois Irmãos do Buriti,MS,Mato Grosso do Sul,Centro-Oeste,Pantanais Sul Mato-grossense,Aquidauana,Campo Grande,11100.0,2431.609,4.56,90.45,310923.0,2021.0,28011.08
5003504,Douradina,MS,Mato Grosso do Sul,Centro-Oeste,Sudoeste de Mato Grosso do Sul,Dourados,Dourados,5578.0,280.457,19.89,92.3,214592.0,2021.0,38471.14
5003702,Dourados,MS,Mato Grosso do Sul,Centro-Oeste,Sudoeste de Mato Grosso do Sul,Dourados,Dourados,243367.0,4062.236,59.91,95.97,12300149.0,2021.0,50541.56
5003751,Eldorado,MS,Mato Grosso do Sul,Centro-Oeste,Sudoeste de Mato Grosso do Sul,Iguatemi,Dourados,11386.0,1012.796,11.24,90.74,524691.0,2021.0,46082.12
5003801,Fátima do Sul,MS,Mato Grosso do Sul,Centro-Oeste,Sudoeste de Mato Grosso do Sul,Dourados,Dourados,20609.0,315.333,65.36,92.38,699103.0,2021.0,33922.22
5003900,Figueirão,MS,Mato Grosso do Sul,Centro-Oeste,Centro Norte de Mato Grosso do Sul,Alto Taquari,Campo Grande,3539.0,4879.932,0.73,90.98,142133.0,2021.0,40161.91
5004007,Glória de Dourados,MS,Mato Grosso do Sul,Centro-Oeste,Sudoeste de Mato Grosso do Sul,Iguatemi,Dourados,10444.0,493.434,21.17,91.61,280101.0,2021.0,26819.32
5004106,Guia Lopes da Laguna,MS,Mato Grosso do Sul,Centro-Oeste,Sudoeste de Mato Grosso do Sul,Bodoquena,Corumbá,9940.0,1225.426,8.11,91.3,350228.0,2021.0,35234.21
5004304,Iguatemi,MS,Mato Grosso do Sul,Centro-Oeste,Sudoeste de Mato Grosso do Sul,Iguatemi,Dourados,13808.0,2957.41,4.67,89.39,788191.0,2021.0,57082.2
5004403,Inocência,MS,Mato Grosso do Sul,Centro-Oeste,Leste de Mato Grosso do Sul,Paranaíba,Campo Grande,8404.0,5761.19,1.46,91.51,406133.0,2021.0,48326.15
5004502,Itaporã,MS,Mato Grosso do Sul,Centro-Oeste,Sudoeste de Mato Grosso do Sul,Dourados,Dourados,24137.0,1342.764,17.98,92.25,1124125.0,2021.0,46572.69
5004601,Itaquiraí,MS,Mato Grosso do Sul,Centro-Oeste,Sudoeste de Mato Grosso do Sul,Iguatemi,Dourados,19423.0,2063.717,9.41,89.6,1258878.0,2021.0,64813.78
5004700,Ivinhema,MS,Mato Grosso do Sul,Centro-Oeste,Sudoeste de Mato Grosso do Sul,Iguatemi,Dourados,27821.0,2003.43,13.89,93.47,1461628.0,2021.0,52536.86
5004809,Japorã,MS,Mato Grosso do Sul,Centro-Oeste,Sudoeste de Mato Grosso do Sul,Iguatemi,Dourados,8148.0,416.605,19.56,84.97,165050.0,2021.0,20256.5
5004908,Jaraguari,MS,Mato Grosso do Sul,Centro-Oeste,Centro Norte de Mato Grosso do Sul,Campo Grande,Campo Grande,7139.0,2912.836,2.45,92.89,370994.0,2021.0,51967.22
5005004,Jardim,MS,Mato Grosso do Sul,Centro-Oeste,Sudoeste de Mato Grosso do Sul,Bodoquena,Corumbá,23981.0,2126.133,11.28,93.22,930098.0,2021.0,38784.79
5005103,Jateí,MS,Mato Grosso do Sul,Centro-Oeste,Sudoeste de Mato Grosso do Sul,Iguatemi,Dourados,3586.0,1933.316,1.85,91.36,474840.0,2021.0,132414.95
5005152,Juti,MS,Mato Grosso do Sul,Centro-Oeste,Sudoeste de Mato Grosso do Sul,Dourados,Dourados,6729.0,1569.176,4.29,89.24,483743.0,2021.0,71889.29
5005202,Ladário,MS,Mato Grosso do Sul,Centro-Oeste,Pantanais Sul Mato-grossense,Baixo Pantanal,Corumbá,21522.0,354.255,60.75,95.86,371028.0,2021.0,17239.48
5005251,Laguna Carapã,MS,Mato Grosso do Sul,Centro-Oeste,Sudoeste de Mato Grosso do Sul,Dourados,Dourados,6799.0,1725.78,3.94,90.63,1097292.0,2021.0,161390.2
5005400,Maracaju,MS,Mato Grosso do Sul,Centro-Oeste,Sudoeste de Mato Grosso do Sul,Dourados,Dourados,45047.0,5396.905,8.35,95.6,4517627.0,2021.0,100286.97
5005608,Miranda,MS,Mato Grosso do Sul,Centro-Oeste,Pantanais Sul Mato-grossense,Aquidauana,Corumbá,25536.0,5471.436,4.67,90.76,631602.0,2021.0,24733.79
5005681,Mundo Novo,MS,Mato Grosso do Sul,Centro-Oeste,Sudoeste de Mato Grosso do Sul,Iguatemi,Dourados,19193.0,478.38,40.12,91.23,942239.0,2021.0,49092.85
5005707,Naviraí,MS,Mato Grosso do Sul,Centro-Oeste,Sudoeste de Mato Grosso do Sul,Iguatemi,Dourados,50457.0,3189.667,15.82,92.71,2901635.0,2021.0,57507.09
5005806,Nioaque,MS,Mato Grosso do Sul,Centro-Oeste,Sudoeste de Mato Grosso do Sul,Bodoquena,Corumbá,13220.0,3909.44,3.38,91.86,447265.0,2021.0,33832.45
5006002,Nova Alvorada do Sul,MS,Mato Grosso do Sul,Centro-Oeste,Sudoeste de Mato Grosso do Sul,Dourados,Campo Grande,21822.0,4025.012,5.42,93.61,2282707.0,2021.0,104605.76
5006200,Nova Andradina,MS,Mato Grosso do Sul,Centro-Oeste,Leste de Mato Grosso do Sul,Nova Andradina,Dourados,48563.0,4770.685,10.18,94.04,3281855.0,2021.0,67579.33
5006259,Novo Horizonte do Sul,MS,Mato Grosso do Sul,Centro-Oeste,Sudoeste de Mato Grosso do Sul,Iguatemi,Dourados,4721.0,849.19,5.56,89.7,279117.0,2021.0,59122.43
5006275,Paraíso das Águas,MS,Mato Grosso do Sul,Centro-Oeste,Leste de Mato Grosso do Sul,Cassilândia,Campo Grande,5510.0,5061.433,1.09,92.81,1296594.0,2021.0,235316.52
5006309,Paranaíba,MS,Mato Grosso do Sul,Centro-Oeste,Leste de Mato Grosso do Sul,Paranaíba,Campo Grande,40957.0,5405.48,7.58,92.5,1587295.0,2021.0,38755.16
5006358,Paranhos,MS,Mato Grosso do Sul,Centro-Oeste,Sudoeste de Mato Grosso do Sul,Iguatemi,Dourados,12921.0,1307.092,9.89,86.01,286014.0,2021.0,22135.59
5006408,Pedro Gomes,MS,Mato Grosso do Sul,Centro-Oeste,Centro Norte de Mato Grosso do Sul,Alto Taquari,Campo Grande,6941.0,3553.782,1.95,89.45,268953.0,2021.0,38748.45
5006606,Ponta Porã,MS,Mato Grosso do Sul,Centro-Oeste,Sudoeste de Mato Grosso do Sul,Dourados,Dourados,92017.0,5359.354,17.17,94.09,4771500.0,2021.0,51854.55
5006903,Porto Murtinho,MS,Mato Grosso do Sul,Centro-Oeste,Pantanais Sul Mato-grossense,Baixo Pantanal,Corumbá,12859.0,17505.2,0.73,90.99,464125.0,2021.0,36093.4
5007109,Ribas do Rio Pardo,MS,Mato Grosso do Sul,Centro-Oeste,Leste de Mato Grosso do Sul,Três Lagoas,Campo Grande,23150.0,17315.283,1.34,93.51,1965364.0,2021.0,84896.93
5007208,Rio Brilhante,MS,Mato Grosso do Sul,Centro-Oeste,Sudoeste de Mato Grosso do Sul,Dourados,Dourados,37601.0,3983.562,9.44,93.65,3298707.0,2021.0,87729.24
5007307,Rio Negro,MS,Mato Grosso do Sul,Centro-Oeste,Centro Norte de Mato Grosso do Sul,Campo Grande,Campo Grande,4841.0,1828.8,2.65,91.34,130213.0,2021.0,26897.95
5007406,Rio Verde de Mato Grosso,MS,Mato Grosso do Sul,Centro-Oeste,Centro Norte de Mato Grosso do Sul,Alto Taquari,Campo Grande,19818.0,8173.868,2.42,90.87,601958.0,2021.0,30374.31
5007505,Rochedo,MS,Mato Grosso do Sul,Centro-Oeste,Centro Norte de Mato Grosso do Sul,Campo Grande,Campo Grande,5199.0,1309.574,3.97,90.76,231964.0,2021.0,44617.04
5007554,Santa Rita do Pardo,MS,Mato Grosso do Sul,Centro-Oeste,Leste de Mato Grosso do Sul,Três Lagoas,Campo Grande,7027.0,6142.001,1.14,91.54,467080.0,2021.0,66469.33
5007695,São Gabriel do Oeste,MS,Mato Grosso do Sul,Centro-Oeste,Centro Norte de Mato Grosso do Sul,Alto Taquari,Campo Grande,29579.0,3849.875,7.68,95.74,2185644.0,2021.0,73891.75
5007703,Sete Quedas,MS,Mato Grosso do Sul,Centro-Oeste,Sudoeste de Mato Grosso do Sul,Iguatemi,Dourados,10994.0,839.117,13.1,87.34,418189.0,2021.0,38037.93
5007802,Selvíria,MS,Mato Grosso do Sul,Centro-Oeste,Leste de Mato Grosso do Sul,Paranaíba,Campo Grande,8142.0,3254.917,2.5,92.97,1721432.0,2021.0,211426.19
5007901,Sidrolândia,MS,Mato Grosso do Sul,Centro-Oeste,Centro Norte de Mato Grosso do Sul,Campo Grande,Campo Grande,47118.0,5265.695,8.95,93.72,3327696.0,2021.0,70624.73
5007935,Sonora,MS,Mato Grosso do Sul,Centro-Oeste,Centro Norte de Mato Grosso do Sul,Alto Taquari,Campo Grande,14516.0,4185.528,3.47,91.81,1024261.0,2021.0,70560.83
5007950,Tacuru,MS,Mato Grosso do Sul,Centro-Oeste,Sudoeste de Mato Grosso do Sul,Iguatemi,Dourados,10808.0,1784.207,6.06,84.4,313035.0,2021.0,28963.27
5007976,Taquarussu,MS,Mato Grosso do Sul,Centro-Oeste,Leste de Mato Grosso do Sul,Nova Andradina,Dourados,3625.0,1052.232,3.45,88.77,181313.0,2021.0,50017.38
5008008,Terenos,MS,Mato Grosso do Sul,Centro-Oeste,Centro Norte de Mato Grosso do Sul,Campo Grande,Campo Grande,17652.0,2845.723,6.2,92.73,717675.0,2021.0,40656.87
5008305,Três Lagoas,MS,Mato Grosso do Sul,Centro-Oeste,Leste de Mato Grosso do Sul,Três Lagoas,Campo Grande,132152.0,10217.071,12.93,96.17,11704743.0,2021.0,88570.31
5008404,Vicentina,MS,Mato Grosso do Sul,Centro-Oeste,Sudoeste de Mato Grosso do Sul,Dourados,Dourados,6336.0,312.429,20.28,89.81,371816.0,2021.0,58683.08
5100102,Acorizal,MT,Mato Grosso,Centro-Oeste,Centro-Sul Mato-grossense,Rosário Oeste,Cuiabá,5014.0,850.763,5.89,89.57,109140.0,2021.0,21767.05
5100201,Água Boa,MT,Mato Grosso,Centro-Oeste,Nordeste Mato-grossense,Canarana,Barra do Garças,29219.0,7549.308,3.87,94.41,2000535.0,2021.0,68466.92
5100250,Alta Floresta,MT,Mato Grosso,Centro-Oeste,Norte Mato-grossense,Alta Floresta,Sinop,58613.0,8955.41,6.54,94.2,2111630.0,2021.0,36026.65
5100300,Alto Araguaia,MT,Mato Grosso,Centro-Oeste,Sudeste Mato-grossense,Alto Araguaia,Rondonópolis,17193.0,5402.308,3.18,92.02,1172814.0,2021.0,68214.62
5100359,Alto Boa Vista,MT,Mato Grosso,Centro-Oeste,Nordeste Mato-grossense,Norte Araguaia,Barra do Garças,5715.0,2248.414,2.54,91.59,264000.0,2021.0,46194.23
5100409,Alto Garças,MT,Mato Grosso,Centro-Oeste,Sudeste Mato-grossense,Alto Araguaia,Rondonópolis,13052.0,3858.153,3.38,94.13,1197572.0,2021.0,91753.91
5100508,Alto Paraguai,MT,Mato Grosso,Centro-Oeste,Centro-Sul Mato-grossense,Alto Paraguai,Cuiabá,8009.0,1847.354,4.34,90.6,166610.0,2021.0,20802.85
5100607,Alto Taquari,MT,Mato Grosso,Centro-Oeste,Sudeste Mato-grossense,Alto Araguaia,Rondonópolis,10904.0,1436.582,7.59,94.44,1295710.0,2021.0,118828.87
5100805,Apiacás,MT,Mato Grosso,Centro-Oeste,Norte Mato-grossense,Alta Floresta,Sinop,8590.0,20489.024,0.42,88.4,233790.0,2021.0,27216.53
5101001,Araguaiana,MT,Mato Grosso,Centro-Oeste,Nordeste Mato-grossense,Médio Araguaia,Barra do Garças,3795.0,6380.7,0.59,91.3,126561.0,2021.0,33349.41
5101209,Araguainha,MT,Mato Grosso,Centro-Oeste,Sudeste Mato-grossense,Tesouro,Rondonópolis,1010.0,675.231,1.5,87.09,28025.0,2021.0,27747.52
5101258,Araputanga,MT,Mato Grosso,Centro-Oeste,Sudoeste Mato-grossense,Jauru,Cáceres,14786.0,1639.733,9.02,90.57,655066.0,2021.0,44303.12
5101308,Arenápolis,MT,Mato Grosso,Centro-Oeste,Centro-Sul Mato-grossense,Alto Paraguai,Cuiabá,10576.0,417.337,25.34,90.5,232216.0,2021.0,21956.88
5101407,Aripuanã,MT,Mato Grosso,Centro-Oeste,Norte Mato-grossense,Aripuanã,Sinop,24626.0,24678.135,1.0,94.66,1445988.0,2021.0,58717.94
5101605,Barão de Melgaço,MT,Mato Grosso,Centro-Oeste,Centro-Sul Mato-grossense,Alto Pantanal,Cuiabá,7253.0,11374.872,0.64,85.46,124583.0,2021.0,17176.75
5101704,Barra do Bugres,MT,Mato Grosso,Centro-Oeste,Sudoeste Mato-grossense,Tangará da Serra,Cuiabá,29403.0,5976.864,4.92,90.7,1568772.0,2021.0,53354.15
5101803,Barra do Garças,MT,Mato Grosso,Centro-Oeste,Nordeste Mato-grossense,Médio Araguaia,Barra do Garças,69210.0,8363.149,8.28,95.69,2578984.0,2021.0,37263.17
5101837,Boa Esperança do Norte,MT,Mato Grosso,Centro-Oeste,,,Sinop,,,,,,,
5101852,Bom Jesus do Araguaia,MT,Mato Grosso,Centro-Oeste,Nordeste Mato-grossense,Norte Araguaia,Barra do Garças,7280.0,4266.636,1.71,93.6,769106.0,2021.0,105646.43
5101902,Brasnorte,MT,Mato Grosso,Centro-Oeste,Norte Mato-grossense,Aripuanã,Cuiabá,17004.0,15968.355,1.06,92.96,2087054.0,2021.0,122739.0
5102504,Cáceres,MT,Mato Grosso,Centro-Oeste,Centro-Sul Mato-grossense,Alto Pantanal,Cáceres,89681.0,24495.51,3.66,92.24,2264298.0,2021.0,25248.36
5102603,Campinápolis,MT,Mato Grosso,Centro-Oeste,Nordeste Mato-grossense,Canarana,Barra do Garças,15347.0,5978.985,2.57,83.82,437258.0,2021.0,28491.43
5102637,Campo Novo do Parecis,MT,Mato Grosso,Centro-Oeste,Norte Mato-grossense,Parecis,Cuiabá,45899.0,9428.586,4.87,95.7,6910185.0,2021.0,150551.97
5102678,Campo Verde,MT,Mato Grosso,Centro-Oeste,Sudeste Mato-grossense,Primavera do Leste,Cuiabá,44585.0,4770.631,9.35,95.51,4992842.0,2021.0,111984.79
5102686,Campos de Júlio,MT,Mato Grosso,Centro-Oeste,Norte Mato-grossense,Parecis,Cáceres,8822.0,6792.808,1.3,94.15,3302451.0,2021.0,374342.67
5102694,Canabrava do Norte,MT,Mato Grosso,Centro-Oeste,Nordeste Mato-grossense,Norte Araguaia,Barra do Garças,4485.0,3449.037,1.3,91.09,267165.0,2021.0,59568.56
5102702,Canarana,MT,Mato Grosso,Centro-Oeste,Nordeste Mato-grossense,Canarana,Barra do Garças,25858.0,10855.181,2.38,94.28,2931363.0,2021.0,113363.87
5102793,Carlinda,MT,Mato Grosso,Centro-Oeste,Norte Mato-grossense,Alta Floresta,Sinop,10332.0,2421.788,4.27,87.71,299341.0,2021.0,28972.22
5102850,Castanheira,MT,Mato Grosso,Centro-Oeste,Norte Mato-grossense,Aripuanã,Sinop,7506.0,3713.466,2.02,91.54,215078.0,2021.0,28654.14
5103007,Chapada dos Guimarães,MT,Mato Grosso,Centro-Oeste,Centro-Sul Mato-grossense,Cuiabá,Cuiabá,18990.0,6603.252,2.88,90.16,1214478.0,2021.0,63953.55
5103056,Cláudia,MT,Mato Grosso,Centro-Oeste,Norte Mato-grossense,Sinop,Sinop,9593.0,3843.561,2.5,93.32,1068338.0,2021.0,111366.41
5103106,Cocalinho,MT,Mato Grosso,Centro-Oeste,Nordeste Mato-grossense,Médio Araguaia,Barra do Garças,6220.0,16563.136,0.38,89.4,297648.0,2021.0,47853.38
5103205,Colíder,MT,Mato Grosso,Centro-Oeste,Norte Mato-grossense,Colíder,Sinop,31370.0,3112.091,10.08,93.13,1269286.0,2021.0,40461.78
5103254,Colniza,MT,Mato Grosso,Centro-Oeste,Norte Mato-grossense,Aripuanã,Sinop,25766.0,27960.237,0.92,92.51,849011.0,2021.0,32950.83
5103304,Comodoro,MT,Mato Grosso,Centro-Oeste,Norte Mato-grossense,Parecis,Cáceres,18238.0,21485.018,0.85,91.47,1258117.0,2021.0,68983.28
5103353,Confresa,MT,Mato Grosso,Centro-Oeste,Nordeste Mato-grossense,Norte Araguaia,Barra do Garças,35075.0,5802.314,6.05,93.34,1536916.0,2021.0,43817.99
5103361,Conquista D'Oeste,MT,Mato Grosso,Centro-Oeste,Sudoeste Mato-grossense,Alto Guaporé,Cáceres,3760.0,2684.676,1.4,91.0,143169.0,2021.0,38076.86
5103379,Cotriguaçu,MT,Mato Grosso,Centro-Oeste,Norte Mato-grossense,Aripuanã,Sinop,11011.0,9469.957,1.16,91.77,324391.0,2021.0,29460.63
5103403,Cuiabá,MT,Mato Grosso,Centro-Oeste,Centro-Sul Mato-grossense,Cuiabá,Cuiabá,650877.0,4327.448,150.41,96.73,29743722.0,2021.0,45697.92
5103437,Curvelândia,MT,Mato Grosso,Centro-Oeste,Centro-Sul Mato-grossense,Alto Pantanal,Cáceres,4903.0,357.128,13.73,89.22,123824.0,2021.0,25254.74
5103452,Denise,MT,Mato Grosso,Centro-Oeste,Sudoeste Mato-grossense,Tangará da Serra,Cuiabá,7014.0,1273.178,5.51,88.62,529572.0,2021.0,75502.14
5103502,Diamantino,MT,Mato Grosso,Centro-Oeste,Norte Mato-grossense,Parecis,Cuiabá,21941.0,8263.397,2.66,93.62,5746756.0,2021.0,261918.6
5103601,Dom Aquino,MT,Mato Grosso,Centro-Oeste,Sudeste Mato-grossense,Rondonópolis,Rondonópolis,7872.0,2183.603,3.61,88.76,673289.0,2021.0,85529.6
5103700,Feliz Natal,MT,Mato Grosso,Centro-Oeste,Norte Mato-grossense,Sinop,Sinop,10521.0,11661.514,0.9,93.56,1044834.0,2021.0,99309.38
5103809,Figueirópolis D'Oeste,MT,Mato Grosso,Centro-Oeste,Sudoeste Mato-grossense,Jauru,Cáceres,3187.0,891.448,3.58,91.0,83603.0,2021.0,26232.51
5103858,Gaúcha do Norte,MT,Mato Grosso,Centro-Oeste,Norte Mato-grossense,Paranatinga,Barra do Garças,8642.0,16908.375,0.51,90.22,1290850.0,2021.0,149369.36
5103908,General Carneiro,MT,Mato Grosso,Centro-Oeste,Sudeste Mato-grossense,Tesouro,Barra do Garças,6037.0,4514.917,1.34,90.06,481705.0,2021.0,79792.12
5103957,Glória D'Oeste,MT,Mato Grosso,Centro-Oeste,Sudoeste Mato-grossense,Jauru,Cáceres,2905.0,833.13,3.49,89.13,89215.0,2021.0,30710.84
5104104,Guarantã do Norte,MT,Mato Grosso,Centro-Oeste,Norte Mato-grossense,Colíder,Sinop,31024.0,4725.281,6.57,94.03,1099092.0,2021.0,35427.15
5104203,Guiratinga,MT,Mato Grosso,Centro-Oeste,Sudeste Mato-grossense,Tesouro,Rondonópolis,10966.0,5043.899,2.17,90.73,727107.0,2021.0,66305.58
5104500,Indiavaí,MT,Mato Grosso,Centro-Oeste,Sudoeste Mato-grossense,Jauru,Cáceres,2213.0,592.495,3.74,89.29,103576.0,2021.0,46803.43
5104526,Ipiranga do Norte,MT,Mato Grosso,Centro-Oeste,Norte Mato-grossense,Alto Teles Pires,Sinop,7815.0,3422.016,2.28,95.83,1924821.0,2021.0,246298.27
5104542,Itanhangá,MT,Mato Grosso,Centro-Oeste,Norte Mato-grossense,Alto Teles Pires,Sinop,7539.0,2909.745,2.59,93.66,721420.0,2021.0,95691.74
5104559,Itaúba,MT,Mato Grosso,Centro-Oeste,Norte Mato-grossense,Sinop,Sinop,5020.0,4521.79,1.11,89.91,418990.0,2021.0,83464.14
5104609,Itiquira,MT,Mato Grosso,Centro-Oeste,Sudeste Mato-grossense,Rondonópolis,Rondonópolis,12236.0,8698.814,1.41,93.53,2144680.0,2021.0,175276.23
5104807,Jaciara,MT,Mato Grosso,Centro-Oeste,Sudeste Mato-grossense,Rondonópolis,Rondonópolis,28569.0,2429.678,11.76,93.35,1197725.0,2021.0,41923.94
5104906,Jangada,MT,Mato Grosso,Centro-Oeste,Centro-Sul Mato-grossense,Rosário Oeste,Cuiabá,7426.0,1114.302,6.66,82.95,188752.0,2021.0,25417.72
5105002,Jauru,MT,Mato Grosso,Centro-Oeste,Sudoeste Mato-grossense,Jauru,Cáceres,8367.0,1345.411,6.22,87.08,348767.0,2021.0,41683.64
5105101,Juara,MT,Mato Grosso,Centro-Oeste,Norte Mato-grossense,Arinos,Sinop,34906.0,22632.713,1.54,93.07,1365473.0,2021.0,39118.58
5105150,Juína,MT,Mato Grosso,Centro-Oeste,Norte Mato-grossense,Aripuanã,Sinop,45869.0,26397.173,1.74,93.16,1332790.0,2021.0,29056.44
5105176,Juruena,MT,Mato Grosso,Centro-Oeste,Norte Mato-grossense,Aripuanã,Sinop,10213.0,3207.837,3.18,91.17,297859.0,2021.0,29164.69
5105200,Juscimeira,MT,Mato Grosso,Centro-Oeste,Sudeste Mato-grossense,Rondonópolis,Rondonópolis,11480.0,2291.307,5.01,88.8,528595.0,2021.0,46044.86
5105234,Lambari D'Oeste,MT,Mato Grosso,Centro-Oeste,Sudoeste Mato-grossense,Jauru,Cáceres,4790.0,1810.547,2.65,84.94,244948.0,2021.0,51137.37
5105259,Lucas do Rio Verde,MT,Mato Grosso,Centro-Oeste,Norte Mato-grossense,Alto Teles Pires,Sinop,83798.0,3674.596,22.8,97.16,6891172.0,2021.0,82235.52
5105309,Luciara,MT,Mato Grosso,Centro-Oeste,Nordeste Mato-grossense,Norte Araguaia,Barra do Garças,2509.0,4282.733,0.59,91.3,41158.0,2021.0,16404.15
5105507,Vila Bela da Santíssima Trindade,MT,Mato Grosso,Centro-Oeste,Sudoeste Mato-grossense,Alto Guaporé,Cáceres,16774.0,13484.71,1.24,91.97,639027.0,2021.0,38096.28
5105580,Marcelândia,MT,Mato Grosso,Centro-Oeste,Norte Mato-grossense,Sinop,Sinop,11396.0,12285.486,0.93,93.32,674525.0,2021.0,59189.63
5105606,Matupá,MT,Mato Grosso,Centro-Oeste,Norte Mato-grossense,Colíder,Sinop,20091.0,5228.272,3.84,93.21,1282800.0,2021.0,63849.48
5105622,Mirassol d'Oeste,MT,Mato Grosso,Centro-Oeste,Sudoeste Mato-grossense,Jauru,Cáceres,26785.0,1085.486,24.68,91.92,835566.0,2021.0,31195.3
5105903,Nobres,MT,Mato Grosso,Centro-Oeste,Norte Mato-grossense,Alto Teles Pires,Cuiabá,15492.0,3908.739,3.96,91.78,1114842.0,2021.0,71962.43
5106000,Nortelândia,MT,Mato Grosso,Centro-Oeste,Centro-Sul Mato-grossense,Alto Paraguai,Cuiabá,5956.0,1336.754,4.46,90.34,325635.0,2021.0,54673.44
5106109,Nossa Senhora do Livramento,MT,Mato Grosso,Centro-Oeste,Centro-Sul Mato-grossense,Cuiabá,Cuiabá,12940.0,5537.413,2.34,87.2,387788.0,2021.0,29968.16
5106158,Nova Bandeirantes,MT,Mato Grosso,Centro-Oeste,Norte Mato-grossense,Alta Floresta,Sinop,13635.0,9556.661,1.43,93.5,343302.0,2021.0,25178.0
5106174,Nova Nazaré,MT,Mato Grosso,Centro-Oeste,Nordeste Mato-grossense,Canarana,Barra do Garças,4200.0,4034.539,1.04,82.43,140562.0,2021.0,33467.14
5106182,Nova Lacerda,MT,Mato Grosso,Centro-Oeste,Sudoeste Mato-grossense,Alto Guaporé,Cáceres,6670.0,4780.426,1.4,89.95,445568.0,2021.0,66801.8
5106190,Nova Santa Helena,MT,Mato Grosso,Centro-Oeste,Norte Mato-grossense,Sinop,Sinop,4239.0,2385.611,1.78,91.0,333226.0,2021.0,78609.58
5106208,Nova Brasilândia,MT,Mato Grosso,Centro-Oeste,Norte Mato-grossense,Paranatinga,Cuiabá,3932.0,3290.032,1.2,79.79,109110.0,2021.0,27749.24
5106216,Nova Canaã do Norte,MT,Mato Grosso,Centro-Oeste,Norte Mato-grossense,Colíder,Sinop,11707.0,5953.099,1.97,91.99,909101.0,2021.0,77654.48
5106224,Nova Mutum,MT,Mato Grosso,Centro-Oeste,Norte Mato-grossense,Alto Teles Pires,Sinop,55839.0,9536.814,5.86,96.12,6036492.0,2021.0,108105.3
5106232,Nova Olímpia,MT,Mato Grosso,Centro-Oeste,Sudoeste Mato-grossense,Tangará da Serra,Cuiabá,16352.0,1327.266,12.32,89.2,732047.0,2021.0,44768.04
5106240,Nova Ubiratã,MT,Mato Grosso,Centro-Oeste,Norte Mato-grossense,Alto Teles Pires,Sinop,11530.0,12460.736,0.93,93.27,3270100.0,2021.0,283616.65
5106257,Nova Xavantina,MT,Mato Grosso,Centro-Oeste,Nordeste Mato-grossense,Canarana,Barra do Garças,24345.0,5491.972,4.43,93.65,1033180.0,2021.0,42439.1
5106265,Novo Mundo,MT,Mato Grosso,Centro-Oeste,Norte Mato-grossense,Colíder,Sinop,6520.0,5800.759,1.12,94.7,486222.0,2021.0,74573.93
5106273,Novo Horizonte do Norte,MT,Mato Grosso,Centro-Oeste,Norte Mato-grossense,Arinos,Sinop,3349.0,920.048,3.64,88.21,101476.0,2021.0,30300.39
5106281,Novo São Joaquim,MT,Mato Grosso,Centro-Oeste,Nordeste Mato-grossense,Canarana,Barra do Garças,6919.0,5225.595,1.32,90.27,862983.0,2021.0,124726.55
5106299,Paranaíta,MT,Mato Grosso,Centro-Oeste,Norte Mato-grossense,Alta Floresta,Sinop,11671.0,4814.149,2.42,91.15,796134.0,2021.0,68214.72
5106307,Paranatinga,MT,Mato Grosso,Centro-Oeste,Norte Mato-grossense,Paranatinga,Rondonópolis,26423.0,24166.632,1.09,93.06,2135755.0,2021.0,80829.39
5106315,Novo Santo Antônio,MT,Mato Grosso,Centro-Oeste,Nordeste Mato-grossense,Norte Araguaia,Barra do Garças,2015.0,4394.78,0.46,92.94,56622.0,2021.0,28100.25
5106372,Pedra Preta,MT,Mato Grosso,Centro-Oeste,Sudeste Mato-grossense,Rondonópolis,Rondonópolis,18066.0,3841.672,4.7,90.46,1575720.0,2021.0,87220.19
5106422,Peixoto de Azevedo,MT,Mato Grosso,Centro-Oeste,Norte Mato-grossense,Colíder,Sinop,32714.0,14433.775,2.27,90.52,918432.0,2021.0,28074.59
5106455,Planalto da Serra,MT,Mato Grosso,Centro-Oeste,Norte Mato-grossense,Paranatinga,Cuiabá,3166.0,2437.59,1.3,91.46,231865.0,2021.0,73235.94
5106505,Poconé,MT,Mato Grosso,Centro-Oeste,Centro-Sul Mato-grossense,Alto Pantanal,Cuiabá,31217.0,17156.759,1.82,88.88,709415.0,2021.0,22725.28
5106653,Pontal do Araguaia,MT,Mato Grosso,Centro-Oeste,Sudeste Mato-grossense,Tesouro,Barra do Garças,6932.0,2742.482,2.53,94.26,123203.0,2021.0,17773.08
5106703,Ponte Branca,MT,Mato Grosso,Centro-Oeste,Sudeste Mato-grossense,Tesouro,Barra do Garças,2008.0,701.138,2.86,86.45,31217.0,2021.0,15546.31
5106752,Pontes e Lacerda,MT,Mato Grosso,Centro-Oeste,Sudoeste Mato-grossense,Alto Guaporé,Cáceres,52018.0,8545.292,6.09,93.29,2436063.0,2021.0,46831.15
5106778,Porto Alegre do Norte,MT,Mato Grosso,Centro-Oeste,Nordeste Mato-grossense,Norte Araguaia,Barra do Garças,12127.0,3971.721,3.05,91.93,568644.0,2021.0,46890.74
5106802,Porto dos Gaúchos,MT,Mato Grosso,Centro-Oeste,Norte Mato-grossense,Arinos,Sinop,5593.0,6846.668,0.82,93.84,1318753.0,2021.0,235786.34
5106828,Porto Esperidião,MT,Mato Grosso,Centro-Oeste,Sudoeste Mato-grossense,Jauru,Cáceres,10204.0,5835.278,1.75,88.18,308567.0,2021.0,30239.81
5106851,Porto Estrela,MT,Mato Grosso,Centro-Oeste,Sudoeste Mato-grossense,Tangará da Serra,Cuiabá,3224.0,2045.467,1.58,77.76,83532.0,2021.0,25909.43
5107008,Poxoréu,MT,Mato Grosso,Centro-Oeste,Sudeste Mato-grossense,Tesouro,Rondonópolis,23283.0,6915.298,3.37,89.46,1077680.0,2021.0,46286.13
5107040,Primavera do Leste,MT,Mato Grosso,Centro-Oeste,Sudeste Mato-grossense,Primavera do Leste,Rondonópolis,85146.0,5470.383,15.56,96.81,6964815.0,2021.0,81798.5
5107065,Querência,MT,Mato Grosso,Centro-Oeste,Nordeste Mato-grossense,Canarana,Barra do Garças,26769.0,17799.989,1.5,95.1,4259261.0,2021.0,159111.7
5107107,São José dos Quatro Marcos,MT,Mato Grosso,Centro-Oeste,Sudoeste Mato-grossense,Jauru,Cáceres,17849.0,1282.763,13.91,90.8,448462.0,2021.0,25125.33
5107156,Reserva do Cabaçal,MT,Mato Grosso,Centro-Oeste,Sudoeste Mato-grossense,Jauru,Cáceres,2122.0,1331.677,1.59,89.31,47446.0,2021.0,22359.1
5107180,Ribeirão Cascalheira,MT,Mato Grosso,Centro-Oeste,Nordeste Mato-grossense,Norte Araguaia,Barra do Garças,10089.0,11354.555,0.89,91.65,756776.0,2021.0,75010.01
5107198,Ribeirãozinho,MT,Mato Grosso,Centro-Oeste,Sudeste Mato-grossense,Tesouro,Barra do Garças,2593.0,624.997,4.15,91.28,188968.0,2021.0,72876.21
5107206,Rio Branco,MT,Mato Grosso,Centro-Oeste,Sudoeste Mato-grossense,Jauru,Cáceres,4535.0,539.287,8.41,88.49,107188.0,2021.0,23635.72
5107248,Santa Carmem,MT,Mato Grosso,Centro-Oeste,Norte Mato-grossense,Sinop,Sinop,5374.0,3812.09,1.41,93.75,1032285.0,2021.0,192088.76
5107263,Santo Afonso,MT,Mato Grosso,Centro-Oeste,Centro-Sul Mato-grossense,Alto Paraguai,Cuiabá,2519.0,1166.382,2.16,88.46,161534.0,2021.0,64126.24
5107297,São José do Povo,MT,Mato Grosso,Centro-Oeste,Sudeste Mato-grossense,Rondonópolis,Rondonópolis,2875.0,489.737,5.87,88.61,58942.0,2021.0,20501.57
5107305,São José do Rio Claro,MT,Mato Grosso,Centro-Oeste,Norte Mato-grossense,Arinos,Cuiabá,14911.0,4525.304,3.3,90.53,1465536.0,2021.0,98285.56
5107354,São José do Xingu,MT,Mato Grosso,Centro-Oeste,Nordeste Mato-grossense,Norte Araguaia,Barra do Garças,5964.0,7465.563,0.8,92.59,934646.0,2021.0,156714.62
5107404,São Pedro da Cipa,MT,Mato Grosso,Centro-Oeste,Sudeste Mato-grossense,Rondonópolis,Rondonópolis,4191.0,344.33,12.17,87.1,69263.0,2021.0,16526.6
5107578,Rondolândia,MT,Mato Grosso,Centro-Oeste,Norte Mato-grossense,Aripuanã,Sinop,3505.0,12658.341,0.28,89.81,114345.0,2021.0,32623.4
5107602,Rondonópolis,MT,Mato Grosso,Centro-Oeste,Sudeste Mato-grossense,Rondonópolis,Rondonópolis,244911.0,4824.02,50.77,95.44,17294386.0,2021.0,70614.98
5107701,Rosário Oeste,MT,Mato Grosso,Centro-Oeste,Centro-Sul Mato-grossense,Rosário Oeste,Cuiabá,15453.0,7339.443,2.11,86.36,534979.0,2021.0,34619.75
5107743,Santa Cruz do Xingu,MT,Mato Grosso,Centro-Oeste,Nordeste Mato-grossense,Norte Araguaia,Barra do Garças,2661.0,5623.39,0.47,92.75,320546.0,2021.0,120460.73
5107750,Salto do Céu,MT,Mato Grosso,Centro-Oeste,Sudoeste Mato-grossense,Jauru,Cáceres,3679.0,1753.378,2.1,88.99,94294.0,2021.0,25630.33
5107768,Santa Rita do Trivelato,MT,Mato Grosso,Centro-Oeste,Norte Mato-grossense,Alto Teles Pires,Sinop,3276.0,4747.042,0.69,93.24,1236019.0,2021.0,377295.18
5107776,Santa Terezinha,MT,Mato Grosso,Centro-Oeste,Nordeste Mato-grossense,Norte Araguaia,Barra do Garças,7596.0,6466.223,1.17,88.87,300549.0,2021.0,39566.75
5107792,Santo Antônio do Leste,MT,Mato Grosso,Centro-Oeste,Nordeste Mato-grossense,Canarana,Rondonópolis,4099.0,3403.593,1.2,93.53,1019938.0,2021.0,248826.06
5107800,Santo Antônio de Leverger,MT,Mato Grosso,Centro-Oeste,Centro-Sul Mato-grossense,Cuiabá,Cuiabá,15246.0,9469.139,1.61,89.91,820042.0,2021.0,53787.35
5107859,São Félix do Araguaia,MT,Mato Grosso,Centro-Oeste,Nordeste Mato-grossense,Norte Araguaia,Barra do Garças,13621.0,16682.473,0.82,91.67,1622830.0,2021.0,119141.77
5107875,Sapezal,MT,Mato Grosso,Centro-Oeste,Norte Mato-grossense,Parecis,Cuiabá,28944.0,13614.552,2.13,95.6,6978522.0,2021.0,241104.27
5107883,Serra Nova Dourada,MT,Mato Grosso,Centro-Oeste,Nordeste Mato-grossense,Norte Araguaia,Barra do Garças,1800.0,1490.793,1.21,90.84,75359.0,2021.0,41866.11
5107909,Sinop,MT,Mato Grosso,Centro-Oeste,Norte Mato-grossense,Sinop,Sinop,196312.0,3990.87,49.19,96.57,9623193.0,2021.0,49019.89
5107925,Sorriso,MT,Mato Grosso,Centro-Oeste,Norte Mato-grossense,Alto Teles Pires,Sinop,110635.0,9293.629,11.9,96.0,12522102.0,2021.0,113183.91
5107941,Tabaporã,MT,Mato Grosso,Centro-Oeste,Norte Mato-grossense,Arinos,Sinop,9818.0,8439.05,1.16,92.94,1319770.0,2021.0,134423.51
5107958,Tangará da Serra,MT,Mato Grosso,Centro-Oeste,Sudoeste Mato-grossense,Tangará da Serra,Cuiabá,106434.0,11636.825,9.15,94.42,5584812.0,2021.0,52472.07
5108006,Tapurah,MT,Mato Grosso,Centro-Oeste,Norte Mato-grossense,Alto Teles Pires,Sinop,14370.0,4492.539,3.2,94.79,2007623.0,2021.0,139709.32
5108055,Terra Nova do Norte,MT,Mato Grosso,Centro-Oeste,Norte Mato-grossense,Colíder,Sinop,10616.0,2399.736,4.42,91.53,502243.0,2021.0,47310.0
5108105,Tesouro,MT,Mato Grosso,Centro-Oeste,Sudeste Mato-grossense,Tesouro,Rondonópolis,3025.0,4244.073,0.71,89.55,312770.0,2021.0,103395.04
5108204,Torixoréu,MT,Mato Grosso,Centro-Oeste,Sudeste Mato-grossense,Tesouro,Barra do Garças,4164.0,2398.383,1.74,89.07,211334.0,2021.0,50752.64
5108303,União do Sul,MT,Mato Grosso,Centro-Oeste,Norte Mato-grossense,Sinop,Sinop,3838.0,4590.628,0.84,90.78,504202.0,2021.0,131371.03
5108352,Vale de São Domingos,MT,Mato Grosso,Centro-Oeste,Sudoeste Mato-grossense,Alto Guaporé,Cáceres,2904.0,1901.545,1.53,88.47,77128.0,2021.0,26559.23
5108402,Várzea Grande,MT,Mato Grosso,Centro-Oeste,Centro-Sul Mato-grossense,Cuiabá,Cuiabá,300078.0,724.279,414.31,95.52,9916032.0,2021.0,33044.85
5108501,Vera,MT,Mato Grosso,Centro-Oeste,Norte Mato-grossense,Sinop,Sinop,12800.0,3058.364,4.19,92.87,1291884.0,2021.0,100928.44
5108600,Vila Rica,MT,Mato Grosso,Centro-Oeste,Nordeste Mato-grossense,Norte Araguaia,Barra do Garças,19888.0,7436.383,2.67,92.18,879112.0,2021.0,44203.14
5108808,Nova Guarita,MT,Mato Grosso,Centro-Oeste,Norte Mato-grossense,Colíder,Sinop,4590.0,1121.928,4.09,93.1,167410.0,2021.0,36472.77
5108857,Nova Marilândia,MT,Mato Grosso,Centro-Oeste,Centro-Sul Mato-grossense,Alto Paraguai,Cuiabá,3529.0,1905.744,1.85,91.98,422820.0,2021.0,119812.98
5108907,Nova Maringá,MT,Mato Grosso,Centro-Oeste,Norte Mato-grossense,Arinos,Cuiabá,5846.0,11553.479,0.51,91.98,1204704.0,2021.0,206073.21
5108956,Nova Monte Verde,MT,Mato Grosso,Centro-Oeste,Norte Mato-grossense,Alta Floresta,Sinop,8313.0,5139.307,1.62,91.02,367193.0,2021.0,44170.94
5200050,Abadia de Goiás,GO,Goiás,Centro-Oeste,Centro Goiano,Goiânia,Goiânia,19128.0,143.357,133.43,94.27,353748.0,2021.0,18493.73
5200100,Abadiânia,GO,Goiás,Centro-Oeste,Leste Goiano,Entorno de Brasília,Goiânia,17232.0,1044.555,16.5,92.76,445369.0,2021.0,25845.46
5200134,Acreúna,GO,Goiás,Centro-Oeste,Sul Goiano,Vale do Rio dos Bois,São Luís de Montes Belos - Iporá,21568.0,1566.742,13.77,90.7,1051903.0,2021.0,48771.47
5200159,Adelândia,GO,Goiás,Centro-Oeste,Centro Goiano,Anicuns,Goiânia,2297.0,115.385,19.91,89.78,48810.0,2021.0,21249.46
5200175,Água Fria de Goiás,GO,Goiás,Centro-Oeste,Leste Goiano,Entorno de Brasília,Luziânia - Águas Lindas de Goiás,4954.0,2023.636,2.45,89.07,533256.0,2021.0,107641.5
5200209,Água Limpa,GO,Goiás,Centro-Oeste,Sul Goiano,Meia Ponte,Itumbiara,1858.0,458.836,4.05,90.8,63867.0,2021.0,34374.06
5200258,Águas Lindas de Goiás,GO,Goiás,Centro-Oeste,Leste Goiano,Entorno de Brasília,Luziânia - Águas Lindas de Goiás,225693.0,191.817,1176.61,94.76,2463488.0,2021.0,10915.22
5200308,Alexânia,GO,Goiás,Centro-Oeste,Leste Goiano,Entorno de Brasília,Goiânia,27008.0,846.876,31.89,91.15,1128156.0,2021.0,41771.18
5200506,Aloândia,GO,Goiás,Centro-Oeste,Sul Goiano,Meia Ponte,Itumbiara,1973.0,102.094,19.33,89.05,63743.0,2021.0,32307.65
5200555,Alto Horizonte,GO,Goiás,Centro-Oeste,Norte Goiano,Porangatu,Porangatu - Uruaçu,6072.0,500.342,12.14,93.72,1280308.0,2021.0,210854.41
5200605,Alto Paraíso de Goiás,GO,Goiás,Centro-Oeste,Norte Goiano,Chapada dos Veadeiros,Luziânia - Águas Lindas de Goiás,10306.0,2594.998,3.97,94.05,297039.0,2021.0,28821.95
5200803,Alvorada do Norte,GO,Goiás,Centro-Oeste,Leste Goiano,Vão do Paranã,Luziânia - Águas Lindas de Goiás,8446.0,1268.347,6.66,87.2,173153.0,2021.0,20501.18
5200829,Amaralina,GO,Goiás,Centro-Oeste,Norte Goiano,Porangatu,Porangatu - Uruaçu,3268.0,1343.742,2.43,88.39,109093.0,2021.0,33382.19
5200852,Americano do Brasil,GO,Goiás,Centro-Oeste,Centro Goiano,Anicuns,Goiânia,5259.0,133.834,39.29,88.56,91419.0,2021.0,17383.34
5200902,Amorinópolis,GO,Goiás,Centro-Oeste,Centro Goiano,Iporá,São Luís de Montes Belos - Iporá,3007.0,406.93,7.39,86.84,118920.0,2021.0,39547.72
5201108,Anápolis,GO,Goiás,Centro-Oeste,Centro Goiano,Anápolis,Goiânia,398869.0,935.672,426.29,96.21,17789474.0,2021.0,44599.79
5201207,Anhanguera,GO,Goiás,Centro-Oeste,Sul Goiano,Catalão,Goiânia,924.0,55.569,16.63,97.15,21702.0,2021.0,23487.01
5201306,Anicuns,GO,Goiás,Centro-Oeste,Centro Goiano,Anicuns,Goiânia,18503.0,976.038,18.96,91.86,512612.0,2021.0,27704.26
5201405,Aparecida de Goiânia,GO,Goiás,Centro-Oeste,Centro Goiano,Goiânia,Goiânia,527796.0,279.954,1885.3,96.33,16981188.0,2021.0,32173.77
5201454,Aparecida do Rio Doce,GO,Goiás,Centro-Oeste,Sul Goiano,Sudoeste de Goiás,Rio Verde,2907.0,603.254,4.82,91.55,110094.0,2021.0,37872.03
5201504,Aporé,GO,Goiás,Centro-Oeste,Sul Goiano,Sudoeste de Goiás,Rio Verde,4325.0,2899.237,1.49,92.8,395754.0,2021.0,91503.82
5201603,Araçu,GO,Goiás,Centro-Oeste,Centro Goiano,Anápolis,Goiânia,3799.0,149.776,25.36,88.88,73510.0,2021.0,19349.83
5201702,Aragarças,GO,Goiás,Centro-Oeste,Noroeste Goiano,Aragarças,São Luís de Montes Belos - Iporá,18390.0,661.677,27.79,93.17,277756.0,2021.0,15103.64
5201801,Aragoiânia,GO,Goiás,Centro-Oeste,Centro Goiano,Goiânia,Goiânia,11890.0,218.125,54.51,91.4,174344.0,2021.0,14663.08
5202155,Araguapaz,GO,Goiás,Centro-Oeste,Noroeste Goiano,Rio Vermelho,Goiânia,7153.0,2188.1,3.27,84.12,180146.0,2021.0,25184.68
5202353,Arenópolis,GO,Goiás,Centro-Oeste,Noroeste Goiano,Aragarças,São Luís de Montes Belos - Iporá,2946.0,1075.535,2.74,89.93,222600.0,2021.0,75560.08
5202502,Aruanã,GO,Goiás,Centro-Oeste,Noroeste Goiano,Rio Vermelho,Goiânia,8300.0,3054.773,2.72,91.29,291985.0,2021.0,35178.92
5202601,Aurilândia,GO,Goiás,Centro-Oeste,Centro Goiano,Anicuns,São Luís de Montes Belos - Iporá,3284.0,565.514,5.81,89.1,81585.0,2021.0,24843.18
5202809,Avelinópolis,GO,Goiás,Centro-Oeste,Centro Goiano,Anicuns,Goiânia,2868.0,170.228,16.85,88.41,68067.0,2021.0,23733.26
5203104,Baliza,GO,Goiás,Centro-Oeste,Noroeste Goiano,Aragarças,São Luís de Montes Belos - Iporá,3351.0,1780.173,1.88,89.54,123257.0,2021.0,36782.15
5203203,Barro Alto,GO,Goiás,Centro-Oeste,Centro Goiano,Ceres,Porangatu - Uruaçu,10371.0,1080.268,9.6,91.43,1573641.0,2021.0,151734.74
5203302,Bela Vista de Goiás,GO,Goiás,Centro-Oeste,Centro Goiano,Goiânia,Goiânia,34445.0,1274.034,27.04,94.04,1481064.0,2021.0,42997.94
5203401,Bom Jardim de Goiás,GO,Goiás,Centro-Oeste,Noroeste Goiano,Aragarças,São Luís de Montes Belos - Iporá,7826.0,1901.137,4.12,90.04,257679.0,2021.0,32926.02
5203500,Bom Jesus de Goiás,GO,Goiás,Centro-Oeste,Sul Goiano,Meia Ponte,Itumbiara,23958.0,1405.605,17.04,91.93,1229697.0,2021.0,51327.2
5203559,Bonfinópolis,GO,Goiás,Centro-Oeste,Centro Goiano,Goiânia,Goiânia,10296.0,121.915,84.45,92.76,121159.0,2021.0,11767.58
5203575,Bonópolis,GO,Goiás,Centro-Oeste,Norte Goiano,Porangatu,Porangatu - Uruaçu,3299.0,1635.319,2.02,86.76,156648.0,2021.0,47483.48
5203609,Brazabrantes,GO,Goiás,Centro-Oeste,Centro Goiano,Anápolis,Goiânia,3992.0,125.326,31.85,92.17,93847.0,2021.0,23508.77
5203807,Britânia,GO,Goiás,Centro-Oeste,Noroeste Goiano,Rio Vermelho,Goiânia,5695.0,1458.459,3.9,89.44,198125.0,2021.0,34789.29
5203906,Buriti Alegre,GO,Goiás,Centro-Oeste,Sul Goiano,Meia Ponte,Itumbiara,10495.0,901.932,11.64,92.92,467748.0,2021.0,44568.65
5203939,Buriti de Goiás,GO,Goiás,Centro-Oeste,Centro Goiano,Anicuns,São Luís de Montes Belos - Iporá,2732.0,202.576,13.49,89.89,56930.0,2021.0,20838.21
5203962,Buritinópolis,GO,Goiás,Centro-Oeste,Leste Goiano,Vão do Paranã,Luziânia - Águas Lindas de Goiás,3145.0,246.075,12.78,81.18,88916.0,2021.0,28272.18
5204003,Cabeceiras,GO,Goiás,Centro-Oeste,Leste Goiano,Entorno de Brasília,Luziânia - Águas Lindas de Goiás,7560.0,1126.434,6.71,89.97,475971.0,2021.0,62959.13
5204102,Cachoeira Alta,GO,Goiás,Centro-Oeste,Sul Goiano,Quirinópolis,Rio Verde,11513.0,1657.226,6.95,91.94,281720.0,2021.0,24469.73
5204201,Cachoeira de Goiás,GO,Goiás,Centro-Oeste,Centro Goiano,Iporá,São Luís de Montes Belos - Iporá,1405.0,424.49,3.31,86.33,38880.0,2021.0,27672.6
5204250,Cachoeira Dourada,GO,Goiás,Centro-Oeste,Sul Goiano,Meia Ponte,Itumbiara,7782.0,528.281,14.73,89.52,69505.0,2021.0,8931.51
5204300,Caçu,GO,Goiás,Centro-Oeste,Sul Goiano,Quirinópolis,Rio Verde,13774.0,2254.34,6.11,92.1,912901.0,2021.0,66277.12
5204409,Caiapônia,GO,Goiás,Centro-Oeste,Sul Goiano,Sudoeste de Goiás,Rio Verde,16513.0,8627.961,1.91,90.09,821715.0,2021.0,49761.7
5204508,Caldas Novas,GO,Goiás,Centro-Oeste,Sul Goiano,Meia Ponte,Itumbiara,98622.0,1608.523,61.31,95.56,3001268.0,2021.0,30432.03
5204557,Caldazinha,GO,Goiás,Centro-Oeste,Centro Goiano,Goiânia,Goiânia,4507.0,251.72,17.9,93.76,84657.0,2021.0,18783.45
5204607,Campestre de Goiás,GO,Goiás,Centro-Oeste,Sul Goiano,Vale do Rio dos Bois,São Luís de Montes Belos - Iporá,3755.0,272.734,13.77,90.17,72754.0,2021.0,19375.23
5204656,Campinaçu,GO,Goiás,Centro-Oeste,Norte Goiano,Porangatu,Porangatu - Uruaçu,3708.0,1978.386,1.87,88.94,110528.0,2021.0,29807.98
5204706,Campinorte,GO,Goiás,Centro-Oeste,Norte Goiano,Porangatu,Porangatu - Uruaçu,12510.0,1064.541,11.75,94.25,333043.0,2021.0,26622.14
5204805,Campo Alegre de Goiás,GO,Goiás,Centro-Oeste,Sul Goiano,Catalão,Goiânia,7422.0,2450.111,3.03,94.35,846766.0,2021.0,114088.66
5204854,Campo Limpo de Goiás,GO,Goiás,Centro-Oeste,Centro Goiano,Anápolis,Goiânia,8081.0,156.113,51.76,94.58,165123.0,2021.0,20433.49
5204904,Campos Belos,GO,Goiás,Centro-Oeste,Norte Goiano,Chapada dos Veadeiros,Luziânia - Águas Lindas de Goiás,18108.0,735.126,24.63,89.4,315342.0,2021.0,17414.51
5204953,Campos Verdes,GO,Goiás,Centro-Oeste,Norte Goiano,Porangatu,Porangatu - Uruaçu,4005.0,443.125,9.04,84.52,56359.0,2021.0,14072.16
5205000,Carmo do Rio Verde,GO,Goiás,Centro-Oeste,Centro Goiano,Ceres,Porangatu - Uruaçu,9710.0,419.821,23.13,91.68,488110.0,2021.0,50268.8
5205059,Castelândia,GO,Goiás,Centro-Oeste,Sul Goiano,Sudoeste de Goiás,Rio Verde,2985.0,299.228,9.98,81.67,91630.0,2021.0,30696.82
5205109,Catalão,GO,Goiás,Centro-Oeste,Sul Goiano,Catalão,Goiânia,114427.0,3826.37,29.9,96.66,9916890.0,2021.0,86665.65
5205208,Caturaí,GO,Goiás,Centro-Oeste,Centro Goiano,Anápolis,Goiânia,5184.0,205.065,25.28,90.14,100787.0,2021.0,19441.94
5205307,Cavalcante,GO,Goiás,Centro-Oeste,Norte Goiano,Chapada dos Veadeiros,Luziânia - Águas Lindas de Goiás,9583.0,6948.78,1.38,84.24,383048.0,2021.0,39971.62
5205406,Ceres,GO,Goiás,Centro-Oeste,Centro Goiano,Ceres,Porangatu - Uruaçu,22046.0,213.07,103.47,95.49,734719.0,2021.0,33326.64
5205455,Cezarina,GO,Goiás,Centro-Oeste,Sul Goiano,Vale do Rio dos Bois,São Luís de Montes Belos - Iporá,8090.0,417.08,19.4,88.57,385020.0,2021.0,47592.09
5205471,Chapadão do Céu,GO,Goiás,Centro-Oeste,Sul Goiano,Sudoeste de Goiás,Rio Verde,12870.0,2184.076,5.89,96.22,2188780.0,2021.0,170068.38
5205497,Cidade Ocidental,GO,Goiás,Centro-Oeste,Leste Goiano,Entorno de Brasília,Luziânia - Águas Lindas de Goiás,91767.0,389.984,235.31,96.08,1006341.0,2021.0,10966.26
5205513,Cocalzinho de Goiás,GO,Goiás,Centro-Oeste,Leste Goiano,Entorno de Brasília,Luziânia - Águas Lindas de Goiás,25016.0,1785.339,14.01,90.91,436380.0,2021.0,17444.04
5205521,Colinas do Sul,GO,Goiás,Centro-Oeste,Norte Goiano,Chapada dos Veadeiros,Porangatu - Uruaçu,4030.0,1707.519,2.36,88.29,70463.0,2021.0,17484.62
5205703,Córrego do Ouro,GO,Goiás,Centro-Oeste,Centro Goiano,Iporá,São Luís de Montes Belos - Iporá,2454.0,458.077,5.36,90.98,74387.0,2021.0,30312.55
5205802,Corumbá de Goiás,GO,Goiás,Centro-Oeste,Leste Goiano,Entorno de Brasília,Goiânia,10562.0,1064.833,9.92,89.88,260271.0,2021.0,24642.21
5205901,Corumbaíba,GO,Goiás,Centro-Oeste,Sul Goiano,Catalão,Itumbiara,9164.0,1864.277,4.92,94.55,709290.0,2021.0,77399.61
5206206,Cristalina,GO,Goiás,Centro-Oeste,Leste Goiano,Entorno de Brasília,Luziânia - Águas Lindas de Goiás,62337.0,6153.921,10.13,93.82,4602541.0,2021.0,73833.21
5206305,Cristianópolis,GO,Goiás,Centro-Oeste,Sul Goiano,Pires do Rio,Itumbiara,3504.0,221.624,15.81,94.44,120120.0,2021.0,34280.82
5206404,Crixás,GO,Goiás,Centro-Oeste,Noroeste Goiano,São Miguel do Araguaia,Porangatu - Uruaçu,17065.0,4673.039,3.65,90.52,699386.0,2021.0,40983.65
5206503,Cromínia,GO,Goiás,Centro-Oeste,Sul Goiano,Meia Ponte,Itumbiara,3883.0,364.918,10.64,92.86,99576.0,2021.0,25644.09
5206602,Cumari,GO,Goiás,Centro-Oeste,Sul Goiano,Catalão,Goiânia,2927.0,568.365,5.15,88.56,96880.0,2021.0,33098.74
5206701,Damianópolis,GO,Goiás,Centro-Oeste,Leste Goiano,Vão do Paranã,Luziânia - Águas Lindas de Goiás,3770.0,417.625,9.03,87.74,44989.0,2021.0,11933.42
5206800,Damolândia,GO,Goiás,Centro-Oeste,Centro Goiano,Anápolis,Goiânia,2724.0,86.057,31.65,89.09,52509.0,2021.0,19276.43
5206909,Davinópolis,GO,Goiás,Centro-Oeste,Sul Goiano,Catalão,Goiânia,1902.0,482.857,3.94,91.83,583107.0,2021.0,306575.71
5207105,Diorama,GO,Goiás,Centro-Oeste,Noroeste Goiano,Aragarças,São Luís de Montes Belos - Iporá,2062.0,685.382,3.01,90.05,96859.0,2021.0,46973.33
5207253,Doverlândia,GO,Goiás,Centro-Oeste,Sul Goiano,Sudoeste de Goiás,Rio Verde,6956.0,3227.558,2.16,89.21,400905.0,2021.0,57634.42
5207352,Edealina,GO,Goiás,Centro-Oeste,Sul Goiano,Vale do Rio dos Bois,Itumbiara,4001.0,598.218,6.69,91.48,405228.0,2021.0,101281.68
5207402,Edéia,GO,Goiás,Centro-Oeste,Sul Goiano,Vale do Rio dos Bois,São Luís de Montes Belos - Iporá,11747.0,1469.099,8.0,91.35,923375.0,2021.0,78605.18
5207501,Estrela do Norte,GO,Goiás,Centro-Oeste,Norte Goiano,Porangatu,Porangatu - Uruaçu,3205.0,301.139,10.64,88.37,74811.0,2021.0,23341.97
5207535,Faina,GO,Goiás,Centro-Oeste,Noroeste Goiano,Rio Vermelho,Goiânia,7070.0,1949.685,3.63,86.41,167618.0,2021.0,23708.35
5207600,Fazenda Nova,GO,Goiás,Centro-Oeste,Centro Goiano,Iporá,São Luís de Montes Belos - Iporá,5877.0,1279.107,4.59,90.7,152416.0,2021.0,25934.32
5207808,Firminópolis,GO,Goiás,Centro-Oeste,Centro Goiano,Anicuns,São Luís de Montes Belos - Iporá,10419.0,422.34,24.67,91.24,272142.0,2021.0,26119.78
5207907,Flores de Goiás,GO,Goiás,Centro-Oeste,Leste Goiano,Vão do Paranã,Luziânia - Águas Lindas de Goiás,13744.0,3695.106,3.72,89.33,250972.0,2021.0,18260.48
5208004,Formosa,GO,Goiás,Centro-Oeste,Leste Goiano,Entorno de Brasília,Luziânia - Águas Lindas de Goiás,115901.0,5804.292,19.97,94.29,3248097.0,2021.0,28024.75
5208103,Formoso,GO,Goiás,Centro-Oeste,Norte Goiano,Porangatu,Porangatu - Uruaçu,4660.0,843.42,5.53,90.21,111687.0,2021.0,23967.17
5208152,Gameleira de Goiás,GO,Goiás,Centro-Oeste,Sul Goiano,Pires do Rio,Goiânia,3456.0,588.328,5.87,91.56,312545.0,2021.0,90435.47
5208301,Divinópolis de Goiás,GO,Goiás,Centro-Oeste,Leste Goiano,Vão do Paranã,Luziânia - Águas Lindas de Goiás,4457.0,828.874,5.38,86.12,91720.0,2021.0,20578.86
5208400,Goianápolis,GO,Goiás,Centro-Oeste,Centro Goiano,Goiânia,Goiânia,13967.0,166.642,83.81,92.92,294420.0,2021.0,21079.69
5208509,Goiandira,GO,Goiás,Centro-Oeste,Sul Goiano,Catalão,Goiânia,4973.0,569.917,8.73,94.8,202210.0,2021.0,40661.57
5208608,Goianésia,GO,Goiás,Centro-Oeste,Centro Goiano,Ceres,Porangatu - Uruaçu,73707.0,1547.319,47.64,93.18,1888440.0,2021.0,25620.9
5208707,Goiânia,GO,Goiás,Centro-Oeste,Centro Goiano,Goiânia,Goiânia,1437366.0,729.296,1970.9,97.51,59870499.0,2021.0,41652.93
5208806,Goianira,GO,Goiás,Centro-Oeste,Centro Goiano,Goiânia,Goiânia,71916.0,213.772,336.41,95.21,1102805.0,2021.0,15334.63
5208905,Goiás,GO,Goiás,Centro-Oeste,Noroeste Goiano,Rio Vermelho,Goiânia,24071.0,3108.423,7.74,91.09,763779.0,2021.0,31730.26
5209101,Goiatuba,GO,Goiás,Centro-Oeste,Sul Goiano,Meia Ponte,Itumbiara,35664.0,2479.591,14.38,94.3,2169650.0,2021.0,60835.86
5209150,Gouvelândia,GO,Goiás,Centro-Oeste,Sul Goiano,Quirinópolis,Rio Verde,4390.0,827.373,5.31,87.01,169400.0,2021.0,38587.7
5209200,Guapó,GO,Goiás,Centro-Oeste,Centro Goiano,Goiânia,Goiânia,19545.0,514.178,38.01,91.67,347725.0,2021.0,17791.0
5209291,Guaraíta,GO,Goiás,Centro-Oeste,Centro Goiano,Ceres,Goiânia,2188.0,205.533,10.65,90.03,52186.0,2021.0,23851.01
5209408,Guarani de Goiás,GO,Goiás,Centro-Oeste,Leste Goiano,Vão do Paranã,Luziânia - Águas Lindas de Goiás,4085.0,1221.054,3.35,82.26,86104.0,2021.0,21078.09
5209457,Guarinos,GO,Goiás,Centro-Oeste,Centro Goiano,Ceres,Porangatu - Uruaçu,2161.0,593.188,3.64,85.9,64356.0,2021.0,29780.66
5209606,Heitoraí,GO,Goiás,Centro-Oeste,Centro Goiano,Anápolis,Goiânia,3354.0,228.615,14.67,89.11,83890.0,2021.0,25011.93
5209705,Hidrolândia,GO,Goiás,Centro-Oeste,Centro Goiano,Goiânia,Goiânia,27742.0,952.122,29.14,94.96,1329218.0,2021.0,47913.56
5209804,Hidrolina,GO,Goiás,Centro-Oeste,Centro Goiano,Ceres,Porangatu - Uruaçu,3545.0,583.756,6.07,90.75,87757.0,2021.0,24755.15
5209903,Iaciara,GO,Goiás,Centro-Oeste,Leste Goiano,Vão do Paranã,Luziânia - Águas Lindas de Goiás,10584.0,1547.183,6.84,87.72,226552.0,2021.0,21405.14
5209937,Inaciolândia,GO,Goiás,Centro-Oeste,Sul Goiano,Meia Ponte,Rio Verde,5954.0,689.201,8.64,87.53,237550.0,2021.0,39897.55
5209952,Indiara,GO,Goiás,Centro-Oeste,Sul Goiano,Vale do Rio dos Bois,São Luís de Montes Belos - Iporá,17061.0,955.419,17.86,91.78,656345.0,2021.0,38470.49
5210000,Inhumas,GO,Goiás,Centro-Oeste,Centro Goiano,Anápolis,Goiânia,52204.0,614.887,84.9,92.71,1406365.0,2021.0,26939.79
5210109,Ipameri,GO,Goiás,Centro-Oeste,Sul Goiano,Catalão,Goiânia,25548.0,4382.863,5.83,93.18,2429509.0,2021.0,95095.86
5210158,Ipiranga de Goiás,GO,Goiás,Centro-Oeste,Centro Goiano,Ceres,Porangatu - Uruaçu,2919.0,244.209,11.95,91.7,69954.0,2021.0,23965.06
5210208,Iporá,GO,Goiás,Centro-Oeste,Centro Goiano,Iporá,São Luís de Montes Belos - Iporá,35684.0,1027.249,34.74,93.0,876399.0,2021.0,24560.0
5210307,Israelândia,GO,Goiás,Centro-Oeste,Centro Goiano,Iporá,São Luís de Montes Belos - Iporá,2560.0,579.19,4.42,89.38,71479.0,2021.0,27921.48
5210406,Itaberaí,GO,Goiás,Centro-Oeste,Centro Goiano,Anápolis,Goiânia,44734.0,1461.916,30.6,92.79,1805075.0,2021.0,40351.3
5210562,Itaguari,GO,Goiás,Centro-Oeste,Centro Goiano,Anápolis,Goiânia,4963.0,142.652,34.79,91.08,98151.0,2021.0,19776.55
5210604,Itaguaru,GO,Goiás,Centro-Oeste,Centro Goiano,Anápolis,Goiânia,4904.0,241.029,20.35,88.41,104100.0,2021.0,21227.57
5210802,Itajá,GO,Goiás,Centro-Oeste,Sul Goiano,Quirinópolis,Rio Verde,4380.0,2082.736,2.1,90.31,131521.0,2021.0,30027.63
5210901,Itapaci,GO,Goiás,Centro-Oeste,Centro Goiano,Ceres,Porangatu - Uruaçu,21087.0,952.998,22.13,91.57,547603.0,2021.0,25968.75
5211008,Itapirapuã,GO,Goiás,Centro-Oeste,Noroeste Goiano,Rio Vermelho,Goiânia,8007.0,2047.874,3.91,87.3,222293.0,2021.0,27762.33
5211206,Itapuranga,GO,Goiás,Centro-Oeste,Centro Goiano,Ceres,Goiânia,26113.0,1281.404,20.38,90.75,553625.0,2021.0,21201.13
5211305,Itarumã,GO,Goiás,Centro-Oeste,Sul Goiano,Quirinópolis,Rio Verde,6101.0,3437.367,1.77,89.61,324864.0,2021.0,53247.66
5211404,Itauçu,GO,Goiás,Centro-Oeste,Centro Goiano,Anápolis,Goiânia,7736.0,383.066,20.19,92.56,219256.0,2021.0,28342.3
5211503,Itumbiara,GO,Goiás,Centro-Oeste,Sul Goiano,Meia Ponte,Itumbiara,107970.0,2447.014,44.12,94.49,5324712.0,2021.0,49316.59
5211602,Ivolândia,GO,Goiás,Centro-Oeste,Centro Goiano,Iporá,São Luís de Montes Belos - Iporá,2693.0,1260.841,2.14,90.42,139635.0,2021.0,51851.1
5211701,Jandaia,GO,Goiás,Centro-Oeste,Sul Goiano,Vale do Rio dos Bois,São Luís de Montes Belos - Iporá,6272.0,863.087,7.27,91.96,426843.0,2021.0,68055.33
5211800,Jaraguá,GO,Goiás,Centro-Oeste,Centro Goiano,Anápolis,Goiânia,45223.0,1848.947,24.46,92.82,919843.0,2021.0,20340.16
5211909,Jataí,GO,Goiás,Centro-Oeste,Sul Goiano,Sudoeste de Goiás,Rio Verde,105729.0,7178.792,14.73,95.26,7997057.0,2021.0,75637.31
5212006,Jaupaci,GO,Goiás,Centro-Oeste,Centro Goiano,Iporá,São Luís de Montes Belos - Iporá,2924.0,528.783,5.53,88.22,83166.0,2021.0,28442.54
5212055,Jesúpolis,GO,Goiás,Centro-Oeste,Centro Goiano,Anápolis,Goiânia,2123.0,115.211,18.43,86.64,39675.0,2021.0,18688.18
5212105,Joviânia,GO,Goiás,Centro-Oeste,Sul Goiano,Meia Ponte,Itumbiara,7159.0,446.258,16.04,92.22,342155.0,2021.0,47793.69
5212204,Jussara,GO,Goiás,Centro-Oeste,Noroeste Goiano,Rio Vermelho,Goiânia,19620.0,4092.34,4.79,90.87,693526.0,2021.0,35347.91
5212253,Lagoa Santa,GO,Goiás,Centro-Oeste,Sul Goiano,Quirinópolis,Rio Verde,1390.0,463.289,3.0,94.49,51870.0,2021.0,37316.55
5212303,Leopoldo de Bulhões,GO,Goiás,Centro-Oeste,Centro Goiano,Goiânia,Goiânia,8745.0,476.137,18.37,92.22,343236.0,2021.0,39249.4
5212501,Luziânia,GO,Goiás,Centro-Oeste,Leste Goiano,Entorno de Brasília,Luziânia - Águas Lindas de Goiás,209129.0,3962.107,52.78,94.19,5400879.0,2021.0,25825.59
5212600,Mairipotaba,GO,Goiás,Centro-Oeste,Sul Goiano,Meia Ponte,Itumbiara,2561.0,468.029,5.47,89.94,88307.0,2021.0,34481.45
5212709,Mambaí,GO,Goiás,Centro-Oeste,Leste Goiano,Vão do Paranã,Luziânia - Águas Lindas de Goiás,8124.0,858.27,9.47,85.74,107552.0,2021.0,13238.8
5212808,Mara Rosa,GO,Goiás,Centro-Oeste,Norte Goiano,Porangatu,Porangatu - Uruaçu,10700.0,1695.463,6.31,88.38,291278.0,2021.0,27222.24
5212907,Marzagão,GO,Goiás,Centro-Oeste,Sul Goiano,Meia Ponte,Itumbiara,2758.0,225.518,12.23,92.81,68550.0,2021.0,24854.97
5212956,Matrinchã,GO,Goiás,Centro-Oeste,Noroeste Goiano,Rio Vermelho,Goiânia,4042.0,1150.503,3.51,88.65,170669.0,2021.0,42223.9
5213004,Maurilândia,GO,Goiás,Centro-Oeste,Sul Goiano,Sudoeste de Goiás,Rio Verde,10304.0,389.959,26.42,88.26,247923.0,2021.0,24060.85
5213053,Mimoso de Goiás,GO,Goiás,Centro-Oeste,Leste Goiano,Entorno de Brasília,Luziânia - Águas Lindas de Goiás,2614.0,1380.701,1.89,83.15,247572.0,2021.0,94710.02
5213087,Minaçu,GO,Goiás,Centro-Oeste,Norte Goiano,Porangatu,Porangatu - Uruaçu,27075.0,2854.137,9.49,89.86,1296753.0,2021.0,47894.85
5213103,Mineiros,GO,Goiás,Centro-Oeste,Sul Goiano,Sudoeste de Goiás,Rio Verde,70081.0,9042.844,7.75,94.94,3288959.0,2021.0,46930.82
5213400,Moiporá,GO,Goiás,Centro-Oeste,Centro Goiano,Iporá,São Luís de Montes Belos - Iporá,1685.0,452.314,3.73,90.63,53255.0,2021.0,31605.34
5213509,Monte Alegre de Goiás,GO,Goiás,Centro-Oeste,Norte Goiano,Chapada dos Veadeiros,Luziânia - Águas Lindas de Goiás,6692.0,3119.86,2.14,83.67,120282.0,2021.0,17974.0
5213707,Montes Claros de Goiás,GO,Goiás,Centro-Oeste,Noroeste Goiano,Aragarças,São Luís de Montes Belos - Iporá,8756.0,2900.397,3.02,91.16,498816.0,2021.0,56968.48
5213756,Montividiu,GO,Goiás,Centro-Oeste,Sul Goiano,Sudoeste de Goiás,Rio Verde,12521.0,1869.581,6.7,92.2,1604454.0,2021.0,128141.04
5213772,Montividiu do Norte,GO,Goiás,Centro-Oeste,Norte Goiano,Porangatu,Porangatu - Uruaçu,3779.0,1337.232,2.83,85.62,108845.0,2021.0,28802.59
5213806,Morrinhos,GO,Goiás,Centro-Oeste,Sul Goiano,Meia Ponte,Itumbiara,51351.0,2846.299,18.04,95.13,1857571.0,2021.0,36174.0
5213855,Morro Agudo de Goiás,GO,Goiás,Centro-Oeste,Centro Goiano,Ceres,Porangatu - Uruaçu,2456.0,282.333,8.7,89.53,54837.0,2021.0,22327.77
5213905,Mossâmedes,GO,Goiás,Centro-Oeste,Centro Goiano,Anicuns,Goiânia,4654.0,684.882,6.8,90.64,131845.0,2021.0,28329.39
5214002,Mozarlândia,GO,Goiás,Centro-Oeste,Noroeste Goiano,São Miguel do Araguaia,Goiânia,14750.0,1738.516,8.48,90.85,1025089.0,2021.0,69497.56
5214051,Mundo Novo,GO,Goiás,Centro-Oeste,Noroeste Goiano,São Miguel do Araguaia,Porangatu - Uruaçu,6189.0,2141.534,2.89,86.48,180856.0,2021.0,29222.17
5214101,Mutunópolis,GO,Goiás,Centro-Oeste,Norte Goiano,Porangatu,Porangatu - Uruaçu,3564.0,955.069,3.73,87.26,86431.0,2021.0,24251.12
5214408,Nazário,GO,Goiás,Centro-Oeste,Centro Goiano,Anicuns,São Luís de Montes Belos - Iporá,8189.0,281.147,29.13,90.89,276931.0,2021.0,33817.44
5214507,Nerópolis,GO,Goiás,Centro-Oeste,Centro Goiano,Goiânia,Goiânia,31932.0,204.713,155.98,93.81,1021269.0,2021.0,31982.62
5214606,Niquelândia,GO,Goiás,Centro-Oeste,Norte Goiano,Porangatu,Porangatu - Uruaçu,34964.0,9846.293,3.55,88.43,1291841.0,2021.0,36947.75
5214705,Nova América,GO,Goiás,Centro-Oeste,Centro Goiano,Ceres,Porangatu - Uruaçu,2337.0,209.432,11.16,89.59,48893.0,2021.0,20921.27
5214804,Nova Aurora,GO,Goiás,Centro-Oeste,Sul Goiano,Catalão,Goiânia,2101.0,307.335,6.84,93.4,71042.0,2021.0,33813.42
5214838,Nova Crixás,GO,Goiás,Centro-Oeste,Noroeste Goiano,São Miguel do Araguaia,Goiânia,12815.0,7308.681,1.75,87.16,628584.0,2021.0,49050.64
5214861,Nova Glória,GO,Goiás,Centro-Oeste,Centro Goiano,Ceres,Porangatu - Uruaçu,8310.0,411.753,20.18,88.56,141181.0,2021.0,16989.29
5214879,Nova Iguaçu de Goiás,GO,Goiás,Centro-Oeste,Norte Goiano,Porangatu,Porangatu - Uruaçu,3010.0,625.625,4.81,91.15,61477.0,2021.0,20424.25
5214903,Nova Roma,GO,Goiás,Centro-Oeste,Norte Goiano,Chapada dos Veadeiros,Luziânia - Águas Lindas de Goiás,3076.0,2136.725,1.44,87.42,66589.0,2021.0,21647.92
5215009,Nova Veneza,GO,Goiás,Centro-Oeste,Centro Goiano,Anápolis,Goiânia,9481.0,122.354,77.49,93.68,197285.0,2021.0,20808.46
5215207,Novo Brasil,GO,Goiás,Centro-Oeste,Centro Goiano,Iporá,Goiânia,3527.0,649.349,5.43,90.28,85247.0,2021.0,24169.83
5215231,Novo Gama,GO,Goiás,Centro-Oeste,Leste Goiano,Entorno de Brasília,Luziânia - Águas Lindas de Goiás,103804.0,192.285,539.84,93.95,1154253.0,2021.0,11119.54
5215256,Novo Planalto,GO,Goiás,Centro-Oeste,Noroeste Goiano,São Miguel do Araguaia,Porangatu - Uruaçu,3716.0,1254.491,2.96,88.76,160467.0,2021.0,43182.72
5215306,Orizona,GO,Goiás,Centro-Oeste,Sul Goiano,Pires do Rio,Goiânia,16399.0,1971.265,8.32,94.27,938192.0,2021.0,57210.32
5215405,Ouro Verde de Goiás,GO,Goiás,Centro-Oeste,Centro Goiano,Anápolis,Goiânia,4057.0,208.804,19.43,90.93,150022.0,2021.0,36978.56
5215504,Ouvidor,GO,Goiás,Centro-Oeste,Sul Goiano,Catalão,Goiânia,7200.0,411.318,17.5,95.78,765440.0,2021.0,106311.11
5215603,Padre Bernardo,GO,Goiás,Centro-Oeste,Leste Goiano,Entorno de Brasília,Luziânia - Águas Lindas de Goiás,34967.0,3142.615,11.13,90.41,1052238.0,2021.0,30092.32
5215652,Palestina de Goiás,GO,Goiás,Centro-Oeste,Sul Goiano,Sudoeste de Goiás,São Luís de Montes Belos - Iporá,3132.0,1318.047,2.38,88.76,173212.0,2021.0,55303.96
5215702,Palmeiras de Goiás,GO,Goiás,Centro-Oeste,Sul Goiano,Vale do Rio dos Bois,São Luís de Montes Belos - Iporá,31858.0,1537.196,20.72,93.63,1770858.0,2021.0,55585.98
5215801,Palmelo,GO,Goiás,Centro-Oeste,Sul Goiano,Pires do Rio,Goiânia,2259.0,59.809,37.77,93.44,55764.0,2021.0,24685.26
5215900,Palminópolis,GO,Goiás,Centro-Oeste,Sul Goiano,Vale do Rio dos Bois,São Luís de Montes Belos - Iporá,3851.0,393.326,9.79,92.66,220066.0,2021.0,57145.16
5216007,Panamá,GO,Goiás,Centro-Oeste,Sul Goiano,Meia Ponte,Itumbiara,2455.0,432.204,5.68,90.0,109643.0,2021.0,44661.1
5216304,Paranaiguara,GO,Goiás,Centro-Oeste,Sul Goiano,Quirinópolis,Rio Verde,7607.0,1153.415,6.6,89.96,236712.0,2021.0,31117.65
5216403,Paraúna,GO,Goiás,Centro-Oeste,Sul Goiano,Vale do Rio dos Bois,São Luís de Montes Belos - Iporá,10659.0,3786.578,2.81,93.23,1559971.0,2021.0,146352.47
5216452,Perolândia,GO,Goiás,Centro-Oeste,Sul Goiano,Sudoeste de Goiás,Rio Verde,2964.0,1033.657,2.87,90.87,708423.0,2021.0,239009.11
5216809,Petrolina de Goiás,GO,Goiás,Centro-Oeste,Centro Goiano,Anápolis,Goiânia,9573.0,530.49,18.05,91.86,178796.0,2021.0,18677.11
5216908,Pilar de Goiás,GO,Goiás,Centro-Oeste,Centro Goiano,Ceres,Porangatu - Uruaçu,2328.0,906.048,2.57,91.42,192761.0,2021.0,82801.12
5217104,Piracanjuba,GO,Goiás,Centro-Oeste,Sul Goiano,Meia Ponte,Itumbiara,24883.0,2374.232,10.48,93.4,1239086.0,2021.0,49796.49
5217203,Piranhas,GO,Goiás,Centro-Oeste,Noroeste Goiano,Aragarças,São Luís de Montes Belos - Iporá,11712.0,2045.088,5.73,90.23,609418.0,2021.0,52033.64
5217302,Pirenópolis,GO,Goiás,Centro-Oeste,Leste Goiano,Entorno de Brasília,Goiânia,26690.0,2200.369,12.13,92.99,640388.0,2021.0,23993.56
5217401,Pires do Rio,GO,Goiás,Centro-Oeste,Sul Goiano,Pires do Rio,Goiânia,32373.0,1077.641,30.04,94.82,1405175.0,2021.0,43405.77
5217609,Planaltina,GO,Goiás,Centro-Oeste,Leste Goiano,Entorno de Brasília,Luziânia - Águas Lindas de Goiás,105031.0,2558.924,41.04,92.69,1453270.0,2021.0,13836.58
5217708,Pontalina,GO,Goiás,Centro-Oeste,Sul Goiano,Meia Ponte,Itumbiara,18309.0,1434.289,12.77,92.72,717261.0,2021.0,39175.32
5218003,Porangatu,GO,Goiás,Centro-Oeste,Norte Goiano,Porangatu,Porangatu - Uruaçu,44317.0,4825.287,9.18,91.82,1430254.0,2021.0,32273.26
5218052,Porteirão,GO,Goiás,Centro-Oeste,Sul Goiano,Meia Ponte,Rio Verde,4070.0,606.262,6.71,90.12,222488.0,2021.0,54665.36
5218102,Portelândia,GO,Goiás,Centro-Oeste,Sul Goiano,Sudoeste de Goiás,Rio Verde,3280.0,553.411,5.93,89.03,367303.0,2021.0,111982.62
5218300,Posse,GO,Goiás,Centro-Oeste,Leste Goiano,Vão do Paranã,Luziânia - Águas Lindas de Goiás,34914.0,2076.99,16.81,90.61,703663.0,2021.0,20154.18
5218391,Professor Jamil,GO,Goiás,Centro-Oeste,Sul Goiano,Meia Ponte,Itumbiara,3649.0,356.292,10.24,91.17,72101.0,2021.0,19759.11
5218508,Quirinópolis,GO,Goiás,Centro-Oeste,Sul Goiano,Quirinópolis,Rio Verde,48447.0,3786.026,12.8,93.33,2147676.0,2021.0,44330.42
5218607,Rialma,GO,Goiás,Centro-Oeste,Centro Goiano,Ceres,Porangatu - Uruaçu,12165.0,268.291,45.34,94.43,314517.0,2021.0,25854.25
5218706,Rianápolis,GO,Goiás,Centro-Oeste,Centro Goiano,Ceres,Porangatu - Uruaçu,3980.0,157.379,25.29,90.41,83234.0,2021.0,20913.07
5218789,Rio Quente,GO,Goiás,Centro-Oeste,Sul Goiano,Meia Ponte,Itumbiara,3864.0,244.655,15.79,95.07,326141.0,2021.0,84405.02
5218805,Rio Verde,GO,Goiás,Centro-Oeste,Sul Goiano,Sudoeste de Goiás,Rio Verde,225696.0,8374.255,26.95,95.33,16307342.0,2021.0,72253.57
5218904,Rubiataba,GO,Goiás,Centro-Oeste,Centro Goiano,Ceres,Porangatu - Uruaçu,19788.0,750.659,26.36,92.62,565948.0,2021.0,28600.57
5219001,Sanclerlândia,GO,Goiás,Centro-Oeste,Centro Goiano,Anicuns,São Luís de Montes Belos - Iporá,7918.0,509.402,15.54,91.31,217582.0,2021.0,27479.41
5219100,Santa Bárbara de Goiás,GO,Goiás,Centro-Oeste,Centro Goiano,Anicuns,São Luís de Montes Belos - Iporá,6149.0,140.957,43.62,89.61,154126.0,2021.0,25065.21
5219209,Santa Cruz de Goiás,GO,Goiás,Centro-Oeste,Sul Goiano,Pires do Rio,Goiânia,3002.0,1109.007,2.71,89.68,295258.0,2021.0,98353.76
5219258,Santa Fé de Goiás,GO,Goiás,Centro-Oeste,Noroeste Goiano,Rio Vermelho,Goiânia,4951.0,1164.186,4.25,91.55,260186.0,2021.0,52552.21
5219308,Santa Helena de Goiás,GO,Goiás,Centro-Oeste,Sul Goiano,Sudoeste de Goiás,Rio Verde,38492.0,1142.337,33.7,91.36,1621078.0,2021.0,42114.67
5219357,Santa Isabel,GO,Goiás,Centro-Oeste,Centro Goiano,Ceres,Porangatu - Uruaçu,3538.0,812.756,4.35,87.89,123191.0,2021.0,34819.39
5219407,Santa Rita do Araguaia,GO,Goiás,Centro-Oeste,Sul Goiano,Sudoeste de Goiás,Rio Verde,5924.0,1357.197,4.36,92.68,204972.0,2021.0,34600.27
5219456,Santa Rita do Novo Destino,GO,Goiás,Centro-Oeste,Centro Goiano,Ceres,Porangatu - Uruaçu,2689.0,970.448,2.77,85.32,110073.0,2021.0,40934.55
5219506,Santa Rosa de Goiás,GO,Goiás,Centro-Oeste,Centro Goiano,Anápolis,Goiânia,2820.0,166.44,16.94,88.41,68318.0,2021.0,24226.24
5219605,Santa Tereza de Goiás,GO,Goiás,Centro-Oeste,Norte Goiano,Porangatu,Porangatu - Uruaçu,3293.0,789.544,4.17,88.29,87583.0,2021.0,26596.72
5219704,Santa Terezinha de Goiás,GO,Goiás,Centro-Oeste,Norte Goiano,Porangatu,Porangatu - Uruaçu,10645.0,1206.6,8.82,88.84,190867.0,2021.0,17930.2
5219712,Santo Antônio da Barra,GO,Goiás,Centro-Oeste,Sul Goiano,Sudoeste de Goiás,Rio Verde,4267.0,450.336,9.48,86.76,321015.0,2021.0,75232.01
5219738,Santo Antônio de Goiás,GO,Goiás,Centro-Oeste,Centro Goiano,Goiânia,Goiânia,7386.0,135.022,54.7,94.68,154853.0,2021.0,20965.75
5219753,Santo Antônio do Descoberto,GO,Goiás,Centro-Oeste,Leste Goiano,Entorno de Brasília,Luziânia - Águas Lindas de Goiás,72127.0,943.948,76.41,93.09,825809.0,2021.0,11449.37
5219803,São Domingos,GO,Goiás,Centro-Oeste,Leste Goiano,Vão do Paranã,Luziânia - Águas Lindas de Goiás,9711.0,3335.999,2.91,84.34,206273.0,2021.0,21241.17
5219902,São Francisco de Goiás,GO,Goiás,Centro-Oeste,Centro Goiano,Anápolis,Goiânia,6378.0,416.535,15.31,89.0,130603.0,2021.0,20477.11
5220009,São João d'Aliança,GO,Goiás,Centro-Oeste,Norte Goiano,Chapada dos Veadeiros,Luziânia - Águas Lindas de Goiás,14041.0,3334.455,4.21,92.88,570027.0,2021.0,40597.32
5220058,São João da Paraúna,GO,Goiás,Centro-Oeste,Sul Goiano,Vale do Rio dos Bois,São Luís de Montes Belos - Iporá,1774.0,286.979,6.18,91.64,139629.0,2021.0,78708.57
5220108,São Luís de Montes Belos,GO,Goiás,Centro-Oeste,Centro Goiano,Anicuns,São Luís de Montes Belos - Iporá,33852.0,829.62,40.8,94.26,1486992.0,2021.0,43926.27
5220157,São Luiz do Norte,GO,Goiás,Centro-Oeste,Centro Goiano,Ceres,Porangatu - Uruaçu,4837.0,583.832,8.28,88.5,137418.0,2021.0,28409.76
5220207,São Miguel do Araguaia,GO,Goiás,Centro-Oeste,Noroeste Goiano,São Miguel do Araguaia,Porangatu - Uruaçu,21900.0,6150.179,3.56,89.33,691659.0,2021.0,31582.6
5220264,São Miguel do Passa Quatro,GO,Goiás,Centro-Oeste,Sul Goiano,Pires do Rio,Goiânia,4464.0,537.347,8.31,92.81,316743.0,2021.0,70954.97
5220280,São Patrício,GO,Goiás,Centro-Oeste,Centro Goiano,Ceres,Porangatu - Uruaçu,2143.0,172.763,12.4,90.54,53464.0,2021.0,24948.2
5220405,São Simão,GO,Goiás,Centro-Oeste,Sul Goiano,Quirinópolis,Rio Verde,17020.0,415.015,41.01,91.72,1432951.0,2021.0,84192.19
5220454,Senador Canedo,GO,Goiás,Centro-Oeste,Centro Goiano,Goiânia,Goiânia,155635.0,247.005,630.09,95.88,4765630.0,2021.0,30620.55
5220504,Serranópolis,GO,Goiás,Centro-Oeste,Sul Goiano,Sudoeste de Goiás,Rio Verde,8027.0,5521.774,1.45,92.82,652613.0,2021.0,81302.23
5220603,Silvânia,GO,Goiás,Centro-Oeste,Sul Goiano,Pires do Rio,Goiânia,22245.0,2349.924,9.47,94.42,1315612.0,2021.0,59141.92
5220686,Simolândia,GO,Goiás,Centro-Oeste,Leste Goiano,Vão do Paranã,Luziânia - Águas Lindas de Goiás,5742.0,346.811,16.56,85.87,173337.0,2021.0,30187.57
5220702,Sítio d'Abadia,GO,Goiás,Centro-Oeste,Leste Goiano,Vão do Paranã,Luziânia - Águas Lindas de Goiás,2927.0,1611.851,1.82,84.46,75928.0,2021.0,25940.55
5221007,Taquaral de Goiás,GO,Goiás,Centro-Oeste,Centro Goiano,Anápolis,Goiânia,4026.0,205.665,19.58,91.06,89317.0,2021.0,22185.05
5221080,Teresina de Goiás,GO,Goiás,Centro-Oeste,Norte Goiano,Chapada dos Veadeiros,Luziânia - Águas Lindas de Goiás,2701.0,784.793,3.44,86.44,39136.0,2021.0,14489.45
5221197,Terezópolis de Goiás,GO,Goiás,Centro-Oeste,Centro Goiano,Goiânia,Goiânia,7944.0,107.407,73.96,92.73,211092.0,2021.0,26572.51
5221304,Três Ranchos,GO,Goiás,Centro-Oeste,Sul Goiano,Catalão,Goiânia,2921.0,284.034,10.28,93.0,63881.0,2021.0,21869.57
5221403,Trindade,GO,Goiás,Centro-Oeste,Centro Goiano,Goiânia,Goiânia,142431.0,712.69,199.85,94.14,2666874.0,2021.0,18723.97
5221452,Trombas,GO,Goiás,Centro-Oeste,Norte Goiano,Porangatu,Porangatu - Uruaçu,3120.0,802.905,3.89,85.19,70143.0,2021.0,22481.73
5221502,Turvânia,GO,Goiás,Centro-Oeste,Centro Goiano,Anicuns,São Luís de Montes Belos - Iporá,4480.0,482.317,9.29,89.45,204402.0,2021.0,45625.45
5221551,Turvelândia,GO,Goiás,Centro-Oeste,Sul Goiano,Vale do Rio dos Bois,Rio Verde,4985.0,935.659,5.33,90.64,566499.0,2021.0,113640.72
5221577,Uirapuru,GO,Goiás,Centro-Oeste,Noroeste Goiano,São Miguel do Araguaia,Porangatu - Uruaçu,2798.0,1154.305,2.42,87.29,77435.0,2021.0,27675.13
5221601,Uruaçu,GO,Goiás,Centro-Oeste,Norte Goiano,Porangatu,Porangatu - Uruaçu,42546.0,2142.484,19.86,92.77,1299993.0,2021.0,30555.0
5221700,Uruana,GO,Goiás,Centro-Oeste,Centro Goiano,Ceres,Porangatu - Uruaçu,13729.0,522.904,26.26,89.54,294394.0,2021.0,21443.22
5221809,Urutaí,GO,Goiás,Centro-Oeste,Sul Goiano,Pires do Rio,Goiânia,3553.0,623.821,5.7,93.73,164818.0,2021.0,46388.4
5221858,Valparaíso de Goiás,GO,Goiás,Centro-Oeste,Leste Goiano,Entorno de Brasília,Luziânia - Águas Lindas de Goiás,198861.0,61.488,3234.14,97.21,2964938.0,2021.0,14909.6
5221908,Varjão,GO,Goiás,Centro-Oeste,Sul Goiano,Vale do Rio dos Bois,Goiânia,3716.0,517.402,7.18,88.84,105105.0,2021.0,28284.45
5222005,Vianópolis,GO,Goiás,Centro-Oeste,Sul Goiano,Pires do Rio,Goiânia,14956.0,954.115,15.68,93.45,858016.0,2021.0,57369.35
5222054,Vicentinópolis,GO,Goiás,Centro-Oeste,Sul Goiano,Meia Ponte,Itumbiara,8768.0,733.794,11.95,90.87,480210.0,2021.0,54768.48
5222203,Vila Boa,GO,Goiás,Centro-Oeste,Leste Goiano,Entorno de Brasília,Luziânia - Águas Lindas de Goiás,4215.0,1052.593,4.0,87.17,179924.0,2021.0,42686.6
5222302,Vila Propício,GO,Goiás,Centro-Oeste,Leste Goiano,Entorno de Brasília,Porangatu - Uruaçu,5815.0,2181.593,2.67,85.68,308035.0,2021.0,52972.48
5300108,Brasília,DF,Distrito Federal,Centro-Oeste,Distrito Federal,Brasília,Distrito Federal,2817381.0,5760.784,489.06,97.23,286943782.0,2021.0,101847.7
