id_municipio,populacao_2022,area_km2,densidade_hab_km2
1100015,21494,7067.127,3.04
1100023,96833,4426.571,21.88
1100031,5351,1314.352,4.07
1100049,86887,3793.0,22.91
1100056,15890,2783.3,5.71
1100064,15663,1451.06,10.79
1100072,7519,3060.321,2.46
1100080,12627,4987.177,2.53
1100098,29414,4518.038,6.51
1100106,39387,24856.877,1.58
1100114,50591,2944.128,17.18
1100122,124333,6896.649,18.03
1100130,30707,8509.27,3.61
1100148,15679,1703.008,9.21
1100155,35044,1969.85,17.79
1100189,35079,6241.016,5.62
1100205,460434,34090.952,13.51
1100254,19327,1758.465,10.99
1100262,3471,1717.64,2.02
1100288,56406,1457.811,38.69
1100296,7419,1197.796,6.19
1100304,95832,11699.15,8.19
1100320,21635,7460.117,2.9
1100338,25444,10070.49,2.53
1100346,13117,3029.189,4.33
1100379,11479,3958.273,2.9
1100403,16320,2651.822,6.15
1100452,27992,3265.809,8.57
1100502,7667,843.446,9.09
1100601,4150,1961.778,2.12
1100700,8844,3442.005,2.57
1100809,22310,6843.868,3.26
1100908,3233,892.841,3.62
1100924,9324,5126.723,1.82
1100940,14863,3863.946,3.85
1101005,8001,5067.384,1.58
1101104,8548,4081.58,2.09
1101203,6466,798.083,8.1
1101302,9235,1191.875,7.75
1101401,11548,1931.378,5.98
1101435,6200,807.125,7.68
1101450,4125,2548.683,1.62
1101468,2156,6014.733,0.36
1101476,3076,605.692,5.08
1101484,5258,541.647,9.71
1101492,16286,10948.593,1.49
1101500,11171,3773.505,2.96
1101559,4256,459.978,9.25
1101609,8113,2197.413,3.69
1101708,10725,831.857,12.89
1101757,7788,3135.106,2.48
1101807,6479,965.676,6.71
1200013,14021,1811.613,7.74
1200054,8100,4979.073,1.63
1200104,26000,3928.174,6.62
1200138,12917,3034.869,4.26
1200179,10392,1705.824,6.09
1200203,91888,8783.47,10.46
1200252,18757,1652.674,11.35
1200302,35426,27976.874,1.27
1200328,9222,5357.227,1.72
1200336,19294,5451.617,3.54
1200344,11996,10630.6,1.13
1200351,17093,8190.953,2.09
1200385,16560,1952.555,8.48
1200393,10735,6446.385,1.67
1200401,364756,8835.154,41.28
1200427,14938,3076.342,4.86
1200435,6723,6155.858,1.09
1200450,21454,2320.169,9.25
1200500,41343,23759.512,1.74
1200609,43467,20169.485,2.16
1200708,18243,5350.586,3.41
1200807,16693,2604.417,6.41
1300029,15866,5923.461,2.68
1300060,10819,4754.109,2.28
1300086,9962,2446.121,4.07
1300102,17194,6036.38,2.85
1300144,20647,54240.545,0.38
1300201,15314,76507.617,0.2
1300300,41564,7652.852,5.43
1300409,18834,122461.086,0.15
1300508,31051,5751.765,5.4
1300607,37648,8705.441,4.32
1300631,20718,17472.779,1.19
1300680,23785,2589.407,9.19
1300706,35447,21938.583,1.62
1300805,33080,44236.184,0.75
1300839,13469,9455.539,1.42
1300904,16869,33642.732,0.5
1301001,28742,25778.658,1.11
1301100,30792,6096.212,5.05
1301159,19637,2627.474,7.47
1301209,70616,57970.768,1.22
1301308,23549,18700.713,1.26
1301407,33170,14966.242,2.22
1301506,17186,7505.794,2.29
1301605,25871,12155.427,2.13
1301654,13815,7583.534,1.82
1301704,57473,33111.129,1.74
1301803,24311,12109.779,2.01
1301852,61163,2216.817,27.59
1301902,103598,8891.906,11.65
1301951,10937,25260.429,0.43
1302009,10162,4335.075,2.34
1302108,8858,55827.203,0.16
1302207,10742,19442.548,0.55
1302306,25172,69457.415,0.36
1302405,45448,68262.68,0.67
1302504,101883,7336.579,13.89
1302553,17107,3973.258,4.31
1302603,2063689,11401.092,181.01
1302702,53914,48315.038,1.12
1302801,15529,16830.827,0.92
1302900,61204,39991.066,1.53
1303007,20136,14107.04,1.43
1303106,27062,5578.132,4.85
1303205,15761,37776.77,0.42
1303304,23818,41179.656,0.58
1303403,96372,5956.047,16.18
1303502,19373,41624.664,0.47
1303536,30668,25459.099,1.2
1303569,24936,5815.622,4.29
1303601,14164,62800.078,0.23
1303700,28211,12366.214,2.28
1303809,51795,109192.562,0.47
1303908,32967,19658.502,1.68
1303957,11670,10647.463,1.1
1304005,11559,3723.382,3.1
1304062,66764,3260.103,20.48
1304104,19599,84946.035,0.23
1304203,73669,23692.223,3.11
1304237,19247,6446.894,2.99
1304260,14431,10274.677,1.4
1304302,18631,27901.962,0.67
1304401,23945,2886.494,8.3
1400027,13927,28473.45,0.49
1400050,21096,25454.297,0.83
1400100,413486,5687.037,72.71
1400159,13923,8079.914,1.72
1400175,18682,7664.831,2.44
1400209,20957,47379.903,0.44
1400233,10656,12065.896,0.88
1400282,10023,14011.695,0.72
1400308,18095,12337.851,1.47
1400407,13986,6959.868,2.01
1400456,19305,8025.045,2.41
1400472,32647,33579.739,0.97
1400506,8858,4284.505,2.07
1400605,7315,1526.898,4.79
1400704,13751,8113.598,1.69
1500107,158188,1610.654,98.21
1500131,6136,614.131,9.99
1500206,59023,4344.384,13.59
1500305,37765,8338.438,4.53
1500347,18080,7113.955,2.54
1500404,69377,23645.452,2.93
1500503,34280,72954.798,0.47
1500602,126279,159533.306,0.79
1500701,28011,6913.64,4.05
1500800,478778,190.581,2512.2
1500859,31850,11895.27,2.68
1500909,44573,1099.619,40.53
1500958,23774,1811.84,13.12
1501006,18290,17074.053,1.07
1501105,31892,4397.321,7.25
1501204,51641,3759.834,13.73
1501253,4031,2956.649,1.36
1501303,126650,1310.338,96.65
1501402,1303403,1059.466,1230.25
1501451,18099,4398.418,4.11
1501501,63567,187.826,338.44
1501576,18005,2816.604,6.39
1501600,12622,586.976,21.5
1501709,123082,2124.734,57.93
1501725,24718,6362.575,3.88
1501758,6783,1288.477,5.26
1501782,45712,3941.904,11.6
1501808,106968,9566.572,11.18
1501907,24383,994.691,24.51
1501956,19630,2419.6,8.11
1502004,23981,3100.261,7.74
1502103,134184,3081.367,43.55
1502152,77079,3146.821,24.49
1502202,70394,621.483,113.27
1502301,56506,2901.026,19.48
1502400,192256,1029.3,186.78
1502509,20757,12534.995,1.66
1502608,12868,384.068,33.5
1502707,44617,5829.482,7.65
1502756,26881,700.59,38.37
1502764,14036,17085.001,0.82
1502772,19950,2369.096,8.42
1502806,33903,3617.252,9.37
1502855,14117,1431.134,9.86
1502905,41262,676.322,61.01
1502939,58484,5268.809,11.1
1502954,28192,2956.691,9.53
1503002,8728,11771.669,0.74
1503044,17898,3444.285,5.2
1503077,24703,1608.014,15.36
1503093,26362,7023.948,3.75
1503101,31786,8570.286,3.71
1503200,35797,785.983,45.54
1503309,64831,1996.79,32.47
1503408,10325,472.605,21.85
1503457,30329,5215.555,5.82
1503507,30955,1385.209,22.35
1503606,123314,62042.472,1.99
1503705,49754,7880.109,6.31
1503754,24042,53304.563,0.45
1503804,37707,2008.315,18.78
1503903,50881,8305.454,6.13
1504000,29569,1490.186,19.84
1504059,34353,469.341,73.19
1504109,8115,323.984,25.05
1504208,266533,15128.058,17.62
1504307,25971,807.628,32.16
1504406,26573,804.625,33.03
1504422,111785,103.214,1083.04
1504455,27094,8272.629,3.28
1504505,27881,6774.065,4.12
1504604,27198,871.171,31.22
1504703,84094,9094.139,9.25
1504752,23501,4988.236,4.71
1504802,60012,18152.559,3.31
1504901,45368,3763.337,12.06
1504950,20478,2808.195,7.29
1504976,13955,1564.184,8.92
1505007,12806,489.853,26.14
1505031,33638,38162.002,0.88
1505064,60732,15398.723,3.94
1505106,52229,28011.041,1.86
1505205,33844,3852.291,8.79
1505304,68294,107613.838,0.63
1505403,17855,561.71,31.79
1505437,32467,14410.567,2.25
1505486,41097,11832.323,3.47
1505494,6885,984.362,6.99
1505502,105550,19342.565,5.46
1505536,267836,6885.794,38.9
1505551,6931,1671.419,4.15
1505601,8285,450.224,18.4
1505635,12832,3312.708,3.87
1505650,18668,7173.194,2.6
1505700,24984,3363.749,7.43
1505809,62503,25384.96,2.46
1505908,40597,17423.017,2.33
1506005,35577,14786.953,2.41
1506104,10851,258.6,41.96
1506112,11524,302.939,38.04
1506138,85597,3823.809,22.39
1506161,18384,4114.627,4.47
1506187,53143,8246.394,6.44
1506195,35769,7021.321,5.09
1506203,44772,226.12,198.0
1506302,24129,918.563,26.27
1506351,21087,278.154,75.81
1506401,7445,1076.652,6.91
1506500,73019,717.662,101.75
1506559,20370,1346.502,15.13
1506583,16548,10330.214,1.6
1506609,24624,457.724,53.8
1506708,32413,11591.441,2.8
1506807,331942,17898.389,18.55
1506906,6116,229.51,26.65
1507003,27461,537.618,51.08
1507102,16666,464.166,35.91
1507151,21092,1392.464,15.15
1507201,30599,1686.765,18.14
1507300,65418,84212.903,0.78
1507409,14894,479.441,31.07
1507458,24255,3168.384,7.66
1507466,4430,195.918,22.61
1507474,20689,668.434,30.95
1507508,13664,1279.889,10.68
1507607,52894,1094.564,48.32
1507706,25643,1632.251,15.71
1507755,5847,1298.19,4.5
1507805,22576,14419.916,1.57
1507904,24204,2857.349,8.47
1507953,72493,4430.477,16.36
1507961,10400,204.97,50.74
1507979,18782,1895.883,9.91
1508001,67585,5145.361,13.14
1508035,28595,868.025,32.94
1508050,15242,11991.085,1.27
1508084,39550,2512.594,15.74
1508100,91306,2084.289,43.81
1508126,37972,5088.468,7.46
1508159,43558,10791.406,4.04
1508209,50832,401.589,126.58
1508308,58692,4972.897,11.8
1508357,15607,3089.537,5.05
1508407,52893,3779.348,14.0
1600055,4673,7713.046,0.61
1600105,7943,8454.847,0.94
1600154,12847,9622.29,1.34
1600204,10612,14117.297,0.75
1600212,4461,2179.114,2.05
1600238,6666,4973.855,1.34
1600253,5599,1622.867,3.45
1600279,35114,30782.998,1.14
1600303,442933,6563.849,67.48
1600402,21924,13294.778,1.65
1600501,27482,23034.392,1.19
1600535,17848,4428.013,4.03
1600550,3803,4948.508,0.77
1600600,107618,1541.224,69.83
1600709,12945,6684.705,1.94
1600808,11291,2508.979,4.5
1700251,2576,1906.295,1.35
1700301,4497,236.792,18.99
1700350,5147,1580.999,3.26
1700400,6499,4007.152,1.62
1700707,8802,1207.201,7.29
1701002,10325,1581.058,6.53
1701051,2876,447.549,6.43
1701101,4856,1159.034,4.19
1701309,5290,1168.213,4.53
1701903,5927,2774.505,2.14
1702000,8133,5155.223,1.58
1702109,171301,4004.646,42.78
1702158,4310,834.834,5.16
1702208,31918,2633.278,12.12
1702307,5550,1558.138,3.56
1702406,10287,5803.085,1.77
1702554,17484,388.81,44.97
1702703,3342,696.194,4.8
1702901,10262,153.539,66.84
1703008,7880,1790.297,4.4
1703057,3407,1540.541,2.21
1703073,4476,1105.84,4.05
1703107,4846,697.759,6.95
1703206,4229,924.045,4.58
1703305,4038,1326.947,3.04
1703602,1974,645.908,3.06
1703701,4725,1722.59,2.74
1703800,10307,252.73,40.78
1703826,1961,351.535,5.58
1703842,8653,3234.445,2.68
1703867,4007,1126.291,3.56
1703883,2201,339.366,6.49
1703891,3318,190.352,17.43
1703909,4847,1680.014,2.89
1704105,2131,1953.134,1.09
1704600,1501,658.564,2.28
1705102,3117,1640.833,1.9
1705508,34233,842.488,40.63
1705557,4756,208.791,22.78
1705607,3887,2530.647,1.54
1706001,5331,1584.196,3.37
1706100,6371,1850.75,3.44
1706258,1470,983.766,1.49
1706506,5827,1641.77,3.55
1707009,17739,3318.094,5.35
1707108,7024,2358.282,2.98
1707207,6327,3747.645,1.69
1707306,4248,3420.657,1.24
1707405,7530,506.175,14.88
1707553,3467,380.373,9.11
1707652,5211,1935.709,2.69
1707702,7712,1991.258,3.87
1708205,18881,13431.861,1.41
1708254,3455,624.463,5.53
1708304,4738,1797.229,2.64
1709005,12433,6414.846,1.94
1709302,24775,2106.753,11.76
1709500,85125,1844.164,46.16
1709807,1590,821.152,1.94
1710508,6819,3047.204,2.24
1710706,5172,730.163,7.08
1710904,3577,1246.349,2.87
1711100,2404,969.794,2.48
1711506,3334,2167.201,1.54
1711803,2243,483.452,4.64
1711902,15288,10563.181,1.45
1711951,3516,917.632,3.83
1712009,3357,318.292,10.55
1712157,1626,468.006,3.47
1712405,2999,5716.641,0.52
1712454,2717,281.543,9.65
1712504,4615,2089.575,2.21
1712702,2748,9589.273,0.29
1712801,3095,736.303,4.2
1713205,18566,2663.745,6.97
1713304,12701,1033.301,12.29
1713601,5694,3601.205,1.58
1713700,2396,1072.92,2.23
1713809,4872,743.407,6.55
1713957,3367,1194.368,2.82
1714203,8754,3241.672,2.7
1714302,4521,395.997,11.42
1714880,10367,1567.834,6.61
1715002,3362,514.791,6.53
1715101,3969,2678.262,1.48
1715150,1846,200.412,9.21
1715259,2230,1213.893,1.84
1715507,1164,209.292,5.56
1715705,4798,2638.465,1.82
1715754,6975,1708.981,4.08
1716109,52360,1292.267,40.52
1716208,10542,11217.373,0.94
1716307,4043,1375.551,2.94
1716505,14055,2019.556,6.96
1716604,9317,5303.612,1.76
1716653,4921,1206.118,4.08
1716703,8941,1161.03,7.7
1717008,4478,1560.551,2.87
1717206,2282,1363.412,1.67
1717503,7128,10003.549,0.71
1717800,4220,1718.791,2.46
1717909,7586,6542.838,1.16
1718006,2866,506.717,5.66
1718204,64418,4434.68,14.53
1718303,9044,300.999,30.05
1718402,3047,771.716,3.95
1718451,2193,401.174,5.47
1718501,3421,2215.669,1.54
1718550,3960,512.156,7.73
1718659,1768,845.823,2.09
1718709,2738,847.255,3.23
1718758,4841,6346.279,0.76
1718808,4215,222.435,18.95
1718840,3723,3535.135,1.05
1718865,7216,1671.239,4.32
1718881,2680,1412.318,1.9
1718899,2219,3281.219,0.68
1718907,4653,1804.687,2.58
1719004,2781,539.511,5.15
1720002,2406,274.104,8.78
1720101,5654,1099.58,5.14
1720150,1783,1913.11,0.93
1720200,13241,406.957,32.54
1720259,2385,1424.753,1.67
1720309,4100,289.597,14.16
1720499,4422,2520.465,1.75
1720655,5108,1258.771,4.06
1720804,10830,307.095,35.27
1720853,1577,1018.222,1.55
1720903,14011,2341.919,5.98
1720937,2021,1105.303,1.83
1720978,2456,2155.503,1.14
1721000,302692,2227.329,135.9
1721109,7459,2609.775,2.86
1721208,22615,1083.6,20.87
1721257,1909,706.883,2.7
1721307,1874,889.126,2.11
1722081,10522,1365.431,7.71
1722107,10517,1190.489,8.83
2100055,106550,5805.159,18.35
2100105,6144,371.338,16.55
2100154,12142,442.292,27.45
2100204,18467,1167.964,15.81
2100303,23286,1942.121,11.99
2100402,6447,524.374,12.29
2100436,24048,392.75,61.23
2100477,25710,1875.901,13.71
2100501,11109,11127.384,1.0
2100550,7170,502.402,14.27
2100600,37085,7439.615,4.98
2100709,25322,940.489,26.92
2100808,13793,608.903,22.65
2100832,17519,341.12,51.36
2100873,11181,805.194,13.89
2100907,39052,1789.73,21.82
2100956,25517,2976.039,8.57
2101004,29472,1100.275,26.79
2101103,11790,160.462,73.48
2101202,103711,1656.736,62.6
2101251,16966,542.962,31.25
2101301,16290,850.491,19.15
2101350,5252,413.651,12.7
2101400,101767,13141.162,7.74
2101509,18984,2209.414,8.59
2101608,84532,5187.673,16.29
2101707,65589,3046.308,21.53
2101731,8460,569.606,14.85
2101772,11750,147.954,79.42
2101806,5469,1784.64,3.06
2101905,19584,790.222,24.78
2101939,5840,247.186,23.63
2101970,7574,400.35,18.92
2102002,33100,6588.38,5.02
2102036,28599,2676.98,10.68
2102077,12212,445.171,27.43
2102101,34120,1073.258,31.79
2102150,9218,986.036,9.35
2102200,29685,1475.779,20.11
2102309,22455,1582.552,14.19
2102325,55499,2544.857,21.81
2102358,12918,820.968,15.74
2102374,9732,707.236,13.76
2102408,10121,545.244,18.56
2102507,16412,662.066,24.79
2102556,12301,613.529,20.05
2102606,19932,1634.861,12.19
2102705,24303,773.01,31.44
2102754,11374,590.267,19.27
2102804,24062,6267.675,3.84
2102903,24238,1260.977,19.22
2103000,156973,5201.927,30.18
2103109,10208,285.211,35.79
2103125,7094,319.538,22.2
2103158,12342,1167.848,10.57
2103174,16267,8401.003,1.94
2103208,81386,3247.385,25.06
2103257,12878,1462.809,8.8
2103307,114275,4361.606,26.2
2103406,41658,977.079,42.64
2103505,40316,1978.695,20.38
2103554,14915,725.664,20.55
2103604,59566,2263.692,26.31
2103703,31558,1257.608,25.09
2103752,14404,332.249,43.35
2103802,23053,358.493,64.31
2103901,10223,317.494,32.2
2104008,18311,452.411,40.47
2104057,33294,2720.266,12.24
2104073,8048,1625.822,4.95
2104081,10873,5086.589,2.14
2104099,17719,3690.61,4.8
2104107,12640,1853.406,6.82
2104206,16976,834.83,20.33
2104305,10186,720.129,14.14
2104404,17206,883.588,19.47
2104503,10231,445.856,22.95
2104552,18411,615.957,29.89
2104602,13930,647.989,21.5
2104628,7063,401.587,17.59
2104651,10713,1144.146,9.36
2104677,23128,1037.13,22.3
2104701,6023,271.445,22.19
2104800,73872,8861.717,8.34
2104909,10290,478.857,21.49
2105005,25680,1714.625,14.98
2105104,24794,1124.445,22.05
2105153,13974,368.685,37.9
2105203,10231,346.218,29.55
2105302,273110,1369.039,199.49
2105351,13828,1244.398,11.11
2105401,60440,1480.641,40.82
2105427,22513,3583.423,6.28
2105450,7471,591.616,12.63
2105476,17076,1962.362,8.7
2105500,24709,1137.104,21.73
2105609,14924,703.081,21.23
2105658,5146,568.499,9.05
2105708,44403,1240.444,35.8
2105807,9506,328.525,28.94
2105906,14769,631.455,23.39
2105922,10572,1512.985,6.99
2105948,8758,220.776,39.67
2105963,11411,744.199,15.33
2105989,7057,1063.619,6.63
2106003,11297,321.932,35.09
2106102,11597,3597.231,3.22
2106201,7161,472.296,15.16
2106300,13807,434.433,31.78
2106326,21149,635.758,33.27
2106359,7027,1402.593,5.01
2106375,13761,760.947,18.08
2106409,17090,548.548,31.15
2106508,22034,410.632,53.66
2106607,32174,2108.671,15.26
2106631,17432,794.454,21.94
2106672,8818,634.818,13.89
2106706,21030,8522.351,2.47
2106755,23864,341.107,69.96
2106805,13978,686.942,20.35
2106904,27751,1245.548,22.28
2107001,9106,1488.513,6.12
2107100,18554,1712.121,10.84
2107209,14176,570.938,24.83
2107258,5021,743.085,6.76
2107308,4320,978.34,4.42
2107357,14314,2452.615,5.84
2107407,17919,695.333,25.77
2107456,13577,199.879,67.93
2107506,145643,127.193,1145.06
2107605,21059,532.161,39.57
2107704,18274,530.517,34.45
2107803,31250,3245.525,9.63
2107902,17220,1358.327,12.68
2108009,18802,1635.181,11.5
2108058,17056,979.482,17.41
2108108,20341,1168.609,17.41
2108207,37050,262.066,141.38
2108256,24320,1753.867,13.87
2108306,32511,800.916,40.59
2108405,11108,397.994,27.91
2108454,20479,824.725,24.83
2108504,31429,268.285,117.15
2108603,84621,1512.969,55.93
2108702,21886,545.14,40.15
2108801,17714,688.761,25.72
2108900,17161,990.415,17.33
2109007,23903,1420.51,16.83
2109056,5954,244.979,24.3
2109106,45155,771.574,58.52
2109205,11356,355.568,31.94
2109239,4696,437.687,10.73
2109270,17511,726.172,24.11
2109304,10549,460.004,22.93
2109403,13614,1337.161,10.18
2109452,30839,79.213,389.32
2109502,22145,6402.83,3.46
2109551,7420,733.458,10.12
2109601,38475,647.998,59.38
2109700,5568,2476.132,2.25
2109759,6697,623.213,10.75
2109809,41561,2191.168,18.97
2109908,85014,786.689,108.07
2110005,57635,4837.169,11.92
2110039,24307,1010.483,24.05
2110104,23957,1430.33,16.75
2110203,37035,756.797,48.94
2110237,10567,932.03,11.34
2110278,13949,1582.806,8.81
2110302,14304,770.923,18.55
2110401,18364,931.485,19.71
2110500,46395,456.997,101.52
2110609,26943,1005.824,26.79
2110658,7992,961.249,8.31
2110708,34034,1151.978,29.54
2110807,4402,2032.599,2.17
2110856,9051,745.357,12.14
2110906,12064,2284.217,5.28
2111003,18544,649.956,28.53
2111029,12251,910.065,13.46
2111052,9904,2052.328,4.83
2111078,16889,1438.067,11.74
2111102,25020,1483.255,16.87
2111201,244579,180.363,1356.04
2111250,6957,353.72,19.67
2111300,1037775,583.063,1779.87
2111409,17818,909.164,19.6
2111508,38829,800.045,48.53
2111532,14338,720.461,19.9
2111573,5783,979.915,5.9
2111607,18672,3524.501,5.3
2111631,5650,419.55,13.47
2111672,4544,226.811,20.03
2111706,19498,393.928,49.5
2111722,8784,441.811,19.88
2111748,10207,426.437,23.94
2111763,14700,738.187,19.91
2111789,10202,1165.318,8.75
2111805,17074,3114.683,5.48
2111904,10238,1074.435,9.53
2111953,4985,862.226,5.78
2112001,8862,4369.159,2.03
2112100,26484,1486.584,17.82
2112209,174465,1763.22,98.95
2112233,22484,291.61,77.1
2112274,5507,270.934,20.33
2112308,36251,3369.121,10.76
2112407,37491,2622.281,14.3
2112456,31638,1507.622,20.99
2112506,53356,1566.08,34.07
2112605,32812,1707.621,19.22
2112704,43261,1958.702,22.09
2112803,51442,1166.745,44.09
2112852,10362,1190.008,8.71
2112902,30805,716.719,42.98
2113009,30845,1193.385,25.85
2114007,40801,2140.109,19.06
2200053,6420,1280.838,5.01
2200103,4940,112.392,43.95
2200202,17573,96.843,181.46
2200251,6819,535.89,12.72
2200277,4634,243.732,19.01
2200301,13479,1743.331,7.73
2200400,47453,957.232,49.57
2200459,5322,2131.506,2.5
2200509,17234,1152.127,14.96
2200608,6827,222.008,30.75
2200707,9407,337.877,27.84
2200806,3152,644.8,4.89
2200905,5369,821.212,6.54
2200954,2690,316.235,8.51
2201002,4520,682.727,6.62
2201051,7452,1690.703,4.41
2201101,10866,1220.371,8.9
2201150,13272,7808.915,1.7
2201176,3995,263.943,15.14
2201200,47938,1722.507,27.83
2201309,3264,2168.713,1.51
2201408,6640,159.436,41.65
2201507,26300,1589.01,16.55
2201556,4091,499.092,8.2
2201572,3423,243.234,14.07
2201606,9929,937.098,10.6
2201705,5562,1216.116,4.57
2201739,6220,579.576,10.73
2201770,6902,336.954,20.48
2201804,4078,261.651,15.59
2201903,28796,5471.024,5.26
2201919,5636,523.142,10.77
2201929,5913,289.149,20.45
2201945,6545,269.786,24.26
2201960,8436,880.836,9.58
2201988,3904,2267.327,1.72
2202000,19654,690.54,28.46
2202026,7434,2437.326,3.05
2202059,10212,608.747,16.78
2202075,3108,514.106,6.05
2202083,7957,271.165,29.34
2202091,5503,467.083,11.78
2202109,4938,783.842,6.3
2202117,4616,657.796,7.02
2202133,6020,311.682,19.31
2202174,7419,478.078,15.52
2202208,45793,1680.861,27.24
2202251,3414,2165.277,1.58
2202307,19365,4325.643,4.48
2202406,11100,571.658,19.42
2202455,3974,1132.995,3.51
2202505,10318,1610.959,6.4
2202539,5630,471.217,11.95
2202554,5033,498.793,10.09
2202604,19288,2378.847,8.11
2202653,5496,491.093,11.19
2202703,28212,1294.133,21.8
2202711,4911,310.291,15.83
2202729,6386,324.856,19.66
2202737,4117,484.46,8.5
2202752,6150,429.591,14.32
2202778,6994,950.193,7.36
2202802,4932,824.729,5.98
2202851,4250,1926.103,2.21
2202901,27278,3048.747,8.95
2203008,7356,1202.896,6.12
2203107,10503,1845.698,5.69
2203206,11270,2344.949,4.81
2203230,4854,3156.657,1.54
2203255,4413,345.811,12.76
2203271,5073,755.251,6.72
2203305,16352,216.807,75.42
2203354,7054,1005.571,7.01
2203404,6320,218.808,28.88
2203420,4075,848.705,4.8
2203453,9159,3871.824,2.37
2203503,13607,1383.976,9.83
2203602,4377,1097.79,3.99
2203701,40970,908.748,45.08
2203750,5284,713.046,7.41
2203800,4414,946.719,4.66
2203859,2333,223.199,10.45
2203909,62036,3407.979,18.2
2204006,4505,268.704,16.77
2204105,4412,656.475,6.72
2204154,2929,179.245,16.34
2204204,8237,492.191,16.74
2204303,10259,777.179,13.2
2204352,5445,440.606,12.36
2204402,10892,3495.692,3.12
2204501,10270,1026.538,10.0
2204550,4276,3118.231,1.37
2204600,3518,224.573,15.67
2204659,9274,129.696,71.51
2204709,14958,978.222,15.29
2204808,9420,529.417,17.79
2204907,7774,800.688,9.71
2205003,10790,827.62,13.04
2205102,10323,2554.179,4.04
2205151,5613,1333.796,4.21
2205201,17527,866.788,20.22
2205250,4180,510.226,8.19
2205276,4494,650.393,6.91
2205300,4497,1865.94,2.41
2205359,2970,1800.23,1.65
2205409,13886,740.561,18.75
2205458,5394,169.005,31.92
2205508,42559,1538.172,27.67
2205516,5214,935.404,5.57
2205524,5388,1283.916,4.2
2205532,4425,1271.881,3.48
2205540,2939,67.649,43.44
2205557,8256,394.205,20.94
2205565,4995,1331.025,3.75
2205573,6331,155.86,40.62
2205581,4810,427.841,11.24
2205599,4520,805.018,5.61
2205607,5213,1088.583,4.79
2205706,30641,1074.132,28.53
2205805,25375,705.599,35.96
2205854,8032,178.842,44.91
2205904,5209,1620.413,3.21
2205953,8533,136.785,62.38
2206001,4724,677.416,6.97
2206050,5218,530.169,9.84
2206100,10641,226.785,46.92
2206209,32150,1392.123,23.09
2206308,1318,93.412,14.11
2206357,6542,1309.128,5.0
2206407,10255,567.86,18.06
2206506,7577,401.568,18.87
2206605,10660,2417.382,4.41
2206654,4377,2207.658,1.98
2206670,6425,328.408,19.56
2206696,9797,475.72,20.59
2206704,6665,1315.841,5.07
2206720,10262,362.376,28.32
2206753,5228,356.872,14.65
2206803,8525,357.896,23.82
2206902,6097,525.906,11.59
2206951,2827,443.872,6.37
2207009,38161,2703.138,14.12
2207108,2637,183.603,14.36
2207207,6382,278.696,22.9
2207306,4088,401.378,10.18
2207355,3000,986.961,3.04
2207405,4952,2024.02,2.45
2207504,13264,1493.764,8.88
2207553,3813,432.572,8.81
2207603,10103,3428.811,2.95
2207702,162159,436.907,371.15
2207751,4135,643.226,6.43
2207777,5425,801.403,6.77
2207793,3880,430.023,9.02
2207801,21055,1941.111,10.85
2207850,3628,1090.697,3.33
2207900,37894,1544.413,24.54
2207934,2458,870.614,2.82
2207959,4076,909.734,4.48
2208007,83090,577.284,143.93
2208106,11341,4562.58,2.49
2208205,17613,1948.142,9.04
2208304,28846,2368.935,12.18
2208403,65538,1407.192,46.57
2208502,12052,253.113,47.62
2208551,2364,1168.044,2.02
2208601,3042,196.787,15.46
2208650,8738,1283.369,6.81
2208700,8394,2470.531,3.4
2208809,17133,1251.321,13.69
2208858,4165,2220.598,1.88
2208874,4055,1012.479,4.01
2208908,6164,3987.147,1.55
2209005,5801,635.953,9.12
2209104,5831,582.658,10.01
2209153,3435,978.547,3.51
2209203,6087,5293.693,1.15
2209302,5336,1185.398,4.5
2209351,4125,112.189,36.77
2209377,4650,338.336,13.74
2209401,5839,385.286,15.15
2209450,2138,33.64,63.56
2209500,3646,852.106,4.28
2209559,4358,656.042,6.64
2209609,2842,627.033,4.53
2209658,5572,1072.311,5.2
2209708,5392,1341.451,4.02
2209757,2947,1385.255,2.13
2209807,4837,150.495,32.14
2209856,4242,480.537,8.83
2209872,5522,817.111,6.76
2209906,6114,994.224,6.15
2209955,4383,394.456,11.11
2209971,8186,213.377,38.36
2210003,21421,1527.497,14.02
2210052,4841,319.367,15.16
2210102,3297,1287.174,2.56
2210201,6597,373.347,17.67
2210300,6025,291.089,20.7
2210359,4410,673.822,6.54
2210375,2309,217.924,10.6
2210383,2269,444.528,5.1
2210391,2829,813.444,3.48
2210409,17554,4988.973,3.52
2210508,13755,518.288,26.54
2210607,38934,2415.287,16.12
2210623,3202,893.488,3.58
2210631,4446,3148.857,1.41
2210656,9460,1031.101,9.17
2210706,14350,1076.055,13.34
2210805,13870,1360.028,10.2
2210904,4141,761.854,5.44
2210938,6220,205.194,30.31
2210953,2949,1587.296,1.86
2210979,2316,398.007,5.82
2211001,866300,1391.293,622.66
2211100,46119,1170.742,39.39
2211209,25203,8413.016,3.0
2211308,22279,1333.722,16.7
2211357,5055,450.429,11.22
2211407,4417,236.453,18.68
2211506,3185,341.974,9.31
2211605,2935,221.627,13.24
2211704,4059,270.427,15.01
2300101,10038,180.833,55.51
2300150,14027,130.002,107.9
2300200,65264,842.471,77.47
2300309,44962,2254.279,19.95
2300408,14076,2438.563,5.77
2300507,11369,135.76,83.74
2300606,6782,72.675,93.32
2300705,14155,1147.208,12.34
2300754,42156,1175.044,35.88
2300804,7245,259.706,27.9
2300903,12928,543.98,23.77
2301000,80645,480.236,167.93
2301109,75113,1227.197,61.21
2301208,25553,643.988,39.68
2301257,11096,342.301,32.42
2301307,19783,1097.339,18.03
2301406,11224,119.758,93.72
2301505,7429,1068.437,6.95
2301604,21697,1155.124,18.78
2301703,23714,885.87,26.77
2301802,5704,145.556,39.19
2301851,17195,1080.986,15.91
2301901,75033,608.158,123.38
2301950,22392,260.003,86.12
2302008,19381,711.346,27.25
2302057,14567,385.583,37.78
2302107,35218,314.075,112.13
2302206,53114,1596.751,33.26
2302305,32775,842.106,38.92
2302404,50411,2835.037,17.78
2302503,51090,654.658,78.04
2302602,62326,1120.452,55.63
2302701,25135,1082.582,23.22
2302800,74174,3032.39,24.46
2302909,17254,226.549,76.16
2303006,16377,926.271,17.68
2303105,17632,755.597,23.34
2303204,26320,634.179,41.5
2303303,17015,1036.417,16.42
2303402,17210,363.22,47.38
2303501,72720,838.115,86.77
2303600,10243,488.153,20.98
2303659,10444,784.022,13.32
2303709,355679,1223.246,290.77
2303808,22344,729.97,30.61
2303907,12462,237.248,52.53
2303931,12113,815.268,14.86
2303956,20163,296.431,68.02
2304004,20953,750.332,27.92
2304103,76390,2981.459,25.62
2304202,131050,1138.15,115.14
2304236,17481,696.348,25.1
2304251,29761,335.921,88.6
2304269,8932,471.134,18.96
2304277,6474,362.906,17.84
2304285,74170,78.818,941.03
2304301,18217,530.54,34.34
2304350,24173,568.778,42.5
2304400,2428708,312.353,7775.52
2304459,17294,285.024,60.68
2304509,15657,210.284,74.46
2304608,6734,230.371,29.23
2304657,13801,258.942,53.3
2304707,53344,2663.174,20.03
2304806,4841,111.528,43.41
2304905,10910,155.681,70.08
2304954,24325,256.053,95.0
2305001,42053,624.606,67.33
2305100,5654,90.817,62.26
2305209,17855,926.592,19.27
2305233,74755,160.557,465.6
2305266,11956,879.255,13.6
2305308,23965,414.092,57.87
2305332,11611,423.856,27.39
2305357,21433,421.44,50.86
2305407,62642,1865.862,33.57
2305506,98064,992.208,98.83
2305605,24024,3222.381,7.46
2305654,11575,704.773,16.42
2305704,12083,276.508,43.7
2305803,41081,626.049,65.62
2305902,36798,1483.258,24.81
2306009,14001,839.174,16.68
2306108,23915,1466.412,16.31
2306207,7536,213.604,35.28
2306256,64650,153.686,420.66
2306306,46426,432.188,107.42
2306405,131123,1600.358,81.93
2306504,17841,593.231,30.07
2306553,42957,714.833,60.09
2306603,20424,829.626,24.62
2306702,17232,1826.826,9.43
2306801,10356,622.963,16.62
2306900,33726,1877.062,17.97
2307007,31701,854.362,37.1
2307106,27411,544.98,50.3
2307205,7861,368.359,21.34
2307254,25555,209.029,122.26
2307304,286120,258.788,1105.62
2307403,23922,940.336,25.44
2307502,30802,945.263,32.59
2307601,59560,744.525,80.0
2307635,16896,997.781,16.93
2307650,234509,105.071,2231.91
2307700,105093,583.505,180.11
2307809,25799,573.61,44.98
2307908,10846,303.445,35.74
2308005,37697,567.78,66.39
2308104,45561,1079.011,42.22
2308203,15157,151.651,99.95
2308302,25900,579.097,44.72
2308351,14123,502.137,28.13
2308377,14196,708.678,20.03
2308401,36822,613.317,60.04
2308500,37735,2115.748,17.84
2308609,17149,892.538,19.21
2308708,61443,2763.971,22.23
2308807,8254,414.446,19.92
2308906,22753,411.586,55.28
2309003,13666,192.19,71.11
2309102,10569,97.951,107.9
2309201,15399,282.584,54.49
2309300,30699,736.911,41.66
2309409,27545,947.44,29.07
2309458,24493,763.075,32.1
2309508,19675,577.526,34.07
2309607,70983,250.304,283.59
2309706,81524,133.236,611.88
2309805,11186,112.433,99.49
2309904,6175,88.355,69.89
2310001,9346,436.98,21.39
2310100,10242,128.896,79.46
2310209,38980,304.734,127.91
2310258,32216,289.231,111.39
2310308,31445,2313.868,13.59
2310407,10384,539.238,19.26
2310506,40187,1302.081,30.86
2310605,8972,150.536,59.6
2310704,37813,1379.836,27.4
2310803,15274,435.868,35.04
2310852,23391,74.033,315.95
2310902,16616,589.601,28.18
2310951,10606,244.464,43.38
2311009,12065,1310.771,9.2
2311108,17050,224.86,75.82
2311207,8833,343.264,25.73
2311231,5974,409.137,14.6
2311264,20213,1041.832,19.4
2311306,84168,2020.586,41.66
2311355,15910,605.345,26.28
2311405,82177,3324.987,24.71
2311504,20874,613.099,34.05
2311603,27214,247.989,109.74
2311702,18606,372.949,49.89
2311801,72928,1611.091,45.27
2311900,13854,1381.274,10.03
2311959,16633,806.253,20.63
2312007,30628,972.573,31.49
2312106,16954,855.165,19.83
2312205,40183,4262.293,9.43
2312304,47640,350.847,135.79
2312403,54143,842.635,64.25
2312502,5855,279.451,20.95
2312601,10822,122.865,88.08
2312700,24266,956.882,25.36
2312809,7262,424.642,17.1
2312908,203023,2068.474,98.15
2313005,18179,1535.855,11.84
2313104,30652,1047.637,29.26
2313203,24815,2014.543,12.32
2313252,7529,412.719,18.24
2313302,61227,4010.618,15.27
2313351,17154,758.707,22.61
2313401,81506,909.853,89.58
2313500,58415,928.725,62.9
2313559,15412,201.27,76.57
2313609,32767,423.673,77.34
2313708,6871,263.183,26.11
2313757,17470,315.648,55.35
2313807,20189,99.4,203.11
2313906,13746,697.683,19.7
2313955,18105,179.239,101.01
2314003,38984,829.976,46.97
2314102,59712,1310.91,45.55
2400109,10597,608.466,17.42
2400208,56496,1303.442,43.34
2400307,10839,576.179,18.81
2400406,2946,50.684,58.12
2400505,13640,381.205,35.78
2400604,4687,128.038,36.61
2400703,12484,191.334,65.25
2400802,11632,741.582,15.69
2400901,6577,244.897,26.86
2401008,36093,1602.477,22.52
2401107,24093,342.749,70.29
2401206,13251,115.407,114.82
2401305,9730,890.89,10.92
2401404,8825,247.484,35.66
2401453,26913,825.681,32.59
2401503,3986,152.626,26.12
2401602,4807,301.069,15.97
2401651,2306,253.519,9.1
2401701,9952,122.035,81.55
2401800,12202,61.559,198.22
2401859,6293,225.633,27.89
2401909,3268,261.194,12.51
2402006,61146,1228.584,49.77
2402105,10215,213.727,47.79
2402204,29668,245.485,120.85
2402303,19727,1095.803,18.0
2402402,7992,246.308,32.45
2402501,9714,517.737,18.76
2402600,79115,724.838,109.15
2402709,11000,393.573,27.95
2402808,5117,185.748,27.55
2402907,4237,117.139,36.17
2403004,8005,295.83,27.06
2403103,41313,864.349,47.8
2403202,7044,113.737,61.93
2403251,252716,124.006,2037.93
2403301,6016,125.749,47.84
2403400,5360,264.985,20.23
2403509,10620,135.838,78.18
2403608,61635,140.639,438.25
2403707,5944,268.591,22.13
2403756,2938,322.628,9.11
2403806,10196,507.892,20.08
2403905,2700,181.558,14.87
2404002,4122,63.279,65.14
2404101,2104,340.769,6.17
2404200,26741,192.279,139.07
2404309,11938,1129.55,10.57
2404408,9924,124.538,79.69
2404507,15295,258.307,59.21
2404606,11615,312.028,37.22
2404705,14131,374.245,37.76
2404804,2035,127.348,15.98
2404853,7292,203.624,35.81
2404903,5320,133.031,39.99
2405009,7834,54.561,143.58
2405108,6562,442.754,14.82
2405207,4746,303.448,15.64
2405306,9051,170.737,53.01
2405405,5117,188.99,27.08
2405504,2437,254.022,9.59
2405603,13977,330.53,42.29
2405702,11655,367.645,31.7
2405801,33290,714.961,46.56
2405900,2076,88.173,23.54
2406007,5803,117.635,49.33
2406106,17793,933.73,19.06
2406155,3739,44.641,83.76
2406205,6654,105.652,62.98
2406304,7338,117.971,62.2
2406403,2567,111.607,23.0
2406502,15573,176.302,88.33
2406601,8319,79.128,105.13
2406700,9866,676.625,14.58
2406809,4787,130.211,36.76
2406908,3490,30.931,112.83
2407005,9070,166.638,54.43
2407104,82249,510.092,161.24
2407203,27369,775.302,35.3
2407252,3924,31.971,122.74
2407302,7896,345.711,22.84
2407401,8179,169.464,48.26
2407500,10255,132.129,77.61
2407609,4274,142.608,29.97
2407708,11444,82.214,139.2
2407807,23031,211.259,109.02
2407906,2276,71.946,31.63
2408003,264577,2099.334,126.03
2408102,751300,167.401,4488.03
2408201,31942,307.719,103.8
2408300,34269,277.658,123.42
2408409,3905,141.17,27.66
2408508,4913,253.21,19.4
2408607,3934,81.39,48.34
2408706,3579,383.214,9.34
2408805,4801,231.007,20.78
2408904,21499,513.507,41.87
2408953,10351,151.097,68.51
2409100,10896,42.137,258.59
2409209,3115,41.215,75.58
2409308,11007,319.135,34.49
2409332,4847,219.57,22.07
2409407,30479,259.959,117.25
2409506,3618,221.167,16.36
2409605,2441,294.985,8.27
2409704,6242,952.755,6.55
2409803,13824,192.708,71.74
2409902,12278,419.137,29.29
2410009,2965,82.69,35.86
2410108,12390,230.401,53.78
2410207,7601,110.054,69.07
2410256,5228,361.237,14.47
2410306,10125,217.539,46.54
2410405,9362,504.294,18.56
2410504,5432,78.231,69.44
2410603,2934,100.073,29.32
2410702,2701,127.223,21.23
2410801,4127,128.106,32.22
2410900,7389,262.887,28.11
2411007,4242,154.84,27.4
2411056,5382,169.365,31.78
2411106,3206,125.809,25.48
2411205,37313,624.356,59.76
2411403,12456,1422.268,8.76
2411429,2696,188.403,14.31
2411502,22177,301.082,73.66
2411601,3304,288.761,11.44
2411700,3792,190.818,19.87
2411809,3492,404.427,8.63
2411908,4161,75.588,55.05
2412005,115838,249.8,463.72
2412104,5956,277.011,21.5
2412203,47286,289.987,163.06
2412302,11121,341.115,32.6
2412401,4558,174.505,26.12
2412500,23537,166.233,141.59
2412559,10221,431.444,23.69
2412609,16786,240.425,69.82
2412708,5776,195.237,29.58
2412807,7711,469.101,16.44
2412906,9972,862.585,11.56
2413003,6310,197.817,31.9
2413102,5965,152.376,39.15
2413201,4065,26.1,155.75
2413300,5703,96.628,59.02
2413359,13091,620.241,21.11
2413409,7597,562.396,13.51
2413508,6436,193.351,33.29
2413557,4659,122.375,38.07
2413607,5487,157.85,34.76
2413706,4654,213.456,21.8
2413805,2338,124.093,18.84
2413904,11422,352.818,32.37
2414001,13281,339.484,39.12
2414100,10262,223.671,45.88
2414159,5891,68.556,85.93
2414209,16929,102.68,164.87
2414308,2348,135.456,17.33
2414407,33035,753.961,43.82
2414456,3376,268.725,12.56
2414506,10078,213.584,47.19
2414605,13577,873.14,15.55
2414704,5233,72.684,72.0
2414753,3014,71.621,42.08
2414803,10735,84.127,127.6
2414902,1822,37.905,48.07
2415008,3174,47.656,66.6
2500106,9335,241.662,38.63
2500205,5003,351.607,14.23
2500304,26062,322.071,80.92
2500403,21013,128.23,163.87
2500502,13725,111.361,123.25
2500536,5578,309.896,18.0
2500577,2953,222.74,13.26
2500601,21730,183.974,118.11
2500700,17964,476.238,37.72
2500734,2234,122.094,18.3
2500775,7960,291.478,27.31
2500809,16646,232.177,71.7
2500908,12212,91.306,133.75
2501005,17189,246.717,69.67
2501104,22633,269.13,84.1
2501153,2005,114.078,17.58
2501203,7128,35.81,199.05
2501302,18705,376.118,49.73
2501351,4152,132.139,31.42
2501401,9224,102.756,89.77
2501500,23134,255.641,90.49
2501534,4762,50.03,95.18
2501575,8059,375.177,21.48
2501609,12904,781.187,16.52
2501708,5906,609.697,9.69
2501807,82742,27.705,2986.54
2501906,16401,99.609,164.65
2502003,6268,601.549,10.42
2502052,3504,57.453,60.99
2502102,5207,168.664,30.87
2502151,6377,468.933,13.6
2502201,2286,47.367,48.26
2502300,4661,186.059,25.05
2502409,10252,226.798,45.2
2502508,17598,373.077,47.17
2502607,5648,197.058,28.66
2502706,4214,26.107,161.41
2502805,13613,401.315,33.92
2502904,5742,93.857,61.18
2503001,21193,151.018,140.33
2503100,5335,469.171,11.37
2503209,66519,29.873,2226.73
2503308,9151,193.215,47.36
2503407,3291,213.018,15.45
2503506,16064,165.072,97.32
2503555,7223,124.068,58.22
2503605,6602,123.677,53.38
2503704,63239,562.703,112.38
2503753,2740,282.693,9.69
2503803,5753,55.963,102.8
2503902,6085,541.841,11.23
2504009,419379,591.658,708.82
2504033,6970,79.876,87.26
2504074,3944,486.622,8.1
2504108,2312,59.07,39.14
2504157,6889,202.761,33.98
2504207,4491,527.424,8.51
2504306,30661,551.765,55.57
2504355,5254,117.823,44.59
2504405,18260,580.65,31.45
2504504,6451,265.473,24.3
2504603,27605,171.267,161.18
2504702,4933,324.686,15.19
2504801,14683,372.012,39.47
2504850,1824,173.942,10.49
2504900,17095,192.512,88.8
2505006,7580,163.57,46.34
2505105,19719,733.818,26.87
2505204,6730,42.091,159.89
2505238,6251,107.68,58.05
2505279,5254,86.428,60.79
2505303,2292,217.624,10.53
2505352,4982,186.198,26.76
2505402,8067,182.018,44.32
2505501,3641,60.39,60.29
2505600,6299,271.791,23.18
2505709,10380,173.648,59.78
2505808,3327,27.012,123.17
2505907,3011,248.226,12.13
2506004,31231,157.851,197.85
2506103,11049,185.061,59.7
2506202,2846,238.658,11.93
2506251,8179,192.42,42.51
2506301,57484,162.387,353.99
2506400,13766,340.408,40.44
2506509,3242,344.502,9.41
2506608,5631,240.357,23.43
2506707,10392,317.804,32.7
2506806,17692,262.179,67.48
2506905,23182,210.572,110.09
2507002,23940,460.21,52.02
2507101,18382,145.806,126.07
2507200,10499,251.749,41.7
2507309,14477,256.845,56.36
2507408,7516,177.356,42.38
2507507,833932,210.044,3970.27
2507606,7796,75.678,103.02
2507705,17007,474.606,35.83
2507804,6793,180.425,37.65
2507903,10012,78.706,127.21
2508000,9234,395.075,23.37
2508109,4415,176.649,24.99
2508208,7819,83.508,93.63
2508307,27730,108.219,256.24
2508406,3162,107.416,29.44
2508505,6877,266.948,25.76
2508554,4797,42.876,111.88
2508604,12560,93.8,133.9
2508703,3583,228.676,15.67
2508802,6046,172.01,35.15
2508901,44599,337.434,132.17
2509008,10434,352.025,29.64
2509057,8999,122.665,73.36
2509107,21512,155.265,138.55
2509156,6705,69.952,95.85
2509206,14139,209.402,67.52
2509305,8244,182.439,45.19
2509339,4571,36.522,125.16
2509370,2543,85.275,29.82
2509396,6433,83.053,77.46
2509404,13899,214.093,64.92
2509503,5812,31.793,182.81
2509602,4338,116.854,37.12
2509701,32277,992.62,32.52
2509800,8791,187.259,46.95
2509909,8945,202.173,44.24
2510006,7203,193.203,37.28
2510105,9724,47.572,204.41
2510204,5787,81.516,70.99
2510303,4259,314.748,13.53
2510402,6060,580.47,10.44
2510501,3580,314.625,11.38
2510600,2918,128.11,22.78
2510659,1720,207.814,8.28
2510709,2463,123.422,19.96
2510808,103165,472.892,218.16
2510907,11834,577.379,20.5
2511004,3739,116.873,31.99
2511103,6859,335.615,20.44
2511202,29662,406.729,72.93
2511301,16441,576.986,28.49
2511400,18333,667.714,27.46
2511509,12311,103.306,119.17
2511608,6815,65.574,103.93
2511707,5329,40.908,130.27
2511806,9340,80.672,115.78
2511905,16751,135.801,123.35
2512002,17469,623.967,28.0
2512036,3830,97.758,39.18
2512077,4006,94.646,42.33
2512101,32473,894.099,36.32
2512200,3915,201.788,19.4
2512309,21114,368.569,57.29
2512408,14277,71.118,200.75
2512507,47658,402.748,118.33
2512606,1743,147.158,11.84
2512705,17885,183.459,97.49
2512721,5766,74.216,77.69
2512747,2927,85.291,34.32
2512754,4690,40.281,116.43
2512762,4738,40.46,117.1
2512788,1955,93.654,20.87
2512804,8493,262.532,32.35
2512903,24581,465.24,52.84
2513000,3355,179.005,18.74
2513109,11505,204.079,56.38
2513158,7670,217.577,35.25
2513208,5947,217.677,27.32
2513307,5865,211.143,27.78
2513356,3227,327.635,9.85
2513406,14959,440.766,33.94
2513505,5010,405.164,12.37
2513604,6569,361.484,18.17
2513653,2539,71.799,35.36
2513703,149910,718.576,208.62
2513802,4402,359.442,12.25
2513851,2622,197.791,13.26
2513901,32235,245.84,131.12
2513927,4327,199.635,21.67
2513943,2585,233.835,11.05
2513968,2595,170.361,15.23
2513984,3137,90.724,34.58
2514008,4226,612.966,6.89
2514107,4263,812.617,5.25
2514206,7126,333.724,21.35
2514305,5034,183.273,27.47
2514404,4083,726.757,5.62
2514453,5891,100.642,58.53
2514503,19067,686.918,27.76
2514552,3416,158.052,21.61
2514602,3242,153.629,21.1
2514651,1699,253.787,6.69
2514701,4138,213.555,19.38
2514800,3411,376.661,9.06
2514909,7470,533.446,14.0
2515005,7066,92.413,76.46
2515104,11040,46.372,238.07
2515203,3279,464.327,7.06
2515302,51306,313.678,163.56
2515401,10291,262.751,39.17
2515500,13614,698.102,19.5
2515609,3094,31.679,97.67
2515708,2942,64.352,45.72
2515807,6828,55.197,123.7
2515906,4885,65.062,75.08
2515930,5054,32.455,155.72
2515971,8236,61.953,132.94
2516003,26774,233.043,114.89
2516102,13968,578.178,24.16
2516151,3345,147.264,22.71
2516201,67259,728.492,92.33
2516300,17166,833.315,20.6
2516409,8010,245.236,32.66
2516508,14068,628.365,22.39
2516607,14101,239.507,58.88
2516706,14631,155.452,94.12
2516755,2966,87.452,33.92
2516805,9892,224.336,44.09
2516904,14930,293.182,50.92
2517001,9124,185.578,49.17
2517100,2668,191.282,13.95
2517209,4864,147.098,33.07
2517407,2228,106.811,20.86
2600054,98462,126.384,779.07
2600104,40241,377.696,106.54
2600203,18674,1490.594,12.53
2600302,23779,200.369,118.68
2600401,26461,531.935,49.74
2600500,41548,885.988,46.89
2600609,13542,214.267,63.2
2600708,35741,272.773,131.03
2600807,20674,450.178,45.92
2600906,18205,233.239,78.05
2601003,10241,118.088,86.72
2601052,19243,96.36,199.7
2601102,85088,2037.394,41.76
2601201,77742,343.923,226.04
2601300,12263,118.639,103.36
2601409,40121,233.433,171.87
2601508,10378,73.145,141.88
2601607,18301,1830.797,10.0
2601706,79507,647.445,122.8
2601805,11232,1244.074,9.03
2601904,61694,492.632,125.23
2602001,34478,1621.786,21.26
2602100,44294,792.185,55.91
2602209,37629,224.108,167.91
2602308,37474,393.191,95.31
2602407,9079,159.786,56.82
2602506,7720,106.039,72.8
2602605,48648,762.346,63.81
2602704,12808,93.187,137.44
2602803,52097,1336.544,38.98
2602902,203440,445.386,456.77
2603009,30294,1658.616,18.26
2603108,19899,179.262,111.01
2603207,28827,294.946,97.74
2603306,11093,121.945,90.97
2603405,5228,179.314,29.16
2603454,147771,51.321,2879.35
2603504,17419,72.01,241.9
2603603,7750,39.116,198.13
2603702,24329,423.168,57.49
2603801,18338,337.13,54.39
2603900,18644,427.802,43.58
2603926,12239,1004.667,12.18
2604007,79293,147.017,539.35
2604106,378048,923.15,409.52
2604155,12967,115.868,111.91
2604205,32156,208.594,154.16
2604304,10518,148.746,70.71
2604403,12984,49.327,263.22
2604502,20546,84.787,242.32
2604601,24587,89.645,274.27
2604700,17131,317.793,53.91
2604809,10198,102.852,99.15
2604908,15920,292.231,54.48
2605004,23518,95.155,247.15
2605103,37699,1404.126,26.85
2605152,17188,1539.052,11.17
2605202,59891,342.584,174.82
2605301,31843,1336.786,23.82
2605400,21427,107.726,198.9
2605459,3167,18.609,170.19
2605509,15026,92.516,162.42
2605608,20347,995.558,20.44
2605707,30137,3604.948,8.36
2605806,13636,212.707,64.11
2605905,18214,257.781,70.66
2606002,142506,458.552,310.77
2606101,29347,234.708,125.04
2606200,81055,445.405,181.98
2606309,6967,521.69,13.35
2606408,86516,507.36,170.52
2606507,17165,635.137,27.03
2606606,26593,1882.498,14.13
2606705,7140,189.596,37.66
2606804,115196,306.879,375.38
2606903,11081,838.132,13.22
2607000,25603,1231.362,20.79
2607109,4765,243.586,19.56
2607208,98932,521.801,189.6
2607307,29009,693.914,41.8
2607406,4284,430.038,9.96
2607505,32650,1061.694,30.75
2607604,24540,66.146,371.0
2607653,34935,304.006,114.92
2607703,13791,411.901,33.48
2607752,27749,73.968,375.15
2607802,16554,162.739,101.72
2607901,644037,258.724,2489.28
2607950,10247,87.208,117.5
2608008,15843,714.601,22.17
2608057,14020,277.862,50.46
2608107,27725,134.147,206.68
2608206,13269,122.592,108.24
2608255,11517,120.527,95.56
2608305,15329,104.835,146.22
2608404,13648,148.254,92.06
2608453,17981,69.666,258.1
2608503,19003,56.131,338.55
2608602,11933,198.762,60.04
2608701,14076,224.947,62.57
2608750,24088,1850.07,13.02
2608800,39582,189.096,209.32
2608909,56510,273.733,206.44
2609006,23879,108.049,221.0
2609105,11333,61.619,183.92
2609154,23763,344.685,68.94
2609204,9359,199.865,46.83
2609303,14166,821.676,17.24
2609402,55292,194.197,284.72
2609501,30648,130.572,234.72
2609600,349976,41.3,8474.0
2609709,21808,138.521,157.43
2609808,13613,554.76,24.54
2609907,65245,2381.57,27.4
2610004,54584,339.401,160.82
2610103,7031,168.796,41.65
2610202,22991,380.428,60.43
2610301,12199,185.371,65.81
2610400,18612,2609.548,7.13
2610509,28340,327.21,86.61
2610608,56665,269.651,210.14
2610707,342167,96.932,3529.97
2610806,22795,922.602,24.71
2610905,62722,960.042,65.33
2611002,34161,1056.589,32.33
2611101,386791,4561.87,84.79
2611200,10500,205.119,51.19
2611309,27552,239.832,114.88
2611408,13838,113.135,122.31
2611507,17928,230.617,77.74
2611533,6554,210.705,31.11
2611606,1488920,218.843,6803.6
2611705,20639,314.003,65.73
2611804,33507,289.566,115.71
2611903,20009,227.458,87.97
2612000,10887,190.455,57.16
2612109,5727,87.217,65.66
2612208,62372,1678.564,37.16
2612307,13836,251.549,55.0
2612406,18624,268.065,69.48
2612455,13841,1245.983,11.11
2612471,11567,114.932,100.64
2612505,98254,335.309,293.03
2612554,12106,1005.341,12.04
2612604,40578,3000.774,13.52
2612703,14013,92.148,152.07
2612802,10244,200.327,51.14
2612901,13113,160.477,81.71
2613008,49449,719.148,68.76
2613107,37126,382.483,97.07
2613206,23837,258.519,92.21
2613305,20037,227.385,88.12
2613404,18825,69.184,272.1
2613503,34843,1474.086,23.64
2613602,31004,774.037,40.05
2613701,111249,263.687,421.9
2613800,16677,112.554,148.17
2613909,92228,2980.007,30.95
2614006,18207,1535.19,11.86
2614105,32811,2421.527,13.55
2614204,37596,374.321,100.44
2614303,10540,404.287,26.07
2614402,5210,138.398,37.65
2614501,64120,252.896,253.54
2614600,27681,390.434,70.9
2614709,13738,227.601,60.36
2614808,23902,1264.532,18.9
2614857,23561,213.75,110.23
2615003,24736,475.184,52.06
2615102,6513,151.45,43.0
2615201,8920,318.709,27.99
2615300,46147,287.683,160.41
2615409,41137,25.704,1600.41
2615508,13867,137.321,100.98
2615607,30321,295.765,102.52
2615706,14705,191.518,76.78
2615805,26937,934.801,28.82
2615904,8005,189.509,42.24
2616001,17251,336.107,51.33
2616100,9169,476.039,19.26
2616183,7558,73.631,102.65
2616209,21959,196.325,111.85
2616308,26359,228.017,115.6
2616407,134084,336.573,398.38
2616506,11611,110.815,104.78
2700102,19008,468.229,40.6
2700201,13966,186.134,75.03
2700300,234696,345.655,678.99
2700409,37512,533.258,70.34
2700508,16365,131.364,124.58
2700607,7944,74.247,106.99
2700706,16448,315.87,52.07
2700805,4722,66.628,70.87
2700904,5936,334.136,17.77
2701001,21187,193.002,109.78
2701100,9603,168.048,57.14
2701209,10482,281.692,37.21
2701308,16024,94.357,169.82
2701357,6665,65.91,101.12
2701407,32106,312.726,102.66
2701506,8143,170.144,47.86
2701605,15559,602.778,25.81
2701704,15032,263.735,57.0
2701803,8999,111.696,80.57
2701902,5910,157.831,37.45
2702009,10810,88.759,121.79
2702108,15816,207.935,76.06
2702207,5581,39.608,140.91
2702306,50414,897.8,56.15
2702355,25397,278.879,91.07
2702405,51318,628.545,81.65
2702504,9805,141.621,69.23
2702553,15429,260.772,59.17
2702603,22712,175.906,129.11
2702702,3963,110.062,36.01
2702801,9618,333.756,28.82
2702900,36102,513.454,70.31
2703007,13731,265.312,51.75
2703106,23995,334.346,71.77
2703205,21372,426.538,50.11
2703304,15167,372.019,40.77
2703403,5083,148.992,34.12
2703502,5352,208.738,25.64
2703601,9219,85.356,108.01
2703700,4985,105.416,47.29
2703759,9470,334.265,28.33
2703809,17150,298.17,57.52
2703908,4092,88.793,46.08
2704005,23907,247.724,96.51
2704104,18457,83.621,220.72
2704203,24740,309.205,80.01
2704302,957916,509.32,1880.77
2704401,17700,442.744,39.98
2704500,32174,334.165,96.28
2704609,9534,332.37,28.68
2704708,60370,340.98,177.05
2704807,13679,180.107,75.95
2704906,3155,91.741,34.39
2705002,21844,914.722,23.88
2705101,23857,238.113,100.19
2705200,15405,114.156,134.95
2705309,4845,167.462,28.93
2705408,7184,86.604,82.95
2705507,25187,418.028,60.25
2705606,10020,215.547,46.49
2705705,20695,188.221,109.95
2705804,8349,327.678,25.48
2705903,4330,117.006,37.01
2706000,10812,175.288,61.68
2706109,11446,196.56,58.23
2706208,4325,38.189,113.25
2706307,71574,450.99,158.7
2706406,23823,688.87,34.58
2706422,10573,254.719,41.51
2706448,13835,92.788,149.1
2706505,13804,251.29,54.93
2706604,6576,118.457,55.51
2706703,58650,688.452,85.19
2706802,15908,243.686,65.28
2706901,35370,259.614,136.24
2707008,2731,117.086,23.32
2707107,22609,403.995,55.96
2707206,12518,284.26,44.04
2707305,24071,313.231,76.85
2707404,9295,257.105,36.15
2707503,20082,235.852,85.15
2707602,11080,319.829,34.64
2707701,93927,293.816,319.68
2707800,6474,128.926,50.21
2707909,6919,28.857,239.77
2708006,46220,436.16,105.97
2708105,11323,232.169,48.77
2708204,6555,139.038,47.15
2708303,20813,256.603,81.11
2708402,30604,490.879,62.35
2708501,30873,397.257,77.72
2708600,51990,335.683,154.88
2708709,8482,76.731,110.54
2708808,31786,314.924,100.93
2708907,24278,41.268,588.3
2708956,12303,338.569,36.34
2709004,5796,124.617,46.51
2709103,19032,153.841,123.71
2709152,38053,299.221,127.17
2709202,23565,681.577,34.57
2709301,59280,420.376,141.02
2709400,24092,367.888,65.49
2800100,2170,35.683,60.81
2800209,20131,359.543,55.99
2800308,602757,182.163,3308.89
2800407,10318,198.967,51.86
2800506,18081,148.134,122.06
2800605,41511,92.268,449.9
2800670,24636,205.443,119.92
2800704,7841,141.464,55.43
2801009,18149,201.518,90.06
2801108,3791,171.581,22.09
2801207,26834,934.167,28.73
2801306,31645,442.211,71.56
2801405,19939,638.743,31.22
2801504,13853,46.395,298.59
2801603,5391,83.711,64.4
2801702,17100,228.556,74.82
2801900,3824,128.393,29.78
2802007,4340,90.508,47.95
2802106,65078,647.344,100.53
2802205,5975,183.273,32.6
2802304,14530,399.178,36.4
2802403,11096,656.956,16.89
2802502,3037,19.793,153.44
2802601,5834,242.679,24.04
2802700,8321,52.693,157.91
2802809,16549,316.316,52.32
2802908,103440,337.295,306.68
2803005,40678,501.794,81.07
2803104,4745,183.422,25.87
2803203,34411,739.702,46.52
2803302,16209,365.677,44.33
2803401,13407,402.353,33.32
2803500,101579,968.921,104.84
2803609,23975,162.273,147.74
2803708,6838,137.496,49.73
2803807,3579,63.199,56.63
2803906,11533,101.888,113.19
2804003,15719,95.554,164.5
2804102,11050,95.416,115.81
2804201,14336,386.912,37.05
2804300,7822,74.31,105.26
2804409,16426,271.323,60.54
2804458,9232,340.772,27.09
2804508,41212,758.429,54.34
2804607,24996,482.412,51.81
2804706,6268,83.767,74.83
2804805,192330,155.018,1240.69
2804904,12502,381.428,32.78
2805000,2778,82.211,33.79
2805109,7396,33.344,221.81
2805208,5677,156.373,36.3
2805307,7913,208.681,37.92
2805406,33439,1220.426,27.4
2805505,21794,441.326,49.38
2805604,26576,878.043,30.27
2805703,26618,96.32,276.35
2805802,18313,530.607,34.51
2805901,8748,78.308,111.71
2806008,17033,259.044,65.75
2806107,9295,102.683,90.52
2806206,20279,247.579,81.91
2806305,13616,325.258,41.86
2806404,7346,44.017,166.89
2806503,3937,67.672,58.18
2806602,11092,236.965,46.81
2806701,95612,438.037,218.27
2806800,10327,101.999,101.25
2806909,3243,83.985,38.61
2807006,3434,144.868,23.7
2807105,42578,560.199,76.01
2807204,7834,168.343,46.54
2807303,3274,47.86,68.41
2807402,50905,1024.645,49.68
2807501,12012,304.837,39.4
2807600,23917,117.514,203.52
2900108,7301,538.677,13.55
2900207,17639,1604.923,10.99
2900306,13795,181.475,76.02
2900355,14201,629.099,22.57
2900405,14497,742.775,19.52
2900504,10604,735.249,14.42
2900603,4447,167.877,26.49
2900702,151055,707.835,213.4
2900801,24530,1477.929,16.6
2900900,5218,245.236,21.28
2901007,36521,431.655,84.61
2901106,24138,166.872,144.65
2901155,15137,822.373,18.41
2901205,25438,1899.683,13.39
2901304,13080,1590.316,8.22
2901353,15012,1362.386,11.02
2901403,13732,1530.05,8.97
2901502,11031,187.84,58.73
2901601,14206,319.745,44.43
2901700,11146,293.53,37.97
2901809,10862,345.284,31.46
2901908,15922,479.262,33.22
2901957,6913,150.83,45.83
2902005,13936,1489.803,9.35
2902054,11557,474.577,24.35
2902104,48294,1496.245,32.28
2902203,9833,368.947,26.65
2902252,10191,435.962,23.38
2902302,8677,174.012,49.86
2902401,11179,445.394,25.1
2902500,13614,3320.723,4.1
2902609,18220,967.514,18.83
2902658,11958,409.507,29.2
2902708,51092,11428.112,4.47
2902807,26026,1657.413,15.7
2902906,36539,765.936,47.71
2903003,13836,1436.298,9.63
2903102,5775,214.411,26.93
2903201,159734,8051.274,19.84
2903235,13453,414.51,32.46
2903276,15203,207.297,73.34
2903300,5833,201.585,28.94
2903409,20121,1939.447,10.37
2903508,18412,772.756,23.83
2903607,15146,553.762,27.35
2903706,13690,848.857,16.13
2903805,16873,2972.109,5.68
2903904,65550,4115.51,15.93
2903953,9730,467.909,20.79
2904001,13622,896.857,15.19
2904050,15844,791.276,20.02
2904100,19322,1426.233,13.55
2904209,11024,627.612,17.56
2904308,12943,518.566,24.96
2904407,9108,2247.208,4.05
2904506,11765,2520.817,4.67
2904605,70510,2207.612,31.94
2904704,14804,219.487,67.45
2904753,19589,4046.736,4.84
2904803,6205,512.436,12.11
2904852,16559,222.026,74.58
2904902,29250,394.894,74.07
2905008,22462,610.983,36.76
2905107,10384,540.908,19.2
2905156,11266,767.146,14.69
2905206,52012,2651.536,19.62
2905305,17466,643.66,27.14
2905404,17761,448.846,39.57
2905503,13080,458.311,28.54
2905602,22579,584.848,38.61
2905701,300372,785.421,382.43
2905800,30469,839.702,36.29
2905909,30671,2914.587,10.52
2906006,71377,7161.827,9.97
2906105,10225,460.388,22.21
2906204,24206,579.726,41.75
2906303,32683,1334.284,24.49
2906402,7772,447.578,17.36
2906501,72382,251.808,287.45
2906600,13016,433.642,30.02
2906709,25247,1169.814,21.58
2906808,37439,1351.891,27.69
2906824,16105,3565.377,4.52
2906857,10744,629.586,17.07
2906873,33235,464.776,71.51
2906899,9940,805.629,12.34
2906907,20580,2377.889,8.65
2907004,8365,293.456,28.51
2907103,28869,2525.906,11.43
2907202,72086,9647.072,7.47
2907301,24712,713.789,34.62
2907400,3434,702.504,4.89
2907509,48148,426.955,112.77
2907558,8841,716.261,12.34
2907608,16348,566.974,28.83
2907707,10579,3005.319,3.52
2907806,30907,819.969,37.69
2907905,17230,168.33,102.36
2908002,17333,274.5,63.14
2908101,19151,10140.572,1.89
2908200,20800,164.798,126.22
2908309,15794,284.836,55.45
2908408,67825,1015.252,66.81
2908507,35308,114.869,307.38
2908606,23654,931.106,25.4
2908705,17053,1348.039,12.65
2908804,4333,977.455,4.43
2908903,26692,378.42,70.54
2909000,7546,523.64,14.41
2909109,13990,2662.819,5.25
2909208,17056,797.434,21.39
2909307,32457,11504.314,2.82
2909406,13063,4282.775,3.05
2909505,4415,182.585,24.18
2909604,19729,636.609,30.99
2909703,13993,1052.837,13.29
2909802,60348,139.117,433.79
2909901,34180,5950.614,5.74
2910008,10820,413.637,26.16
2910057,71485,183.759,389.01
2910107,11884,689.516,17.24
2910206,4407,94.778,46.5
2910305,7808,179.329,43.54
2910404,19107,1890.133,10.11
2910503,38098,1187.766,32.08
2910602,32554,1299.355,25.05
2910701,61456,2025.368,30.34
2910727,113710,1425.97,79.74
2910750,17895,364.419,49.11
2910776,5631,1176.111,4.79
2910800,616272,1304.425,472.45
2910859,17897,579.686,30.87
2910909,4873,172.353,28.27
2911006,11059,321.013,34.45
2911105,25899,15634.328,1.66
2911204,32178,229.661,140.11
2911253,4360,384.592,11.34
2911303,10884,3817.946,2.85
2911402,15524,1566.609,9.91
2911501,5555,202.194,27.47
2911600,20605,106.848,192.84
2911659,8050,872.867,9.22
2911709,87817,1272.366,69.02
2911808,19049,2189.404,8.7
2911857,12309,313.438,39.27
2911907,24607,2342.497,10.5
2912004,10429,483.274,21.58
2912103,21665,230.953,93.81
2912202,20785,817.355,25.43
2912301,13934,1139.378,12.23
2912400,16603,1382.008,12.01
2912509,13863,954.373,14.53
2912608,3725,698.245,5.33
2912707,25344,472.664,53.62
2912806,8896,771.098,11.54
2912905,18792,318.129,59.07
2913002,14637,1834.002,7.98
2913101,16969,573.033,29.61
2913200,26309,1740.113,15.12
2913309,6190,138.016,44.85
2913408,15527,836.586,18.56
2913457,13151,591.312,22.24
2913507,21491,860.223,24.98
2913606,178649,1588.555,112.46
2913705,33790,1082.283,31.22
2913804,13709,372.565,36.8
2913903,40706,280.454,145.14
2914000,56876,3105.281,18.32
2914109,9935,1055.76,9.41
2914208,6101,459.047,13.29
2914307,10752,1708.115,6.29
2914406,23879,991.822,24.08
2914505,28043,267.88,104.68
2914604,74507,319.174,233.44
2914653,28165,924.914,30.45
2914703,65073,2386.39,27.27
2914802,186708,401.028,465.57
2914901,27704,726.265,38.15
2915007,13472,1331.822,10.12
2915106,13803,310.621,44.44
2915205,15310,810.993,18.88
2915304,6347,876.8,7.24
2915353,12311,4310.238,2.86
2915403,6037,1225.287,4.93
2915502,18781,270.752,69.37
2915601,59605,2360.584,25.25
2915700,7051,143.479,49.14
2915809,24394,1534.575,15.9
2915908,5914,533.634,11.08
2916005,17813,1394.174,12.78
2916104,19789,121.373,163.04
2916203,10341,453.144,22.82
2916302,9174,1013.074,9.06
2916401,65897,1651.158,39.91
2916500,31679,1557.685,20.34
2916609,10279,420.663,24.44
2916708,8153,344.093,23.69
2916807,17052,1674.029,10.19
2916856,15737,547.51,28.74
2916906,10999,322.243,34.13
2917003,33872,1650.593,20.52
2917102,16617,313.839,52.95
2917201,17914,1199.374,14.94
2917300,21902,415.428,52.72
2917334,11118,1525.142,7.29
2917359,9275,9955.113,0.93
2917409,14436,1332.42,10.83
2917508,82590,2192.905,37.66
2917607,45964,924.512,49.72
2917706,32703,2466.009,13.26
2917805,17659,863.424,20.45
2917904,9285,640.772,14.49
2918001,158813,2969.039,53.49
2918100,37626,4267.488,8.82
2918209,13629,238.66,57.11
2918308,14355,262.05,54.78
2918357,24854,913.258,27.21
2918407,237821,6721.237,35.38
2918456,9655,1457.656,6.62
2918506,16354,1355.173,12.07
2918555,5888,329.19,17.89
2918605,7379,589.763,12.51
2918704,4075,498.11,8.18
2918753,14105,912.222,15.46
2918803,21052,449.834,46.8
2918902,3845,624.353,6.16
2919009,3527,846.728,4.17
2919058,7494,382.937,19.57
2919108,9015,189.257,47.63
2919157,25736,642.882,40.03
2919207,203331,57.942,3509.22
2919306,10774,1283.328,8.4
2919405,11834,856.626,13.81
2919504,43903,1952.51,22.49
2919553,107909,4036.094,26.74
2919603,10454,701.171,14.91
2919702,21599,1210.106,17.85
2919801,41859,2459.102,17.02
2919900,7256,2545.856,2.85
2919926,18504,32.201,574.64
2919959,6973,614.834,11.34
2920007,8731,588.297,14.84
2920106,17674,906.68,19.49
2920205,15398,1979.193,7.78
2920304,8670,550.55,15.75
2920403,13860,2201.764,6.29
2920452,13919,3129.588,4.45
2920502,27620,2413.27,11.45
2920601,35859,437.61,81.94
2920700,24527,848.885,28.89
2920809,9267,1099.283,8.43
2920908,13544,742.689,18.24
2921005,42566,605.168,70.34
2921054,10330,773.278,13.36
2921104,22194,1311.739,16.92
2921203,24661,1599.672,15.42
2921302,11071,420.358,26.34
2921401,15734,1751.778,8.98
2921450,10187,1172.86,8.69
2921500,47780,3034.197,15.75
2921609,7996,2093.872,3.82
2921708,33594,5744.969,5.85
2921807,11143,528.214,21.1
2921906,12137,2462.153,4.93
2922003,37977,1787.626,21.24
2922052,13152,646.621,20.34
2922102,17305,1491.99,11.6
2922201,7190,104.54,68.78
2922250,10443,3852.111,2.71
2922300,28707,86.311,332.6
2922409,20037,275.854,72.64
2922508,27060,278.629,97.12
2922607,12063,388.936,31.02
2922656,18523,465.407,39.8
2922706,13715,804.617,17.05
2922730,7967,346.784,22.97
2922755,6501,203.198,31.99
2922805,7780,475.381,16.37
2922854,7538,565.356,13.33
2922904,24236,966.993,25.06
2923001,39509,1316.379,30.01
2923035,11162,627.5,17.79
2923050,10660,278.487,38.28
2923100,22633,637.317,35.51
2923209,20715,3313.418,6.25
2923308,7716,156.982,49.15
2923357,19243,1544.988,12.46
2923407,20078,2560.027,7.84
2923506,10339,737.454,14.02
2923605,20351,1087.06,18.72
2923704,29252,2624.998,11.14
2923803,26604,442.186,60.16
2923902,9370,626.306,14.96
2924009,112870,1544.388,73.08
2924058,13243,596.771,22.19
2924108,6235,158.488,39.34
2924207,13954,889.572,15.69
2924306,20086,1825.857,11.0
2924405,35357,11597.923,3.05
2924504,14731,628.468,23.44
2924603,19083,495.845,38.49
2924652,10325,647.144,15.95
2924678,10974,193.427,56.73
2924702,9152,511.756,17.88
2924801,17566,980.328,17.92
2924900,8022,955.454,8.4
2925006,23334,769.0,30.34
2925105,48293,937.855,51.49
2925204,32136,314.932,102.04
2925253,17938,530.144,33.84
2925303,168326,2285.734,73.64
2925402,10274,1111.567,9.24
2925501,35003,1692.1,20.69
2925600,15130,232.064,65.2
2925709,12621,1208.549,10.44
2925758,27734,441.82,62.77
2925808,25988,2011.06,12.92
2925907,25272,1380.798,18.3
2925931,9461,366.387,25.82
2925956,19662,1090.552,18.03
2926004,40586,4573.505,8.87
2926103,13651,242.329,56.33
2926202,21642,5977.931,3.62
2926301,33386,1155.418,28.9
2926400,30711,3183.911,9.65
2926509,13841,644.229,21.48
2926608,54010,1252.144,43.13
2926657,9740,1363.7,7.14
2926707,13184,1115.252,11.82
2926806,13146,777.903,16.9
2926905,10497,656.223,16.0
2927002,35362,739.775,47.8
2927101,10308,2207.159,4.67
2927200,28282,1991.772,14.2
2927309,14987,150.569,99.54
2927408,2417678,693.442,3486.49
2927507,20952,347.021,60.38
2927606,14965,934.461,16.01
2927705,29185,1462.942,19.95
2927804,4681,284.083,16.48
2927903,10300,379.27,27.16
2928000,37834,1623.445,23.3
2928059,13896,824.473,16.85
2928109,38604,1984.91,19.45
2928208,24755,1909.353,12.97
2928307,8716,222.686,39.14
2928406,27390,6030.491,4.54
2928505,10441,719.257,14.52
2928604,56012,494.502,113.27
2928703,103055,261.74,393.73
2928802,52276,360.334,145.08
2928901,32828,15156.712,2.17
2928950,8426,289.963,29.06
2929008,11026,103.226,106.81
2929057,15194,1751.671,8.67
2929107,20283,222.407,91.2
2929206,38733,269.715,143.61
2929255,18600,1146.054,16.23
2929305,39513,294.768,134.05
2929354,5315,127.925,41.55
2929370,10187,362.365,28.11
2929404,10334,230.906,44.75
2929503,40958,536.678,76.32
2929602,17963,131.218,136.89
2929701,16008,949.223,16.86
2929750,11438,166.428,68.73
2929800,10478,509.098,20.58
2929909,46160,2402.17,19.22
2930006,9360,1984.511,4.72
2930105,74523,789.361,94.41
2930154,34222,2340.684,14.62
2930204,38154,11980.172,3.18
2930303,17066,1592.245,10.72
2930402,17996,595.297,30.23
2930501,80435,583.314,137.89
2930600,13335,322.022,41.41
2930709,114559,201.528,568.45
2930758,13408,1627.806,8.24
2930766,14773,684.089,21.6
2930774,25475,1355.972,18.79
2930808,17054,1026.634,16.61
2930907,11979,1437.189,8.34
2931004,21006,1277.514,16.44
2931053,17158,729.516,23.52
2931103,7717,243.839,31.65
2931202,18044,454.081,39.74
2931301,15818,714.691,22.13
2931350,145216,1165.622,124.58
2931400,7110,244.613,29.07
2931509,21176,351.892,60.18
2931608,15332,289.782,52.91
2931707,10798,193.241,55.88
2931806,16296,2010.316,8.11
2931905,48736,2198.237,22.17
2932002,24665,3060.116,8.06
2932101,18626,659.08,28.26
2932200,17596,181.102,97.16
2932309,16094,177.643,90.6
2932408,13432,545.298,24.63
2932457,13642,1775.633,7.68
2932507,18131,1126.733,16.09
2932606,15355,902.402,17.02
2932705,21420,510.098,41.99
2932804,16277,633.76,25.68
2932903,85655,1123.975,76.21
2933000,24362,394.877,61.7
2933059,13800,468.407,29.46
2933109,8101,206.478,39.23
2933158,13377,1225.892,10.91
2933174,9913,221.399,44.77
2933208,42529,297.537,142.94
2933257,6003,782.159,7.67
2933307,370879,3254.186,113.97
2933406,9503,522.37,18.19
2933455,12968,2920.579,4.44
2933505,24474,655.057,37.36
2933604,44757,5079.662,8.81
3100104,6272,880.461,7.12
3100203,22675,1817.067,12.48
3100302,13927,470.551,29.6
3100401,3909,101.886,38.37
3100500,8943,815.422,10.97
3100609,12589,1320.344,9.53
3100708,2108,492.167,4.28
3100807,4357,232.091,18.77
3100906,18448,820.079,22.5
3101003,14037,1256.607,11.17
3101102,25269,1348.913,18.73
3101201,6233,649.68,9.59
3101300,2749,161.356,17.04
3101409,2952,58.01,50.89
3101508,30717,510.25,60.2
3101607,78970,850.446,92.86
3101631,6931,130.815,52.98
3101706,40364,2294.426,17.59
3101805,6903,166.972,41.34
3101904,18300,460.685,39.72
3102001,13915,362.01,38.44
3102050,5795,103.69,55.89
3102100,10891,518.053,21.02
3102209,3975,278.175,14.29
3102308,15059,599.443,25.12
3102407,4159,374.008,11.12
3102506,4541,136.186,33.34
3102605,40553,469.396,86.39
3102704,9110,695.672,13.1
3102803,11927,1005.285,11.86
3102852,7718,185.211,41.67
3102902,11095,529.915,20.94
3103009,9219,787.061,11.71
3103108,1538,83.802,18.35
3103207,2181,187.538,11.63
3103306,2049,106.608,19.22
3103405,34297,2236.279,15.34
3103504,117808,2729.777,43.16
3103603,2915,89.42,32.6
3103702,8048,303.793,26.49
3103751,8479,294.354,28.81
3103801,2631,173.894,15.13
3103900,9199,245.522,37.47
3104007,111691,1164.062,95.95
3104106,9177,162.875,56.34
3104205,41416,509.873,81.23
3104304,13881,283.124,49.03
3104403,2688,159.378,16.87
3104452,4719,243.329,19.39
3104502,17272,5279.419,3.27
3104601,14138,158.891,88.98
3104700,13736,1836.925,7.48
3104809,4538,1254.832,3.62
3104908,18366,750.554,24.47
3105004,7492,556.266,13.47
3105103,23546,1455.819,16.17
3105202,4741,483.789,9.8
3105301,5943,47.266,125.74
3105400,30778,340.14,90.49
3105509,4964,198.313,25.03
3105608,125317,759.186,165.07
3105707,5666,383.628,14.77
3105905,20080,82.07,244.67
3106002,10167,109.143,93.15
3106101,3244,393.086,8.25
3106200,2315560,331.354,6988.18
3106309,23928,334.909,71.45
3106408,8627,365.923,23.58
3106507,9826,587.106,16.74
3106606,4451,427.803,10.4
3106655,4201,488.756,8.6
3106705,411846,344.062,1197.01
3106804,3361,283.535,11.85
3106903,13978,140.082,99.78
3107000,2383,458.948,5.19
3107109,39848,860.669,46.3
3107208,5348,503.77,10.62
3107307,48032,3206.757,14.98
3107406,51737,1213.546,42.63
3107505,6783,412.021,16.46
3107604,4474,208.349,21.47
3107703,5631,195.611,28.79
3107802,14536,592.289,24.54
3107901,12649,229.845,55.03
3108008,17151,705.046,24.33
3108107,7434,301.865,24.63
3108206,5528,1850.487,2.99
3108255,10204,3936.455,2.59
3108305,17404,301.108,57.8
3108404,14828,334.089,44.38
3108503,5790,1568.884,3.69
3108552,15020,2509.694,5.98
3108602,32025,1399.484,22.88
3108701,4260,223.351,19.07
3108800,4441,378.318,11.74
3108909,14246,367.688,38.74
3109006,38915,639.434,60.86
3109105,10911,356.15,30.64
3109204,9150,1599.881,5.72
3109253,4041,161.491,25.02
3109303,24030,5225.186,4.6
3109402,23910,7218.401,3.31
3109451,6627,1033.055,6.41
3109501,11410,368.206,30.99
3109600,3693,61.381,60.17
3109709,11883,304.243,39.06
3109808,2315,203.07,11.4
3109907,11435,156.039,73.28
3110004,38776,542.531,71.47
3110103,5304,106.465,49.82
3110202,4088,83.038,49.23
3110301,14217,711.414,19.98
3110400,2838,223.001,12.73
3110509,26097,528.688,49.36
3110608,29536,244.567,120.77
3110707,12313,246.38,49.98
3110806,2923,442.398,6.61
3110905,15935,335.587,47.48
3111002,20696,577.843,35.82
3111101,18011,3650.749,4.93
3111150,3714,505.914,7.34
3111200,52277,528.225,98.97
3111309,11377,275.426,41.31
3111408,8466,1264.245,6.7
3111507,12979,710.645,18.26
3111606,26105,769.504,33.92
3111705,4715,174.9,26.96
3111804,10608,843.599,12.57
3111903,5272,212.721,24.78
3112000,14001,720.512,19.43
3112059,3974,141.855,28.01
3112109,5048,130.694,38.62
3112208,4362,111.073,39.27
3112307,39626,965.292,41.05
3112406,6562,297.937,22.02
3112505,10663,95.333,111.85
3112604,14655,620.716,23.61
3112653,4585,279.088,16.43
3112703,14108,971.576,14.52
3112802,10380,521.802,19.89
3112901,8936,187.704,47.61
3113008,19548,1242.345,15.73
3113107,2933,159.95,18.34
3113206,23812,487.28,48.87
3113305,31240,353.404,88.4
3113404,87360,1258.479,69.42
3113503,8512,1456.095,5.85
3113602,6816,181.009,37.66
3113701,18615,3202.984,5.81
3113800,2605,259.103,10.05
3113909,11547,506.333,22.81
3114006,11019,357.178,30.85
3114105,13797,322.285,42.81
3114204,23479,455.808,51.51
3114303,29011,1307.862,22.18
3114402,20954,1065.685,19.66
3114501,18003,400.01,45.01
3114550,9422,2063.462,4.57
3114600,4049,727.894,5.56
3114709,3341,81.101,41.2
3114808,4422,282.254,15.67
3114907,2214,157.727,14.04
3115003,2712,367.308,7.38
3115102,17155,665.802,25.77
3115201,3560,273.014,13.04
3115300,66261,491.767,134.74
3115359,5473,240.042,22.8
3115409,3110,141.622,21.96
3115458,7030,419.38,16.76
3115474,4739,287.812,16.47
3115508,21056,100.483,209.55
3115607,1081,283.211,3.82
3115706,6171,204.328,30.2
3115805,10207,322.385,31.66
3115904,3075,152.807,20.12
3116001,6075,212.674,28.56
3116100,10337,830.833,12.44
3116159,12355,3255.189,3.8
3116209,2800,252.852,11.07
3116308,5581,153.479,36.36
3116407,4658,227.627,20.46
3116506,7166,720.424,9.95
3116605,30159,630.706,47.82
3116704,7117,106.875,66.59
3116803,8163,348.492,23.42
3116902,2773,1041.047,2.66
3117009,6660,654.961,10.17
3117108,10371,352.521,29.42
3117207,2772,102.206,27.12
3117306,28381,1340.25,21.18
3117405,4409,253.935,17.36
3117504,23163,1720.04,13.47
3117603,5415,250.306,21.63
3117702,12541,369.681,33.92
3117801,10880,180.236,60.37
3117836,7237,1610.47,4.49
3117876,7350,42.355,173.53
3117900,11083,205.125,54.03
3118007,52890,304.067,173.94
3118106,4831,405.671,11.91
3118205,6694,618.363,10.83
3118304,131621,370.246,355.5
3118403,20824,1483.883,14.03
3118502,1563,89.122,17.54
3118601,621863,194.746,3193.2
3118700,9023,296.163,30.47
3118809,25377,2225.216,11.4
3118908,7547,823.654,9.16
3119005,3200,179.543,17.82
3119104,23532,2525.397,9.32
3119203,10884,576.274,18.89
3119302,28894,3313.313,8.72
3119401,104736,221.252,473.38
3119500,8200,815.413,10.06
3119609,2762,131.511,21.0
3119708,3486,140.954,24.73
3119807,2960,657.425,4.5
3119906,4272,123.651,34.55
3119955,6133,101.112,60.66
3120003,2875,205.385,14.0
3120102,4245,485.654,8.74
3120151,5265,966.202,5.45
3120201,12197,628.434,19.41
3120300,5121,840.702,6.09
3120409,4667,132.872,35.12
3120508,10374,311.33,33.32
3120607,5434,167.164,32.51
3120706,3521,187.446,18.78
3120805,15362,522.419,29.41
3120839,3983,226.75,17.57
3120870,7406,570.95,12.97
3120904,80665,3296.2,24.47
3121001,5465,310.099,17.62
3121100,7952,408.473,19.47
3121209,8393,1378.423,6.09
3121258,10494,102.784,102.1
3121308,4928,213.168,23.12
3121407,7653,377.165,20.29
3121506,2994,142.279,21.04
3121605,47702,3891.659,12.26
3121704,3549,165.091,21.5
3121803,6847,339.375,20.18
3121902,4226,116.97,36.13
3122009,20706,337.776,61.3
3122108,4178,342.249,12.21
3122207,6516,133.12,48.95
3122306,231091,708.115,326.35
3122355,6321,117.802,53.66
3122405,5851,216.955,26.97
3122454,10213,572.926,17.83
3122470,3697,817.383,4.52
3122504,4904,59.52,82.39
3122603,4899,398.793,12.28
3122702,5228,194.972,26.81
3122801,3095,113.921,27.17
3122900,6093,70.231,86.76
3123007,10007,124.842,80.16
3123106,5029,382.124,13.16
3123205,12630,1111.202,11.37
3123304,4987,231.169,21.57
3123403,1461,152.912,9.55
3123502,1829,312.878,5.85
3123528,7817,217.461,35.95
3123601,26336,499.537,52.72
3123700,13622,187.058,72.82
3123809,6354,608.306,10.45
3123858,5179,85.39,60.65
3123908,14746,456.796,32.28
3124005,20255,357.489,56.66
3124104,85598,909.727,94.09
3124203,24102,317.638,75.88
3124302,30443,1868.97,16.29
3124401,6611,263.879,25.05
3124500,11502,243.872,47.16
3124609,2186,131.365,16.64
3124708,2772,635.981,4.36
3124807,6840,822.454,8.32
3124906,10801,309.395,34.91
3125002,3875,103.834,37.32
3125101,53482,244.575,218.67
3125200,2578,86.024,29.97
3125309,3188,165.224,19.3
3125408,5133,357.622,14.35
3125507,3032,314.458,9.64
3125606,6489,596.215,10.88
3125705,13978,1554.627,8.99
3125804,2789,151.875,18.36
3125903,9590,1088.791,8.81
3125952,10445,357.683,29.2
3126000,8045,194.242,41.42
3126109,68248,1501.915,45.44
3126208,7949,3686.004,2.16
3126307,3477,218.792,15.89
3126406,3093,198.709,15.57
3126505,7366,461.481,15.96
3126604,4503,1576.128,2.86
3126703,23476,2747.295,8.55
3126752,5034,717.087,7.02
3126802,5640,626.672,9.0
3126901,8226,469.557,17.52
3126950,3391,167.474,20.25
3127008,14540,199.987,72.7
3127057,4345,320.757,13.55
3127073,4647,762.837,6.09
3127107,58588,2426.965,24.14
3127206,4686,199.797,23.45
3127305,6222,720.303,8.64
3127339,4793,1733.203,2.77
3127354,2928,145.861,20.07
3127370,2830,112.443,25.17
3127388,4053,152.039,26.66
3127404,4727,187.353,25.23
3127503,5230,209.348,24.98
3127602,11331,866.601,13.08
3127701,257171,2342.376,109.79
3127800,13901,3885.294,3.58
3127909,1392,193.141,7.21
3128006,32244,1075.124,29.99
3128105,13772,934.345,14.74
3128204,9753,348.596,27.98
3128253,5051,390.263,12.94
3128303,19150,294.828,64.95
3128402,7714,264.194,29.2
3128501,3149,88.655,35.52
3128600,6539,2068.808,3.16
3128709,50911,286.398,177.76
3128808,7131,158.375,45.03
3128907,8478,366.833,23.11
3129004,7778,293.578,26.49
3129103,5192,1849.137,2.81
3129202,6134,153.95,39.84
3129301,12030,340.994,35.28
3129400,5198,346.24,15.01
3129509,22229,2704.132,8.22
3129608,6286,874.76,7.19
3129657,5081,353.257,14.38
3129707,10948,562.095,19.48
3129806,170537,72.395,2355.65
3129905,3365,68.316,49.26
3130002,2698,153.106,17.62
3130051,10677,625.664,17.07
3130101,45847,110.942,413.25
3130200,10830,218.343,49.6
3130309,6826,628.2,10.87
3130408,7003,105.246,66.54
3130507,12741,376.341,33.85
3130556,6986,196.735,35.51
3130606,7301,149.611,48.8
3130655,6346,1004.149,6.32
3130705,6171,830.03,7.43
3130804,2580,305.591,8.44
3130903,22692,858.024,26.45
3131000,6239,244.996,25.47
3131109,7371,527.06,13.99
3131158,17136,113.246,151.32
3131208,19522,456.641,42.75
3131307,227731,164.884,1381.16
3131406,3775,466.02,8.1
3131505,9135,298.195,30.63
3131604,7180,356.264,20.15
3131703,113343,1253.704,90.41
3131802,10362,209.034,49.57
3131901,53365,544.027,98.09
3132008,4252,1788.445,2.38
3132107,17208,1225.273,14.04
3132206,13846,410.468,33.73
3132305,10463,480.829,21.76
3132404,93073,294.835,315.68
3132503,32948,2735.573,12.04
3132602,3690,94.568,39.02
3132701,21042,1419.209,14.83
3132800,2142,380.34,5.63
3132909,10770,243.714,44.19
3133006,14786,431.792,34.24
3133105,15236,143.363,106.28
3133204,11128,488.843,22.76
3133303,19151,679.024,28.2
3133402,13690,1802.438,7.6
3133501,21046,1040.519,20.23
3133600,12692,177.347,71.57
3133709,12966,295.145,43.93
3133758,14406,153.421,93.9
3133808,97669,495.769,197.01
3133907,5642,284.22,19.85
3134004,13745,1649.622,8.33
3134103,6055,452.676,13.38
3134202,102217,2598.046,39.34
3134301,6638,234.802,28.27
3134400,38295,1404.663,27.26
3134509,4217,372.018,11.34
3134608,20406,1114.972,18.3
3134707,11042,1393.609,7.92
3134806,7495,409.229,18.31
3134905,25525,347.667,73.42
3135001,3092,163.76,18.88
3135050,37660,2635.467,14.29
3135076,4296,517.095,8.31
3135100,70699,2181.319,32.41
3135209,65150,6661.588,9.78
3135308,4506,172.141,26.18
3135357,8127,375.181,21.66
3135407,6197,236.25,26.23
3135456,6100,284.453,21.44
3135506,12419,547.897,22.67
3135605,6484,1268.443,5.11
3135704,5883,445.03,13.22
3135803,24007,3514.216,6.83
3135902,5138,153.852,33.4
3136009,13888,1664.19,8.35
3136108,4329,233.292,18.56
3136207,80187,99.158,808.68
3136306,46801,10727.097,4.36
3136405,3854,790.935,4.87
3136504,10304,546.705,18.85
3136520,3969,381.332,10.41
3136553,4268,180.822,23.6
3136579,3630,541.393,6.7
3136603,5909,172.131,34.33
3136652,30716,97.017,316.6
3136702,540756,1435.749,376.64
3136801,3768,431.63,8.73
3136900,11084,220.353,50.3
3136959,5789,1064.692,5.44
3137007,14383,866.29,16.6
3137106,6631,1474.562,4.5
3137205,51412,439.984,116.85
3137304,3313,600.547,5.52
3137403,12769,476.693,26.79
3137502,18904,840.92,22.48
3137536,8969,1236.301,7.25
3137601,75145,229.409,327.56
3137700,20835,431.92,48.24
3137809,20414,213.11,95.79
3137908,3184,118.602,26.85
3138005,5963,204.882,29.1
3138104,7124,3204.217,2.22
3138203,104761,564.744,185.5
3138302,3199,352.005,9.09
3138351,4341,280.036,15.5
3138401,51145,943.077,54.23
3138500,4737,401.337,11.8
3138609,17221,848.564,20.29
3138625,8687,1317.153,6.6
3138658,8790,258.925,33.95
3138674,6956,145.418,47.83
3138682,6210,411.714,15.08
3138708,5586,500.143,11.17
3138807,17875,1171.659,15.26
3138906,6487,332.378,19.52
3139003,37684,585.958,64.31
3139102,5191,492.909,10.53
3139201,17516,727.886,24.06
3139250,5997,284.365,21.09
3139300,18886,1950.184,9.68
3139409,91886,628.318,146.24
3139508,20613,182.9,112.7
3139607,26535,685.208,38.73
3139706,7333,261.604,28.03
3139805,12721,371.6,34.23
3139904,14247,202.898,70.22
3140001,61387,1194.208,51.4
3140100,4224,158.809,26.6
3140159,15900,35.196,451.76
3140209,3387,77.338,43.79
3140308,4592,545.813,8.41
3140407,3200,107.902,29.66
3140506,14003,1058.418,13.23
3140530,8396,113.268,74.13
3140555,9112,227.539,40.05
3140605,3963,280.53,14.13
3140704,37841,301.383,125.56
3140803,14121,157.066,89.9
3140852,8895,1940.598,4.58
3140902,18552,266.99,69.49
3141009,12038,472.245,25.49
3141108,37618,252.453,149.01
3141207,3814,260.957,14.62
3141306,3900,946.437,4.12
3141405,20156,1435.903,14.04
3141504,5606,305.507,18.35
3141603,10373,348.271,29.78
3141702,5040,274.938,18.33
3141801,24405,1812.398,13.47
3141900,3741,219.774,17.02
3142007,13651,723.278,18.87
3142106,8968,301.672,29.73
3142205,13633,320.695,42.51
3142254,3985,602.128,6.62
3142304,5125,155.112,33.04
3142403,7548,202.705,37.24
3142502,2169,650.911,3.33
3142601,8340,216.54,38.51
3142700,14060,1503.755,9.35
3142809,20170,2595.957,7.77
3142908,20328,1001.296,20.3
3143005,13046,421.283,30.97
3143104,47692,1343.035,35.51
3143153,4381,385.553,11.36
3143203,20890,594.632,35.13
3143302,414240,3589.811,115.39
3143401,24089,291.594,82.61
3143450,6888,1130.419,6.09
3143500,9067,2084.275,4.35
3143609,2411,414.772,5.81
3143708,3133,477.548,6.56
3143807,7451,191.564,38.9
3143906,104108,841.693,123.69
3144003,27635,1250.824,22.09
3144102,21891,409.948,53.4
3144201,2459,233.493,10.53
3144300,35038,1518.166,23.08
3144359,6303,127.173,49.56
3144375,3520,468.66,7.51
3144409,4691,188.719,24.86
3144508,8179,341.453,23.95
3144607,25018,582.553,42.95
3144656,10588,1108.255,9.55
3144672,3151,146.775,21.47
3144706,17438,361.926,48.18
3144805,111697,429.313,260.18
3144904,3663,375.973,9.74
3145000,14598,1111.011,13.14
3145059,6706,120.943,55.45
3145109,16387,390.152,42.0
3145208,105552,282.472,373.67
3145307,26975,1702.981,15.84
3145356,10275,755.151,13.61
3145372,4571,271.61,16.83
3145406,1945,178.242,10.91
3145455,5385,2092.078,2.57
3145505,2555,54.633,46.77
3145604,39262,897.294,43.76
3145703,2027,111.13,18.24
3145802,2969,246.976,12.02
3145851,4917,89.068,55.21
3145877,8437,121.8,69.27
3145901,38724,258.726,149.67
3146008,32094,533.714,60.13
3146107,74821,1245.865,60.06
3146206,5757,175.482,32.81
3146255,5058,446.275,11.33
3146305,17334,544.375,31.84
3146404,4224,637.309,6.63
3146503,8142,421.862,19.3
3146552,5551,839.805,6.61
3146602,1474,58.419,25.23
3146701,5707,316.476,18.03
3146750,6301,433.154,14.55
3146909,13920,553.577,25.15
3147006,94023,8231.029,11.42
3147105,97139,551.247,176.22
3147204,21723,424.296,51.2
3147303,20445,331.238,61.72
3147402,24107,625.623,38.53
3147501,1600,94.183,16.99
3147600,15515,277.221,55.97
3147709,8473,429.172,19.74
3147808,2233,246.565,9.06
3147907,111939,1338.07,83.66
3147956,4837,444.196,10.89
3148004,159235,3190.456,49.91
3148103,89826,2874.344,31.25
3148202,5576,108.246,51.51
3148301,8659,268.321,32.27
3148400,4389,220.564,19.9
3148509,8047,601.19,13.39
3148608,17446,996.646,17.5
3148707,24410,1594.651,15.31
3148756,7320,173.928,42.09
3148806,3311,173.168,19.12
3148905,4112,347.92,11.82
3149002,2757,69.99,39.39
3149101,10760,217.989,49.36
3149150,10433,1525.648,6.84
3149200,3344,357.891,9.34
3149309,62580,292.831,213.71
3149408,1810,112.959,16.02
3149507,3351,90.833,36.89
3149606,4155,203.991,20.37
3149705,12268,249.322,49.21
3149804,17151,2451.112,7.0
3149903,21384,270.657,79.01
3149952,6553,228.907,28.63
3150000,3570,317.463,11.25
3150109,2796,192.196,14.55
3150158,8529,109.345,78.0
3150208,3976,83.733,47.48
3150307,4604,322.814,14.26
3150406,5019,259.638,19.33
3150505,8563,414.969,20.64
3150539,4706,66.57,70.69
3150570,7084,1228.736,5.77
3150604,6700,280.335,23.9
3150703,5537,337.98,16.38
3150802,17018,658.812,25.83
3150901,6041,203.619,29.67
3151008,9120,124.803,73.08
3151107,11077,190.681,58.09
3151206,55606,549.514,101.19
3151305,11610,144.289,80.46
3151404,26685,569.636,46.85
3151503,36062,902.468,39.96
3151602,11145,317.52,35.1
3151701,16390,474.244,34.56
3151800,163742,546.958,299.37
3151909,8350,691.066,12.08
3152006,31047,2551.074,12.17
3152105,57776,470.643,122.76
3152131,3747,602.799,6.22
3152170,10883,1212.413,8.98
3152204,37438,1749.683,21.4
3152303,10569,284.777,37.11
3152402,13666,625.111,21.86
3152501,152217,542.797,280.43
3152600,6566,263.034,24.96
3152709,9048,264.115,34.26
3152808,28342,4847.544,5.85
3152907,8406,215.516,39.0
3153004,3559,622.478,5.72
3153103,4850,236.798,20.48
3153202,3465,695.882,4.98
3153301,3071,189.235,16.23
3153400,18765,3503.848,5.36
3153509,8397,152.272,55.14
3153608,11466,124.189,92.33
3153707,3179,556.436,5.71
3153806,1770,153.56,11.53
3153905,16279,72.228,225.38
3154002,23423,763.364,30.68
3154101,11007,234.296,46.98
3154150,7848,151.859,51.68
3154200,11230,618.312,18.16
3154309,17226,1081.796,15.92
3154408,4548,183.062,24.84
3154457,6863,1719.266,3.99
3154507,8756,1315.54,6.66
3154606,329794,155.105,2126.26
3154705,4080,49.251,82.84
3154804,10261,228.394,44.93
3154903,12789,384.381,33.27
3155009,2484,112.094,22.16
3155108,4639,479.815,9.67
3155207,5429,238.602,22.75
3155306,5568,231.54,24.05
3155405,8518,209.31,40.7
3155504,14532,1352.353,10.75
3155603,28271,3117.675,9.07
3155702,14631,373.037,39.22
3155801,17443,252.418,69.1
3155900,5141,348.046,14.77
3156007,12641,986.561,12.81
3156106,4994,404.805,12.34
3156205,2291,79.402,28.85
3156304,8664,72.673,119.22
3156403,3386,407.557,8.31
3156452,4734,111.156,42.59
3156502,5679,1110.295,5.11
3156601,10298,965.174,10.67
3156700,129380,302.453,427.77
3156809,14240,919.811,15.48
3156908,26670,3073.268,8.68
3157005,40178,1862.117,21.58
3157104,6110,938.008,6.51
3157203,30466,684.505,44.51
3157252,8458,107.402,78.75
3157278,3095,417.925,7.41
3157302,4208,194.564,21.63
3157336,8109,3.565,2274.61
3157377,3910,589.607,6.63
3157401,4673,258.726,18.06
3157500,4039,131.965,30.61
3157609,3522,2917.448,1.21
3157658,5938,276.433,21.48
3157708,15734,723.784,21.74
3157807,219132,235.205,931.66
3157906,16395,255.73,64.11
3158003,10485,597.441,17.55
3158102,4755,440.605,10.79
3158201,12788,624.047,20.49
3158300,6691,172.444,38.8
3158409,3489,161.486,21.61
3158508,7030,1255.832,5.6
3158607,3747,182.655,20.51
3158706,2137,203.074,10.52
3158805,4214,106.169,39.69
3158904,8987,347.362,25.87
3158953,44800,276.067,162.28
3159001,5313,677.207,7.85
3159100,3469,196.565,17.65
3159209,8460,503.011,16.82
3159308,4755,420.94,11.3
3159357,6773,68.153,99.38
3159407,3301,324.234,10.18
3159506,5826,485.081,12.01
3159605,40635,352.969,115.12
3159704,3382,284.334,11.89
3159803,20973,2998.364,6.99
3159902,17285,488.885,35.36
3160009,3769,202.032,18.66
3160108,4229,130.213,32.48
3160207,3915,305.737,12.81
3160306,10327,503.706,20.5
3160405,27295,1125.78,24.25
3160454,6629,796.29,8.32
3160504,1808,107.269,16.85
3160603,2717,430.656,6.31
3160702,42406,637.373,66.53
3160801,4713,80.403,58.62
3160900,3989,110.019,36.26
3160959,5626,60.865,92.43
3161007,17392,743.768,23.38
3161056,3200,162.56,19.69
3161106,52762,3308.1,15.95
3161205,6187,316.822,19.53
3161304,5732,1128.864,5.08
3161403,4800,164.613,29.16
3161502,10282,185.578,55.41
3161601,3305,152.336,21.7
3161650,3143,280.954,11.19
3161700,7375,2692.545,2.74
3161809,11770,265.73,44.29
3161908,11850,363.828,32.57
3162005,23959,516.683,46.37
3162104,40910,866.087,47.24
3162203,7652,547.908,13.97
3162252,4822,998.015,4.83
3162302,2914,120.536,24.18
3162401,23930,1851.102,12.93
3162450,13024,678.274,19.2
3162500,90225,1452.002,62.14
3162559,11246,143.096,78.59
3162575,5331,137.928,38.65
3162609,7070,120.122,58.86
3162658,3972,415.922,9.55
3162708,23910,1925.575,12.42
3162807,15315,478.183,32.03
3162906,25565,407.427,62.75
3162922,34348,71.758,478.66
3162948,7793,308.319,25.28
3162955,26090,47.93,544.34
3163003,3806,213.881,17.79
3163102,4536,205.501,22.07
3163201,4133,88.794,46.55
3163300,3464,328.704,10.54
3163409,5396,189.578,28.46
3163508,6197,345.146,17.95
3163607,2753,54.701,50.33
3163706,44798,58.019,772.13
3163805,6334,152.111,41.64
3163904,4885,260.827,18.73
3164001,7166,402.739,17.79
3164100,5103,308.106,16.56
3164209,10315,2434.004,4.24
3164308,7129,2098.867,3.4
3164407,6387,167.428,38.15
3164431,3113,73.629,42.28
3164472,6194,80.618,76.83
3164506,10079,517.83,19.46
3164605,8815,408.09,21.6
3164704,71796,814.925,88.1
3164803,1259,128.002,9.84
3164902,2300,90.848,25.32
3165008,11192,572.4,19.55
3165107,6740,277.928,24.25
3165206,6904,369.747,18.67
3165305,6804,392.651,17.33
3165404,6311,285.073,22.14
3165503,5104,141.904,35.97
3165537,36844,62.134,592.98
3165552,9917,534.655,18.55
3165560,2433,176.634,13.77
3165578,6206,151.097,41.07
3165602,2240,98.336,22.78
3165701,7716,166.495,46.34
3165800,2068,93.892,22.03
3165909,4008,952.055,4.21
3166006,5483,170.749,32.11
3166105,3067,381.328,8.04
3166204,10384,237.815,43.66
3166303,7345,166.012,44.24
3166402,1819,114.769,15.85
3166501,3792,218.595,17.35
3166600,833,335.659,2.48
3166709,6944,213.574,32.51
3166808,11801,1295.272,9.11
3166907,7621,209.27,36.42
3166956,4399,551.954,7.97
3167004,1990,213.173,9.34
3167103,21952,1217.813,18.03
3167202,227397,536.928,423.51
3167301,2323,157.456,14.75
3167400,6179,312.166,19.79
3167509,2947,135.689,21.72
3167608,19750,486.543,40.59
3167707,5137,206.787,24.84
3167806,5613,196.866,28.51
3167905,4014,211.084,19.02
3168002,33050,1220.046,27.09
3168051,3387,193.082,17.54
3168101,4118,1179.248,3.49
3168200,1690,407.92,4.14
3168309,4224,329.287,12.83
3168408,14709,731.753,20.1
3168507,12255,166.735,73.5
3168606,137418,3242.27,42.38
3168705,81579,144.381,565.03
3168804,7744,83.047,93.25
3168903,7883,2091.774,3.77
3169000,16185,173.866,93.09
3169059,3826,114.705,33.36
3169109,7214,136.776,52.74
3169208,8609,285.124,30.19
3169307,75485,828.038,91.16
3169356,28895,2678.253,10.79
3169406,55255,689.794,80.1
3169505,5886,500.073,11.77
3169604,25470,1822.53,13.98
3169703,20000,1153.111,17.34
3169802,4935,221.0,22.33
3169901,103365,407.452,253.69
3170008,11708,820.524,14.27
3170057,13017,189.045,68.86
3170107,337836,4523.957,74.68
3170206,713224,4115.206,173.31
3170305,2684,405.834,6.61
3170404,86619,8445.432,10.26
3170438,3828,1147.407,3.34
3170479,3282,598.221,5.49
3170503,10600,138.792,76.37
3170529,17479,2076.942,8.42
3170578,5780,116.664,49.54
3170602,2158,409.888,5.26
3170651,4633,491.512,9.43
3170701,136467,395.396,345.14
3170750,6969,651.505,10.7
3170800,33744,2220.279,15.2
3170909,18840,814.994,23.12
3171006,19975,1913.396,10.44
3171030,7672,1570.582,4.88
3171071,5181,631.692,8.2
3171105,3411,1031.823,3.31
3171154,4899,115.242,42.51
3171204,129246,71.04,1819.34
3171303,76430,299.418,255.26
3171402,3700,112.691,32.83
3171501,3038,172.297,17.63
3171600,11804,868.914,13.58
3171709,8908,326.515,27.28
3171808,10314,439.878,23.45
3171907,4552,281.022,16.2
3172004,39160,243.351,160.92
3172103,4443,205.552,21.61
3172202,2356,102.487,22.99
3200102,30684,941.188,32.6
3200136,9711,454.448,21.37
3200169,12042,473.729,25.42
3200201,29177,756.86,38.55
3200300,13836,615.677,22.47
3200359,7434,227.617,32.66
3200409,29984,409.691,73.19
3200508,7223,193.984,37.24
3200607,94765,1420.285,66.72
3200706,10540,232.868,45.26
3200805,30674,909.039,33.74
3200904,42498,944.521,44.99
3201001,13608,428.716,31.74
3201100,10254,89.084,115.1
3201159,12985,354.404,36.64
3201209,185786,864.583,214.89
3201308,353491,279.718,1263.74
3201407,36930,663.515,55.66
3201506,120033,1398.219,85.85
3201605,27458,1182.587,23.22
3201704,11937,369.778,32.28
3201803,5083,174.039,29.21
3201902,35416,1229.21,28.81
3202009,6596,159.298,41.41
3202108,21992,2285.369,9.62
3202207,18014,286.854,62.8
3202256,11009,360.016,30.58
3202306,29358,468.185,62.71
3202405,124656,589.825,211.34
3202454,25380,240.278,105.63
3202504,11723,201.248,58.25
3202553,9520,330.874,28.77
3202603,12326,203.528,60.56
3202652,13710,184.807,74.19
3202702,13589,535.021,25.4
3202801,39832,550.71,72.33
3202900,10597,295.189,35.9
3203007,28590,460.586,62.07
3203056,28931,659.751,43.85
3203106,11575,177.342,65.27
3203130,14079,284.735,49.45
3203163,11094,458.37,24.2
3203205,166786,3496.263,47.7
3203304,12770,321.418,39.73
3203320,41929,130.268,321.87
3203346,17641,285.495,61.79
3203353,12387,327.642,37.81
3203403,24475,869.439,28.15
3203502,18900,1099.06,17.2
3203601,5466,540.529,10.11
3203700,18153,678.804,26.74
3203809,13745,327.268,42.0
3203908,49065,1439.571,34.08
3204005,18893,837.842,22.55
3204054,21522,433.453,49.65
3204104,23915,973.136,24.58
3204203,22300,74.046,301.16
3204252,6497,360.11,18.04
3204302,13696,594.897,23.02
3204351,19274,641.929,30.03
3204401,11069,204.464,54.14
3204500,13106,718.325,18.25
3204559,41636,735.198,56.63
3204609,22808,683.032,33.39
3204658,8589,298.58,28.77
3204708,32252,434.887,74.16
3204807,10878,273.489,39.77
3204906,123752,2346.049,52.75
3204955,10886,341.944,31.84
3205002,520653,547.631,950.74
3205010,26502,587.036,45.15
3205036,19563,417.76,46.83
3205069,23831,185.909,128.19
3205101,73423,312.279,235.12
3205150,8911,433.257,20.57
3205176,13728,470.343,29.19
3205200,467722,210.225,2224.86
3205309,322869,97.123,3324.33
3300100,167434,813.42,205.84
3300159,11034,94.542,116.71
3300209,129671,638.276,203.16
3300225,11828,110.724,106.82
3300233,40006,70.977,563.65
3300258,30986,152.106,203.71
3300308,92883,584.61,158.88
3300407,169894,547.133,310.52
3300456,483087,78.985,6116.19
3300506,28102,382.43,73.48
3300605,35173,596.659,58.95
3300704,222161,413.449,537.34
3300803,56943,954.749,59.64
3300902,14616,558.281,26.18
3300936,13847,304.885,45.42
3300951,8741,108.639,80.46
3301009,483540,4032.487,119.91
3301108,19390,747.21,25.95
3301157,12958,522.596,24.8
3301207,17198,305.749,56.25
3301306,46110,462.918,99.61
3301405,21104,338.26,62.39
3301504,20783,113.048,183.84
3301603,10980,379.619,28.92
3301702,808161,467.319,1729.36
3301801,12242,139.381,87.83
3301850,51696,358.443,144.22
3301876,27920,50.977,547.7
3301900,224267,429.961,521.6
3302007,116841,282.606,413.44
3302056,14073,291.193,48.33
3302106,22919,433.182,52.91
3302205,101041,1106.694,91.3
3302254,30908,241.035,128.23
3302270,96289,81.697,1178.61
3302304,7336,253.53,28.94
3302403,246391,1216.989,202.46
3302452,5415,78.364,69.1
3302502,228127,390.775,583.78
3302601,41220,367.606,112.13
3302700,197277,361.572,545.61
3302809,17502,95.324,183.61
3302858,167127,41.169,4059.54
3302908,26582,287.933,92.32
3303005,26881,303.27,88.64
3303104,15074,387.073,38.94
3303203,146774,19.393,7568.4
3303302,481749,133.757,3601.67
3303401,189939,935.429,203.05
3303500,785867,520.581,1509.6
3303609,41375,190.949,216.68
3303708,42063,571.118,73.65
3303807,45243,924.296,48.95
3303856,29619,314.341,94.23
3303906,278881,791.144,352.5
3303955,24298,82.254,295.4
3304003,27474,490.255,56.04
3304102,17288,291.847,59.24
3304110,20373,50.892,400.32
3304128,13682,284.826,48.04
3304144,140523,75.927,1850.76
3304151,22393,719.643,31.12
3304201,129612,1099.336,117.9
3304300,56276,459.458,122.48
3304409,17401,846.797,20.55
3304508,8954,478.783,18.7
3304524,156491,228.044,686.23
3304557,6211223,1200.329,5174.6
3304607,10232,810.963,12.62
3304706,41325,603.633,68.46
3304755,45059,1118.037,40.3
3304805,38961,1034.833,37.65
3304904,896744,248.16,3613.57
3305000,36573,452.396,80.84
3305109,440962,35.216,12521.64
3305133,7070,249.688,28.32
3305158,22080,220.178,100.28
3305208,104029,332.488,312.88
3305307,7750,397.214,19.51
3305406,17729,540.673,32.79
3305505,89559,352.13,254.34
3305554,80596,265.189,303.92
3305604,21352,937.755,22.77
3305703,15206,413.407,36.78
3305752,31086,143.007,217.37
3305802,165123,773.338,213.52
3305901,10302,591.151,17.43
3306008,78346,322.843,242.68
3306107,68088,1300.767,52.34
3306156,10207,201.938,50.55
3306206,33976,536.073,63.38
3306305,261563,182.105,1436.33
3500105,34687,411.987,84.19
3500204,4351,211.055,20.62
3500303,32072,474.554,67.58
3500402,7369,142.673,51.65
3500501,17930,60.126,298.21
3500550,7177,404.463,17.74
3500600,2780,3.612,769.66
3500709,37680,966.708,38.98
3500758,6141,159.6,38.48
3500808,4445,118.915,37.38
3500907,3451,313.007,11.03
3501004,16818,928.956,18.1
3501103,3841,318.574,12.06
3501152,17301,83.619,206.9
3501202,3915,362.411,10.8
3501301,27255,347.647,78.4
3501400,4808,153.662,31.29
3501509,2885,84.879,33.99
3501608,237240,133.912,1771.61
3501707,33019,122.958,268.54
3501806,5870,252.876,23.21
3501905,68008,445.323,152.72
3502002,4589,325.953,14.08
3502101,59783,964.226,62.0
3502200,24022,1027.288,23.38
3502309,5674,736.557,7.7
3502408,4023,320.84,12.54
3502507,32569,120.89,269.41
3502606,4086,179.004,22.83
3502705,24585,974.322,25.23
3502754,21522,145.204,148.22
3502804,200124,1167.126,171.47
3502903,32443,255.305,127.08
3503000,5420,202.829,26.72
3503109,6885,285.908,24.08
3503158,2330,156.903,14.85
3503208,242228,1003.625,241.35
3503307,130866,644.831,202.95
3503356,2044,264.904,7.72
3503406,8130,506.226,16.06
3503505,3577,305.227,11.72
3503604,10130,85.907,117.92
3503703,7602,132.624,57.32
3503802,51456,178.026,289.04
3503901,86678,96.167,901.33
3503950,1842,69.373,26.55
3504008,101409,460.609,220.16
3504107,158647,478.521,331.54
3504206,13692,434.498,31.51
3504305,4483,540.689,8.29
3504404,11263,338.37,33.29
3504503,92805,1213.055,76.51
3504602,27260,110.372,246.98
3504701,3887,91.635,42.42
3504800,9596,149.881,64.02
3504909,9969,616.429,16.17
3505005,3531,153.142,23.06
3505104,5640,205.212,27.48
3505203,31595,444.405,71.1
3505302,34346,150.121,228.79
3505351,5179,405.681,12.77
3505401,6876,1007.684,6.82
3505500,122485,1566.161,78.21
3505609,32092,146.025,219.77
3505708,316473,65.701,4816.87
3505807,21503,170.912,125.81
3505906,58402,849.526,68.75
3506003,379146,667.684,567.85
3506102,76373,683.192,111.79
3506201,2606,301.687,8.64
3506300,11607,244.158,47.54
3506359,64188,491.546,130.58
3506409,7319,158.025,46.32
3506508,118979,530.031,224.48
3506607,29683,317.406,93.52
3506706,12978,690.748,18.79
3506805,11259,363.926,30.94
3506904,10460,653.541,16.01
3507001,61081,248.954,245.35
3507100,22006,108.366,203.07
3507159,3555,133.578,26.61
3507209,907,118.951,7.62
3507308,4715,122.11,38.61
3507407,14226,552.256,25.76
3507456,2713,347.989,7.8
3507506,145155,1482.642,97.9
3507605,176811,512.584,344.94
3507704,5356,195.176,27.44
3507753,2565,105.689,24.27
3507803,25201,278.458,90.5
3507902,23898,1101.373,21.7
3508009,20250,1196.463,16.92
3508108,17210,326.921,52.64
3508207,4356,266.42,16.35
3508306,4299,239.974,17.91
3508405,47011,260.234,180.65
3508504,96202,368.99,260.72
3508603,31564,287.99,109.6
3508702,17101,468.214,36.52
3508801,16654,920.28,18.1
3508900,3712,253.352,14.65
3509007,95032,97.642,973.27
3509106,5466,551.159,9.92
3509205,92689,131.386,705.47
3509254,28515,454.436,62.75
3509304,9133,176.929,51.62
3509403,23830,660.088,36.1
3509452,5954,184.479,32.27
3509502,1139047,794.571,1433.54
3509601,77632,79.403,977.7
3509700,46974,289.981,161.99
3509809,4888,484.199,10.1
3509908,12289,1237.354,9.93
3509957,4931,53.261,92.58
3510005,29449,595.811,49.43
3510104,2889,70.892,40.75
3510153,6283,57.459,109.35
3510203,46337,1640.229,28.25
3510302,22866,169.89,134.59
3510401,50068,322.878,155.07
3510500,134873,484.947,278.12
3510609,386984,34.546,11201.99
3510708,11345,639.248,17.75
3510807,28083,864.225,32.5
3510906,2799,191.683,14.6
3511003,19977,1065.318,18.75
3511102,115791,290.596,398.46
3511201,7003,148.393,47.19
3511300,12618,197.838,63.78
3511409,21469,511.621,41.96
3511508,44695,127.803,349.72
3511607,19048,190.392,100.05
3511706,15535,175.846,88.34
3511904,6982,168.59,41.41
3512001,18486,422.303,43.77
3512100,6629,728.648,9.1
3512209,28101,182.793,153.73
3512308,15232,466.12,32.68
3512407,24514,137.579,178.18
3512506,5400,246.825,21.88
3512605,4280,303.83,14.09
3512704,4195,278.622,15.06
3512803,59773,154.665,386.47
3512902,8719,441.68,19.74
3513009,274413,323.994,846.97
3513108,33281,311.423,106.87
3513207,9272,385.23,24.07
3513306,2108,149.33,14.12
3513405,74961,305.699,245.21
3513504,112476,142.879,787.21
3513603,22110,1407.25,15.71
3513702,31756,753.706,42.13
3513801,393237,30.732,12795.69
3513850,1620,88.133,18.38
3513900,11158,223.749,49.87
3514007,8759,149.729,58.5
3514106,24510,632.972,38.72
3514205,2207,77.939,28.32
3514304,8096,205.874,39.33
3514403,45474,487.688,93.24
3514502,12328,264.557,46.6
3514601,9471,111.376,85.04
3514700,6205,515.258,12.04
3514809,13069,1654.256,7.9
3514908,17699,202.36,87.46
3514924,3138,93.98,33.39
3514957,2323,83.129,27.94
3515004,250691,70.398,3561.05
3515103,66970,155.641,430.29
3515129,3014,225.167,13.39
3515152,19566,109.941,177.97
3515186,39816,389.235,102.29
3515194,4157,193.666,21.46
3515202,9417,296.281,31.78
3515301,2703,264.987,10.2
3515350,7924,573.894,13.81
3515400,16641,429.171,38.77
3515509,71186,549.797,129.48
3515608,5942,169.99,34.95
3515657,1656,100.504,16.48
3515707,179198,29.547,6064.85
3515806,1487,224.711,6.62
3515905,2733,204.236,13.38
3516002,12958,524.138,24.72
3516101,3851,225.886,17.05
3516200,352536,605.679,582.05
3516309,165139,49.001,3370.11
3516408,144849,132.775,1090.94
3516507,2763,138.681,19.92
3516606,6380,355.914,17.93
3516705,42110,555.807,75.76
3516804,3252,180.569,18.01
3516853,4702,243.766,19.29
3516903,10312,494.376,20.86
3517000,10232,676.755,15.12
3517109,4138,272.8,15.17
3517208,11239,277.154,40.55
3517307,5512,217.811,25.31
3517406,39279,1258.465,31.21
3517505,21711,325.126,66.78
3517604,17071,408.292,41.81
3517703,18606,362.183,51.37
3517802,7441,569.197,13.07
3517901,10350,641.501,16.13
3518008,1968,85.7,22.96
3518107,6427,461.746,13.92
3518206,31043,955.637,32.48
3518305,31236,270.816,115.34
3518404,118044,752.636,156.84
3518503,15013,567.884,26.44
3518602,37498,270.289,138.73
3518701,287634,144.794,1986.5
3518800,1291771,318.675,4053.57
3518859,7320,413.567,17.7
3518909,4246,252.477,16.82
3519006,9125,364.252,25.05
3519055,15094,65.577,230.17
3519071,236641,62.416,3791.35
3519105,10437,547.393,19.07
3519204,6131,321.948,19.04
3519253,8010,401.381,19.96
3519303,32178,290.978,110.59
3519402,11690,271.912,42.99
3519501,6385,228.23,27.98
3519600,60033,689.391,87.08
3519709,75605,1058.082,71.45
3519808,7819,362.355,21.58
3519907,7619,594.974,12.81
3520004,23106,97.747,236.39
3520103,26212,468.355,55.97
3520202,10605,292.953,36.2
3520301,29115,1978.795,14.71
3520400,34934,346.389,100.85
3520426,13419,196.567,68.27
3520442,25549,652.641,39.15
3520509,255748,311.545,820.9
3520608,5090,129.367,39.35
3520707,4035,279.606,14.43
3520806,3615,87.119,41.49
3520905,13712,209.554,65.43
3521002,36459,170.289,214.1
3521101,6831,190.01,35.95
3521150,6761,136.028,49.7
3521200,4046,1152.059,3.51
3521309,14454,466.461,30.99
3521408,21967,115.118,190.82
3521507,6867,257.612,26.66
3521606,7085,214.461,33.04
3521705,17983,1100.247,16.34
3521804,25180,1092.884,23.04
3521903,16989,502.066,33.84
3522000,3618,230.355,15.71
3522109,112476,601.711,186.93
3522158,3422,183.015,18.7
3522208,158522,150.742,1051.61
3522307,157790,1789.35,88.18
3522406,89728,1826.258,49.13
3522505,232297,82.658,2810.34
3522604,72022,518.416,138.93
3522653,4306,406.478,10.59
3522703,39493,996.747,39.62
3522802,14085,507.997,27.73
3522901,13659,140.023,97.55
3523008,3979,301.653,13.19
3523107,369275,82.622,4469.45
3523206,44438,1003.86,44.27
3523305,15528,273.667,56.74
3523404,121590,322.269,377.29
3523503,19070,979.817,19.46
3523602,16148,564.603,28.6
3523701,5779,161.118,35.87
3523800,8046,138.986,57.89
3523909,168240,640.719,262.58
3524006,70616,200.876,351.54
3524105,37571,704.659,53.32
3524204,6221,273.438,22.75
3524303,71821,706.602,101.64
3524402,240275,464.272,517.53
3524501,7613,145.133,52.46
3524600,16097,704.189,22.86
3524709,59347,141.391,419.74
3524808,48776,368.574,132.34
3524907,6397,184.413,34.69
3525003,118045,17.449,6765.14
3525102,45282,501.87,90.23
3525201,37535,207.549,180.85
3525300,133497,687.103,194.29
3525409,3863,141.971,27.21
3525508,12815,374.293,34.24
3525607,4371,415.452,10.52
3525706,36633,860.2,42.59
3525805,4254,128.183,33.19
3525854,3056,56.685,53.91
3525904,443221,431.204,1027.87
3526001,20448,582.565,35.1
3526100,17154,812.799,21.1
3526209,27404,522.169,52.48
3526308,5083,255.472,19.9
3526407,26261,384.274,68.34
3526506,9689,537.675,18.02
3526605,7171,167.067,42.92
3526704,98161,402.871,243.65
3526803,66505,809.541,82.15
3526902,291869,580.711,502.61
3527009,7014,48.756,143.86
3527108,74779,570.058,131.18
3527207,84855,414.16,204.88
3527256,1950,113.94,17.11
3527306,51847,55.738,930.19
3527405,20061,314.81,63.72
3527504,2372,189.536,12.51
3527603,12265,598.257,20.5
3527702,4701,166.576,28.22
3527801,3981,155.171,25.66
3527900,2661,475.226,5.6
3528007,16829,224.514,74.96
3528106,7481,248.087,30.15
3528205,3963,327.567,12.1
3528304,3165,312.282,10.14
3528403,50027,210.149,238.05
3528502,93853,320.697,292.65
3528601,9871,229.046,43.1
3528700,4573,919.519,4.97
3528809,12673,533.498,23.75
3528858,3292,111.267,29.59
3528908,3513,186.544,18.83
3529005,237627,1170.515,203.01
3529104,1860,77.827,23.9
3529203,24881,1253.564,19.85
3529302,79033,524.899,150.57
3529401,418261,61.937,6753.01
3529500,6159,195.151,31.56
3529609,4572,228.199,20.04
3529658,1952,148.636,13.13
3529708,19441,820.849,23.68
3529807,11230,213.242,52.66
3529906,18553,1001.484,18.53
3530003,3126,216.825,14.42
3530102,27983,917.694,30.49
3530201,15917,1238.931,12.85
3530300,63337,243.228,260.4
3530409,4669,166.125,28.11
3530508,67681,855.156,79.14
3530607,451505,712.541,633.65
3530706,153658,812.753,189.06
3530805,92558,497.708,185.97
3530904,3722,133.698,27.84
3531001,1937,104.352,18.56
3531100,61951,142.755,433.97
3531209,8627,110.308,78.21
3531308,47574,346.95,137.12
3531407,22280,495.559,44.96
3531506,18151,263.462,68.89
3531605,4222,233.547,18.08
3531704,4138,332.742,12.44
3531803,64662,240.566,268.79
3531902,27933,1388.127,20.12
3532009,13720,146.752,93.49
3532058,4034,228.7,17.64
3532108,3737,250.873,14.9
3532157,2660,286.647,9.28
3532207,5713,357.325,15.99
3532306,6999,833.372,8.4
3532405,18217,326.254,55.84
3532504,9699,219.05,44.28
3532603,9852,436.159,22.59
3532702,4750,137.609,34.52
3532801,6693,217.515,30.77
3532827,8497,385.375,22.05
3532843,2032,124.473,16.32
3532868,1062,183.396,5.79
3532900,9311,160.25,58.1
3533007,19419,531.796,36.52
3533106,2156,34.158,63.12
3533205,4609,265.029,17.39
3533254,4412,117.772,37.46
3533304,2837,73.816,38.43
3533403,62019,73.788,840.5
3533502,38324,931.743,41.13
3533601,7391,348.265,21.22
3533700,4331,301.036,14.39
3533809,2512,198.938,12.63
3533908,55074,802.555,68.62
3534005,4771,242.946,19.64
3534104,6085,218.668,27.83
3534203,6024,247.378,24.35
3534302,38319,291.765,131.34
3534401,728615,64.954,11217.4
3534500,2470,222.13,11.12
3534609,31272,248.038,126.08
3534708,103970,295.818,351.47
3534757,10294,288.648,35.66
3534807,7779,266.778,29.16
3534906,14877,339.375,43.84
3535002,11476,697.701,16.45
3535101,9650,82.125,117.5
3535200,8903,318.74,27.93
3535309,19594,548.407,35.73
3535408,14964,356.05,42.03
3535507,41120,1001.492,41.06
3535606,17667,809.576,21.82
3535705,6099,155.186,39.3
3535804,19395,1018.724,19.04
3535903,4031,140.354,28.72
3536000,10580,366.664,28.85
3536109,7153,209.894,34.08
3536208,19233,359.414,53.51
3536257,2892,84.737,34.13
3536307,14512,602.848,24.07
3536406,7955,374.091,21.26
3536505,110537,138.777,796.51
3536570,2090,256.178,8.16
3536604,7400,737.986,10.03
3536703,44827,727.482,61.62
3536802,6557,158.587,41.35
3536901,2787,260.101,10.72
3537008,15525,712.604,21.79
3537107,43112,108.817,396.19
3537156,2804,152.309,18.41
3537206,11281,670.44,16.83
3537305,61679,711.315,86.71
3537404,24095,974.247,24.73
3537503,8737,223.136,39.16
3537602,68352,326.216,209.53
3537701,5519,232.488,23.74
3537800,52970,746.868,70.92
3537909,27619,681.248,40.54
3538006,165428,731.355,226.19
3538105,14542,184.825,78.68
3538204,15224,154.529,98.52
3538303,3264,482.769,6.76
3538501,12490,175.996,70.97
3538600,26029,385.568,67.51
3538709,423323,1378.069,307.19
3538808,29436,504.591,58.34
3538907,22431,823.758,27.23
3539004,10885,215.809,50.44
3539103,18370,108.489,169.33
3539202,25348,477.673,53.07
3539301,73545,727.118,101.15
3539400,15108,402.409,37.54
3539509,33674,430.638,78.2
3539608,4389,289.825,15.14
3539707,3025,327.48,9.24
3539806,103765,17.264,6010.48
3539905,5592,135.12,41.39
3540002,20196,784.674,25.74
3540101,3395,183.399,18.51
3540200,37607,356.371,105.53
3540259,4127,209.525,19.7
3540309,2387,217.505,10.97
3540408,4127,315.938,13.06
3540507,10451,265.689,39.34
3540606,56497,556.706,101.48
3540705,52649,244.906,214.98
3540754,20392,44.643,456.78
3540804,18496,342.492,54.0
3540853,2578,63.054,40.89
3540903,17078,167.378,102.03
3541000,349935,149.652,2338.32
3541059,5126,175.1,29.27
3541109,3804,286.642,13.27
3541208,14490,749.233,19.34
3541307,39505,1260.281,31.35
3541406,225668,560.637,402.52
3541505,35201,755.203,46.61
3541604,35131,779.2,45.09
3541653,3405,205.672,16.56
3541703,13163,651.341,20.21
3541802,3265,234.914,13.9
3541901,9159,249.399,36.72
3542008,7038,318.937,22.07
3542107,8965,121.645,73.7
3542206,28588,1587.498,18.01
3542305,4494,309.441,14.52
3542404,20145,263.28,76.52
3542503,7662,410.406,18.67
3542602,59947,722.201,83.01
3542701,6404,245.746,26.06
3542800,3132,335.759,9.33
3542909,10989,471.553,23.3
3543006,18627,697.5,26.71
3543105,4608,148.332,31.07
3543204,4677,203.208,23.02
3543238,2025,196.446,10.31
3543253,7450,333.363,22.35
3543303,115559,98.972,1167.59
3543402,698642,650.916,1073.32
3543501,5599,385.878,14.51
3543600,4049,162.508,24.92
3543709,9098,316.639,28.73
3543808,9259,358.481,25.83
3543907,201418,498.422,404.11
3544004,31328,226.657,138.22
3544103,44170,36.341,1215.43
3544202,10309,631.897,16.31
3544251,17440,744.011,23.44
3544301,10832,129.847,83.42
3544400,2700,236.484,11.42
3544509,3833,242.877,15.78
3544608,5112,305.285,16.75
3544707,2474,147.935,16.72
3544806,6437,308.555,20.86
3544905,11411,305.776,37.32
3545001,15202,424.997,35.77
3545100,4808,172.934,27.8
3545159,8161,99.738,81.82
3545209,134319,133.057,1009.48
3545308,43748,280.412,156.01
3545407,9050,188.441,48.03
3545506,3645,455.856,8.0
3545605,14018,330.269,42.44
3545704,6393,272.692,23.44
3545803,183347,271.03,676.48
3546009,13975,272.238,51.33
3546108,2598,183.458,14.16
3546207,4277,150.13,28.49
3546256,2116,148.062,14.29
3546306,28864,295.337,97.73
3546405,46442,1114.747,41.66
3546504,6118,134.421,45.51
3546603,34794,206.537,168.46
3546702,23611,98.291,240.22
3546801,53174,363.332,146.35
3546900,7149,153.86,46.46
3547007,5243,252.621,20.75
3547106,2956,166.753,17.73
3547205,1670,129.888,12.86
3547304,154105,179.949,856.38
3547403,2733,209.8,13.03
3547502,24833,754.141,32.93
3547601,23411,288.576,81.13
3547650,1645,79.192,20.77
3547700,17963,552.876,32.49
3547809,748919,175.782,4260.5
3547908,6775,310.311,21.83
3548005,23244,154.133,150.8
3548054,8379,1308.432,6.4
3548104,6126,109.956,55.71
3548203,7133,133.008,53.63
3548302,3000,94.465,31.76
3548401,3899,128.026,30.45
3548500,418608,281.033,1489.53
3548609,11674,252.579,46.22
3548708,810729,409.532,1979.65
3548807,165655,15.331,10805.23
3548906,254857,1136.907,224.17
3549003,2602,75.579,34.43
3549102,92547,516.399,179.22
3549201,2580,129.462,19.93
3549250,1846,178.396,10.35
3549300,2242,117.665,19.05
3549409,48558,410.863,118.19
3549508,7626,276.952,27.54
3549607,3853,570.685,6.75
3549706,52205,419.684,124.39
3549805,480393,431.944,1112.17
3549904,697054,1099.409,634.03
3549953,16067,186.456,86.17
3550001,10337,617.315,16.75
3550100,37289,650.734,57.3
3550209,32039,930.339,34.44
3550308,11451999,1521.202,7528.26
3550407,38256,611.278,62.58
3550506,7217,731.221,9.87
3550605,79484,306.908,258.98
3550704,81595,402.395,202.77
3550803,10441,252.41,41.37
3550902,13442,617.252,21.78
3551009,329911,148.151,2226.86
3551108,10369,352.592,29.41
3551207,3704,141.608,26.16
3551306,3130,167.848,18.65
3551405,12746,283.144,45.02
3551504,43909,126.046,348.36
3551603,29894,203.734,146.73
3551702,126887,403.089,314.79
3551801,12730,1062.699,11.98
3551900,14576,140.46,103.77
3552007,6186,414.782,14.91
3552106,40122,449.029,89.35
3552205,723682,449.872,1608.64
3552304,7355,594.744,12.37
3552403,279545,153.465,1821.56
3552502,307429,206.236,1490.67
3552551,3408,330.587,10.31
3552601,11323,345.792,32.75
3552700,14769,368.604,40.07
3552809,273542,20.388,13416.81
3552908,6260,607.267,10.31
3553005,12669,145.332,87.17
3553104,5677,107.059,53.03
3553203,6548,132.459,49.43
3553302,21435,561.788,38.15
3553401,25265,747.218,33.81
3553500,7996,755.1,10.59
3553609,11816,221.891,53.25
3553658,2619,53.892,48.6
3553708,52260,594.335,87.93
3553807,24350,448.515,54.29
3553856,6876,231.792,29.66
3553906,6536,201.385,32.46
3553955,14882,302.913,49.13
3554003,123942,523.749,236.64
3554102,310739,625.003,497.18
3554201,4127,296.189,13.93
3554300,22173,1555.803,14.25
3554409,7904,221.541,35.68
3554508,37663,404.396,93.13
3554607,2464,196.79,12.52
3554656,2046,71.348,28.68
3554706,9335,315.267,29.61
3554755,1682,63.421,26.52
3554805,51173,191.094,267.79
3554904,6804,151.594,44.88
3554953,6778,126.731,53.48
3555000,63928,627.986,101.8
3555109,15854,244.77,64.77
3555208,1818,153.235,11.86
3555307,1669,147.797,11.29
3555356,5365,209.861,25.56
3555406,92981,708.105,131.31
3555505,5132,282.179,18.19
3555604,10394,252.434,41.18
3555703,1603,79.056,20.28
3555802,8833,209.262,42.21
3555901,1387,146.901,9.44
3556008,13744,323.916,42.43
3556107,14098,149.741,94.15
3556206,126373,148.538,850.78
3556305,24241,857.661,28.26
3556354,10512,142.595,73.72
3556404,40133,267.178,150.21
3556453,50415,42.489,1186.54
3556503,115771,35.12,3296.44
3556602,10176,247.716,41.08
3556701,76540,80.95,945.52
3556800,17414,217.726,79.98
3556909,8109,95.429,84.97
3556958,1794,49.832,36.0
3557006,127923,184.186,694.53
3557105,96634,420.703,229.7
3557154,2692,319.056,8.44
3557204,12211,188.727,64.7
3557303,11295,74.144,152.34
4100103,7241,228.717,31.66
4100202,6256,1349.311,4.64
4100301,10233,192.261,53.22
4100400,119825,194.228,616.93
4100459,3590,386.945,9.28
4100509,18742,661.56,28.33
4100608,13909,407.719,34.11
4100707,9727,447.666,21.73
4100806,10326,424.25,24.34
4100905,4762,384.735,12.38
4101002,19620,298.349,65.76
4101051,2918,102.895,28.36
4101101,19878,235.944,84.25
4101150,3235,106.021,30.51
4101200,18091,891.582,20.29
4101309,7018,469.62,14.94
4101408,130134,556.99,233.64
4101507,119138,382.215,311.7
4101606,25777,1358.176,18.98
4101655,3527,217.371,16.23
4101705,14485,493.191,29.37
4101804,151666,469.24,323.22
4101853,2329,234.076,9.95
4101903,13797,440.347,31.33
4102000,36808,980.727,37.53
4102109,25475,434.792,58.59
4102208,3980,137.663,28.91
4102307,13395,348.926,38.39
4102406,31273,445.192,70.25
4102505,10795,538.636,20.04
4102604,9759,161.213,60.53
4102703,2814,115.855,24.29
4102752,4031,148.107,27.22
4102802,14833,242.689,61.12
4102901,15533,1234.946,12.58
4103008,4558,302.739,15.06
4103024,2455,151.797,16.17
4103040,6378,620.453,10.28
4103057,7924,266.175,29.77
4103107,13299,825.665,16.11
4103156,3980,176.129,22.6
4103206,6581,322.755,20.39
4103222,3202,195.931,16.34
4103305,7735,334.378,23.13
4103354,4854,343.321,14.14
4103370,3708,291.036,12.74
4103404,2627,185.8,14.14
4103453,18997,274.904,69.1
4103479,4473,335.392,13.34
4103503,8710,141.817,61.42
4103602,23212,366.153,63.39
4103701,107208,495.375,216.42
4103800,9460,164.786,57.41
4103909,15723,796.614,19.74
4103958,3936,448.424,8.78
4104006,47825,539.245,88.69
4104055,4027,433.832,9.28
4104105,7508,304.488,24.66
4104204,136327,1243.551,109.63
4104253,30160,275.352,109.53
4104303,99432,749.637,132.64
4104402,15244,1510.16,10.09
4104428,14973,1512.786,9.9
4104451,10933,583.304,18.74
4104501,20481,419.036,48.88
4104600,14648,280.063,52.3
4104659,23283,649.68,35.84
4104709,16905,451.418,37.45
4104808,348051,2091.199,166.44
4104907,73075,2531.503,28.87
4105003,10446,580.421,18.0
4105102,10832,371.834,29.13
4105201,16134,1341.189,12.03
4105300,11087,1179.449,9.4
4105409,21085,959.692,21.97
4105508,79527,811.666,97.98
4105607,11467,403.045,28.45
4105706,15070,703.638,21.42
4105805,232212,197.58,1175.28
4105904,22896,407.568,56.18
4106001,8320,535.963,15.52
4106100,3461,204.705,16.91
4106209,19128,299.037,63.97
4106308,17470,529.137,33.02
4106407,45206,635.1,71.18
4106456,5649,1556.186,3.63
4106506,23331,684.417,34.09
4106555,3760,164.341,22.88
4106571,4133,161.862,25.53
4106605,23831,775.984,30.71
4106704,4494,259.103,17.34
4106803,15978,1478.35,10.81
4106852,2892,312.299,9.26
4106902,1773718,434.892,4078.53
4107009,13647,576.263,23.68
4107108,5142,242.887,21.17
4107124,3171,347.233,9.13
4107157,4557,309.11,14.74
4107207,44869,418.648,107.18
4107256,9161,420.604,21.78
4107306,6327,118.279,53.49
4107405,5999,192.203,31.21
4107504,12454,467.47,26.64
4107520,1849,141.286,13.09
4107538,4575,120.967,37.82
4107546,4797,326.44,14.69
4107553,3039,289.232,10.51
4107603,16389,715.943,22.89
4107652,148873,116.678,1275.93
4107702,4492,234.099,19.19
4107736,6255,406.5,15.39
4107751,8062,129.769,62.13
4107801,4792,191.133,25.07
4107850,4364,255.721,17.07
4107900,10458,158.226,66.1
4108007,11446,246.853,46.37
4108106,2652,83.046,31.93
4108205,7635,275.901,27.67
4108304,285415,609.192,468.51
4108320,8116,321.898,25.21
4108403,96666,735.111,131.5
4108452,4926,235.382,20.93
4108502,11062,1071.183,10.33
4108551,2977,131.012,22.72
4108601,28437,564.163,50.41
4108650,6566,702.471,9.35
4108700,5641,314.198,17.95
4108809,32097,563.742,56.94
4108908,6587,493.94,13.34
4108957,7856,244.795,32.09
4109005,4626,189.1,24.46
4109104,2191,201.15,10.89
4109203,4748,211.68,22.43
4109302,13735,1238.32,11.09
4109401,182093,3168.087,57.48
4109500,7430,2011.357,3.69
4109609,42062,1326.67,31.7
4109658,4941,502.235,9.84
4109708,28830,898.221,32.1
4109757,6218,145.446,42.75
4109807,51603,297.742,173.31
4109906,8991,675.24,13.32
4110003,5338,164.983,32.35
4110052,2144,106.937,20.05
4110078,14249,330.734,43.08
4110102,29924,756.535,39.55
4110201,9670,936.208,10.33
4110300,2536,194.704,13.02
4110409,4448,122.622,36.27
4110508,14142,900.721,15.7
4110607,15746,647.894,24.3
4110656,2343,81.538,28.74
4110706,59250,999.517,59.28
4110805,10684,570.459,18.73
4110904,4481,194.353,23.06
4110953,11485,330.846,34.71
4111001,5908,207.342,28.49
4111100,6111,243.822,25.06
4111209,12344,254.014,48.6
4111258,31217,322.991,96.65
4111308,3572,128.87,27.72
4111407,13229,607.848,21.76
4111506,32720,436.989,74.88
4111555,6831,410.156,16.65
4111605,2708,96.661,28.02
4111704,5427,139.277,38.97
4111803,40375,602.528,67.01
4111902,15122,475.004,31.84
4112009,35141,1453.066,24.18
4112108,21408,187.6,114.12
4112207,5870,335.65,17.49
4112306,4972,187.802,26.47
4112405,9144,165.185,55.36
4112504,12004,413.386,29.04
4112603,1343,128.515,10.45
4112702,11813,159.178,74.21
4112751,10506,247.496,42.45
4112801,11945,289.173,41.31
4112900,3333,320.816,10.39
4112959,7771,354.364,21.93
4113007,6690,210.869,31.73
4113106,4582,193.299,23.7
4113205,45003,2093.859,21.49
4113254,5600,559.439,10.01
4113304,32227,673.688,47.84
4113403,3752,344.918,10.88
4113429,3938,151.456,26.0
4113452,5175,347.093,14.91
4113502,23225,722.496,32.15
4113601,4601,240.904,19.1
4113700,555965,1652.569,336.42
4113734,6690,916.839,7.3
4113759,4872,199.213,24.46
4113809,4813,121.066,39.76
4113908,13428,760.224,17.66
4114005,13452,788.061,17.07
4114104,31457,294.019,106.99
4114203,36716,335.814,109.33
4114302,27439,379.179,72.36
4114351,2770,215.779,12.84
4114401,16603,1055.458,15.73
4114500,14240,571.135,24.93
4114609,55836,745.748,74.87
4114708,5865,486.224,12.06
4114807,41851,475.564,88.0
4114906,8677,384.424,22.57
4115002,7253,232.363,31.21
4115101,9847,433.17,22.73
4115200,409657,487.012,841.16
4115309,6371,230.365,27.66
4115358,6555,283.793,23.1
4115408,15901,387.612,41.02
4115457,4504,503.858,8.94
4115507,4699,208.47,22.54
4115606,18450,639.746,28.84
4115705,39259,117.899,332.99
4115739,3267,394.533,8.28
4115754,9383,108.324,86.62
4115804,54369,328.732,165.39
4115853,5931,197.136,30.09
4115903,2238,221.708,10.09
4116000,1966,90.294,21.77
4116059,11064,324.397,34.11
4116109,11175,353.772,31.59
4116208,18309,684.58,26.74
4116307,3951,137.018,28.84
4116406,3669,185.769,19.75
4116505,1323,131.272,10.08
4116604,3280,129.476,25.33
4116703,13765,470.642,29.25
4116802,6790,555.488,12.22
4116901,26585,401.587,66.2
4116950,5597,208.472,26.85
4117008,7225,283.423,25.49
4117057,12074,1210.205,9.98
4117107,12923,269.389,47.97
4117206,5833,136.347,42.78
4117214,4184,76.887,54.42
4117222,8322,204.665,40.66
4117255,12699,352.565,36.02
4117271,6848,545.686,12.55
4117297,3125,161.411,19.36
4117305,24192,2429.52,9.96
4117404,3187,176.457,18.06
4117453,6785,293.042,23.15
4117503,45962,171.379,268.19
4117602,48247,1557.903,30.97
4117701,33855,1470.072,23.03
4117800,13033,817.647,15.94
4117909,35011,651.238,53.76
4118006,13245,204.564,64.75
4118105,9557,348.631,27.41
4118204,145829,822.838,177.23
4118303,2398,175.875,13.63
4118402,92001,1202.266,76.52
4118451,5733,135.6,42.28
4118501,91836,539.087,170.35
4118600,5666,421.409,13.45
4118709,6343,363.351,17.46
4118808,13346,468.594,28.48
4118857,7189,409.05,17.57
4118907,11878,236.186,50.29
4119004,6221,205.279,30.31
4119103,13655,254.792,53.59
4119152,127019,60.869,2086.76
4119202,6566,220.625,29.76
4119251,2761,97.463,28.33
4119301,29886,2001.588,14.93
4119400,23651,1345.417,17.58
4119509,118730,227.042,522.94
4119608,33567,1663.747,20.18
4119657,3046,123.229,24.72
4119707,4070,356.192,11.43
4119806,14374,346.241,41.51
4119905,358371,2054.732,174.41
4119954,30425,200.41,151.81
4120002,11624,291.663,39.85
4120101,4098,186.581,21.96
4120150,3110,361.02,8.61
4120200,3182,217.676,14.62
4120309,3562,213.013,16.72
4120333,3709,152.876,24.26
4120358,5737,226.14,25.37
4120408,4336,155.734,27.84
4120507,10082,414.442,24.33
4120606,49393,2247.141,21.98
4120655,4201,321.875,13.05
4120705,8099,112.689,71.87
4120804,24191,180.471,134.04
4120853,4480,114.393,39.16
4120903,30738,821.503,37.42
4121000,10685,914.763,11.68
4121109,5001,326.177,15.33
4121208,18398,447.024,41.16
4121257,4221,237.196,17.8
4121307,3512,167.646,20.95
4121356,2618,241.386,10.85
4121406,19247,353.416,54.46
4121505,14514,481.84,30.12
4121604,6845,425.273,16.1
4121703,24573,1635.535,15.02
4121752,6553,834.232,7.86
4121802,12364,629.224,19.65
4121901,13060,374.732,34.85
4122008,14025,599.056,23.41
4122107,3197,177.836,17.98
4122156,13929,681.406,20.44
4122172,3808,376.109,10.12
4122206,37558,811.425,46.29
4122305,31324,604.138,51.85
4122404,71670,459.024,156.14
4122503,11251,742.121,15.16
4122602,9097,555.125,16.39
4122651,5435,377.47,14.4
4122701,8822,190.329,46.35
4122800,4075,181.015,22.51
4122909,5192,200.52,25.89
4123006,15223,312.717,48.68
4123105,3394,78.045,43.49
4123204,3365,105.076,32.02
4123303,8613,442.013,19.49
4123402,11378,276.241,41.19
4123501,25492,754.701,33.78
4123600,1748,156.935,11.14
4123709,8912,349.497,25.5
4123808,14070,321.182,43.81
4123824,3644,126.813,28.74
4123857,9934,836.669,11.87
4123907,11066,427.193,25.9
4123956,3356,259.957,12.91
4124004,5514,251.269,21.94
4124020,13174,326.19,40.39
4124053,24262,268.258,90.44
4124103,44369,721.472,61.5
4124202,2493,219.068,11.38
4124301,2125,167.014,12.72
4124400,23673,325.651,72.69
4124509,6181,280.133,22.06
4124608,6587,225.079,29.27
4124707,10830,823.774,13.15
4124806,11886,388.059,30.63
4124905,5586,304.413,18.35
4125001,10667,353.331,30.19
4125100,13726,720.407,19.05
4125209,9378,379.545,24.71
4125308,5168,315.088,16.4
4125357,6504,406.413,16.0
4125407,6040,399.667,15.11
4125456,3957,182.419,21.69
4125506,329628,946.435,348.28
4125555,2138,95.381,22.42
4125605,42366,1341.714,31.58
4125704,29122,851.917,34.18
4125753,5784,308.324,18.76
4125803,8690,322.692,26.93
4125902,2661,250.654,10.62
4126009,8063,226.872,35.54
4126108,5232,218.623,23.93
4126207,6695,677.609,9.88
4126256,118455,103.501,1144.48
4126272,6108,152.084,40.16
4126306,17270,1441.333,11.98
4126355,5007,482.394,10.38
4126405,5616,444.492,12.63
4126504,15930,505.532,31.51
4126603,22811,278.035,82.04
4126652,3440,170.759,20.15
4126678,10707,472.155,22.68
4126702,4880,193.346,25.24
4126801,15869,591.399,26.83
4126900,5745,434.371,13.23
4127007,9547,902.793,10.57
4127106,75042,1382.86,54.27
4127205,17568,320.85,54.75
4127304,14842,700.599,21.18
4127403,18119,800.807,22.63
4127502,19961,2977.933,6.7
4127601,17621,671.889,26.23
4127700,150470,1198.049,125.6
4127809,8426,591.438,14.25
4127858,11135,505.505,22.03
4127882,6219,668.478,9.3
4127908,8067,698.871,11.54
4127957,8077,299.769,26.94
4127965,14231,938.966,15.16
4128005,24749,652.581,37.92
4128104,117095,1234.537,94.85
4128203,55033,719.998,76.43
4128302,2136,94.819,22.53
4128401,10406,237.81,43.76
4128500,19188,397.916,48.22
4128534,9681,819.334,11.82
4128559,8215,327.09,25.12
4128609,7932,311.801,25.44
4128625,3055,967.772,3.16
4128633,5697,777.482,7.33
4128658,3811,249.094,15.3
4128708,9706,308.218,31.49
4128807,5798,359.712,16.12
4200051,2598,237.517,10.94
4200101,17392,953.992,18.23
4200200,10990,206.815,53.14
4200309,6055,129.774,46.66
4200408,6508,1319.137,4.93
4200507,6036,139.511,43.27
4200556,2839,76.631,37.05
4200606,6743,326.66,20.64
4200705,10481,733.489,14.29
4200754,1856,103.433,17.94
4200804,5943,232.348,25.58
4200903,5358,499.998,10.72
4201000,8285,589.812,14.05
4201109,3593,540.636,6.65
4201208,11224,234.422,47.88
4201257,9811,493.49,19.88
4201273,4378,132.779,32.97
4201307,45283,386.693,117.1
4201406,71922,301.819,238.3
4201505,8834,173.958,50.78
4201604,3556,93.53,38.02
4201653,2510,90.503,27.73
4201703,8319,112.884,73.7
4201802,3227,94.383,34.19
4201901,6780,207.045,32.75
4201950,15820,94.477,167.45
4202008,139155,45.214,3077.7
4202057,14912,108.914,136.92
4202073,15669,146.834,106.71
4202081,3144,148.074,21.23
4202099,1668,92.561,18.02
4202107,45369,138.947,326.52
4202131,5872,535.682,10.96
4202156,2658,93.852,28.32
4202206,10520,388.291,27.09
4202305,76773,365.755,209.9
4202404,361261,518.619,696.58
4202438,3515,510.673,6.88
4202453,25058,35.143,713.03
4202503,4026,938.516,4.29
4202537,2777,63.883,43.47
4202578,2187,67.777,32.27
4202602,8418,1057.034,7.96
4202701,5363,296.256,18.1
4202800,33773,212.045,159.27
4202859,4026,89.411,45.03
4202875,2489,336.439,7.4
4202909,141385,284.675,496.65
4203006,73720,983.424,74.96
4203105,6304,173.079,36.42
4203154,3443,636.208,5.41
4203204,103074,210.568,489.5
4203253,2625,1331.962,1.97
4203303,12501,499.216,25.04
4203402,7257,1025.638,7.08
4203501,9623,479.161,20.08
4203600,36932,1717.697,21.5
4203709,12821,151.008,84.9
4203808,55016,1148.036,47.92
4203907,23314,244.057,95.53
4203956,23975,53.222,450.47
4204004,10566,199.166,53.05
4204103,4614,140.873,32.75
4204152,2805,208.391,13.46
4204178,3317,418.544,7.93
4204194,2950,124.866,23.63
4204202,254785,624.846,407.76
4204251,17240,70.965,242.94
4204301,81646,799.194,102.16
4204350,4781,83.556,57.22
4204400,10388,233.698,44.45
4204459,2065,107.502,19.21
4204509,15267,405.761,37.63
4204558,15727,647.388,24.29
4204608,214493,234.865,913.26
4204707,10953,220.099,49.76
4204756,1968,54.811,35.91
4204806,40045,949.865,42.16
4204905,8530,287.057,29.72
4205001,15008,378.843,39.62
4205100,4221,178.157,23.69
4205159,3637,374.205,9.72
4205175,3402,103.888,32.75
4205191,2269,65.311,34.74
4205209,4885,208.841,23.39
4205308,11192,340.07,32.91
4205357,1783,58.457,30.5
4205407,537211,674.844,796.05
4205431,2682,100.408,26.71
4205456,31431,183.351,171.43
4205506,33481,549.188,60.96
4205555,2411,158.775,15.19
4205605,3210,139.836,22.96
4205704,29959,114.773,261.03
4205803,18545,503.595,36.83
4205902,72570,386.616,187.71
4206009,16915,127.556,132.61
4206108,6277,334.362,18.77
4206207,12435,165.718,75.04
4206306,24543,172.173,142.55
4206405,10796,331.766,32.54
4206504,46711,267.514,174.61
4206603,4829,100.63,47.99
4206652,8425,206.196,40.86
4206702,21724,216.581,100.3
4206751,2008,146.009,13.75
4206801,3269,156.439,20.9
4206900,19862,247.102,80.38
4207007,59035,230.393,256.24
4207106,17046,253.024,67.37
4207205,11881,542.238,21.91
4207304,52579,181.577,289.57
4207403,5982,119.113,50.22
4207502,71549,430.799,166.08
4207577,2877,113.986,25.24
4207601,4578,155.651,29.41
4207650,9335,200.96,46.45
4207684,7730,261.081,29.61
4207700,7816,245.921,31.78
4207759,3986,165.147,24.14
4207809,10195,325.862,31.29
4207858,2069,77.912,26.56
4207908,10285,589.698,17.44
4208005,7067,166.265,42.5
4208104,22051,1297.543,16.99
4208203,264054,289.215,913.0
4208302,75940,58.21,1304.59
4208401,16638,281.782,59.05
4208450,30750,245.394,125.31
4208500,26525,336.588,78.81
4208609,4310,182.483,23.62
4208708,10624,430.704,24.67
4208807,20375,326.362,62.43
4208906,182660,530.894,344.06
4208955,1776,68.499,25.93
4209003,30146,241.637,124.76
4209102,616317,1127.947,546.41
4209151,5985,405.552,14.76
4209177,2555,91.448,27.94
4209201,2248,69.036,32.56
4209300,164981,2637.66,62.55
4209409,42785,333.26,128.38
4209458,1702,65.348,26.05
4209508,7932,79.333,99.98
4209607,14381,271.852,52.9
4209706,11472,941.64,12.18
4209805,3330,293.6,11.34
4209854,4549,190.171,23.92
4209904,12873,197.586,65.15
4210001,11684,260.106,44.92
4210035,5794,117.099,49.48
4210050,1778,261.208,6.81
4210100,55286,1404.084,39.38
4210209,3214,306.058,10.5
4210308,7425,520.816,14.26
4210407,7815,62.902,124.24
4210506,28251,170.339,165.85
4210555,2184,104.184,20.96
4210605,17162,374.459,45.83
4210704,2761,435.391,6.34
4210803,7006,186.439,37.58
4210852,2511,337.991,7.43
4210902,4080,92.346,44.18
4211009,10066,200.276,50.26
4211058,9117,191.278,47.66
4211108,7736,560.743,13.8
4211207,18537,82.818,223.83
4211256,3010,260.143,11.57
4211306,86401,111.377,775.75
4211405,5155,65.087,79.2
4211454,4536,137.388,33.02
4211504,13727,402.852,34.07
4211603,13664,295.061,46.31
4211652,2643,151.722,17.42
4211702,23661,549.859,43.03
4211751,17312,847.253,20.43
4211801,7032,213.543,32.93
4211850,2181,188.568,11.57
4211876,1927,86.048,22.39
4211892,2215,738.331,3.0
4211900,222598,394.85,563.75
4212007,7605,330.878,22.98
4212056,2561,289.097,8.86
4212106,15626,351.051,44.51
4212205,19150,764.737,25.04
4212239,4267,180.338,23.66
4212254,12897,92.638,139.22
4212270,4034,617.092,6.54
4212304,9063,446.165,20.31
4212403,4245,159.891,26.55
4212502,33663,57.752,582.89
4212601,2992,96.168,31.11
4212650,10190,106.853,95.36
4212700,6716,306.76,21.89
4212809,27127,99.355,273.03
4212908,21972,128.726,170.69
4213005,3473,61.011,56.92
4213104,5769,146.088,39.49
4213153,2946,63.1,46.69
4213203,34289,214.299,160.01
4213302,4437,575.17,7.71
4213351,3210,396.882,8.09
4213401,10649,560.731,18.99
4213500,27688,93.673,295.58
4213609,32970,848.779,38.84
4213708,17123,356.539,48.03
4213807,8270,284.36,29.08
4213906,1689,65.433,25.81
4214003,20010,297.16,67.34
4214102,2301,224.748,10.24
4214151,2964,85.598,34.63
4214201,11022,278.983,39.51
4214300,3279,286.461,11.45
4214409,6253,314.913,19.86
4214508,6452,502.095,12.85
4214607,7747,245.057,31.61
4214706,10865,555.473,19.56
4214805,72587,260.817,278.31
4214904,4847,302.39,16.03
4215000,39261,907.42,43.27
4215059,2397,282.571,8.48
4215075,4768,191.061,24.96
4215109,12757,129.001,98.89
4215208,4823,223.333,21.6
4215307,7489,177.887,42.1
4215356,3632,156.568,23.2
4215406,4390,104.531,42.0
4215455,12882,82.984,155.23
4215505,15546,1145.845,13.57
4215554,2425,81.004,29.94
4215604,2088,203.218,10.27
4215653,9792,150.299,65.15
4215679,8066,715.551,11.27
4215687,2576,119.653,21.53
4215695,1651,73.335,22.51
4215703,27272,344.235,79.22
4215752,2684,149.891,17.91
4215802,83277,495.772,167.97
4215901,2946,461.438,6.38
4216008,10282,162.12,63.42
4216057,6084,345.903,17.59
4216107,9226,367.525,25.1
4216206,52674,493.266,106.79
4216255,6295,163.747,38.44
4216305,32687,200.765,162.81
4216354,4463,151.885,29.38
4216404,8668,184.375,47.01
4216503,25939,1888.634,13.73
4216602,270299,150.499,1796.02
4216701,14167,280.76,50.46
4216800,8708,948.714,9.18
4216909,24791,356.193,69.6
4217006,13509,106.765,126.53
4217105,3405,224.566,15.16
4217154,1781,72.755,24.48
4217204,44330,234.202,189.28
4217253,5776,139.196,41.5
4217303,10265,205.781,49.88
4217402,20061,165.237,121.41
4217501,18620,309.627,60.14
4217550,3303,90.564,36.47
4217600,13714,262.004,52.34
4217709,29991,143.457,209.06
4217758,2832,113.125,25.03
4217808,18310,693.847,26.39
4217907,8143,390.044,20.88
4217956,2329,56.962,40.89
4218004,51592,279.159,184.81
4218103,5386,328.507,16.4
4218202,46099,128.313,359.27
4218251,7342,596.344,12.31
4218301,19746,436.496,45.24
4218350,3782,156.61,24.15
4218400,7362,159.833,46.06
4218509,8787,185.937,47.26
4218608,7274,109.648,66.34
4218707,110088,301.485,365.15
4218756,4916,132.939,36.98
4218806,13043,235.104,55.48
4218855,2774,92.857,29.87
4218905,10834,1021.371,10.61
4218954,2656,350.472,7.58
4219002,20919,254.954,82.05
4219101,3634,166.685,21.8
4219150,2627,350.606,7.49
4219176,4576,299.807,15.26
4219200,6189,346.932,17.84
4219309,55466,384.127,144.39
4219358,5370,370.414,14.5
4219408,4255,153.776,27.67
4219507,51607,377.426,136.73
4219606,3653,218.032,16.75
4219705,31918,293.628,108.7
4219853,3930,190.179,20.66
4220000,15981,63.42,251.99
4300034,4170,1551.339,2.69
4300059,3912,291.503,13.42
4300109,16041,534.624,30.0
4300208,6720,322.674,20.83
4300307,6123,316.394,19.35
4300406,72409,7800.428,9.28
4300455,3651,172.794,21.13
4300471,1969,265.042,7.43
4300505,7117,325.979,21.83
4300554,1800,115.335,15.61
4300570,3072,78.175,39.3
4300604,187315,71.7,2612.48
4300638,5310,505.983,10.49
4300646,7650,93.704,81.64
4300661,1135,331.208,3.43
4300703,5957,242.1,24.61
4300802,13045,347.541,37.54
4300851,4112,518.193,7.94
4300877,8525,35.391,240.88
4300901,6483,342.279,18.94
4301008,21958,157.088,139.78
4301057,11057,119.16,92.79
4301073,2599,124.693,20.84
4301107,14601,425.791,34.29
4301206,12058,315.132,38.26
4301305,17558,2508.557,7.0
4301404,10322,269.31,38.33
4301503,7149,348.231,20.53
4301552,3396,156.727,21.67
4301602,117938,4090.36,28.83
4301636,14955,102.387,146.06
4301651,6461,124.757,51.79
4301701,7144,260.505,27.42
4301750,5889,436.101,13.5
4301800,4831,515.469,9.37
4301859,3161,62.801,50.33
4301875,4241,1055.937,4.02
4301909,12225,729.316,16.76
4301925,1696,146.995,11.54
4301958,2498,60.437,41.33
4302006,9296,647.994,14.35
4302055,2082,132.351,15.73
4302105,123151,272.287,452.28
4302154,1933,196.064,9.86
4302204,6966,109.541,63.59
4302220,2229,701.221,3.18
4302238,2271,504.114,4.5
4302253,2779,94.399,29.44
4302303,11202,2622.837,4.27
4302352,13142,88.66,148.23
4302378,2096,89.206,23.5
4302402,12294,102.54,119.89
4302451,6247,265.952,23.49
4302501,5890,1610.056,3.66
4302584,2151,200.497,10.73
4302600,3268,132.044,24.75
4302659,4966,105.353,47.14
4302709,19084,752.187,25.37
4302808,32515,3048.147,10.67
4302907,11157,2373.507,4.7
4303004,80070,3736.064,21.43
4303103,136258,43.778,3112.48
4303202,4603,204.055,22.56
4303301,4704,261.303,18.0
4303400,4836,189.16,25.57
4303509,62200,1680.168,37.02
4303558,2981,138.069,21.59
4303608,6361,1181.811,5.38
4303673,3242,538.487,6.02
4303707,5882,224.801,26.17
4303806,5284,276.162,19.13
4303905,62886,60.579,1038.08
4304002,4975,220.719,22.54
4304101,3613,226.202,15.97
4304200,28906,944.735,30.6
4304309,6294,247.047,25.48
4304358,10710,933.628,11.47
4304408,48946,253.002,193.46
4304507,49680,3526.253,14.09
4304606,347657,130.789,2658.15
4304614,1656,82.908,19.97
4304622,1733,526.85,3.29
4304630,63594,98.383,646.39
4304655,3119,1007.796,3.09
4304663,26487,783.196,33.82
4304671,3991,412.889,9.67
4304689,11159,182.756,61.06
4304697,2921,73.967,39.49
4304705,61804,666.694,92.7
4304713,7394,294.606,25.1
4304804,30420,230.061,132.23
4304853,1368,83.155,16.45
4304903,9465,272.041,34.79
4304952,3000,235.863,12.72
4305009,8674,583.184,14.87
4305108,463501,1652.32,280.52
4305116,2721,134.23,20.27
4305124,5808,451.699,12.86
4305132,3802,158.025,24.06
4305157,2379,73.438,32.39
4305173,9178,324.908,28.25
4305207,13705,176.643,77.59
4305306,9540,684.247,13.94
4305355,35012,217.362,161.08
4305371,2768,198.748,13.93
4305405,3913,397.179,9.85
4305439,6262,202.387,30.94
4305447,4597,220.471,20.85
4305454,17071,243.419,70.13
4305504,4149,274.35,15.12
4305587,2423,60.732,39.9
4305603,3258,286.295,11.38
4305702,6406,463.568,13.82
4305801,10385,203.614,51.0
4305835,1290,112.638,11.45
4305850,2211,277.147,7.98
4305871,2822,163.684,17.24
4305900,6144,492.303,12.48
4305934,1607,105.668,15.21
4305959,3846,173.207,22.2
4305975,2667,422.101,6.32
4306007,12886,362.194,35.58
4306056,7299,682.138,10.7
4306072,2692,97.077,27.73
4306106,58913,1360.548,43.3
4306130,1635,166.883,9.8
4306205,11600,155.058,74.81
4306304,4321,174.734,24.73
4306320,2751,360.851,7.62
4306353,2507,217.363,11.53
4306379,2806,600.518,4.67
4306403,30709,66.114,464.49
4306429,2090,226.072,9.24
4306452,3097,133.535,23.19
4306502,13051,1355.195,9.63
4306551,2562,78.219,32.75
4306601,36981,5194.051,7.12
4306700,3079,114.149,26.97
4306734,4470,255.731,17.48
4306759,1888,107.96,17.49
4306767,39559,509.614,77.63
4306809,22962,140.006,164.01
4306908,23819,3347.861,7.11
4306924,1296,71.191,18.2
4306932,9158,552.986,16.56
4306957,2685,119.912,22.39
4306973,3054,152.793,19.99
4307005,105705,429.164,246.3
4307054,3034,238.558,12.72
4307104,6191,1759.717,3.52
4307203,4930,285.677,17.26
4307302,6787,357.181,19.0
4307401,3195,829.587,3.85
4307450,3226,148.909,21.66
4307500,15173,783.642,19.36
4307559,5582,99.757,55.96
4307609,47924,51.779,925.55
4307708,76137,27.676,2751.01
4307807,32183,185.026,173.94
4307815,3070,281.613,10.9
4307831,2633,418.069,6.3
4307864,2566,134.295,19.11
4307906,70286,361.341,194.51
4308003,6702,169.514,39.54
4308052,2520,143.321,17.58
4308078,4291,84.794,50.6
4308102,13764,94.832,145.14
4308201,30892,276.241,111.83
4308250,1668,168.521,9.9
4308300,9550,583.239,16.37
4308409,6413,578.875,11.08
4308433,2393,93.275,25.66
4308458,4477,650.512,6.88
4308508,32627,265.181,123.04
4308607,34335,168.492,203.78
4308656,2688,803.737,3.34
4308706,5665,204.428,27.71
4308805,7612,510.01,14.93
4308854,1744,184.715,9.44
4308904,16602,287.466,57.75
4309001,16013,857.059,18.68
4309050,7658,323.955,23.64
4309100,40134,239.341,167.69
4309126,2014,131.396,15.33
4309159,3304,217.515,15.19
4309209,265074,468.288,566.05
4309258,1417,146.925,9.64
4309308,92924,376.166,247.03
4309407,25268,297.545,84.92
4309506,7415,290.7,25.51
4309555,5378,48.557,110.76
4309571,2565,118.261,21.69
4309605,18851,229.694,82.07
4309654,5976,822.608,7.26
4309704,4681,135.01,34.67
4309753,3732,195.426,19.1
4309803,4527,348.778,12.98
4309902,6776,292.16,23.19
4309951,3723,307.164,12.12
4310009,21583,607.185,35.55
4310108,32808,138.303,237.22
4310207,84780,688.982,123.05
4310306,4157,123.602,33.63
4310330,26824,39.766,674.55
4310363,3080,71.716,42.95
4310405,6427,358.283,17.94
4310413,2014,113.749,17.71
4310439,5399,599.032,9.01
4310462,1720,158.71,10.84
4310504,7482,181.579,41.21
4310538,5572,172.801,32.25
4310553,2995,1120.874,2.67
4310579,1937,184.673,10.49
4310603,35768,3406.606,10.5
4310652,2638,205.06,12.86
4310702,3208,212.669,15.08
4310751,1929,122.93,15.69
4310801,22983,63.092,364.28
4310850,3779,127.589,29.62
4310876,2040,339.399,6.01
4310900,3338,178.009,18.75
4311007,26603,2051.845,12.97
4311106,10579,675.314,15.67
4311122,3690,908.879,4.06
4311130,3349,853.08,3.93
4311155,7184,1238.918,5.8
4311205,18226,1929.544,9.45
4311239,2251,109.758,20.51
4311254,5341,387.486,13.78
4311270,1738,138.602,12.54
4311304,27659,1260.227,21.95
4311403,93646,91.231,1026.47
4311429,2601,67.947,38.28
4311502,7157,2600.969,2.75
4311601,4781,245.627,19.46
4311627,6248,33.351,187.34
4311643,1683,63.502,26.5
4311700,5735,335.198,17.11
4311718,4425,1682.82,2.63
4311734,3131,156.653,19.99
4311759,6801,1390.696,4.89
4311775,7418,613.58,12.09
4311791,2470,82.063,30.1
4311809,45124,649.77,69.45
4311908,4320,229.759,18.8
4311981,3916,338.45,11.57
4312005,1858,98.727,18.82
4312054,3969,125.714,31.57
4312104,4698,316.121,14.86
4312138,2553,238.268,10.71
4312153,4859,46.799,103.83
4312179,1795,114.653,15.66
4312203,4191,208.439,20.11
4312252,7505,424.339,17.69
4312302,4427,131.236,33.73
4312351,1499,82.23,18.23
4312377,3180,549.455,5.79
4312385,2557,69.726,36.67
4312401,64322,425.023,151.34
4312427,2756,146.191,18.85
4312443,3071,166.224,18.48
4312450,6046,244.645,24.71
4312476,6029,89.412,67.43
4312500,12090,1977.442,6.11
4312609,4601,111.247,41.36
4312617,2879,1193.23,2.41
4312625,1721,111.132,15.49
4312658,17898,361.689,49.48
4312674,1932,154.995,12.46
4312708,13719,468.962,29.25
4312757,3163,148.861,21.25
4312807,4954,75.514,65.6
4312906,9649,211.611,45.6
4312955,2042,93.733,21.79
4313003,3044,102.994,29.56
4313011,3061,97.579,31.37
4313037,4865,191.0,25.47
4313060,20088,62.319,322.34
4313086,2343,102.643,22.83
4313102,5586,314.613,17.76
4313201,23300,290.164,80.3
4313300,25692,259.941,98.84
4313334,2163,255.264,8.47
4313359,3466,149.767,23.14
4313375,29024,218.153,133.04
4313391,3568,192.998,18.49
4313409,227646,222.536,1022.96
4313425,3198,218.836,14.61
4313441,2146,75.428,28.45
4313466,1646,79.851,20.61
4313490,4272,123.344,34.63
4313508,47396,663.878,71.39
4313607,3629,182.115,19.93
4313656,12844,949.201,13.53
4313706,33216,1421.101,23.37
4313805,7839,144.181,54.37
4313904,43515,491.57,88.52
4313953,10212,841.225,12.14
4314001,7194,121.745,59.09
4314027,6519,337.534,19.31
4314035,4319,57.485,75.13
4314050,52058,108.707,478.88
4314068,3983,304.266,13.09
4314076,6025,265.133,22.72
4314100,206215,784.407,262.89
4314134,2144,149.669,14.32
4314159,7978,171.863,46.42
4314175,2061,1373.985,1.5
4314209,7484,603.757,12.4
4314308,3745,414.106,9.04
4314407,325685,1608.78,202.44
4314423,5351,84.28,63.49
4314456,2959,68.222,43.37
4314464,2248,438.11,5.13
4314472,3805,478.11,7.96
4314498,4540,105.385,43.08
4314506,11214,2249.176,4.99
4314548,2723,104.801,25.98
4314555,2260,293.723,7.69
4314605,17504,3538.3,4.95
4314704,10406,228.552,45.53
4314753,2171,67.618,32.11
4314779,3296,502.709,6.56
4314787,1575,99.504,15.83
4314803,34071,159.298,213.88
4314902,1332845,495.39,2690.5
4315008,4360,250.876,17.38
4315057,2142,105.811,20.24
4315073,1560,114.284,13.65
4315107,9938,281.497,35.3
4315131,1739,105.338,16.51
4315149,3077,49.628,62.0
4315156,5340,256.039,20.86
4315172,2025,171.994,11.77
4315206,3747,216.159,17.33
4315305,23500,3139.995,7.48
4315313,1552,268.971,5.77
4315321,2507,543.359,4.61
4315354,3910,223.072,17.53
4315404,9738,303.705,32.06
4315453,1796,108.188,16.6
4315503,14939,968.62,15.42
4315552,2835,235.854,12.02
4315602,191900,2682.867,71.53
4315701,34654,2051.112,16.9
4315750,4473,239.09,18.71
4315800,10418,208.108,50.06
4315909,6654,83.278,79.9
4315958,2291,295.326,7.76
4316006,21253,296.09,71.78
4316105,9777,418.675,23.35
4316204,4991,252.454,19.77
4316303,6576,349.074,18.84
4316402,36630,4343.656,8.43
4316428,2480,77.889,31.84
4316436,2575,221.554,11.62
4316451,10203,507.698,20.1
4316477,2877,94.312,30.51
4316501,6879,99.156,69.38
4316600,16399,504.438,32.51
4316709,8122,975.799,8.32
4316733,1674,200.056,8.37
4316758,6887,86.442,79.67
4316808,133230,733.898,181.54
4316907,271735,1780.194,152.64
4316956,6340,140.437,45.14
4316972,2596,955.299,2.72
4317004,7024,1418.805,4.95
4317103,84421,6946.407,12.15
4317202,76963,489.38,157.27
4317251,1505,73.669,20.43
4317301,30983,5206.977,5.95
4317400,48938,2414.195,20.27
4317509,76917,679.34,113.22
4317558,2091,126.094,16.58
4317608,42947,1049.583,40.92
4317707,10300,1710.869,6.02
4317756,2089,203.44,10.27
4317806,13902,467.775,29.72
4317905,15320,367.202,41.72
4317954,2349,125.595,18.7
4318002,59676,3616.69,16.5
4318051,2754,78.67,35.01
4318101,17618,2506.975,7.03
4318200,21893,3317.794,6.6
4318309,58487,5053.46,11.57
4318408,21028,935.596,22.48
4318424,4461,171.029,26.08
4318432,2649,78.32,33.82
4318440,2912,125.62,23.18
4318457,2362,98.125,24.07
4318465,1902,102.912,18.48
4318481,4447,63.709,69.8
4318499,2406,77.732,30.95
4318507,25443,1071.824,23.74
4318606,6834,335.287,20.38
4318614,2380,54.764,43.46
4318622,4172,1173.907,3.55
4318705,217409,103.009,2110.58
4318804,41989,2036.125,20.62
4318903,34752,1295.522,26.82
4319000,21084,256.159,82.31
4319109,5481,171.245,32.01
4319125,2860,669.547,4.27
4319158,7056,1228.447,5.74
4319208,5118,485.588,10.54
4319307,5846,223.942,26.1
4319356,3548,35.207,100.78
4319364,1757,79.894,21.99
4319372,3070,107.559,28.54
4319406,15577,873.394,17.84
4319505,24428,114.293,213.73
4319604,21219,2204.779,9.62
4319703,3264,154.45,21.13
4319711,2207,91.898,24.02
4319737,2543,107.402,23.68
4319752,2251,31.935,70.49
4319802,8097,1174.822,6.89
4319901,75648,136.473,554.31
4320008,132107,58.247,2268.05
4320107,22851,351.717,64.97
4320206,11950,300.827,39.72
4320230,2704,119.312,22.66
4320263,6009,245.17,24.51
4320305,5107,176.471,28.94
4320321,2673,147.068,18.18
4320354,5306,282.13,18.81
4320404,16961,163.31,103.86
4320453,1941,98.131,19.78
4320503,5541,440.631,12.58
4320552,5863,252.013,23.26
4320578,1830,129.238,14.16
4320602,3406,167.598,20.32
4320651,2028,119.285,17.0
4320677,8578,510.213,16.81
4320701,14226,128.823,110.43
4320800,29991,1215.056,24.68
4320859,4461,94.754,47.08
4320909,24557,238.082,103.15
4321006,10592,179.935,58.87
4321105,14695,805.452,18.24
4321204,53242,452.572,117.64
4321303,25198,349.967,72.0
4321329,3119,76.917,40.55
4321352,5212,610.106,8.54
4321402,14497,337.495,42.95
4321436,10334,142.304,72.62
4321451,32797,177.795,184.47
4321469,3267,113.944,28.67
4321477,5129,236.653,21.67
4321493,2554,198.316,12.88
4321501,41751,161.627,258.32
4321600,54387,142.878,380.65
4321626,2152,80.681,26.67
4321634,2591,148.601,17.44
4321667,10962,251.483,43.59
4321709,24425,165.285,147.78
4321808,24916,421.461,59.12
4321832,2760,217.386,12.7
4321857,4716,180.599,26.11
4321907,25436,268.902,94.59
4321956,7556,268.417,28.15
4322004,27498,817.625,33.63
4322103,5542,181.198,30.59
4322152,3681,217.302,16.94
4322186,1374,135.243,10.16
4322202,20005,2253.234,8.88
4322251,5029,59.447,84.6
4322301,8363,307.71,27.18
4322327,3419,253.635,13.48
4322343,1994,125.876,15.84
4322350,1170,131.154,8.92
4322376,1995,602.387,3.31
4322400,117210,5702.098,20.56
4322509,64197,2124.492,30.22
4322525,3150,329.727,9.55
4322533,9897,328.275,30.15
4322541,6058,45.085,134.37
4322558,2004,64.905,30.88
4322608,68763,772.588,89.0
4322707,26710,309.621,86.27
4322806,24021,289.397,83.0
4322855,1818,113.622,16.0
4322905,4769,268.072,17.79
4323002,224112,1496.506,149.76
4323101,4665,193.025,24.17
4323200,2780,238.133,11.67
4323309,3646,107.703,33.85
4323358,2079,151.695,13.71
4323408,4413,181.061,24.37
4323457,3863,508.278,7.6
4323507,2660,77.63,34.27
4323606,1590,119.327,13.32
4323705,2783,90.022,30.91
4323754,3260,258.312,12.62
4323770,3098,63.665,48.66
4323804,16463,60.756,270.97
5000203,16741,7781.558,2.15
5000252,4537,4397.518,1.03
5000609,39325,4193.742,9.38
5000708,24114,2913.177,8.28
5000807,7653,3415.657,2.24
5000856,10729,1283.627,8.36
5000906,9303,1142.895,8.14
5001003,27674,2751.485,10.06
5001102,46803,17087.021,2.74
5001243,10748,1653.86,6.5
5001508,7940,3357.926,2.36
5001904,23031,2392.476,9.63
5002001,10712,1826.578,5.86
5002100,21613,4899.44,4.41
5002159,8567,2591.933,3.31
5002209,23659,5373.016,4.4
5002308,11579,5803.542,2.0
5002407,30612,2115.73,14.47
5002605,13583,6238.127,2.18
5002704,898100,8082.978,111.11
5002803,5036,2943.206,1.71
5002902,20988,3658.252,5.74
5002951,30993,3252.327,9.53
5003108,4783,2639.657,1.81
5003157,14289,1023.727,13.96
5003207,96268,64432.45,1.49
5003256,26037,4159.384,6.26
5003306,32151,6391.486,5.03
5003454,13663,828.533,16.49
5003488,11100,2431.609,4.56
5003504,5578,280.457,19.89
5003702,243367,4062.236,59.91
5003751,11386,1012.796,11.24
5003801,20609,315.333,65.36
5003900,3539,4879.932,0.73
5004007,10444,493.434,21.17
5004106,9940,1225.426,8.11
5004304,13808,2957.41,4.67
5004403,8404,5761.19,1.46
5004502,24137,1342.764,17.98
5004601,19423,2063.717,9.41
5004700,27821,2003.43,13.89
5004809,8148,416.605,19.56
5004908,7139,2912.836,2.45
5005004,23981,2126.133,11.28
5005103,3586,1933.316,1.85
5005152,6729,1569.176,4.29
5005202,21522,354.255,60.75
5005251,6799,1725.78,3.94
5005400,45047,5396.905,8.35
5005608,25536,5471.436,4.67
5005681,19193,478.38,40.12
5005707,50457,3189.667,15.82
5005806,13220,3909.44,3.38
5006002,21822,4025.012,5.42
5006200,48563,4770.685,10.18
5006259,4721,849.19,5.56
5006275,5510,5061.433,1.09
5006309,40957,5405.48,7.58
5006358,12921,1307.092,9.89
5006408,6941,3553.782,1.95
5006606,92017,5359.354,17.17
5006903,12859,17505.2,0.73
5007109,23150,17315.283,1.34
5007208,37601,3983.562,9.44
5007307,4841,1828.8,2.65
5007406,19818,8173.868,2.42
5007505,5199,1309.574,3.97
5007554,7027,6142.001,1.14
5007695,29579,3849.875,7.68
5007703,10994,839.117,13.1
5007802,8142,3254.917,2.5
5007901,47118,5265.695,8.95
5007935,14516,4185.528,3.47
5007950,10808,1784.207,6.06
5007976,3625,1052.232,3.45
5008008,17652,2845.723,6.2
5008305,132152,10217.071,12.93
5008404,6336,312.429,20.28
5100102,5014,850.763,5.89
5100201,29219,7549.308,3.87
5100250,58613,8955.41,6.54
5100300,17193,5402.308,3.18
5100359,5715,2248.414,2.54
5100409,13052,3858.153,3.38
5100508,8009,1847.354,4.34
5100607,10904,1436.582,7.59
5100805,8590,20489.024,0.42
5101001,3795,6380.7,0.59
5101209,1010,675.231,1.5
5101258,14786,1639.733,9.02
5101308,10576,417.337,25.34
5101407,24626,24678.135,1.0
5101605,7253,11374.872,0.64
5101704,29403,5976.864,4.92
5101803,69210,8363.149,8.28
5101852,7280,4266.636,1.71
5101902,17004,15968.355,1.06
5102504,89681,24495.51,3.66
5102603,15347,5978.985,2.57
5102637,45899,9428.586,4.87
5102678,44585,4770.631,9.35
5102686,8822,6792.808,1.3
5102694,4485,3449.037,1.3
5102702,25858,10855.181,2.38
5102793,10332,2421.788,4.27
5102850,7506,3713.466,2.02
5103007,18990,6603.252,2.88
5103056,9593,3843.561,2.5
5103106,6220,16563.136,0.38
5103205,31370,3112.091,10.08
5103254,25766,27960.237,0.92
5103304,18238,21485.018,0.85
5103353,35075,5802.314,6.05
5103361,3760,2684.676,1.4
5103379,11011,9469.957,1.16
5103403,650877,4327.448,150.41
5103437,4903,357.128,13.73
5103452,7014,1273.178,5.51
5103502,21941,8263.397,2.66
5103601,7872,2183.603,3.61
5103700,10521,11661.514,0.9
5103809,3187,891.448,3.58
5103858,8642,16908.375,0.51
5103908,6037,4514.917,1.34
5103957,2905,833.13,3.49
5104104,31024,4725.281,6.57
5104203,10966,5043.899,2.17
5104500,2213,592.495,3.74
5104526,7815,3422.016,2.28
5104542,7539,2909.745,2.59
5104559,5020,4521.79,1.11
5104609,12236,8698.814,1.41
5104807,28569,2429.678,11.76
5104906,7426,1114.302,6.66
5105002,8367,1345.411,6.22
5105101,34906,22632.713,1.54
5105150,45869,26397.173,1.74
5105176,10213,3207.837,3.18
5105200,11480,2291.307,5.01
5105234,4790,1810.547,2.65
5105259,83798,3674.596,22.8
5105309,2509,4282.733,0.59
5105507,16774,13484.71,1.24
5105580,11396,12285.486,0.93
5105606,20091,5228.272,3.84
5105622,26785,1085.486,24.68
5105903,15492,3908.739,3.96
5106000,5956,1336.754,4.46
5106109,12940,5537.413,2.34
5106158,13635,9556.661,1.43
5106174,4200,4034.539,1.04
5106182,6670,4780.426,1.4
5106190,4239,2385.611,1.78
5106208,3932,3290.032,1.2
5106216,11707,5953.099,1.97
5106224,55839,9536.814,5.86
5106232,16352,1327.266,12.32
5106240,11530,12460.736,0.93
5106257,24345,5491.972,4.43
5106265,6520,5800.759,1.12
5106273,3349,920.048,3.64
5106281,6919,5225.595,1.32
5106299,11671,4814.149,2.42
5106307,26423,24166.632,1.09
5106315,2015,4394.78,0.46
5106372,18066,3841.672,4.7
5106422,32714,14433.775,2.27
5106455,3166,2437.59,1.3
5106505,31217,17156.759,1.82
5106653,6932,2742.482,2.53
5106703,2008,701.138,2.86
5106752,52018,8545.292,6.09
5106778,12127,3971.721,3.05
5106802,5593,6846.668,0.82
5106828,10204,5835.278,1.75
5106851,3224,2045.467,1.58
5107008,23283,6915.298,3.37
5107040,85146,5470.383,15.56
5107065,26769,17799.989,1.5
5107107,17849,1282.763,13.91
5107156,2122,1331.677,1.59
5107180,10089,11354.555,0.89
5107198,2593,624.997,4.15
5107206,4535,539.287,8.41
5107248,5374,3812.09,1.41
5107263,2519,1166.382,2.16
5107297,2875,489.737,5.87
5107305,14911,4525.304,3.3
5107354,5964,7465.563,0.8
5107404,4191,344.33,12.17
5107578,3505,12658.341,0.28
5107602,244911,4824.02,50.77
5107701,15453,7339.443,2.11
5107743,2661,5623.39,0.47
5107750,3679,1753.378,2.1
5107768,3276,4747.042,0.69
5107776,7596,6466.223,1.17
5107792,4099,3403.593,1.2
5107800,15246,9469.139,1.61
5107859,13621,16682.473,0.82
5107875,28944,13614.552,2.13
5107883,1800,1490.793,1.21
5107909,196312,3990.87,49.19
5107925,110635,9293.629,11.9
5107941,9818,8439.05,1.16
5107958,106434,11636.825,9.15
5108006,14370,4492.539,3.2
5108055,10616,2399.736,4.42
5108105,3025,4244.073,0.71
5108204,4164,2398.383,1.74
5108303,3838,4590.628,0.84
5108352,2904,1901.545,1.53
5108402,300078,724.279,414.31
5108501,12800,3058.364,4.19
5108600,19888,7436.383,2.67
5108808,4590,1121.928,4.09
5108857,3529,1905.744,1.85
5108907,5846,11553.479,0.51
5108956,8313,5139.307,1.62
5200050,19128,143.357,133.43
5200100,17232,1044.555,16.5
5200134,21568,1566.742,13.77
5200159,2297,115.385,19.91
5200175,4954,2023.636,2.45
5200209,1858,458.836,4.05
5200258,225693,191.817,1176.61
5200308,27008,846.876,31.89
5200506,1973,102.094,19.33
5200555,6072,500.342,12.14
5200605,10306,2594.998,3.97
5200803,8446,1268.347,6.66
5200829,3268,1343.742,2.43
5200852,5259,133.834,39.29
5200902,3007,406.93,7.39
5201108,398869,935.672,426.29
5201207,924,55.569,16.63
5201306,18503,976.038,18.96
5201405,527796,279.954,1885.3
5201454,2907,603.254,4.82
5201504,4325,2899.237,1.49
5201603,3799,149.776,25.36
5201702,18390,661.677,27.79
5201801,11890,218.125,54.51
5202155,7153,2188.1,3.27
5202353,2946,1075.535,2.74
5202502,8300,3054.773,2.72
5202601,3284,565.514,5.81
5202809,2868,170.228,16.85
5203104,3351,1780.173,1.88
5203203,10371,1080.268,9.6
5203302,34445,1274.034,27.04
5203401,7826,1901.137,4.12
5203500,23958,1405.605,17.04
5203559,10296,121.915,84.45
5203575,3299,1635.319,2.02
5203609,3992,125.326,31.85
5203807,5695,1458.459,3.9
5203906,10495,901.932,11.64
5203939,2732,202.576,13.49
5203962,3145,246.075,12.78
5204003,7560,1126.434,6.71
5204102,11513,1657.226,6.95
5204201,1405,424.49,3.31
5204250,7782,528.281,14.73
5204300,13774,2254.34,6.11
5204409,16513,8627.961,1.91
5204508,98622,1608.523,61.31
5204557,4507,251.72,17.9
5204607,3755,272.734,13.77
5204656,3708,1978.386,1.87
5204706,12510,1064.541,11.75
5204805,7422,2450.111,3.03
5204854,8081,156.113,51.76
5204904,18108,735.126,24.63
5204953,4005,443.125,9.04
5205000,9710,419.821,23.13
5205059,2985,299.228,9.98
5205109,114427,3826.37,29.9
5205208,5184,205.065,25.28
5205307,9583,6948.78,1.38
5205406,22046,213.07,103.47
5205455,8090,417.08,19.4
5205471,12870,2184.076,5.89
5205497,91767,389.984,235.31
5205513,25016,1785.339,14.01
5205521,4030,1707.519,2.36
5205703,2454,458.077,5.36
5205802,10562,1064.833,9.92
5205901,9164,1864.277,4.92
5206206,62337,6153.921,10.13
5206305,3504,221.624,15.81
5206404,17065,4673.039,3.65
5206503,3883,364.918,10.64
5206602,2927,568.365,5.15
5206701,3770,417.625,9.03
5206800,2724,86.057,31.65
5206909,1902,482.857,3.94
5207105,2062,685.382,3.01
5207253,6956,3227.558,2.16
5207352,4001,598.218,6.69
5207402,11747,1469.099,8.0
5207501,3205,301.139,10.64
5207535,7070,1949.685,3.63
5207600,5877,1279.107,4.59
5207808,10419,422.34,24.67
5207907,13744,3695.106,3.72
5208004,115901,5804.292,19.97
5208103,4660,843.42,5.53
5208152,3456,588.328,5.87
5208301,4457,828.874,5.38
5208400,13967,166.642,83.81
5208509,4973,569.917,8.73
5208608,73707,1547.319,47.64
5208707,1437366,729.296,1970.9
5208806,71916,213.772,336.41
5208905,24071,3108.423,7.74
5209101,35664,2479.591,14.38
5209150,4390,827.373,5.31
5209200,19545,514.178,38.01
5209291,2188,205.533,10.65
5209408,4085,1221.054,3.35
5209457,2161,593.188,3.64
5209606,3354,228.615,14.67
5209705,27742,952.122,29.14
5209804,3545,583.756,6.07
5209903,10584,1547.183,6.84
5209937,5954,689.201,8.64
5209952,17061,955.419,17.86
5210000,52204,614.887,84.9
5210109,25548,4382.863,5.83
5210158,2919,244.209,11.95
5210208,35684,1027.249,34.74
5210307,2560,579.19,4.42
5210406,44734,1461.916,30.6
5210562,4963,142.652,34.79
5210604,4904,241.029,20.35
5210802,4380,2082.736,2.1
5210901,21087,952.998,22.13
5211008,8007,2047.874,3.91
5211206,26113,1281.404,20.38
5211305,6101,3437.367,1.77
5211404,7736,383.066,20.19
5211503,107970,2447.014,44.12
5211602,2693,1260.841,2.14
5211701,6272,863.087,7.27
5211800,45223,1848.947,24.46
5211909,105729,7178.792,14.73
5212006,2924,528.783,5.53
5212055,2123,115.211,18.43
5212105,7159,446.258,16.04
5212204,19620,4092.34,4.79
5212253,1390,463.289,3.0
5212303,8745,476.137,18.37
5212501,209129,3962.107,52.78
5212600,2561,468.029,5.47
5212709,8124,858.27,9.47
5212808,10700,1695.463,6.31
5212907,2758,225.518,12.23
5212956,4042,1150.503,3.51
5213004,10304,389.959,26.42
5213053,2614,1380.701,1.89
5213087,27075,2854.137,9.49
5213103,70081,9042.844,7.75
5213400,1685,452.314,3.73
5213509,6692,3119.86,2.14
5213707,8756,2900.397,3.02
5213756,12521,1869.581,6.7
5213772,3779,1337.232,2.83
5213806,51351,2846.299,18.04
5213855,2456,282.333,8.7
5213905,4654,684.882,6.8
5214002,14750,1738.516,8.48
5214051,6189,2141.534,2.89
5214101,3564,955.069,3.73
5214408,8189,281.147,29.13
5214507,31932,204.713,155.98
5214606,34964,9846.293,3.55
5214705,2337,209.432,11.16
5214804,2101,307.335,6.84
5214838,12815,7308.681,1.75
5214861,8310,411.753,20.18
5214879,3010,625.625,4.81
5214903,3076,2136.725,1.44
5215009,9481,122.354,77.49
5215207,3527,649.349,5.43
5215231,103804,192.285,539.84
5215256,3716,1254.491,2.96
5215306,16399,1971.265,8.32
5215405,4057,208.804,19.43
5215504,7200,411.318,17.5
5215603,34967,3142.615,11.13
5215652,3132,1318.047,2.38
5215702,31858,1537.196,20.72
5215801,2259,59.809,37.77
5215900,3851,393.326,9.79
5216007,2455,432.204,5.68
5216304,7607,1153.415,6.6
5216403,10659,3786.578,2.81
5216452,2964,1033.657,2.87
5216809,9573,530.49,18.05
5216908,2328,906.048,2.57
5217104,24883,2374.232,10.48
5217203,11712,2045.088,5.73
5217302,26690,2200.369,12.13
5217401,32373,1077.641,30.04
5217609,105031,2558.924,41.04
5217708,18309,1434.289,12.77
5218003,44317,4825.287,9.18
5218052,4070,606.262,6.71
5218102,3280,553.411,5.93
5218300,34914,2076.99,16.81
5218391,3649,356.292,10.24
5218508,48447,3786.026,12.8
5218607,12165,268.291,45.34
5218706,3980,157.379,25.29
5218789,3864,244.655,15.79
5218805,225696,8374.255,26.95
5218904,19788,750.659,26.36
5219001,7918,509.402,15.54
5219100,6149,140.957,43.62
5219209,3002,1109.007,2.71
5219258,4951,1164.186,4.25
5219308,38492,1142.337,33.7
5219357,3538,812.756,4.35
5219407,5924,1357.197,4.36
5219456,2689,970.448,2.77
5219506,2820,166.44,16.94
5219605,3293,789.544,4.17
5219704,10645,1206.6,8.82
5219712,4267,450.336,9.48
5219738,7386,135.022,54.7
5219753,72127,943.948,76.41
5219803,9711,3335.999,2.91
5219902,6378,416.535,15.31
5220009,14041,3334.455,4.21
5220058,1774,286.979,6.18
5220108,33852,829.62,40.8
5220157,4837,583.832,8.28
5220207,21900,6150.179,3.56
5220264,4464,537.347,8.31
5220280,2143,172.763,12.4
5220405,17020,415.015,41.01
5220454,155635,247.005,630.09
5220504,8027,5521.774,1.45
5220603,22245,2349.924,9.47
5220686,5742,346.811,16.56
5220702,2927,1611.851,1.82
5221007,4026,205.665,19.58
5221080,2701,784.793,3.44
5221197,7944,107.407,73.96
5221304,2921,284.034,10.28
5221403,142431,712.69,199.85
5221452,3120,802.905,3.89
5221502,4480,482.317,9.29
5221551,4985,935.659,5.33
5221577,2798,1154.305,2.42
5221601,42546,2142.484,19.86
5221700,13729,522.904,26.26
5221809,3553,623.821,5.7
5221858,198861,61.488,3234.14
5221908,3716,517.402,7.18
5222005,14956,954.115,15.68
5222054,8768,733.794,11.95
5222203,4215,1052.593,4.0
5222302,5815,2181.593,2.67
5300108,2817381,5760.784,489.06
