id_municipio,pib_mil_reais,ano_pib
1100015,734467,2021
1100023,3211294,2021
1100031,238414,2021
1100049,2792506,2021
1100056,743062,2021
1100064,424846,2021
1100072,396740,2021
1100080,316672,2021
1100098,773372,2021
1100106,1054255,2021
1100114,1764718,2021
1100122,4230355,2021
1100130,890319,2021
1100148,549853,2021
1100155,986046,2021
1100189,1642621,2021
1100205,20056138,2021
1100254,560210,2021
1100262,184428,2021
1100288,1565241,2021
1100296,213590,2021
1100304,4215442,2021
1100320,905341,2021
1100338,742686,2021
1100346,352630,2021
1100379,483672,2021
1100403,510740,2021
1100452,966556,2021
1100502,231501,2021
1100601,275338,2021
1100700,369127,2021
1100809,655569,2021
1100908,99627,2021
1100924,468793,2021
1100940,487756,2021
1101005,239331,2021
1101104,209927,2021
1101203,297876,2021
1101302,262627,2021
1101401,389781,2021
1101435,157321,2021
1101450,155430,2021
1101468,246209,2021
1101476,107030,2021
1101484,130675,2021
1101492,488141,2021
1101500,332986,2021
1101559,121304,2021
1101609,257436,2021
1101708,273505,2021
1101757,220948,2021
1101807,185648,2021
1200013,398725,2021
1200054,133916,2021
1200104,685636,2021
1200138,300830,2021
1200179,512353,2021
1200203,2058630,2021
1200252,644542,2021
1200302,567040,2021
1200328,113975,2021
1200336,269205,2021
1200344,184904,2021
1200351,256865,2021
1200385,601471,2021
1200393,160535,2021
1200401,10955675,2021
1200427,255649,2021
1200435,108545,2021
1200450,779672,2021
1200500,748094,2021
1200609,711884,2021
1200708,454981,2021
1200807,471315,2021
1300029,217333,2021
1300060,118872,2021
1300086,138599,2021
1300102,248435,2021
1300144,297810,2021
1300201,184947,2021
1300300,506341,2021
1300409,245622,2021
1300508,344890,2021
1300607,388781,2021
1300631,211871,2021
1300680,182412,2021
1300706,512796,2021
1300805,402131,2021
1300839,177894,2021
1300904,154316,2021
1301001,370663,2021
1301100,395194,2021
1301159,413374,2021
1301209,3380325,2021
1301308,531995,2021
1301407,568036,2021
1301506,215527,2021
1301605,222773,2021
1301654,177320,2021
1301704,860168,2021
1301803,216519,2021
1301852,1001862,2021
1301902,2350463,2021
1301951,135620,2021
1302009,152509,2021
1302108,85809,2021
1302207,138074,2021
1302306,266377,2021
1302405,625198,2021
1302504,1544675,2021
1302553,311335,2021
1302603,103281400,2021
1302702,686279,2021
1302801,176217,2021
1302900,595826,2021
1303007,207005,2021
1303106,341652,2021
1303205,186533,2021
1303304,252422,2021
1303403,1426972,2021
1303502,199541,2021
1303536,1031905,2021
1303569,407146,2021
1303601,185817,2021
1303700,237314,2021
1303809,423055,2021
1303908,334131,2021
1303957,136609,2021
1304005,175042,2021
1304062,758035,2021
1304104,239944,2021
1304203,1098392,2021
1304237,185410,2021
1304260,229209,2021
1304302,205656,2021
1304401,232661,2021
1400027,240826,2021
1400050,385507,2021
1400100,13493364,2021
1400159,522405,2021
1400175,353071,2021
1400209,453298,2021
1400233,236788,2021
1400282,208477,2021
1400308,393852,2021
1400407,202859,2021
1400456,329092,2021
1400472,732356,2021
1400506,327768,2021
1400605,178972,2021
1400704,143945,2021
1500107,1947974,2021
1500131,105404,2021
1500206,1432521,2021
1500305,443759,2021
1500347,642853,2021
1500404,744811,2021
1500503,687773,2021
1500602,3118777,2021
1500701,258574,2021
1500800,8937579,2021
1500859,587647,2021
1500909,363265,2021
1500958,308260,2021
1501006,151776,2021
1501105,250290,2021
1501204,561719,2021
1501253,128925,2021
1501303,9242378,2021
1501402,33567695,2021
1501451,236958,2021
1501501,1986152,2021
1501576,243654,2021
1501600,206570,2021
1501709,1388411,2021
1501725,379575,2021
1501758,114974,2021
1501782,793768,2021
1501808,892630,2021
1501907,536456,2021
1501956,227354,2021
1502004,255901,2021
1502103,1392449,2021
1502152,34987915,2021
1502202,1426639,2021
1502301,615256,2021
1502400,4707381,2021
1502509,247974,2021
1502608,100826,2021
1502707,662415,2021
1502756,419795,2021
1502764,406772,2021
1502772,3666991,2021
1502806,282042,2021
1502855,149514,2021
1502905,369391,2021
1502939,940080,2021
1502954,555637,2021
1503002,76574,2021
1503044,602377,2021
1503077,275694,2021
1503093,506230,2021
1503101,333716,2021
1503200,415581,2021
1503309,690510,2021
1503408,174530,2021
1503457,624646,2021
1503507,277699,2021
1503606,3077344,2021
1503705,841410,2021
1503754,625353,2021
1503804,615189,2021
1503903,1450846,2021
1504000,502725,2021
1504059,339947,2021
1504109,98319,2021
1504208,13519525,2021
1504307,289582,2021
1504406,263294,2021
1504422,2577121,2021
1504455,1023645,2021
1504505,216421,2021
1504604,451566,2021
1504703,1333107,2021
1504752,288393,2021
1504802,806682,2021
1504901,338390,2021
1504950,350593,2021
1504976,192412,2021
1505007,147341,2021
1505031,971105,2021
1505064,1116164,2021
1505106,965319,2021
1505205,418634,2021
1505304,2277390,2021
1505403,200487,2021
1505437,1301994,2021
1505486,867036,2021
1505494,98673,2021
1505502,4279105,2021
1505536,49756255,2021
1505551,114746,2021
1505601,72240,2021
1505635,292566,2021
1505650,322977,2021
1505700,274903,2021
1505809,944900,2021
1505908,404115,2021
1506005,437647,2021
1506104,321570,2021
1506112,120746,2021
1506138,2551566,2021
1506161,601635,2021
1506187,733550,2021
1506195,496483,2021
1506203,641473,2021
1506302,210115,2021
1506351,240288,2021
1506401,95936,2021
1506500,934543,2021
1506559,195899,2021
1506583,1071990,2021
1506609,371437,2021
1506708,1381466,2021
1506807,6387634,2021
1506906,59961,2021
1507003,475226,2021
1507102,182987,2021
1507151,358711,2021
1507201,438000,2021
1507300,2008369,2021
1507409,264186,2021
1507458,710322,2021
1507466,57326,2021
1507474,181939,2021
1507508,186695,2021
1507607,792510,2021
1507706,244688,2021
1507755,141045,2021
1507805,246022,2021
1507904,241545,2021
1507953,1291017,2021
1507961,82919,2021
1507979,519258,2021
1508001,1039721,2021
1508035,285004,2021
1508050,327330,2021
1508084,984036,2021
1508100,5612935,2021
1508126,1995463,2021
1508159,774004,2021
1508209,476447,2021
1508308,617944,2021
1508357,4230225,2021
1508407,1604337,2021
1600055,92139,2021
1600105,159528,2021
1600154,453333,2021
1600204,186852,2021
1600212,94992,2021
1600238,578737,2021
1600253,87878,2021
1600279,1134544,2021
1600303,12938091,2021
1600402,374987,2021
1600501,529043,2021
1600535,374265,2021
1600550,84579,2021
1600600,2512916,2021
1600709,261070,2021
1600808,236897,2021
1700251,112135,2021
1700301,165480,2021
1700350,616571,2021
1700400,273741,2021
1700707,474111,2021
1701002,159769,2021
1701051,48276,2021
1701101,255912,2021
1701309,98441,2021
1701903,240246,2021
1702000,349050,2021
1702109,5239050,2021
1702158,101858,2021
1702208,529290,2021
1702307,324523,2021
1702406,223310,2021
1702554,305118,2021
1702703,58806,2021
1702901,141092,2021
1703008,158741,2021
1703057,178654,2021
1703073,113260,2021
1703107,122016,2021
1703206,102684,2021
1703305,139410,2021
1703602,75634,2021
1703701,272945,2021
1703800,161641,2021
1703826,58547,2021
1703842,1004931,2021
1703867,517715,2021
1703883,69222,2021
1703891,50561,2021
1703909,389493,2021
1704105,64557,2021
1704600,39824,2021
1705102,148973,2021
1705508,862139,2021
1705557,76524,2021
1705607,67829,2021
1706001,203473,2021
1706100,177294,2021
1706258,78645,2021
1706506,241932,2021
1707009,644829,2021
1707108,249235,2021
1707207,216149,2021
1707306,204765,2021
1707405,118724,2021
1707553,89100,2021
1707652,256752,2021
1707702,129323,2021
1708205,1414038,2021
1708254,232898,2021
1708304,193502,2021
1709005,230924,2021
1709302,880403,2021
1709500,2648420,2021
1709807,47772,2021
1710508,186260,2021
1710706,82611,2021
1710904,171522,2021
1711100,69980,2021
1711506,97865,2021
1711803,44395,2021
1711902,998445,2021
1711951,89429,2021
1712009,64405,2021
1712157,37870,2021
1712405,66332,2021
1712454,71180,2021
1712504,252331,2021
1712702,252360,2021
1712801,55911,2021
1713205,642003,2021
1713304,390325,2021
1713601,296288,2021
1713700,75004,2021
1713809,95357,2021
1713957,69465,2021
1714203,247340,2021
1714302,58139,2021
1714880,320311,2021
1715002,100915,2021
1715101,84723,2021
1715150,35521,2021
1715259,42672,2021
1715507,29469,2021
1715705,185349,2021
1715754,170118,2021
1716109,1513693,2021
1716208,315397,2021
1716307,91169,2021
1716505,848671,2021
1716604,733929,2021
1716653,107606,2021
1716703,182796,2021
1717008,85006,2021
1717206,89940,2021
1717503,361915,2021
1717800,66158,2021
1717909,121170,2021
1718006,47043,2021
1718204,3649421,2021
1718303,93139,2021
1718402,65165,2021
1718451,82663,2021
1718501,91480,2021
1718550,68536,2021
1718659,29142,2021
1718709,85928,2021
1718758,111443,2021
1718808,145863,2021
1718840,116736,2021
1718865,175927,2021
1718881,139630,2021
1718899,180273,2021
1718907,307685,2021
1719004,48098,2021
1720002,41931,2021
1720101,73590,2021
1720150,36541,2021
1720200,255814,2021
1720259,49467,2021
1720309,61804,2021
1720499,156734,2021
1720655,240329,2021
1720804,132862,2021
1720853,532374,2021
1720903,318253,2021
1720937,35246,2021
1720978,146708,2021
1721000,10333419,2021
1721109,191373,2021
1721208,372642,2021
1721257,118839,2021
1721307,38619,2021
1722081,183424,2021
1722107,471020,2021
2100055,3828533,2021
2100105,85052,2021
2100154,101642,2021
2100204,148763,2021
2100303,249396,2021
2100402,71512,2021
2100436,303118,2021
2100477,251719,2021
2100501,578961,2021
2100550,70198,2021
2100600,388636,2021
2100709,207606,2021
2100808,149102,2021
2100832,133946,2021
2100873,101728,2021
2100907,282769,2021
2100956,290315,2021
2101004,313251,2021
2101103,97422,2021
2101202,1514560,2021
2101251,599285,2021
2101301,122872,2021
2101350,39590,2021
2101400,6307425,2021
2101509,268538,2021
2101608,889190,2021
2101707,635711,2021
2101731,60711,2021
2101772,107543,2021
2101806,73150,2021
2101905,138114,2021
2101939,105114,2021
2101970,67540,2021
2102002,411352,2021
2102036,375665,2021
2102077,117960,2021
2102101,328633,2021
2102150,71065,2021
2102200,277919,2021
2102309,238673,2021
2102325,748028,2021
2102358,122474,2021
2102374,60974,2021
2102408,70653,2021
2102507,128078,2021
2102556,214011,2021
2102606,146788,2021
2102705,153398,2021
2102754,283976,2021
2102804,525893,2021
2102903,201999,2021
2103000,2112638,2021
2103109,78583,2021
2103125,58347,2021
2103158,103737,2021
2103174,200757,2021
2103208,894366,2021
2103257,183560,2021
2103307,1648585,2021
2103406,465859,2021
2103505,553171,2021
2103554,147189,2021
2103604,533579,2021
2103703,264536,2021
2103752,190193,2021
2103802,262555,2021
2103901,86904,2021
2104008,158978,2021
2104057,1134821,2021
2104073,118004,2021
2104081,100418,2021
2104099,202149,2021
2104107,346695,2021
2104206,143297,2021
2104305,2658688,2021
2104404,150061,2021
2104503,91904,2021
2104552,374988,2021
2104602,118426,2021
2104628,71080,2021
2104651,84172,2021
2104677,257972,2021
2104701,54153,2021
2104800,1149733,2021
2104909,93393,2021
2105005,184363,2021
2105104,178923,2021
2105153,370653,2021
2105203,117728,2021
2105302,7692904,2021
2105351,107285,2021
2105401,772830,2021
2105427,489226,2021
2105450,75689,2021
2105476,125733,2021
2105500,270611,2021
2105609,116543,2021
2105658,61701,2021
2105708,550404,2021
2105807,86638,2021
2105906,135733,2021
2105922,97006,2021
2105948,83983,2021
2105963,102432,2021
2105989,101467,2021
2106003,274539,2021
2106102,413263,2021
2106201,57337,2021
2106300,140962,2021
2106326,208574,2021
2106359,90804,2021
2106375,120910,2021
2106409,179196,2021
2106508,196744,2021
2106607,256347,2021
2106631,99315,2021
2106672,64341,2021
2106706,277811,2021
2106755,788580,2021
2106805,112050,2021
2106904,257635,2021
2107001,86487,2021
2107100,149899,2021
2107209,88513,2021
2107258,86427,2021
2107308,50966,2021
2107357,183142,2021
2107407,188363,2021
2107456,107282,2021
2107506,1240349,2021
2107605,139099,2021
2107704,183353,2021
2107803,322943,2021
2107902,200088,2021
2108009,309499,2021
2108058,118326,2021
2108108,194140,2021
2108207,787660,2021
2108256,157863,2021
2108306,253736,2021
2108405,95936,2021
2108454,230427,2021
2108504,296184,2021
2108603,1039933,2021
2108702,191327,2021
2108801,130764,2021
2108900,163076,2021
2109007,1026076,2021
2109056,45856,2021
2109106,755699,2021
2109205,84479,2021
2109239,60682,2021
2109270,164968,2021
2109304,76166,2021
2109403,89083,2021
2109452,286153,2021
2109502,673197,2021
2109551,124192,2021
2109601,443176,2021
2109700,474703,2021
2109759,60203,2021
2109809,357951,2021
2109908,1465933,2021
2110005,743420,2021
2110039,253332,2021
2110104,218445,2021
2110203,354631,2021
2110237,74090,2021
2110278,95932,2021
2110302,3055535,2021
2110401,143437,2021
2110500,312160,2021
2110609,281177,2021
2110658,320522,2021
2110708,355916,2021
2110807,86158,2021
2110856,121253,2021
2110906,98973,2021
2111003,135595,2021
2111029,123006,2021
2111052,151458,2021
2111078,156360,2021
2111102,340970,2021
2111201,2293735,2021
2111250,61940,2021
2111300,36533730,2021
2111409,170048,2021
2111508,429232,2021
2111532,127603,2021
2111573,83541,2021
2111607,739621,2021
2111631,43955,2021
2111672,45766,2021
2111706,145752,2021
2111722,93076,2021
2111748,101830,2021
2111763,187130,2021
2111789,72441,2021
2111805,221499,2021
2111904,126217,2021
2111953,47999,2021
2112001,2351422,2021
2112100,196337,2021
2112209,2320671,2021
2112233,525500,2021
2112274,60049,2021
2112308,365192,2021
2112407,295916,2021
2112456,223067,2021
2112506,546155,2021
2112605,247485,2021
2112704,433473,2021
2112803,501710,2021
2112852,156914,2021
2112902,318163,2021
2113009,325509,2021
2114007,567070,2021
2200053,73623,2021
2200103,47283,2021
2200202,244027,2021
2200251,65442,2021
2200277,48184,2021
2200301,130958,2021
2200400,538140,2021
2200459,82125,2021
2200509,192594,2021
2200608,66749,2021
2200707,98552,2021
2200806,140157,2021
2200905,57305,2021
2200954,24630,2021
2201002,48922,2021
2201051,64266,2021
2201101,97602,2021
2201150,1768705,2021
2201176,38963,2021
2201200,497742,2021
2201309,163172,2021
2201408,90192,2021
2201507,250807,2021
2201556,46876,2021
2201572,41264,2021
2201606,91898,2021
2201705,72471,2021
2201739,62570,2021
2201770,62507,2021
2201804,47772,2021
2201903,1411005,2021
2201919,70166,2021
2201929,52945,2021
2201945,51725,2021
2201960,69325,2021
2201988,43979,2021
2202000,214793,2021
2202026,69690,2021
2202059,86140,2021
2202075,34182,2021
2202083,115379,2021
2202091,195079,2021
2202109,57498,2021
2202117,51328,2021
2202133,62139,2021
2202174,56554,2021
2202208,706324,2021
2202251,41948,2021
2202307,271402,2021
2202406,106411,2021
2202455,43672,2021
2202505,97485,2021
2202539,57437,2021
2202554,50032,2021
2202604,202304,2021
2202653,53144,2021
2202703,272775,2021
2202711,46961,2021
2202729,56962,2021
2202737,37708,2021
2202752,70560,2021
2202778,68111,2021
2202802,60446,2021
2202851,40770,2021
2202901,680737,2021
2203008,75069,2021
2203107,121468,2021
2203206,140861,2021
2203230,409013,2021
2203255,39660,2021
2203271,78414,2021
2203305,215834,2021
2203354,67493,2021
2203404,78053,2021
2203420,46532,2021
2203453,164347,2021
2203503,164745,2021
2203602,55592,2021
2203701,456615,2021
2203750,46774,2021
2203800,48120,2021
2203859,25258,2021
2203909,1375704,2021
2204006,44797,2021
2204105,46763,2021
2204154,30662,2021
2204204,83053,2021
2204303,124838,2021
2204352,59302,2021
2204402,416900,2021
2204501,637210,2021
2204550,45099,2021
2204600,34066,2021
2204659,119727,2021
2204709,163649,2021
2204808,82428,2021
2204907,80798,2021
2205003,108203,2021
2205102,131859,2021
2205151,69073,2021
2205201,191773,2021
2205250,39633,2021
2205276,58752,2021
2205300,63533,2021
2205359,69289,2021
2205409,118898,2021
2205458,46226,2021
2205508,390737,2021
2205516,55948,2021
2205524,78729,2021
2205532,43566,2021
2205540,40519,2021
2205557,77320,2021
2205565,537525,2021
2205573,54980,2021
2205581,74653,2021
2205599,48595,2021
2205607,109799,2021
2205706,378632,2021
2205805,241246,2021
2205854,75141,2021
2205904,54807,2021
2205953,198363,2021
2206001,54884,2021
2206050,52130,2021
2206100,95557,2021
2206209,312836,2021
2206308,23618,2021
2206357,53563,2021
2206407,127395,2021
2206506,72882,2021
2206605,298089,2021
2206654,39149,2021
2206670,62450,2021
2206696,74909,2021
2206704,67047,2021
2206720,94898,2021
2206753,47885,2021
2206803,78547,2021
2206902,58176,2021
2206951,31237,2021
2207009,584518,2021
2207108,28731,2021
2207207,73919,2021
2207306,44250,2021
2207355,52581,2021
2207405,141457,2021
2207504,138834,2021
2207553,44237,2021
2207603,119216,2021
2207702,2973925,2021
2207751,48758,2021
2207777,64630,2021
2207793,33613,2021
2207801,267774,2021
2207850,37693,2021
2207900,386328,2021
2207934,31322,2021
2207959,43931,2021
2208007,1941759,2021
2208106,106976,2021
2208205,202556,2021
2208304,363519,2021
2208403,917296,2021
2208502,118547,2021
2208551,39212,2021
2208601,27584,2021
2208650,253314,2021
2208700,97930,2021
2208809,264517,2021
2208858,46279,2021
2208874,217390,2021
2208908,695855,2021
2209005,61491,2021
2209104,61012,2021
2209153,45473,2021
2209203,615148,2021
2209302,62465,2021
2209351,40807,2021
2209377,50228,2021
2209401,72021,2021
2209450,18051,2021
2209500,40377,2021
2209559,39471,2021
2209609,32116,2021
2209658,55545,2021
2209708,58406,2021
2209757,54607,2021
2209807,56735,2021
2209856,49321,2021
2209872,60925,2021
2209906,59723,2021
2209955,36648,2021
2209971,68235,2021
2210003,426952,2021
2210052,63754,2021
2210102,42837,2021
2210201,68088,2021
2210300,59545,2021
2210359,45314,2021
2210375,25333,2021
2210383,27272,2021
2210391,47464,2021
2210409,163378,2021
2210508,134836,2021
2210607,566295,2021
2210623,46712,2021
2210631,255418,2021
2210656,78161,2021
2210706,434505,2021
2210805,182912,2021
2210904,41067,2021
2210938,76908,2021
2210953,30388,2021
2210979,33181,2021
2211001,23954511,2021
2211100,420370,2021
2211209,2829979,2021
2211308,289698,2021
2211357,44541,2021
2211407,40996,2021
2211506,31078,2021
2211605,37035,2021
2211704,38008,2021
2300101,117971,2021
2300150,179994,2021
2300200,1020201,2021
2300309,564520,2021
2300408,151596,2021
2300507,98202,2021
2300606,74654,2021
2300705,232268,2021
2300754,665472,2021
2300804,78953,2021
2300903,120978,2021
2301000,3854401,2021
2301109,1706227,2021
2301208,266422,2021
2301257,106784,2021
2301307,207982,2021
2301406,151645,2021
2301505,70224,2021
2301604,237259,2021
2301703,216792,2021
2301802,67541,2021
2301851,260031,2021
2301901,1345205,2021
2301950,240016,2021
2302008,242027,2021
2302057,133335,2021
2302107,448272,2021
2302206,1059006,2021
2302305,322244,2021
2302404,539218,2021
2302503,817034,2021
2302602,839500,2021
2302701,292357,2021
2302800,911356,2021
2302909,176809,2021
2303006,186169,2021
2303105,193105,2021
2303204,253127,2021
2303303,180984,2021
2303402,166772,2021
2303501,1074377,2021
2303600,154108,2021
2303659,112081,2021
2303709,10422701,2021
2303808,247325,2021
2303907,110318,2021
2303931,178989,2021
2303956,260273,2021
2304004,225090,2021
2304103,952649,2021
2304202,1871587,2021
2304236,224437,2021
2304251,372681,2021
2304269,100883,2021
2304277,80690,2021
2304285,3577497,2021
2304301,202248,2021
2304350,304957,2021
2304400,73437739,2021
2304459,312460,2021
2304509,275921,2021
2304608,86963,2021
2304657,129711,2021
2304707,469407,2021
2304806,51337,2021
2304905,110755,2021
2304954,231993,2021
2305001,669209,2021
2305100,80396,2021
2305209,185025,2021
2305233,2116782,2021
2305266,132265,2021
2305308,348540,2021
2305332,124951,2021
2305357,411021,2021
2305407,737489,2021
2305506,1904815,2021
2305605,306809,2021
2305654,114127,2021
2305704,143451,2021
2305803,519845,2021
2305902,328115,2021
2306009,195282,2021
2306108,220294,2021
2306207,82855,2021
2306256,1258826,2021
2306306,594581,2021
2306405,1784007,2021
2306504,170314,2021
2306553,766786,2021
2306603,174029,2021
2306702,226644,2021
2306801,154002,2021
2306900,561175,2021
2307007,566961,2021
2307106,294154,2021
2307205,129729,2021
2307254,551638,2021
2307304,5114786,2021
2307403,319373,2021
2307502,343304,2021
2307601,1423366,2021
2307635,174831,2021
2307650,12336717,2021
2307700,1649528,2021
2307809,390969,2021
2307908,96327,2021
2308005,378718,2021
2308104,517496,2021
2308203,129293,2021
2308302,287223,2021
2308351,195290,2021
2308377,112599,2021
2308401,515937,2021
2308500,446847,2021
2308609,160699,2021
2308708,1276864,2021
2308807,75575,2021
2308906,193204,2021
2309003,131292,2021
2309102,123801,2021
2309201,163381,2021
2309300,336930,2021
2309409,283185,2021
2309458,284836,2021
2309508,218899,2021
2309607,1360535,2021
2309706,1235176,2021
2309805,148366,2021
2309904,59940,2021
2310001,98773,2021
2310100,115124,2021
2310209,555931,2021
2310258,535129,2021
2310308,288689,2021
2310407,110908,2021
2310506,389914,2021
2310605,122162,2021
2310704,484760,2021
2310803,560571,2021
2310852,274852,2021
2310902,162092,2021
2310951,84230,2021
2311009,109402,2021
2311108,186375,2021
2311207,110570,2021
2311231,96816,2021
2311264,184720,2021
2311306,1109869,2021
2311355,198820,2021
2311405,1402461,2021
2311504,637015,2021
2311603,409867,2021
2311702,190710,2021
2311801,1158523,2021
2311900,169856,2021
2311959,159284,2021
2312007,280072,2021
2312106,159277,2021
2312205,633710,2021
2312304,627180,2021
2312403,8624987,2021
2312502,107898,2021
2312601,133109,2021
2312700,352272,2021
2312809,62766,2021
2312908,5395130,2021
2313005,303284,2021
2313104,450593,2021
2313203,282247,2021
2313252,85682,2021
2313302,711836,2021
2313351,136988,2021
2313401,1732690,2021
2313500,1115144,2021
2313559,138079,2021
2313609,642046,2021
2313708,69441,2021
2313757,172797,2021
2313807,299474,2021
2313906,298207,2021
2313955,375819,2021
2314003,468101,2021
2314102,603321,2021
2400109,141992,2021
2400208,1467562,2021
2400307,138262,2021
2400406,34552,2021
2400505,150789,2021
2400604,50061,2021
2400703,616322,2021
2400802,180163,2021
2400901,65525,2021
2401008,709586,2021
2401107,935968,2021
2401206,386631,2021
2401305,105354,2021
2401404,325030,2021
2401453,746395,2021
2401503,45864,2021
2401602,88429,2021
2401651,286574,2021
2401701,109336,2021
2401800,139463,2021
2401859,112176,2021
2401909,60456,2021
2402006,1394838,2021
2402105,106965,2021
2402204,605673,2021
2402303,373657,2021
2402402,118372,2021
2402501,210948,2021
2402600,1002193,2021
2402709,140410,2021
2402808,52506,2021
2402907,48166,2021
2403004,123141,2021
2403103,804224,2021
2403202,78555,2021
2403251,6845358,2021
2403301,62292,2021
2403400,81976,2021
2403509,97584,2021
2403608,570418,2021
2403707,173825,2021
2403756,39069,2021
2403806,120492,2021
2403905,32758,2021
2404002,44911,2021
2404101,162616,2021
2404200,546570,2021
2404309,386259,2021
2404408,158308,2021
2404507,2042133,2021
2404606,140718,2021
2404705,196498,2021
2404804,34929,2021
2404853,99444,2021
2404903,73781,2021
2405009,86389,2021
2405108,101429,2021
2405207,84497,2021
2405306,84899,2021
2405405,51547,2021
2405504,64391,2021
2405603,213313,2021
2405702,207991,2021
2405801,1269833,2021
2405900,27991,2021
2406007,67413,2021
2406106,315838,2021
2406155,42147,2021
2406205,70837,2021
2406304,81381,2021
2406403,38240,2021
2406502,269032,2021
2406601,94311,2021
2406700,165928,2021
2406809,51593,2021
2406908,51509,2021
2407005,87825,2021
2407104,1828142,2021
2407203,1111118,2021
2407252,48003,2021
2407302,82889,2021
2407401,108194,2021
2407500,134892,2021
2407609,55529,2021
2407708,130282,2021
2407807,271451,2021
2407906,32366,2021
2408003,8071719,2021
2408102,24186139,2021
2408201,474716,2021
2408300,560495,2021
2408409,47532,2021
2408508,61703,2021
2408607,43930,2021
2408706,55256,2021
2408805,606239,2021
2408904,368924,2021
2408953,185590,2021
2409100,152322,2021
2409209,46128,2021
2409308,160912,2021
2409332,78031,2021
2409407,709328,2021
2409506,293283,2021
2409605,36126,2021
2409704,79994,2021
2409803,173615,2021
2409902,757491,2021
2410009,41829,2021
2410108,131859,2021
2410207,78933,2021
2410256,149471,2021
2410306,109306,2021
2410405,169428,2021
2410504,53271,2021
2410603,43450,2021
2410702,37507,2021
2410801,43512,2021
2410900,192156,2021
2411007,59192,2021
2411056,115022,2021
2411106,126772,2021
2411205,619036,2021
2411403,147037,2021
2411429,36353,2021
2411502,302533,2021
2411601,549241,2021
2411700,45623,2021
2411809,63596,2021
2411908,54447,2021
2412005,1905641,2021
2412104,84585,2021
2412203,1040956,2021
2412302,125090,2021
2412401,83854,2021
2412500,319740,2021
2412559,492637,2021
2412609,231552,2021
2412708,55799,2021
2412807,88674,2021
2412906,111773,2021
2413003,76920,2021
2413102,60475,2021
2413201,116486,2021
2413300,57410,2021
2413359,858721,2021
2413409,118874,2021
2413508,71897,2021
2413557,49786,2021
2413607,63098,2021
2413706,53783,2021
2413805,32472,2021
2413904,155197,2021
2414001,201782,2021
2414100,113586,2021
2414159,107284,2021
2414209,415829,2021
2414308,43617,2021
2414407,814838,2021
2414456,45829,2021
2414506,151205,2021
2414605,214152,2021
2414704,56555,2021
2414753,43202,2021
2414803,133469,2021
2414902,23238,2021
2415008,44403,2021
2500106,92268,2021
2500205,60256,2021
2500304,300766,2021
2500403,335568,2021
2500502,138844,2021
2500536,55221,2021
2500577,28688,2021
2500601,3391901,2021
2500700,226326,2021
2500734,29514,2021
2500775,105562,2021
2500809,186121,2021
2500908,112505,2021
2501005,204618,2021
2501104,258030,2021
2501153,26146,2021
2501203,62686,2021
2501302,286086,2021
2501351,48605,2021
2501401,108130,2021
2501500,279647,2021
2501534,49872,2021
2501575,90980,2021
2501609,151140,2021
2501708,85061,2021
2501807,1367700,2021
2501906,217642,2021
2502003,78754,2021
2502052,40115,2021
2502102,51771,2021
2502151,203601,2021
2502201,32154,2021
2502300,54738,2021
2502409,96760,2021
2502508,260287,2021
2502607,60877,2021
2502706,69315,2021
2502805,147569,2021
2502904,64523,2021
2503001,416707,2021
2503100,116784,2021
2503209,3137677,2021
2503308,125141,2021
2503407,39217,2021
2503506,154293,2021
2503555,67251,2021
2503605,65797,2021
2503704,1231837,2021
2503753,42140,2021
2503803,74927,2021
2503902,71860,2021
2504009,10349781,2021
2504033,75876,2021
2504074,42317,2021
2504108,31011,2021
2504157,70122,2021
2504207,53095,2021
2504306,506809,2021
2504355,61814,2021
2504405,209556,2021
2504504,90623,2021
2504603,1274198,2021
2504702,61917,2021
2504801,250138,2021
2504850,24115,2021
2504900,191764,2021
2505006,76970,2021
2505105,220943,2021
2505204,66817,2021
2505238,74254,2021
2505279,55714,2021
2505303,26853,2021
2505352,50368,2021
2505402,72920,2021
2505501,39511,2021
2505600,59527,2021
2505709,94022,2021
2505808,45155,2021
2505907,41741,2021
2506004,709828,2021
2506103,105579,2021
2506202,30352,2021
2506251,76350,2021
2506301,1778824,2021
2506400,151393,2021
2506509,38417,2021
2506608,58012,2021
2506707,98470,2021
2506806,195442,2021
2506905,336826,2021
2507002,342219,2021
2507101,206834,2021
2507200,154474,2021
2507309,165481,2021
2507408,76561,2021
2507507,21865637,2021
2507606,73279,2021
2507705,210738,2021
2507804,96811,2021
2507903,117631,2021
2508000,87525,2021
2508109,51364,2021
2508208,83716,2021
2508307,310520,2021
2508406,29567,2021
2508505,70182,2021
2508554,48759,2021
2508604,222862,2021
2508703,38696,2021
2508802,79951,2021
2508901,807657,2021
2509008,101623,2021
2509057,104110,2021
2509107,242496,2021
2509156,82151,2021
2509206,130597,2021
2509305,229876,2021
2509339,54111,2021
2509370,31916,2021
2509396,61962,2021
2509404,164588,2021
2509503,55405,2021
2509602,48173,2021
2509701,636488,2021
2509800,98547,2021
2509909,95639,2021
2510006,66198,2021
2510105,99828,2021
2510204,57973,2021
2510303,49111,2021
2510402,62018,2021
2510501,43664,2021
2510600,38371,2021
2510659,21547,2021
2510709,28935,2021
2510808,1998302,2021
2510907,157586,2021
2511004,37568,2021
2511103,80276,2021
2511202,656966,2021
2511301,206946,2021
2511400,213731,2021
2511509,122047,2021
2511608,95609,2021
2511707,51324,2021
2511806,95327,2021
2511905,431304,2021
2512002,285031,2021
2512036,40318,2021
2512077,46932,2021
2512101,466596,2021
2512200,64814,2021
2512309,266954,2021
2512408,138075,2021
2512507,607307,2021
2512606,26818,2021
2512705,181633,2021
2512721,57292,2021
2512747,36562,2021
2512754,50199,2021
2512762,56334,2021
2512788,30616,2021
2512804,92854,2021
2512903,323318,2021
2513000,33513,2021
2513109,129057,2021
2513158,65826,2021
2513208,62329,2021
2513307,62387,2021
2513356,36845,2021
2513406,372903,2021
2513505,51164,2021
2513604,67491,2021
2513653,33077,2021
2513703,2580592,2021
2513802,57292,2021
2513851,29441,2021
2513901,568731,2021
2513927,55647,2021
2513943,28821,2021
2513968,36270,2021
2513984,39305,2021
2514008,55476,2021
2514107,41004,2021
2514206,72192,2021
2514305,55708,2021
2514404,55035,2021
2514453,86773,2021
2514503,230936,2021
2514552,34093,2021
2514602,32491,2021
2514651,29166,2021
2514701,125303,2021
2514800,37037,2021
2514909,82591,2021
2515005,82966,2021
2515104,106031,2021
2515203,40497,2021
2515302,677858,2021
2515401,90035,2021
2515500,148076,2021
2515609,37107,2021
2515708,33251,2021
2515807,71258,2021
2515906,67798,2021
2515930,55027,2021
2515971,113089,2021
2516003,353670,2021
2516102,253441,2021
2516151,38789,2021
2516201,1320173,2021
2516300,201613,2021
2516409,91865,2021
2516508,139501,2021
2516607,140211,2021
2516706,169461,2021
2516755,34675,2021
2516805,87702,2021
2516904,193071,2021
2517001,91270,2021
2517100,37673,2021
2517209,52851,2021
2517407,27048,2021
2600054,1724258,2021
2600104,541816,2021
2600203,209815,2021
2600302,352858,2021
2600401,259866,2021
2600500,401111,2021
2600609,144945,2021
2600708,413314,2021
2600807,222589,2021
2600906,294407,2021
2601003,142260,2021
2601052,161884,2021
2601102,1272092,2021
2601201,1215383,2021
2601300,146943,2021
2601409,503988,2021
2601508,99499,2021
2601607,366293,2021
2601706,2765036,2021
2601805,105307,2021
2601904,962826,2021
2602001,317010,2021
2602100,643151,2021
2602209,366988,2021
2602308,539340,2021
2602407,183679,2021
2602506,83879,2021
2602605,461357,2021
2602704,133152,2021
2602803,549015,2021
2602902,13706389,2021
2603009,440863,2021
2603108,254369,2021
2603207,423727,2021
2603306,115299,2021
2603405,50300,2021
2603454,2229680,2021
2603504,181161,2021
2603603,285369,2021
2603702,253171,2021
2603801,244054,2021
2603900,193546,2021
2603926,83423,2021
2604007,1744915,2021
2604106,8663525,2021
2604155,101521,2021
2604205,360566,2021
2604304,125401,2021
2604403,168758,2021
2604502,251193,2021
2604601,250915,2021
2604700,192016,2021
2604809,121502,2021
2604908,109260,2021
2605004,283576,2021
2605103,593880,2021
2605152,246023,2021
2605202,1306431,2021
2605301,325117,2021
2605400,247550,2021
2605459,229561,2021
2605509,132503,2021
2605608,192902,2021
2605707,445213,2021
2605806,131441,2021
2605905,274258,2021
2606002,3077112,2021
2606101,554616,2021
2606200,10662964,2021
2606309,78432,2021
2606408,1359681,2021
2606507,195800,2021
2606606,330119,2021
2606705,85527,2021
2606804,3471427,2021
2606903,112369,2021
2607000,196880,2021
2607109,50497,2021
2607208,14929346,2021
2607307,340374,2021
2607406,71286,2021
2607505,283413,2021
2607604,299232,2021
2607653,522657,2021
2607703,139873,2021
2607752,2383641,2021
2607802,160857,2021
2607901,16133556,2021
2607950,111801,2021
2608008,154862,2021
2608057,153793,2021
2608107,316644,2021
2608206,181310,2021
2608255,129270,2021
2608305,214224,2021
2608404,132840,2021
2608453,300635,2021
2608503,482859,2021
2608602,139223,2021
2608701,135443,2021
2608750,456844,2021
2608800,585576,2021
2608909,838343,2021
2609006,283578,2021
2609105,216295,2021
2609154,139153,2021
2609204,92490,2021
2609303,163406,2021
2609402,892506,2021
2609501,688468,2021
2609600,5788250,2021
2609709,398794,2021
2609808,186448,2021
2609907,780513,2021
2610004,924146,2021
2610103,79959,2021
2610202,229556,2021
2610301,285773,2021
2610400,213190,2021
2610509,264547,2021
2610608,926328,2021
2610707,5591652,2021
2610806,306398,2021
2610905,869651,2021
2611002,1675876,2021
2611101,7994040,2021
2611200,102107,2021
2611309,532583,2021
2611408,291696,2021
2611507,192325,2021
2611533,67064,2021
2611606,54970302,2021
2611705,260563,2021
2611804,576407,2021
2611903,379871,2021
2612000,176225,2021
2612109,80938,2021
2612208,1002105,2021
2612307,171051,2021
2612406,248264,2021
2612455,133592,2021
2612471,113554,2021
2612505,1925734,2021
2612554,111830,2021
2612604,564000,2021
2612703,122262,2021
2612802,114824,2021
2612901,117017,2021
2613008,1485706,2021
2613107,447679,2021
2613206,390211,2021
2613305,185467,2021
2613404,291007,2021
2613503,341544,2021
2613602,441117,2021
2613701,1444200,2021
2613800,209528,2021
2613909,1693347,2021
2614006,161153,2021
2614105,367389,2021
2614204,722495,2021
2614303,90987,2021
2614402,56661,2021
2614501,915558,2021
2614600,314903,2021
2614709,149159,2021
2614808,251978,2021
2614857,395834,2021
2615003,334642,2021
2615102,75618,2021
2615201,95262,2021
2615300,746607,2021
2615409,764572,2021
2615508,176619,2021
2615607,419024,2021
2615706,157358,2021
2615805,227130,2021
2615904,89139,2021
2616001,247349,2021
2616100,80931,2021
2616183,74060,2021
2616209,194511,2021
2616308,519426,2021
2616407,4551843,2021
2616506,141411,2021
2700102,202705,2021
2700201,250500,2021
2700300,5916238,2021
2700409,1500460,2021
2700508,262047,2021
2700607,238456,2021
2700706,229982,2021
2700805,191336,2021
2700904,151407,2021
2701001,506081,2021
2701100,775435,2021
2701209,140487,2021
2701308,207919,2021
2701357,87777,2021
2701407,734766,2021
2701506,106142,2021
2701605,166521,2021
2701704,248032,2021
2701803,90803,2021
2701902,175489,2021
2702009,211514,2021
2702108,397415,2021
2702207,96056,2021
2702306,1782568,2021
2702355,480753,2021
2702405,673915,2021
2702504,105272,2021
2702553,154359,2021
2702603,427598,2021
2702702,164034,2021
2702801,297791,2021
2702900,549600,2021
2703007,196489,2021
2703106,311967,2021
2703205,571877,2021
2703304,174776,2021
2703403,74960,2021
2703502,194531,2021
2703601,252002,2021
2703700,77897,2021
2703759,382025,2021
2703809,520994,2021
2703908,54801,2021
2704005,550087,2021
2704104,273062,2021
2704203,685194,2021
2704302,27485311,2021
2704401,283475,2021
2704500,1118908,2021
2704609,90758,2021
2704708,3409648,2021
2704807,188010,2021
2704906,50951,2021
2705002,354641,2021
2705101,385920,2021
2705200,221131,2021
2705309,74515,2021
2705408,78347,2021
2705507,588158,2021
2705606,187256,2021
2705705,271809,2021
2705804,92959,2021
2705903,70179,2021
2706000,108872,2021
2706109,110475,2021
2706208,45927,2021
2706307,1181612,2021
2706406,266647,2021
2706422,145004,2021
2706448,236831,2021
2706505,337360,2021
2706604,105576,2021
2706703,983959,2021
2706802,458416,2021
2706901,676236,2021
2707008,59445,2021
2707107,344069,2021
2707206,125628,2021
2707305,412903,2021
2707404,333231,2021
2707503,268907,2021
2707602,189081,2021
2707701,1423072,2021
2707800,204149,2021
2707909,277405,2021
2708006,646336,2021
2708105,1408592,2021
2708204,129340,2021
2708303,588009,2021
2708402,332854,2021
2708501,943729,2021
2708600,1373077,2021
2708709,243495,2021
2708808,858876,2021
2708907,261004,2021
2708956,121201,2021
2709004,92175,2021
2709103,510846,2021
2709152,1357798,2021
2709202,297000,2021
2709301,1416193,2021
2709400,594195,2021
2800100,37967,2021
2800209,287874,2021
2800308,18405678,2021
2800407,140122,2021
2800506,252263,2021
2800605,2581592,2021
2800670,333080,2021
2800704,95886,2021
2801009,237677,2021
2801108,84436,2021
2801207,2895222,2021
2801306,385290,2021
2801405,379818,2021
2801504,422601,2021
2801603,64293,2021
2801702,250777,2021
2801900,69489,2021
2802007,188619,2021
2802106,2126563,2021
2802205,114918,2021
2802304,324741,2021
2802403,179511,2021
2802502,43532,2021
2802601,100982,2021
2802700,101815,2021
2802809,229670,2021
2802908,2213275,2021
2803005,535797,2021
2803104,81127,2021
2803203,880245,2021
2803302,527939,2021
2803401,210654,2021
2803500,1798319,2021
2803609,1162007,2021
2803708,89535,2021
2803807,52760,2021
2803906,173218,2021
2804003,448414,2021
2804102,206468,2021
2804201,218953,2021
2804300,96660,2021
2804409,330966,2021
2804458,109900,2021
2804508,790790,2021
2804607,415736,2021
2804706,91165,2021
2804805,3232698,2021
2804904,236643,2021
2805000,48012,2021
2805109,98936,2021
2805208,91574,2021
2805307,137922,2021
2805406,416245,2021
2805505,322302,2021
2805604,366553,2021
2805703,554299,2021
2805802,328904,2021
2805901,222401,2021
2806008,339443,2021
2806107,468956,2021
2806206,217519,2021
2806305,192690,2021
2806404,106773,2021
2806503,55084,2021
2806602,167665,2021
2806701,1031740,2021
2806800,135227,2021
2806909,56034,2021
2807006,49842,2021
2807105,790408,2021
2807204,176736,2021
2807303,44121,2021
2807402,655791,2021
2807501,146965,2021
2807600,401569,2021
2900108,70037,2021
2900207,208481,2021
2900306,144341,2021
2900355,240507,2021
2900405,158357,2021
2900504,77947,2021
2900603,53699,2021
2900702,4533420,2021
2900801,347521,2021
2900900,62839,2021
2901007,463246,2021
2901106,437827,2021
2901155,167876,2021
2901205,224788,2021
2901304,134354,2021
2901353,223255,2021
2901403,190379,2021
2901502,78771,2021
2901601,160611,2021
2901700,124246,2021
2901809,82589,2021
2901908,148460,2021
2901957,74216,2021
2902005,145622,2021
2902054,298903,2021
2902104,490958,2021
2902203,103680,2021
2902252,101344,2021
2902302,79992,2021
2902401,136886,2021
2902500,263675,2021
2902609,194474,2021
2902658,113493,2021
2902708,430282,2021
2902807,376926,2021
2902906,573207,2021
2903003,115644,2021
2903102,77839,2021
2903201,7007583,2021
2903235,112747,2021
2903276,345869,2021
2903300,79870,2021
2903409,373616,2021
2903508,169334,2021
2903607,145254,2021
2903706,111525,2021
2903805,155182,2021
2903904,1357111,2021
2903953,69906,2021
2904001,117753,2021
2904050,270624,2021
2904100,188737,2021
2904209,109884,2021
2904308,144196,2021
2904407,126161,2021
2904506,96352,2021
2904605,1781802,2021
2904704,209117,2021
2904753,154805,2021
2904803,77336,2021
2904852,141050,2021
2904902,479138,2021
2905008,363603,2021
2905107,92224,2021
2905156,102468,2021
2905206,1098344,2021
2905305,217329,2021
2905404,1508842,2021
2905503,101885,2021
2905602,354111,2021
2905701,33990890,2021
2905800,468117,2021
2905909,295119,2021
2906006,2072121,2021
2906105,84823,2021
2906204,258494,2021
2906303,394907,2021
2906402,67739,2021
2906501,6824935,2021
2906600,140513,2021
2906709,244448,2021
2906808,352265,2021
2906824,152935,2021
2906857,129342,2021
2906873,579390,2021
2906899,86125,2021
2906907,357855,2021
2907004,117844,2021
2907103,288403,2021
2907202,874879,2021
2907301,316840,2021
2907400,80904,2021
2907509,695021,2021
2907558,78181,2021
2907608,154454,2021
2907707,105377,2021
2907806,399480,2021
2907905,155100,2021
2908002,190857,2021
2908101,559255,2021
2908200,375845,2021
2908309,200105,2021
2908408,883550,2021
2908507,2761495,2021
2908606,288432,2021
2908705,170758,2021
2908804,50705,2021
2908903,225909,2021
2909000,70616,2021
2909109,168999,2021
2909208,175063,2021
2909307,3280617,2021
2909406,171261,2021
2909505,45856,2021
2909604,205809,2021
2909703,157829,2021
2909802,1041984,2021
2909901,354901,2021
2910008,126035,2021
2910057,3052173,2021
2910107,142114,2021
2910206,43268,2021
2910305,76577,2021
2910404,255982,2021
2910503,680875,2021
2910602,731443,2021
2910701,794576,2021
2910727,3204764,2021
2910750,279797,2021
2910776,63006,2021
2910800,17287746,2021
2910859,139019,2021
2910909,70961,2021
2911006,101470,2021
2911105,4609105,2021
2911204,460710,2021
2911253,49892,2021
2911303,133421,2021
2911402,254116,2021
2911501,76384,2021
2911600,221824,2021
2911659,68553,2021
2911709,1652174,2021
2911808,279298,2021
2911857,140497,2021
2911907,236733,2021
2912004,98696,2021
2912103,206488,2021
2912202,442996,2021
2912301,196041,2021
2912400,177643,2021
2912509,117147,2021
2912608,37302,2021
2912707,285725,2021
2912806,450754,2021
2912905,206991,2021
2913002,113539,2021
2913101,155356,2021
2913200,415176,2021
2913309,56326,2021
2913408,198181,2021
2913457,211118,2021
2913507,246107,2021
2913606,5165434,2021
2913705,625516,2021
2913804,105039,2021
2913903,567652,2021
2914000,664074,2021
2914109,100298,2021
2914208,77968,2021
2914307,102575,2021
2914406,897724,2021
2914505,285797,2021
2914604,1531592,2021
2914653,513989,2021
2914703,995761,2021
2914802,4200887,2021
2914901,427090,2021
2915007,126615,2021
2915106,128429,2021
2915205,1102618,2021
2915304,127478,2021
2915353,152646,2021
2915403,89468,2021
2915502,255369,2021
2915601,1109786,2021
2915700,103343,2021
2915809,294534,2021
2915908,81829,2021
2916005,293429,2021
2916104,246765,2021
2916203,106333,2021
2916302,335601,2021
2916401,1466169,2021
2916500,438660,2021
2916609,94612,2021
2916708,100679,2021
2916807,330772,2021
2916856,430369,2021
2916906,120556,2021
2917003,351480,2021
2917102,250715,2021
2917201,256554,2021
2917300,367367,2021
2917334,133299,2021
2917359,1344176,2021
2917409,122734,2021
2917508,1866382,2021
2917607,677732,2021
2917706,1197315,2021
2917805,206796,2021
2917904,168106,2021
2918001,3175607,2021
2918100,501169,2021
2918209,150225,2021
2918308,175501,2021
2918357,296792,2021
2918407,5182686,2021
2918456,127605,2021
2918506,113552,2021
2918555,71426,2021
2918605,68637,2021
2918704,55228,2021
2918753,119480,2021
2918803,292274,2021
2918902,112925,2021
2919009,60929,2021
2919058,78267,2021
2919108,64992,2021
2919157,302184,2021
2919207,7322788,2021
2919306,170248,2021
2919405,157145,2021
2919504,574693,2021
2919553,8833179,2021
2919603,90666,2021
2919702,226872,2021
2919801,430548,2021
2919900,67455,2021
2919926,515753,2021
2919959,50031,2021
2920007,204964,2021
2920106,158649,2021
2920205,187955,2021
2920304,80501,2021
2920403,139733,2021
2920452,93635,2021
2920502,655865,2021
2920601,402216,2021
2920700,343435,2021
2920809,94273,2021
2920908,161322,2021
2921005,1307567,2021
2921054,91646,2021
2921104,514264,2021
2921203,272751,2021
2921302,144021,2021
2921401,141314,2021
2921450,78529,2021
2921500,459587,2021
2921609,78576,2021
2921708,626444,2021
2921807,106587,2021
2921906,774984,2021
2922003,2213929,2021
2922052,212754,2021
2922102,198985,2021
2922201,66760,2021
2922250,210272,2021
2922300,276522,2021
2922409,470758,2021
2922508,330399,2021
2922607,185842,2021
2922656,160704,2021
2922706,174011,2021
2922730,95116,2021
2922755,101835,2021
2922805,73231,2021
2922854,75482,2021
2922904,271385,2021
2923001,575879,2021
2923035,105117,2021
2923050,103840,2021
2923100,241905,2021
2923209,291778,2021
2923308,80572,2021
2923357,279796,2021
2923407,237973,2021
2923506,107772,2021
2923605,270522,2021
2923704,260302,2021
2923803,454229,2021
2923902,105694,2021
2924009,3964729,2021
2924058,131268,2021
2924108,52230,2021
2924207,119243,2021
2924306,242589,2021
2924405,291131,2021
2924504,296449,2021
2924603,156836,2021
2924652,109216,2021
2924678,116891,2021
2924702,79283,2021
2924801,187717,2021
2924900,79136,2021
2925006,309692,2021
2925105,572944,2021
2925204,1843255,2021
2925253,142450,2021
2925303,3775003,2021
2925402,114890,2021
2925501,625403,2021
2925600,132058,2021
2925709,100235,2021
2925758,337994,2021
2925808,257595,2021
2925907,227708,2021
2925931,76980,2021
2925956,396593,2021
2926004,486107,2021
2926103,149704,2021
2926202,1539859,2021
2926301,409527,2021
2926400,317645,2021
2926509,192311,2021
2926608,715512,2021
2926657,110954,2021
2926707,155831,2021
2926806,115515,2021
2926905,100333,2021
2927002,1030915,2021
2927101,143383,2021
2927200,392238,2021
2927309,201345,2021
2927408,62981326,2021
2927507,180434,2021
2927606,119246,2021
2927705,549713,2021
2927804,71169,2021
2927903,76085,2021
2928000,521838,2021
2928059,124187,2021
2928109,600085,2021
2928208,343471,2021
2928307,68800,2021
2928406,285736,2021
2928505,101309,2021
2928604,1137499,2021
2928703,2449482,2021
2928802,913473,2021
2928901,5846224,2021
2928950,88333,2021
2929008,172669,2021
2929057,238009,2021
2929107,211989,2021
2929206,13095067,2021
2929255,152707,2021
2929305,1156472,2021
2929354,67107,2021
2929370,126577,2021
2929404,176578,2021
2929503,849766,2021
2929602,213065,2021
2929701,257706,2021
2929750,146219,2021
2929800,102999,2021
2929909,625080,2021
2930006,107168,2021
2930105,997788,2021
2930154,411279,2021
2930204,1714711,2021
2930303,199802,2021
2930402,138171,2021
2930501,1085465,2021
2930600,118127,2021
2930709,6340237,2021
2930758,119916,2021
2930766,103227,2021
2930774,842992,2021
2930808,135851,2021
2930907,268071,2021
2931004,252999,2021
2931053,182572,2021
2931103,66752,2021
2931202,221530,2021
2931301,148710,2021
2931350,2875560,2021
2931400,177343,2021
2931509,191244,2021
2931608,216597,2021
2931707,170369,2021
2931806,133571,2021
2931905,544589,2021
2932002,234752,2021
2932101,228976,2021
2932200,244475,2021
2932309,223669,2021
2932408,175916,2021
2932457,263228,2021
2932507,333870,2021
2932606,199656,2021
2932705,296011,2021
2932804,185676,2021
2932903,1740629,2021
2933000,268418,2021
2933059,111965,2021
2933109,116185,2021
2933158,231719,2021
2933174,135059,2021
2933208,601816,2021
2933257,92690,2021
2933307,8218063,2021
2933406,89462,2021
2933455,167534,2021
2933505,331451,2021
2933604,460817,2021
3100104,176730,2021
3100203,541136,2021
3100302,262668,2021
3100401,64892,2021
3100500,165796,2021
3100609,192065,2021
3100708,230005,2021
3100807,94598,2021
3100906,287546,2021
3101003,236694,2021
3101102,637983,2021
3101201,128546,2021
3101300,47699,2021
3101409,153935,2021
3101508,971558,2021
3101607,3486907,2021
3101631,150571,2021
3101706,674815,2021
3101805,94682,2021
3101904,524182,2021
3102001,296492,2021
3102050,97092,2021
3102100,180095,2021
3102209,54645,2021
3102308,340110,2021
3102407,64841,2021
3102506,55910,2021
3102605,1183259,2021
3102704,125620,2021
3102803,292394,2021
3102852,144549,2021
3102902,242348,2021
3103009,894601,2021
3103108,28556,2021
3103207,60662,2021
3103306,31371,2021
3103405,519974,2021
3103504,5836329,2021
3103603,88536,2021
3103702,122267,2021
3103751,1294624,2021
3103801,172745,2021
3103900,474404,2021
3104007,8950200,2021
3104106,346405,2021
3104205,2345874,2021
3104304,309330,2021
3104403,40067,2021
3104452,67088,2021
3104502,318815,2021
3104601,291866,2021
3104700,198960,2021
3104809,89054,2021
3104908,380866,2021
3105004,201272,2021
3105103,779906,2021
3105202,59093,2021
3105301,86572,2021
3105400,2438852,2021
3105509,63071,2021
3105608,3521229,2021
3105707,81928,2021
3105905,608480,2021
3106002,568234,2021
3106101,61557,2021
3106200,105920859,2021
3106309,2089750,2021
3106408,279868,2021
3106507,112833,2021
3106606,53770,2021
3106655,61006,2021
3106705,33125378,2021
3106804,41583,2021
3106903,277715,2021
3107000,64473,2021
3107109,1058480,2021
3107208,80211,2021
3107307,1224914,2021
3107406,1814550,2021
3107505,127743,2021
3107604,196074,2021
3107703,160390,2021
3107802,171084,2021
3107901,160232,2021
3108008,445214,2021
3108107,135422,2021
3108206,458898,2021
3108255,101045,2021
3108305,374716,2021
3108404,325978,2021
3108503,75744,2021
3108552,415061,2021
3108602,377410,2021
3108701,50032,2021
3108800,213072,2021
3108909,198123,2021
3109006,4624729,2021
3109105,240684,2021
3109204,180714,2021
3109253,47548,2021
3109303,1163750,2021
3109402,735994,2021
3109451,477332,2021
3109501,290817,2021
3109600,51886,2021
3109709,536512,2021
3109808,131487,2021
3109907,315208,2021
3110004,1074947,2021
3110103,88661,2021
3110202,97287,2021
3110301,337630,2021
3110400,70858,2021
3110509,987747,2021
3110608,1864549,2021
3110707,370830,2021
3110806,53458,2021
3110905,439921,2021
3111002,486410,2021
3111101,536761,2021
3111150,40651,2021
3111200,1242918,2021
3111309,231124,2021
3111408,710762,2021
3111507,434229,2021
3111606,704525,2021
3111705,77437,2021
3111804,677858,2021
3111903,80057,2021
3112000,371166,2021
3112059,56752,2021
3112109,97643,2021
3112208,62458,2021
3112307,887590,2021
3112406,207248,2021
3112505,123369,2021
3112604,666437,2021
3112653,60792,2021
3112703,501415,2021
3112802,328594,2021
3112901,143709,2021
3113008,210367,2021
3113107,41465,2021
3113206,751465,2021
3113305,639119,2021
3113404,2283105,2021
3113503,220652,2021
3113602,174238,2021
3113701,474669,2021
3113800,39785,2021
3113909,321614,2021
3114006,265586,2021
3114105,290553,2021
3114204,627199,2021
3114303,1060015,2021
3114402,694497,2021
3114501,461515,2021
3114550,406710,2021
3114600,177636,2021
3114709,71384,2021
3114808,80682,2021
3114907,69228,2021
3115003,79984,2021
3115102,436341,2021
3115201,68717,2021
3115300,1650831,2021
3115359,5032327,2021
3115409,40785,2021
3115458,83308,2021
3115474,56838,2021
3115508,371252,2021
3115607,22396,2021
3115706,87043,2021
3115805,351125,2021
3115904,47145,2021
3116001,114191,2021
3116100,111106,2021
3116159,403133,2021
3116209,37247,2021
3116308,73287,2021
3116407,181971,2021
3116506,83712,2021
3116605,1117593,2021
3116704,139787,2021
3116803,121199,2021
3116902,154777,2021
3117009,68104,2021
3117108,274187,2021
3117207,61047,2021
3117306,1318009,2021
3117405,81006,2021
3117504,9050953,2021
3117603,493948,2021
3117702,343556,2021
3117801,224990,2021
3117836,63478,2021
3117876,485672,2021
3117900,220464,2021
3118007,7677447,2021
3118106,49288,2021
3118205,490051,2021
3118304,3117736,2021
3118403,383757,2021
3118502,31441,2021
3118601,36478511,2021
3118700,234159,2021
3118809,272832,2021
3118908,146188,2021
3119005,113743,2021
3119104,608967,2021
3119203,125596,2021
3119302,1535203,2021
3119401,1995525,2021
3119500,119826,2021
3119609,60101,2021
3119708,90932,2021
3119807,165719,2021
3119906,45603,2021
3119955,320483,2021
3120003,38521,2021
3120102,63266,2021
3120151,76403,2021
3120201,295630,2021
3120300,59160,2021
3120409,123678,2021
3120508,233177,2021
3120607,83064,2021
3120706,184033,2021
3120805,317649,2021
3120839,74037,2021
3120870,80420,2021
3120904,2228066,2021
3121001,73978,2021
3121100,125697,2021
3121209,247289,2021
3121258,466555,2021
3121308,81649,2021
3121407,261189,2021
3121506,50610,2021
3121605,984231,2021
3121704,42932,2021
3121803,90865,2021
3121902,63671,2021
3122009,319453,2021
3122108,61680,2021
3122207,82272,2021
3122306,8328420,2021
3122355,178202,2021
3122405,129921,2021
3122454,93183,2021
3122470,69488,2021
3122504,69618,2021
3122603,67800,2021
3122702,108260,2021
3122801,39046,2021
3122900,109854,2021
3123007,320072,2021
3123106,190689,2021
3123205,352243,2021
3123304,67069,2021
3123403,84085,2021
3123502,79306,2021
3123528,122873,2021
3123601,705288,2021
3123700,157012,2021
3123809,92057,2021
3123858,64895,2021
3123908,270170,2021
3124005,409383,2021
3124104,973278,2021
3124203,411016,2021
3124302,364023,2021
3124401,122219,2021
3124500,601829,2021
3124609,42891,2021
3124708,165338,2021
3124807,351211,2021
3124906,221741,2021
3125002,54345,2021
3125101,13653880,2021
3125200,58617,2021
3125309,64355,2021
3125408,73738,2021
3125507,48742,2021
3125606,75699,2021
3125705,281136,2021
3125804,45852,2021
3125903,147935,2021
3125952,156872,2021
3126000,142775,2021
3126109,2212489,2021
3126208,314877,2021
3126307,111241,2021
3126406,51259,2021
3126505,77801,2021
3126604,75589,2021
3126703,452040,2021
3126752,101190,2021
3126802,80089,2021
3126901,150514,2021
3126950,35558,2021
3127008,935386,2021
3127057,48924,2021
3127073,47075,2021
3127107,2472972,2021
3127206,83300,2021
3127305,113699,2021
3127339,57342,2021
3127354,41126,2021
3127370,49898,2021
3127388,62242,2021
3127404,94305,2021
3127503,68965,2021
3127602,198843,2021
3127701,7382104,2021
3127800,770836,2021
3127909,44193,2021
3128006,996792,2021
3128105,390741,2021
3128204,115211,2021
3128253,78006,2021
3128303,549498,2021
3128402,173383,2021
3128501,57624,2021
3128600,750765,2021
3128709,2806751,2021
3128808,123262,2021
3128907,327592,2021
3129004,114327,2021
3129103,180788,2021
3129202,133435,2021
3129301,176380,2021
3129400,103540,2021
3129509,1534624,2021
3129608,114948,2021
3129657,51252,2021
3129707,728232,2021
3129806,3202480,2021
3129905,77622,2021
3130002,59365,2021
3130051,111419,2021
3130101,966978,2021
3130200,577884,2021
3130309,586931,2021
3130408,494349,2021
3130507,265457,2021
3130556,101196,2021
3130606,132560,2021
3130655,87300,2021
3130705,875623,2021
3130804,115689,2021
3130903,404766,2021
3131000,145761,2021
3131109,90714,2021
3131158,180272,2021
3131208,344482,2021
3131307,17607740,2021
3131406,183043,2021
3131505,188547,2021
3131604,301450,2021
3131703,14971550,2021
3131802,136366,2021
3131901,13139282,2021
3132008,61709,2021
3132107,226687,2021
3132206,402204,2021
3132305,121611,2021
3132404,3611716,2021
3132503,647443,2021
3132602,67305,2021
3132701,341003,2021
3132800,35863,2021
3132909,236283,2021
3133006,1181671,2021
3133105,470089,2021
3133204,151256,2021
3133303,308690,2021
3133402,514170,2021
3133501,628985,2021
3133600,849148,2021
3133709,6934362,2021
3133758,724062,2021
3133808,5082302,2021
3133907,71363,2021
3134004,148251,2021
3134103,122238,2021
3134202,3797167,2021
3134301,91596,2021
3134400,2016962,2021
3134509,172518,2021
3134608,297804,2021
3134707,131534,2021
3134806,150928,2021
3134905,1143674,2021
3135001,109803,2021
3135050,849078,2021
3135076,82526,2021
3135100,1603605,2021
3135209,824553,2021
3135308,101345,2021
3135357,77418,2021
3135407,1952716,2021
3135456,79486,2021
3135506,193976,2021
3135605,130436,2021
3135704,126108,2021
3135803,274885,2021
3135902,104192,2021
3136009,162645,2021
3136108,110201,2021
3136207,4852510,2021
3136306,2156345,2021
3136405,72279,2021
3136504,107127,2021
3136520,51739,2021
3136553,72330,2021
3136579,58017,2021
3136603,107483,2021
3136652,1436347,2021
3136702,20281698,2021
3136801,51591,2021
3136900,274079,2021
3136959,65619,2021
3137007,147335,2021
3137106,242478,2021
3137205,1984774,2021
3137304,59595,2021
3137403,345374,2021
3137502,565539,2021
3137536,292472,2021
3137601,2187875,2021
3137700,399767,2021
3137809,405229,2021
3137908,52121,2021
3138005,95736,2021
3138104,192531,2021
3138203,2941308,2021
3138302,55488,2021
3138351,66185,2021
3138401,1112639,2021
3138500,107623,2021
3138609,339219,2021
3138625,462720,2021
3138658,93829,2021
3138674,132765,2021
3138682,65469,2021
3138708,149049,2021
3138807,657535,2021
3138906,112414,2021
3139003,1373896,2021
3139102,301965,2021
3139201,235786,2021
3139250,60080,2021
3139300,243336,2021
3139409,3277778,2021
3139508,563358,2021
3139607,476839,2021
3139706,233073,2021
3139805,227482,2021
3139904,203119,2021
3140001,7367033,2021
3140100,57772,2021
3140159,197957,2021
3140209,74902,2021
3140308,60417,2021
3140407,42790,2021
3140506,474367,2021
3140530,215621,2021
3140555,91547,2021
3140605,60526,2021
3140704,1078989,2021
3140803,627997,2021
3140852,158429,2021
3140902,425174,2021
3141009,157530,2021
3141108,1505458,2021
3141207,97184,2021
3141306,247288,2021
3141405,252979,2021
3141504,77407,2021
3141603,151705,2021
3141702,59433,2021
3141801,350038,2021
3141900,163760,2021
3142007,162987,2021
3142106,173968,2021
3142205,333953,2021
3142254,46796,2021
3142304,76859,2021
3142403,152626,2021
3142502,46801,2021
3142601,228126,2021
3142700,165406,2021
3142809,758376,2021
3142908,256072,2021
3143005,366218,2021
3143104,1559202,2021
3143153,44093,2021
3143203,483172,2021
3143302,10799486,2021
3143401,605892,2021
3143450,91046,2021
3143500,541502,2021
3143609,51052,2021
3143708,44097,2021
3143807,128215,2021
3143906,2654177,2021
3144003,508860,2021
3144102,535415,2021
3144201,37373,2021
3144300,808450,2021
3144359,90147,2021
3144375,75163,2021
3144409,115392,2021
3144508,668804,2021
3144607,618031,2021
3144656,126349,2021
3144672,83434,2021
3144706,432758,2021
3144805,21040766,2021
3144904,58649,2021
3145000,1115949,2021
3145059,116346,2021
3145109,385622,2021
3145208,2634272,2021
3145307,330390,2021
3145356,121560,2021
3145372,70395,2021
3145406,31904,2021
3145455,211917,2021
3145505,43924,2021
3145604,1108063,2021
3145703,40519,2021
3145802,64913,2021
3145851,70841,2021
3145877,122068,2021
3145901,5276139,2021
3146008,934049,2021
3146107,9518797,2021
3146206,67792,2021
3146255,58183,2021
3146305,213888,2021
3146404,82804,2021
3146503,531120,2021
3146552,58642,2021
3146602,27292,2021
3146701,103636,2021
3146750,63837,2021
3146909,374384,2021
3147006,7198751,2021
3147105,4024574,2021
3147204,650844,2021
3147303,592506,2021
3147402,918655,2021
3147501,23588,2021
3147600,471565,2021
3147709,481059,2021
3147808,42075,2021
3147907,3023766,2021
3147956,55025,2021
3148004,6146247,2021
3148103,3679638,2021
3148202,116017,2021
3148301,136790,2021
3148400,67346,2021
3148509,93054,2021
3148608,270118,2021
3148707,401335,2021
3148756,96488,2021
3148806,57703,2021
3148905,116112,2021
3149002,42273,2021
3149101,182673,2021
3149150,109624,2021
3149200,204095,2021
3149309,1938134,2021
3149408,30259,2021
3149507,62510,2021
3149606,85500,2021
3149705,234680,2021
3149804,1629149,2021
3149903,626987,2021
3149952,111677,2021
3150000,47075,2021
3150109,92645,2021
3150158,140805,2021
3150208,62725,2021
3150307,110390,2021
3150406,89789,2021
3150505,281707,2021
3150539,52693,2021
3150570,71109,2021
3150604,303140,2021
3150703,403702,2021
3150802,200152,2021
3150901,78363,2021
3151008,136133,2021
3151107,633595,2021
3151206,2871585,2021
3151305,200321,2021
3151404,741273,2021
3151503,1280617,2021
3151602,574230,2021
3151701,403832,2021
3151800,8526942,2021
3151909,121701,2021
3152006,1170319,2021
3152105,2142078,2021
3152131,52084,2021
3152170,122520,2021
3152204,526973,2021
3152303,130226,2021
3152402,168767,2021
3152501,10718150,2021
3152600,277395,2021
3152709,229055,2021
3152808,1292807,2021
3152907,228619,2021
3153004,154718,2021
3153103,67749,2021
3153202,49104,2021
3153301,36193,2021
3153400,731425,2021
3153509,125573,2021
3153608,203096,2021
3153707,77606,2021
3153806,40046,2021
3153905,193684,2021
3154002,423330,2021
3154101,123247,2021
3154150,121182,2021
3154200,207473,2021
3154309,277790,2021
3154408,372866,2021
3154457,157242,2021
3154507,532552,2021
3154606,5180189,2021
3154705,105346,2021
3154804,472402,2021
3154903,237324,2021
3155009,51851,2021
3155108,52654,2021
3155207,59583,2021
3155306,113750,2021
3155405,120045,2021
3155504,906412,2021
3155603,345428,2021
3155702,1339656,2021
3155801,417244,2021
3155900,69135,2021
3156007,140757,2021
3156106,90330,2021
3156205,114660,2021
3156304,544656,2021
3156403,271627,2021
3156452,67723,2021
3156502,80084,2021
3156601,111693,2021
3156700,4201932,2021
3156809,334727,2021
3156908,2090841,2021
3157005,667282,2021
3157104,132015,2021
3157203,1628347,2021
3157252,111674,2021
3157278,56261,2021
3157302,70602,2021
3157336,103453,2021
3157377,48998,2021
3157401,76982,2021
3157500,51008,2021
3157609,59926,2021
3157658,57927,2021
3157708,860296,2021
3157807,5287597,2021
3157906,353995,2021
3158003,269094,2021
3158102,49983,2021
3158201,170803,2021
3158300,243282,2021
3158409,49901,2021
3158508,116826,2021
3158607,47355,2021
3158706,39152,2021
3158805,105812,2021
3158904,189822,2021
3158953,749702,2021
3159001,103770,2021
3159100,49867,2021
3159209,227928,2021
3159308,74798,2021
3159357,151781,2021
3159407,61998,2021
3159506,179107,2021
3159605,1944045,2021
3159704,102017,2021
3159803,802576,2021
3159902,354378,2021
3160009,67888,2021
3160108,85508,2021
3160207,44720,2021
3160306,114522,2021
3160405,842862,2021
3160454,70752,2021
3160504,28487,2021
3160603,50190,2021
3160702,1101637,2021
3160801,89289,2021
3160900,80485,2021
3160959,91424,2021
3161007,313454,2021
3161056,43890,2021
3161106,648148,2021
3161205,150493,2021
3161304,193829,2021
3161403,72559,2021
3161502,263233,2021
3161601,44803,2021
3161650,49928,2021
3161700,325637,2021
3161809,311147,2021
3161908,7603788,2021
3162005,986478,2021
3162104,1189028,2021
3162203,268082,2021
3162252,60402,2021
3162302,55081,2021
3162401,269275,2021
3162450,92410,2021
3162500,3003942,2021
3162559,183076,2021
3162575,81210,2021
3162609,101830,2021
3162658,44651,2021
3162708,285026,2021
3162807,253189,2021
3162906,506005,2021
3162922,1083056,2021
3162948,891414,2021
3162955,624432,2021
3163003,49538,2021
3163102,114569,2021
3163201,57941,2021
3163300,53035,2021
3163409,67369,2021
3163508,99880,2021
3163607,44165,2021
3163706,1177795,2021
3163805,105060,2021
3163904,148147,2021
3164001,134364,2021
3164100,81769,2021
3164209,243070,2021
3164308,323179,2021
3164407,442552,2021
3164431,66796,2021
3164472,104236,2021
3164506,100804,2021
3164605,596667,2021
3164704,2234341,2021
3164803,25965,2021
3164902,35675,2021
3165008,246013,2021
3165107,195196,2021
3165206,137341,2021
3165305,206080,2021
3165404,110258,2021
3165503,68811,2021
3165537,2190346,2021
3165552,122713,2021
3165560,36660,2021
3165578,89404,2021
3165602,38033,2021
3165701,106704,2021
3165800,35501,2021
3165909,92204,2021
3166006,81065,2021
3166105,49708,2021
3166204,115731,2021
3166303,104954,2021
3166402,45221,2021
3166501,45048,2021
3166600,21916,2021
3166709,93122,2021
3166808,983425,2021
3166907,161680,2021
3166956,47445,2021
3167004,38551,2021
3167103,292378,2021
3167202,12655800,2021
3167301,35131,2021
3167400,141500,2021
3167509,103933,2021
3167608,285219,2021
3167707,67350,2021
3167806,81837,2021
3167905,65697,2021
3168002,557221,2021
3168051,49071,2021
3168101,688692,2021
3168200,56050,2021
3168309,65923,2021
3168408,188289,2021
3168507,191264,2021
3168606,2952020,2021
3168705,5609602,2021
3168804,205615,2021
3168903,379852,2021
3169000,349351,2021
3169059,70715,2021
3169109,107093,2021
3169208,130946,2021
3169307,2958952,2021
3169356,3149734,2021
3169406,1877754,2021
3169505,83258,2021
3169604,946266,2021
3169703,443537,2021
3169802,139823,2021
3169901,3557764,2021
3170008,117187,2021
3170057,167976,2021
3170107,20384265,2021
3170206,43030885,2021
3170305,44152,2021
3170404,4316723,2021
3170438,130400,2021
3170479,97089,2021
3170503,239904,2021
3170529,193218,2021
3170578,77359,2021
3170602,87624,2021
3170651,68132,2021
3170701,8093504,2021
3170750,316498,2021
3170800,1087380,2021
3170909,187195,2021
3171006,1168800,2021
3171030,115440,2021
3171071,133100,2021
3171105,170416,2021
3171154,64212,2021
3171204,3019114,2021
3171303,1811350,2021
3171402,53436,2021
3171501,43983,2021
3171600,131570,2021
3171709,180396,2021
3171808,183972,2021
3171907,62673,2021
3172004,1349239,2021
3172103,139852,2021
3172202,33070,2021
3200102,569778,2021
3200136,246002,2021
3200169,184400,2021
3200201,575149,2021
3200300,457723,2021
3200359,113033,2021
3200409,5764186,2021
3200508,118191,2021
3200607,5313109,2021
3200706,360869,2021
3200805,928258,2021
3200904,1164997,2021
3201001,271046,2021
3201100,186830,2021
3201159,294749,2021
3201209,6146965,2021
3201308,13698899,2021
3201407,1170584,2021
3201506,4378290,2021
3201605,607064,2021
3201704,279074,2021
3201803,82577,2021
3201902,957718,2021
3202009,159784,2021
3202108,411088,2021
3202207,468483,2021
3202256,334325,2021
3202306,612499,2021
3202405,2537477,2021
3202454,450083,2021
3202504,289513,2021
3202553,171980,2021
3202603,314849,2021
3202652,236221,2021
3202702,325864,2021
3202801,5744177,2021
3202900,266025,2021
3203007,538442,2021
3203056,963633,2021
3203106,172122,2021
3203130,646257,2021
3203163,187686,2021
3203205,8036037,2021
3203304,203073,2021
3203320,6659691,2021
3203346,516900,2021
3203353,312890,2021
3203403,607403,2021
3203502,410502,2021
3203601,96748,2021
3203700,383337,2021
3203809,234318,2021
3203908,1339629,2021
3204005,358499,2021
3204054,401435,2021
3204104,861689,2021
3204203,876048,2021
3204252,107547,2021
3204302,6811823,2021
3204351,525681,2021
3204401,229881,2021
3204500,330157,2021
3204559,1631412,2021
3204609,577198,2021
3204658,331338,2021
3204708,762078,2021
3204807,203594,2021
3204906,2947650,2021
3204955,228985,2021
3205002,37279144,2021
3205010,667554,2021
3205036,430103,2021
3205069,702150,2021
3205101,4227430,2021
3205150,180641,2021
3205176,434064,2021
3205200,16305901,2021
3205309,31423978,2021
3300100,11194157,2021
3300159,249119,2021
3300209,4234217,2021
3300225,427436,2021
3300233,2970297,2021
3300258,2705450,2021
3300308,2713890,2021
3300407,6449270,2021
3300456,8839736,2021
3300506,887295,2021
3300605,908156,2021
3300704,12359509,2021
3300803,1305498,2021
3300902,399847,2021
3300936,726756,2021
3300951,603969,2021
3301009,37179716,2021
3301108,841413,2021
3301157,395476,2021
3301207,561273,2021
3301306,2352145,2021
3301405,434135,2021
3301504,456168,2021
3301603,249214,2021
3301702,53136504,2021
3301801,406735,2021
3301850,1363992,2021
3301876,631393,2021
3301900,5640678,2021
3302007,10502682,2021
3302056,418759,2021
3302106,635888,2021
3302205,3394940,2021
3302254,6893408,2021
3302270,1530183,2021
3302304,184160,2021
3302403,17746787,2021
3302452,214870,2021
3302502,4765781,2021
3302601,3211861,2021
3302700,85814188,2021
3302809,357688,2021
3302858,2619212,2021
3302908,632498,2021
3303005,662180,2021
3303104,324261,2021
3303203,3059459,2021
3303302,66345488,2021
3303401,6324877,2021
3303500,17794452,2021
3303609,1162875,2021
3303708,1253017,2021
3303807,1955280,2021
3303856,684851,2021
3303906,15665370,2021
3303955,1452638,2021
3304003,2449973,2021
3304102,415943,2021
3304110,4245725,2021
3304128,305010,2021
3304144,4361684,2021
3304151,5996886,2021
3304201,10754357,2021
3304300,1831391,2021
3304409,435959,2021
3304508,294384,2021
3304524,8948996,2021
3304557,359632648,2021
3304607,234575,2021
3304706,1284632,2021
3304755,1184513,2021
3304805,845178,2021
3304904,20324752,2021
3305000,9886849,2021
3305109,8963716,2021
3305133,196857,2021
3305158,744334,2021
3305208,2743637,2021
3305307,241281,2021
3305406,1000567,2021
3305505,42178159,2021
3305554,4777005,2021
3305604,602627,2021
3305703,600250,2021
3305752,694534,2021
3305802,5923899,2021
3305901,242013,2021
3306008,6348140,2021
3306107,3122592,2021
3306156,264149,2021
3306206,1321254,2021
3306305,19671203,2021
3500105,1370866,2021
3500204,115490,2021
3500303,1314737,2021
3500402,209004,2021
3500501,585604,2021
3500550,217296,2021
3500600,147855,2021
3500709,2638623,2021
3500758,129390,2021
3500808,120355,2021
3500907,112274,2021
3501004,833396,2021
3501103,113585,2021
3501152,3982313,2021
3501202,124351,2021
3501301,709876,2021
3501400,58586,2021
3501509,58405,2021
3501608,15217280,2021
3501707,1230444,2021
3501806,126802,2021
3501905,5152156,2021
3502002,208314,2021
3502101,2845285,2021
3502200,1474152,2021
3502309,169558,2021
3502408,105621,2021
3502507,1041067,2021
3502606,151540,2021
3502705,897713,2021
3502754,4814504,2021
3502804,9017953,2021
3502903,1205884,2021
3503000,150277,2021
3503109,194818,2021
3503158,45568,2021
3503208,11953237,2021
3503307,6942567,2021
3503356,62096,2021
3503406,227079,2021
3503505,58113,2021
3503604,163060,2021
3503703,1136911,2021
3503802,1721737,2021
3503901,8293370,2021
3503950,39546,2021
3504008,4082516,2021
3504107,8361032,2021
3504206,358544,2021
3504305,376094,2021
3504404,199389,2021
3504503,3278922,2021
3504602,551849,2021
3504701,65400,2021
3504800,278642,2021
3504909,216018,2021
3505005,74956,2021
3505104,109125,2021
3505203,1623406,2021
3505302,1515653,2021
3505351,133738,2021
3505401,125821,2021
3505500,5903516,2021
3505609,624816,2021
3505708,58027667,2021
3505807,1067217,2021
3505906,2416803,2021
3506003,16721368,2021
3506102,4080485,2021
3506201,210460,2021
3506300,377950,2021
3506359,2067677,2021
3506409,292577,2021
3506508,3947388,2021
3506607,971016,2021
3506706,380753,2021
3506805,281964,2021
3506904,212434,2021
3507001,3393229,2021
3507100,1463036,2021
3507159,63857,2021
3507209,74195,2021
3507308,519153,2021
3507407,518182,2021
3507456,73943,2021
3507506,5979359,2021
3507605,7954300,2021
3507704,120687,2021
3507753,75675,2021
3507803,894831,2021
3507902,1123987,2021
3508009,684130,2021
3508108,627565,2021
3508207,244488,2021
3508306,102882,2021
3508405,5961333,2021
3508504,5214553,2021
3508603,673632,2021
3508702,574395,2021
3508801,682544,2021
3508900,69806,2021
3509007,4858858,2021
3509106,96255,2021
3509205,22713160,2021
3509254,1755226,2021
3509304,170916,2021
3509403,761749,2021
3509452,151087,2021
3509502,72946910,2021
3509601,2530950,2021
3509700,1449808,2021
3509809,194705,2021
3509908,264410,2021
3509957,130060,2021
3510005,1518347,2021
3510104,107108,2021
3510153,164319,2021
3510203,1269097,2021
3510302,392354,2021
3510401,2990810,2021
3510500,4532236,2021
3510609,6854706,2021
3510708,321120,2021
3510807,1179142,2021
3510906,293111,2021
3511003,1388287,2021
3511102,5218361,2021
3511201,152902,2021
3511300,533104,2021
3511409,956914,2021
3511508,2343906,2021
3511607,740569,2021
3511706,515123,2021
3511904,186411,2021
3512001,1541673,2021
3512100,373219,2021
3512209,859274,2021
3512308,432993,2021
3512407,4107826,2021
3512506,218777,2021
3512605,141158,2021
3512704,345026,2021
3512803,2109640,2021
3512902,506809,2021
3513009,16114165,2021
3513108,1753137,2021
3513207,346566,2021
3513306,137664,2021
3513405,3182373,2021
3513504,21946472,2021
3513603,326362,2021
3513702,2081162,2021
3513801,18484356,2021
3513850,69827,2021
3513900,491457,2021
3514007,138927,2021
3514106,835299,2021
3514205,58947,2021
3514304,802299,2021
3514403,1444978,2021
3514502,252626,2021
3514601,342332,2021
3514700,152432,2021
3514809,329349,2021
3514908,1004655,2021
3514924,76051,2021
3514957,57200,2021
3515004,14314754,2021
3515103,1456125,2021
3515129,79175,2021
3515152,661053,2021
3515186,2065824,2021
3515194,91772,2021
3515202,753257,2021
3515301,62446,2021
3515350,136498,2021
3515400,473712,2021
3515509,2468766,2021
3515608,205594,2021
3515657,80954,2021
3515707,4740673,2021
3515806,42156,2021
3515905,81886,2021
3516002,264841,2021
3516101,171949,2021
3516200,11276086,2021
3516309,1872467,2021
3516408,4297871,2021
3516507,93705,2021
3516606,172719,2021
3516705,1725228,2021
3516804,85828,2021
3516853,1184185,2021
3516903,275099,2021
3517000,215988,2021
3517109,125314,2021
3517208,232241,2021
3517307,442962,2021
3517406,2704845,2021
3517505,896415,2021
3517604,439112,2021
3517703,618205,2021
3517802,326572,2021
3517901,375453,2021
3518008,37040,2021
3518107,196319,2021
3518206,1199678,2021
3518305,1546741,2021
3518404,7877882,2021
3518503,313681,2021
3518602,1135134,2021
3518701,10494252,2021
3518800,77376425,2021
3518859,245363,2021
3518909,93585,2021
3519006,355955,2021
3519055,1463401,2021
3519071,18377822,2021
3519105,658010,2021
3519204,316795,2021
3519253,168922,2021
3519303,1159253,2021
3519402,318126,2021
3519501,244614,2021
3519600,1965223,2021
3519709,2370586,2021
3519808,209289,2021
3519907,434356,2021
3520004,381185,2021
3520103,1299637,2021
3520202,240165,2021
3520301,1588620,2021
3520400,13956618,2021
3520426,1363561,2021
3520442,706075,2021
3520509,22817117,2021
3520608,86968,2021
3520707,111103,2021
3520806,136681,2021
3520905,499099,2021
3521002,969694,2021
3521101,947912,2021
3521150,124259,2021
3521200,63459,2021
3521309,442715,2021
3521408,2127925,2021
3521507,186223,2021
3521606,109595,2021
3521705,1016119,2021
3521804,924897,2021
3521903,935220,2021
3522000,232257,2021
3522109,2369275,2021
3522158,53345,2021
3522208,4909299,2021
3522307,6359723,2021
3522406,3788992,2021
3522505,12854995,2021
3522604,4756331,2021
3522653,52590,2021
3522703,1630820,2021
3522802,305514,2021
3522901,1003729,2021
3523008,104628,2021
3523107,9519618,2021
3523206,1182424,2021
3523305,438980,2021
3523404,8245498,2021
3523503,396660,2021
3523602,1273184,2021
3523701,161835,2021
3523800,198366,2021
3523909,10540813,2021
3524006,8423279,2021
3524105,1907193,2021
3524204,153278,2021
3524303,3601183,2021
3524402,16080494,2021
3524501,676808,2021
3524600,531089,2021
3524709,13981302,2021
3524808,1982125,2021
3524907,352904,2021
3525003,4908360,2021
3525102,1580760,2021
3525201,2997400,2021
3525300,5582395,2021
3525409,168937,2021
3525508,261558,2021
3525607,148675,2021
3525706,1381751,2021
3525805,58843,2021
3525854,214000,2021
3525904,57670893,2021
3526001,807879,2021
3526100,366459,2021
3526209,573997,2021
3526308,73967,2021
3526407,1411101,2021
3526506,184896,2021
3526605,133317,2021
3526704,4101867,2021
3526803,4924228,2021
3526902,16060739,2021
3527009,246179,2021
3527108,6763890,2021
3527207,3876663,2021
3527256,43489,2021
3527306,19677151,2021
3527405,584271,2021
3527504,70465,2021
3527603,1556607,2021
3527702,93809,2021
3527801,98337,2021
3527900,101173,2021
3528007,643783,2021
3528106,196952,2021
3528205,90931,2021
3528304,104128,2021
3528403,2695116,2021
3528502,2288092,2021
3528601,291908,2021
3528700,157011,2021
3528809,517398,2021
3528858,119694,2021
3528908,76482,2021
3529005,9756006,2021
3529104,40067,2021
3529203,754950,2021
3529302,5356571,2021
3529401,20776213,2021
3529500,374785,2021
3529609,393842,2021
3529658,81615,2021
3529708,1016137,2021
3529807,226257,2021
3529906,456953,2021
3530003,70362,2021
3530102,738742,2021
3530201,606917,2021
3530300,2660334,2021
3530409,213295,2021
3530508,3043692,2021
3530607,19604517,2021
3530706,6865386,2021
3530805,6313564,2021
3530904,124517,2021
3531001,58262,2021
3531100,1254605,2021
3531209,252218,2021
3531308,2435240,2021
3531407,766600,2021
3531506,639162,2021
3531605,128088,2021
3531704,83030,2021
3531803,4317764,2021
3531902,1225918,2021
3532009,633324,2021
3532058,120696,2021
3532108,88027,2021
3532157,142301,2021
3532207,639076,2021
3532306,93391,2021
3532405,465371,2021
3532504,276248,2021
3532603,367777,2021
3532702,95892,2021
3532801,325933,2021
3532827,221079,2021
3532843,46305,2021
3532868,60665,2021
3532900,377461,2021
3533007,512829,2021
3533106,36775,2021
3533205,213155,2021
3533254,78660,2021
3533304,60214,2021
3533403,4020494,2021
3533502,1585955,2021
3533601,868092,2021
3533700,141366,2021
3533809,128272,2021
3533908,2551145,2021
3534005,205636,2021
3534104,129763,2021
3534203,640841,2021
3534302,2579406,2021
3534401,86111260,2021
3534500,112882,2021
3534609,1087490,2021
3534708,3961571,2021
3534757,548740,2021
3534807,134986,2021
3534906,217695,2021
3535002,420420,2021
3535101,136419,2021
3535200,215050,2021
3535309,900627,2021
3535408,317826,2021
3535507,1801748,2021
3535606,352398,2021
3535705,275313,2021
3535804,945145,2021
3535903,133065,2021
3536000,741786,2021
3536109,368271,2021
3536208,586024,2021
3536257,53620,2021
3536307,1360809,2021
3536406,200145,2021
3536505,52389437,2021
3536570,48637,2021
3536604,269675,2021
3536703,3066261,2021
3536802,118076,2021
3536901,79887,2021
3537008,1731364,2021
3537107,1502008,2021
3537156,176652,2021
3537206,178609,2021
3537305,2082458,2021
3537404,1087485,2021
3537503,317964,2021
3537602,1966247,2021
3537701,119025,2021
3537800,1597083,2021
3537909,1276180,2021
3538006,13742498,2021
3538105,498801,2021
3538204,314651,2021
3538303,67093,2021
3538501,197854,2021
3538600,661696,2021
3538709,34555724,2021
3538808,926203,2021
3538907,540058,2021
3539004,364798,2021
3539103,826672,2021
3539202,927781,2021
3539301,3312332,2021
3539400,278467,2021
3539509,1389561,2021
3539608,193762,2021
3539707,120019,2021
3539806,3769347,2021
3539905,154423,2021
3540002,1951861,2021
3540101,94399,2021
3540200,1462865,2021
3540259,98030,2021
3540309,126663,2021
3540408,117260,2021
3540507,233734,2021
3540606,3754666,2021
3540705,2495873,2021
3540754,308459,2021
3540804,620169,2021
3540853,40969,2021
3540903,1096526,2021
3541000,8727831,2021
3541059,126367,2021
3541109,77333,2021
3541208,331914,2021
3541307,1325522,2021
3541406,9242189,2021
3541505,823130,2021
3541604,2115365,2021
3541653,144523,2021
3541703,821159,2021
3541802,684733,2021
3541901,388523,2021
3542008,276284,2021
3542107,442883,2021
3542206,1381836,2021
3542305,66825,2021
3542404,983725,2021
3542503,184875,2021
3542602,2357409,2021
3542701,211752,2021
3542800,62081,2021
3542909,371778,2021
3543006,595499,2021
3543105,319058,2021
3543204,224363,2021
3543238,47001,2021
3543253,116992,2021
3543303,3891003,2021
3543402,39955306,2021
3543501,92796,2021
3543600,191158,2021
3543709,226043,2021
3543808,349026,2021
3543907,13245336,2021
3544004,1787681,2021
3544103,960727,2021
3544202,268963,2021
3544251,1941772,2021
3544301,374786,2021
3544400,78950,2021
3544509,102857,2021
3544608,175476,2021
3544707,54769,2021
3544806,169480,2021
3544905,417237,2021
3545001,251752,2021
3545100,96895,2021
3545159,377871,2021
3545209,9303487,2021
3545308,2221477,2021
3545407,273943,2021
3545506,318810,2021
3545605,382546,2021
3545704,214791,2021
3545803,7825507,2021
3546009,312819,2021
3546108,96783,2021
3546207,161651,2021
3546256,63457,2021
3546306,655974,2021
3546405,2786906,2021
3546504,104373,2021
3546603,1344881,2021
3546702,3895818,2021
3546801,1658733,2021
3546900,131128,2021
3547007,153024,2021
3547106,69068,2021
3547205,39913,2021
3547304,11544903,2021
3547403,68135,2021
3547502,825835,2021
3547601,833444,2021
3547650,42106,2021
3547700,555801,2021
3547809,32620295,2021
3547908,211522,2021
3548005,1870734,2021
3548054,289678,2021
3548104,222833,2021
3548203,148429,2021
3548302,47273,2021
3548401,80653,2021
3548500,24090173,2021
3548609,406647,2021
3548708,58277014,2021
3548807,15566768,2021
3548906,14141854,2021
3549003,51168,2021
3549102,4135190,2021
3549201,52612,2021
3549250,51478,2021
3549300,58493,2021
3549409,2191086,2021
3549508,231517,2021
3549607,63347,2021
3549706,2375167,2021
3549805,20962615,2021
3549904,45208808,2021
3549953,285412,2021
3550001,204219,2021
3550100,1340317,2021
3550209,954225,2021
3550308,828980747,2021
3550407,886336,2021
3550506,234365,2021
3550605,3450779,2021
3550704,16008645,2021
3550803,428492,2021
3550902,501327,2021
3551009,6121259,2021
3551108,203911,2021
3551207,96558,2021
3551306,417499,2021
3551405,195523,2021
3551504,1349050,2021
3551603,845122,2021
3551702,7109022,2021
3551801,379170,2021
3551900,271912,2021
3552007,92559,2021
3552106,1120219,2021
3552205,44533398,2021
3552304,226784,2021
3552403,16179892,2021
3552502,14811514,2021
3552551,341981,2021
3552601,287137,2021
3552700,340423,2021
3552809,10291072,2021
3552908,186412,2021
3553005,343428,2021
3553104,109907,2021
3553203,139651,2021
3553302,700419,2021
3553401,1323570,2021
3553500,185138,2021
3553609,301185,2021
3553658,46862,2021
3553708,1660014,2021
3553807,988152,2021
3553856,367324,2021
3553906,168350,2021
3553955,897036,2021
3554003,5076193,2021
3554102,16199986,2021
3554201,138116,2021
3554300,627028,2021
3554409,174935,2021
3554508,2158402,2021
3554607,66301,2021
3554656,37757,2021
3554706,284592,2021
3554755,44920,2021
3554805,896634,2021
3554904,122036,2021
3554953,181790,2021
3555000,2213337,2021
3555109,340357,2021
3555208,56425,2021
3555307,73692,2021
3555356,212639,2021
3555406,2705941,2021
3555505,114468,2021
3555604,401841,2021
3555703,57595,2021
3555802,286014,2021
3555901,46392,2021
3556008,483325,2021
3556107,437546,2021
3556206,7969200,2021
3556305,1236297,2021
3556354,153401,2021
3556404,1287339,2021
3556453,2898203,2021
3556503,3965839,2021
3556602,240193,2021
3556701,12557909,2021
3556800,443704,2021
3556909,425058,2021
3556958,45179,2021
3557006,3919236,2021
3557105,3862540,2021
3557154,130189,2021
3557204,266345,2021
3557303,389432,2021
4100103,221817,2021
4100202,368854,2021
4100301,216904,2021
4100400,1936255,2021
4100459,96207,2021
4100509,462493,2021
4100608,436261,2021
4100707,410780,2021
4100806,338359,2021
4100905,121114,2021
4101002,750364,2021
4101051,115042,2021
4101101,816503,2021
4101150,154197,2021
4101200,700871,2021
4101309,233345,2021
4101408,3874080,2021
4101507,4953989,2021
4101606,1447431,2021
4101655,152146,2021
4101705,547353,2021
4101804,25266761,2021
4101853,128974,2021
4101903,539552,2021
4102000,1633260,2021
4102109,882920,2021
4102208,177304,2021
4102307,926185,2021
4102406,1033468,2021
4102505,299363,2021
4102604,264230,2021
4102703,150148,2021
4102752,106924,2021
4102802,523791,2021
4102901,552342,2021
4103008,285689,2021
4103024,142607,2021
4103040,361490,2021
4103057,185315,2021
4103107,280327,2021
4103156,115670,2021
4103206,157269,2021
4103222,300056,2021
4103305,245673,2021
4103354,241526,2021
4103370,275949,2021
4103404,114049,2021
4103453,1949226,2021
4103479,148983,2021
4103503,253205,2021
4103602,819036,2021
4103701,5029902,2021
4103800,280211,2021
4103909,578373,2021
4103958,150370,2021
4104006,2176024,2021
4104055,224661,2021
4104105,261270,2021
4104204,5733187,2021
4104253,541601,2021
4104303,5147310,2021
4104402,421637,2021
4104428,850048,2021
4104451,335944,2021
4104501,1106692,2021
4104600,1255526,2021
4104659,1578833,2021
4104709,458638,2021
4104808,15786905,2021
4104907,3631156,2021
4105003,355951,2021
4105102,440499,2021
4105201,405086,2021
4105300,942758,2021
4105409,909271,2021
4105508,3039716,2021
4105607,431473,2021
4105706,837980,2021
4105805,5693870,2021
4105904,796267,2021
4106001,285617,2021
4106100,152425,2021
4106209,557577,2021
4106308,1064177,2021
4106407,1812202,2021
4106456,323716,2021
4106506,887309,2021
4106555,87683,2021
4106571,177173,2021
4106605,859368,2021
4106704,205351,2021
4106803,505066,2021
4106852,151165,2021
4106902,98000491,2021
4107009,276029,2021
4107108,298207,2021
4107124,74736,2021
4107157,128031,2021
4107207,2026447,2021
4107256,841228,2021
4107306,200365,2021
4107405,311321,2021
4107504,566606,2021
4107520,65236,2021
4107538,313143,2021
4107546,162811,2021
4107553,215732,2021
4107603,500122,2021
4107652,3322418,2021
4107702,212862,2021
4107736,253838,2021
4107751,161492,2021
4107801,239257,2021
4107850,182643,2021
4107900,271124,2021
4108007,400285,2021
4108106,80573,2021
4108205,370767,2021
4108304,18969029,2021
4108320,290544,2021
4108403,3694539,2021
4108452,184044,2021
4108502,445472,2021
4108551,72426,2021
4108601,1074370,2021
4108650,309145,2021
4108700,172728,2021
4108809,1139934,2021
4108908,273736,2021
4108957,295065,2021
4109005,176952,2021
4109104,78139,2021
4109203,223863,2021
4109302,512014,2021
4109401,8309024,2021
4109500,118152,2021
4109609,982125,2021
4109658,298546,2021
4109708,878434,2021
4109757,182341,2021
4109807,3313394,2021
4109906,249550,2021
4110003,212505,2021
4110052,83996,2021
4110078,276156,2021
4110102,1290790,2021
4110201,265709,2021
4110300,58312,2021
4110409,507444,2021
4110508,615190,2021
4110607,597062,2021
4110656,194366,2021
4110706,2286211,2021
4110805,354163,2021
4110904,121778,2021
4110953,524784,2021
4111001,223622,2021
4111100,228333,2021
4111209,753014,2021
4111258,626927,2021
4111308,87750,2021
4111407,497707,2021
4111506,947821,2021
4111555,203930,2021
4111605,143593,2021
4111704,160051,2021
4111803,1598029,2021
4111902,1049382,2021
4112009,1788853,2021
4112108,790155,2021
4112207,241936,2021
4112306,163418,2021
4112405,321178,2021
4112504,374099,2021
4112603,57044,2021
4112702,282676,2021
4112751,441972,2021
4112801,680977,2021
4112900,128060,2021
4112959,440931,2021
4113007,405133,2021
4113106,165650,2021
4113205,2841179,2021
4113254,113016,2021
4113304,1027729,2021
4113403,227372,2021
4113429,125681,2021
4113452,200871,2021
4113502,697950,2021
4113601,215564,2021
4113700,23603698,2021
4113734,546858,2021
4113759,142210,2021
4113809,131498,2021
4113908,758397,2021
4114005,793177,2021
4114104,687733,2021
4114203,1835706,2021
4114302,665013,2021
4114351,81472,2021
4114401,1773268,2021
4114500,531488,2021
4114609,2923749,2021
4114708,134443,2021
4114807,2654433,2021
4114906,466433,2021
4115002,174490,2021
4115101,284359,2021
4115200,22655738,2021
4115309,439911,2021
4115358,478110,2021
4115408,635104,2021
4115457,111454,2021
4115507,103451,2021
4115606,1096366,2021
4115705,892232,2021
4115739,123187,2021
4115754,373698,2021
4115804,2442040,2021
4115853,278211,2021
4115903,126635,2021
4116000,52324,2021
4116059,466420,2021
4116109,306144,2021
4116208,389211,2021
4116307,136929,2021
4116406,99515,2021
4116505,51926,2021
4116604,97600,2021
4116703,819755,2021
4116802,348087,2021
4116901,943181,2021
4116950,164792,2021
4117008,314928,2021
4117057,308284,2021
4117107,442935,2021
4117206,109207,2021
4117214,110742,2021
4117222,439747,2021
4117255,492498,2021
4117271,189788,2021
4117297,91407,2021
4117305,2726430,2021
4117404,166696,2021
4117453,318622,2021
4117503,1057696,2021
4117602,1616525,2021
4117701,1642026,2021
4117800,330837,2021
4117909,2815815,2021
4118006,377239,2021
4118105,325522,2021
4118204,13646908,2021
4118303,92021,2021
4118402,3179798,2021
4118451,243483,2021
4118501,4548086,2021
4118600,439962,2021
4118709,396724,2021
4118808,454229,2021
4118857,281883,2021
4118907,359685,2021
4119004,237952,2021
4119103,919729,2021
4119152,7962954,2021
4119202,251475,2021
4119251,80246,2021
4119301,1794773,2021
4119400,1191670,2021
4119509,1543847,2021
4119608,1140790,2021
4119657,121843,2021
4119707,103914,2021
4119806,425326,2021
4119905,19490249,2021
4119954,653317,2021
4120002,554196,2021
4120101,163131,2021
4120150,170013,2021
4120200,108611,2021
4120309,98738,2021
4120333,170927,2021
4120358,329443,2021
4120408,147400,2021
4120507,371262,2021
4120606,1571730,2021
4120655,363003,2021
4120705,212114,2021
4120804,1941120,2021
4120853,253567,2021
4120903,1466517,2021
4121000,261216,2021
4121109,257471,2021
4121208,509137,2021
4121257,113774,2021
4121307,185651,2021
4121356,234807,2021
4121406,743082,2021
4121505,536432,2021
4121604,422523,2021
4121703,757378,2021
4121752,260028,2021
4121802,383691,2021
4121901,338041,2021
4122008,729564,2021
4122107,104362,2021
4122156,441514,2021
4122172,115554,2021
4122206,1375599,2021
4122305,1298354,2021
4122404,3574945,2021
4122503,598091,2021
4122602,350064,2021
4122651,129868,2021
4122701,705318,2021
4122800,124341,2021
4122909,103656,2021
4123006,529891,2021
4123105,100856,2021
4123204,153510,2021
4123303,375096,2021
4123402,319674,2021
4123501,1465191,2021
4123600,51485,2021
4123709,253123,2021
4123808,466992,2021
4123824,140108,2021
4123857,267310,2021
4123907,493066,2021
4123956,91009,2021
4124004,171601,2021
4124020,582095,2021
4124053,687337,2021
4124103,1505597,2021
4124202,54056,2021
4124301,106892,2021
4124400,648290,2021
4124509,532112,2021
4124608,396026,2021
4124707,322891,2021
4124806,890618,2021
4124905,154592,2021
4125001,361197,2021
4125100,579555,2021
4125209,473334,2021
4125308,401315,2021
4125357,145367,2021
4125407,229785,2021
4125456,99024,2021
4125506,27008910,2021
4125555,62338,2021
4125605,1516858,2021
4125704,1470081,2021
4125753,247154,2021
4125803,370121,2021
4125902,90323,2021
4126009,300152,2021
4126108,163463,2021
4126207,153880,2021
4126256,2072735,2021
4126272,786318,2021
4126306,664790,2021
4126355,291329,2021
4126405,416451,2021
4126504,690780,2021
4126603,706556,2021
4126652,158520,2021
4126678,391581,2021
4126702,126316,2021
4126801,496650,2021
4126900,153423,2021
4127007,616404,2021
4127106,4913441,2021
4127205,569416,2021
4127304,376155,2021
4127403,896105,2021
4127502,1440060,2021
4127601,576384,2021
4127700,7482190,2021
4127809,324156,2021
4127858,435956,2021
4127882,144129,2021
4127908,233721,2021
4127957,431427,2021
4127965,601622,2021
4128005,1713942,2021
4128104,4103610,2021
4128203,1959155,2021
4128302,99878,2021
4128401,367846,2021
4128500,711221,2021
4128534,347603,2021
4128559,341108,2021
4128609,499728,2021
4128625,113661,2021
4128633,99207,2021
4128658,189728,2021
4128708,498334,2021
4128807,119631,2021
4200051,75131,2021
4200101,785908,2021
4200200,396148,2021
4200309,232893,2021
4200408,651092,2021
4200507,137707,2021
4200556,163075,2021
4200606,199590,2021
4200705,336469,2021
4200754,78996,2021
4200804,203805,2021
4200903,174561,2021
4201000,231507,2021
4201109,84568,2021
4201208,796531,2021
4201257,442460,2021
4201273,284414,2021
4201307,7488000,2021
4201406,2385270,2021
4201505,272106,2021
4201604,125953,2021
4201653,203872,2021
4201703,244991,2021
4201802,125981,2021
4201901,406918,2021
4201950,221907,2021
4202008,7358669,2021
4202057,254639,2021
4202073,216995,2021
4202081,102212,2021
4202099,52281,2021
4202107,2372445,2021
4202131,196847,2021
4202156,57652,2021
4202206,470160,2021
4202305,2670278,2021
4202404,20579490,2021
4202438,135898,2021
4202453,877594,2021
4202503,371658,2021
4202537,159057,2021
4202578,73702,2021
4202602,422363,2021
4202701,430641,2021
4202800,1745017,2021
4202859,250151,2021
4202875,137959,2021
4202909,8724534,2021
4203006,4703416,2021
4203105,316775,2021
4203154,97691,2021
4203204,2242672,2021
4203253,235019,2021
4203303,699703,2021
4203402,333024,2021
4203501,437829,2021
4203600,2610347,2021
4203709,295662,2021
4203808,2203147,2021
4203907,1070740,2021
4203956,1348603,2021
4204004,530881,2021
4204103,164148,2021
4204152,65903,2021
4204178,141416,2021
4204194,97932,2021
4204202,13694780,2021
4204251,888493,2021
4204301,4559829,2021
4204350,434573,2021
4204400,381583,2021
4204459,57378,2021
4204509,797605,2021
4204558,591364,2021
4204608,10065323,2021
4204707,927562,2021
4204756,66625,2021
4204806,1875348,2021
4204905,299006,2021
4205001,636297,2021
4205100,165733,2021
4205159,175716,2021
4205175,60606,2021
4205191,176552,2021
4205209,183149,2021
4205308,758371,2021
4205357,64278,2021
4205407,23559947,2021
4205431,78637,2021
4205456,1224548,2021
4205506,1273659,2021
4205555,102098,2021
4205605,99963,2021
4205704,773365,2021
4205803,2033242,2021
4205902,4157383,2021
4206009,449768,2021
4206108,329166,2021
4206207,387304,2021
4206306,1262926,2021
4206405,454637,2021
4206504,2514410,2021
4206603,202565,2021
4206652,354999,2021
4206702,624023,2021
4206751,75608,2021
4206801,145418,2021
4206900,599219,2021
4207007,3521710,2021
4207106,1215356,2021
4207205,252843,2021
4207304,2502978,2021
4207403,260687,2021
4207502,3675993,2021
4207577,227780,2021
4207601,107135,2021
4207650,381311,2021
4207684,321243,2021
4207700,465730,2021
4207759,133806,2021
4207809,282690,2021
4207858,56619,2021
4207908,458977,2021
4208005,404732,2021
4208104,1047675,2021
4208203,47757207,2021
4208302,2889464,2021
4208401,1064833,2021
4208450,1688955,2021
4208500,1399717,2021
4208609,181354,2021
4208708,529785,2021
4208807,852029,2021
4208906,12053539,2021
4208955,67321,2021
4209003,2381234,2021
4209102,45074735,2021
4209151,130477,2021
4209177,88240,2021
4209201,137761,2021
4209300,6577420,2021
4209409,1093923,2021
4209458,59139,2021
4209508,444804,2021
4209607,418821,2021
4209706,416800,2021
4209805,119785,2021
4209854,151920,2021
4209904,466218,2021
4210001,792775,2021
4210035,292995,2021
4210050,59147,2021
4210100,2490227,2021
4210209,62144,2021
4210308,300319,2021
4210407,273081,2021
4210506,1794179,2021
4210555,97312,2021
4210605,751874,2021
4210704,62590,2021
4210803,340386,2021
4210852,89444,2021
4210902,170306,2021
4211009,1089189,2021
4211058,233427,2021
4211108,237437,2021
4211207,922592,2021
4211256,145130,2021
4211306,6143029,2021
4211405,248377,2021
4211454,189439,2021
4211504,691559,2021
4211603,1074610,2021
4211652,119844,2021
4211702,1188044,2021
4211751,998100,2021
4211801,252631,2021
4211850,137266,2021
4211876,58314,2021
4211892,84941,2021
4211900,8210037,2021
4212007,332287,2021
4212056,187897,2021
4212106,913813,2021
4212205,853826,2021
4212239,143301,2021
4212254,237368,2021
4212270,175185,2021
4212304,250073,2021
4212403,243931,2021
4212502,1037153,2021
4212601,120957,2021
4212650,119468,2021
4212700,223564,2021
4212809,1513947,2021
4212908,1514219,2021
4213005,227282,2021
4213104,801159,2021
4213153,141935,2021
4213203,2806453,2021
4213302,175776,2021
4213351,166641,2021
4213401,291075,2021
4213500,1472149,2021
4213609,1149833,2021
4213708,719081,2021
4213807,223279,2021
4213906,75923,2021
4214003,985125,2021
4214102,62744,2021
4214151,135911,2021
4214201,462642,2021
4214300,165751,2021
4214409,288090,2021
4214508,212941,2021
4214607,276136,2021
4214706,475005,2021
4214805,3690347,2021
4214904,302785,2021
4215000,1614643,2021
4215059,70066,2021
4215075,147665,2021
4215109,390081,2021
4215208,111333,2021
4215307,318174,2021
4215356,93630,2021
4215406,266923,2021
4215455,466692,2021
4215505,662060,2021
4215554,103613,2021
4215604,72830,2021
4215653,199094,2021
4215679,268988,2021
4215687,65119,2021
4215695,48482,2021
4215703,1256507,2021
4215752,88164,2021
4215802,4697511,2021
4215901,112432,2021
4216008,520825,2021
4216057,219812,2021
4216107,450004,2021
4216206,8516615,2021
4216255,353230,2021
4216305,1029819,2021
4216354,338152,2021
4216404,282920,2021
4216503,1133378,2021
4216602,13840195,2021
4216701,568200,2021
4216800,318824,2021
4216909,1389521,2021
4217006,929265,2021
4217105,109266,2021
4217154,50300,2021
4217204,2174480,2021
4217253,101140,2021
4217303,527168,2021
4217402,759499,2021
4217501,1178644,2021
4217550,118038,2021
4217600,679557,2021
4217709,910386,2021
4217758,83395,2021
4217808,844678,2021
4217907,600872,2021
4217956,65554,2021
4218004,2438156,2021
4218103,154885,2021
4218202,2534741,2021
4218251,303296,2021
4218301,1522852,2021
4218350,232257,2021
4218400,199732,2021
4218509,829532,2021
4218608,437965,2021
4218707,4817596,2021
4218756,182316,2021
4218806,737916,2021
4218855,85132,2021
4218905,356315,2021
4218954,88459,2021
4219002,1087691,2021
4219101,201010,2021
4219150,116146,2021
4219176,539920,2021
4219200,354849,2021
4219309,3456102,2021
4219358,142288,2021
4219408,175208,2021
4219507,2639977,2021
4219606,211880,2021
4219705,1471922,2021
4219853,103657,2021
4220000,294751,2021
4300034,458226,2021
4300059,547413,2021
4300109,667877,2021
4300208,521060,2021
4300307,162073,2021
4300406,3079886,2021
4300455,156623,2021
4300471,276412,2021
4300505,196384,2021
4300554,106142,2021
4300570,161549,2021
4300604,3302273,2021
4300638,147633,2021
4300646,177772,2021
4300661,193090,2021
4300703,322293,2021
4300802,797513,2021
4300851,285089,2021
4300877,236432,2021
4300901,946972,2021
4301008,1536560,2021
4301057,285580,2021
4301073,76785,2021
4301107,357348,2021
4301206,429273,2021
4301305,1131512,2021
4301404,336248,2021
4301503,504184,2021
4301552,163439,2021
4301602,3748437,2021
4301636,312095,2021
4301651,308102,2021
4301701,341674,2021
4301750,142319,2021
4301800,317085,2021
4301859,56812,2021
4301875,386183,2021
4301909,507428,2021
4301925,80748,2021
4301958,165030,2021
4302006,244514,2021
4302055,49314,2021
4302105,7498525,2021
4302154,238522,2021
4302204,326887,2021
4302220,468752,2021
4302238,384174,2021
4302253,120127,2021
4302303,613624,2021
4302352,906596,2021
4302378,86280,2021
4302402,403056,2021
4302451,150395,2021
4302501,490599,2021
4302584,227410,2021
4302600,130949,2021
4302659,117701,2021
4302709,543351,2021
4302808,1122674,2021
4302907,623088,2021
4303004,3542706,2021
4303103,6458504,2021
4303202,169236,2021
4303301,264916,2021
4303400,149122,2021
4303509,2723674,2021
4303558,520483,2021
4303608,242578,2021
4303673,204703,2021
4303707,239170,2021
4303806,399404,2021
4303905,3600083,2021
4304002,325740,2021
4304101,150034,2021
4304200,1078191,2021
4304309,358438,2021
4304358,2744010,2021
4304408,1595265,2021
4304507,1660011,2021
4304606,21995418,2021
4304614,67988,2021
4304622,342053,2021
4304630,1966028,2021
4304655,644965,2021
4304663,830088,2021
4304671,386834,2021
4304689,298588,2021
4304697,95379,2021
4304705,3846858,2021
4304713,165661,2021
4304804,3529584,2021
4304853,70447,2021
4304903,717921,2021
4304952,199197,2021
4305009,638112,2021
4305108,31688552,2021
4305116,120779,2021
4305124,161328,2021
4305132,90159,2021
4305157,74182,2021
4305173,203184,2021
4305207,796777,2021
4305306,741828,2021
4305355,1736983,2021
4305371,149352,2021
4305405,388836,2021
4305439,370303,2021
4305447,129741,2021
4305454,362063,2021
4305504,264361,2021
4305587,87210,2021
4305603,338158,2021
4305702,624707,2021
4305801,432350,2021
4305835,52164,2021
4305850,190145,2021
4305871,226126,2021
4305900,515154,2021
4305934,49060,2021
4305959,167929,2021
4305975,422465,2021
4306007,508979,2021
4306056,308908,2021
4306072,94741,2021
4306106,4609397,2021
4306130,144764,2021
4306205,533004,2021
4306304,229364,2021
4306320,148408,2021
4306353,57175,2021
4306379,267902,2021
4306403,2188545,2021
4306429,199195,2021
4306452,172602,2021
4306502,356860,2021
4306551,65534,2021
4306601,2210948,2021
4306700,106596,2021
4306734,260797,2021
4306759,78891,2021
4306767,2120269,2021
4306809,1168358,2021
4306908,1080949,2021
4306924,73214,2021
4306932,687578,2021
4306957,207517,2021
4306973,180479,2021
4307005,6882629,2021
4307054,265549,2021
4307104,253608,2021
4307203,150883,2021
4307302,353968,2021
4307401,392860,2021
4307450,116731,2021
4307500,1113106,2021
4307559,350708,2021
4307609,1875498,2021
4307708,3749900,2021
4307807,2171447,2021
4307815,197415,2021
4307831,405444,2021
4307864,197919,2021
4307906,4398457,2021
4308003,270106,2021
4308052,103166,2021
4308078,140824,2021
4308102,589355,2021
4308201,2538142,2021
4308250,103059,2021
4308300,227470,2021
4308409,302801,2021
4308433,58940,2021
4308458,564773,2021
4308508,1430611,2021
4308607,2997969,2021
4308656,200967,2021
4308706,282773,2021
4308805,276374,2021
4308854,190648,2021
4308904,793664,2021
4309001,1202945,2021
4309050,461888,2021
4309100,2658034,2021
4309126,94580,2021
4309159,109483,2021
4309209,10261656,2021
4309258,132788,2021
4309308,8284825,2021
4309407,1149055,2021
4309506,362625,2021
4309555,245497,2021
4309571,71143,2021
4309605,2608198,2021
4309654,314488,2021
4309704,229249,2021
4309753,112227,2021
4309803,367295,2021
4309902,399693,2021
4309951,213522,2021
4310009,1722057,2021
4310108,1888887,2021
4310207,5190405,2021
4310306,140570,2021
4310330,626823,2021
4310363,519190,2021
4310405,494166,2021
4310413,110557,2021
4310439,298583,2021
4310462,177629,2021
4310504,254492,2021
4310538,286659,2021
4310553,246287,2021
4310579,94235,2021
4310603,2186929,2021
4310652,86739,2021
4310702,81707,2021
4310751,71911,2021
4310801,1180387,2021
4310850,136730,2021
4310876,224027,2021
4310900,232301,2021
4311007,1059396,2021
4311106,378020,2021
4311122,94042,2021
4311130,469006,2021
4311155,975410,2021
4311205,1925175,2021
4311239,68916,2021
4311254,154690,2021
4311270,157140,2021
4311304,1513404,2021
4311403,5596183,2021
4311429,74875,2021
4311502,497629,2021
4311601,172443,2021
4311627,365850,2021
4311643,65579,2021
4311700,272824,2021
4311718,582043,2021
4311734,70214,2021
4311759,546972,2021
4311775,190484,2021
4311791,80817,2021
4311809,3060022,2021
4311908,167825,2021
4311981,104496,2021
4312005,72888,2021
4312054,124135,2021
4312104,169006,2021
4312138,168255,2021
4312153,180537,2021
4312179,88446,2021
4312203,161123,2021
4312252,279177,2021
4312302,190386,2021
4312351,98138,2021
4312377,109730,2021
4312385,94435,2021
4312401,5752345,2021
4312427,153334,2021
4312443,81466,2021
4312450,132445,2021
4312476,274167,2021
4312500,643326,2021
4312609,301852,2021
4312617,1122086,2021
4312625,91988,2021
4312658,2207535,2021
4312674,146252,2021
4312708,525507,2021
4312757,236575,2021
4312807,327226,2021
4312906,802207,2021
4312955,145343,2021
4313003,141144,2021
4313011,229431,2021
4313037,172366,2021
4313060,805698,2021
4313086,100211,2021
4313102,382689,2021
4313201,972689,2021
4313300,1730043,2021
4313334,304678,2021
4313359,169305,2021
4313375,2487522,2021
4313391,133172,2021
4313409,10037923,2021
4313425,186355,2021
4313441,74729,2021
4313466,75034,2021
4313490,135200,2021
4313508,1819038,2021
4313607,167646,2021
4313656,735606,2021
4313706,2215057,2021
4313805,271643,2021
4313904,3167752,2021
4313953,533689,2021
4314001,424447,2021
4314027,207386,2021
4314035,136435,2021
4314050,1390320,2021
4314068,132983,2021
4314076,229641,2021
4314100,12552867,2021
4314134,195870,2021
4314159,242458,2021
4314175,386190,2021
4314209,270651,2021
4314308,464212,2021
4314407,10778176,2021
4314423,386453,2021
4314456,123342,2021
4314464,304725,2021
4314472,931834,2021
4314498,131549,2021
4314506,397726,2021
4314548,74286,2021
4314555,94672,2021
4314605,880277,2021
4314704,252508,2021
4314753,131757,2021
4314779,403317,2021
4314787,96049,2021
4314803,1662403,2021
4314902,81563063,2021
4315008,135662,2021
4315057,89350,2021
4315073,45212,2021
4315107,210927,2021
4315131,61420,2021
4315149,213813,2021
4315156,166517,2021
4315172,93263,2021
4315206,133443,2021
4315305,625752,2021
4315313,185963,2021
4315321,299304,2021
4315354,255121,2021
4315404,232904,2021
4315453,82687,2021
4315503,673423,2021
4315552,136486,2021
4315602,13282201,2021
4315701,1390525,2021
4315750,155849,2021
4315800,576083,2021
4315909,279280,2021
4315958,161914,2021
4316006,731611,2021
4316105,471554,2021
4316204,268874,2021
4316303,437026,2021
4316402,1381976,2021
4316428,82616,2021
4316436,254248,2021
4316451,1213458,2021
4316477,178470,2021
4316501,337663,2021
4316600,843826,2021
4316709,1336030,2021
4316733,143880,2021
4316758,339107,2021
4316808,9815201,2021
4316907,9562066,2021
4316956,279409,2021
4316972,361016,2021
4317004,364901,2021
4317103,2823928,2021
4317202,3732053,2021
4317251,49851,2021
4317301,1755631,2021
4317400,2021451,2021
4317509,3180273,2021
4317558,119797,2021
4317608,1680505,2021
4317707,673946,2021
4317756,189470,2021
4317806,848439,2021
4317905,784071,2021
4317954,128953,2021
4318002,2570766,2021
4318051,123436,2021
4318101,804124,2021
4318200,1026518,2021
4318309,2723193,2021
4318408,667014,2021
4318424,184149,2021
4318432,104818,2021
4318440,133331,2021
4318457,93351,2021
4318465,59113,2021
4318481,117866,2021
4318499,183794,2021
4318507,792704,2021
4318606,463018,2021
4318614,94019,2021
4318622,155632,2021
4318705,10855414,2021
4318804,1701071,2021
4318903,1903783,2021
4319000,1145393,2021
4319109,354030,2021
4319125,336100,2021
4319158,867930,2021
4319208,228047,2021
4319307,200549,2021
4319356,113228,2021
4319364,114178,2021
4319372,161665,2021
4319406,532258,2021
4319505,899461,2021
4319604,1331321,2021
4319703,135541,2021
4319711,95576,2021
4319737,90430,2021
4319752,95748,2021
4319802,730555,2021
4319901,3615599,2021
4320008,4204086,2021
4320107,1299139,2021
4320206,617245,2021
4320230,157535,2021
4320263,163088,2021
4320305,375174,2021
4320321,149060,2021
4320354,136267,2021
4320404,782303,2021
4320453,59572,2021
4320503,534503,2021
4320552,314768,2021
4320578,105652,2021
4320602,149414,2021
4320651,86631,2021
4320677,213482,2021
4320701,438644,2021
4320800,1405196,2021
4320859,142087,2021
4320909,1644548,2021
4321006,640275,2021
4321105,603914,2021
4321204,1568880,2021
4321303,1094083,2021
4321329,188858,2021
4321352,124254,2021
4321402,579215,2021
4321436,291340,2021
4321451,1576011,2021
4321469,174784,2021
4321477,196243,2021
4321493,101334,2021
4321501,1382107,2021
4321600,1234556,2021
4321626,78088,2021
4321634,141197,2021
4321667,308570,2021
4321709,805149,2021
4321808,1353676,2021
4321832,64219,2021
4321857,178530,2021
4321907,1033034,2021
4321956,351371,2021
4322004,12982404,2021
4322103,259332,2021
4322152,120845,2021
4322186,94728,2021
4322202,2052015,2021
4322251,533593,2021
4322301,383535,2021
4322327,163727,2021
4322343,110732,2021
4322350,91174,2021
4322376,149067,2021
4322400,3717113,2021
4322509,3245679,2021
4322525,130453,2021
4322533,272714,2021
4322541,198294,2021
4322558,94776,2021
4322608,3732042,2021
4322707,826722,2021
4322806,1738706,2021
4322855,119440,2021
4322905,204582,2021
4323002,4335081,2021
4323101,126515,2021
4323200,295872,2021
4323309,297553,2021
4323358,168933,2021
4323408,389407,2021
4323457,195943,2021
4323507,137064,2021
4323606,85229,2021
4323705,103513,2021
4323754,159528,2021
4323770,264840,2021
4323804,733160,2021
5000203,1211925,2021
5000252,237904,2021
5000609,2033695,2021
5000708,609913,2021
5000807,410374,2021
5000856,883913,2021
5000906,866590,2021
5001003,1660199,2021
5001102,1116844,2021
5001243,1255601,2021
5001508,780114,2021
5001904,1055097,2021
5002001,603790,2021
5002100,931638,2021
5002159,332561,2021
5002209,1130067,2021
5002308,833889,2021
5002407,1967108,2021
5002605,607830,2021
5002704,35187899,2021
5002803,174649,2021
5002902,712341,2021
5002951,2655075,2021
5003108,144630,2021
5003157,336178,2021
5003207,3847165,2021
5003256,2556159,2021
5003306,1225785,2021
5003454,461295,2021
5003488,310923,2021
5003504,214592,2021
5003702,12300149,2021
5003751,524691,2021
5003801,699103,2021
5003900,142133,2021
5004007,280101,2021
5004106,350228,2021
5004304,788191,2021
5004403,406133,2021
5004502,1124125,2021
5004601,1258878,2021
5004700,1461628,2021
5004809,165050,2021
5004908,370994,2021
5005004,930098,2021
5005103,474840,2021
5005152,483743,2021
5005202,371028,2021
5005251,1097292,2021
5005400,4517627,2021
5005608,631602,2021
5005681,942239,2021
5005707,2901635,2021
5005806,447265,2021
5006002,2282707,2021
5006200,3281855,2021
5006259,279117,2021
5006275,1296594,2021
5006309,1587295,2021
5006358,286014,2021
5006408,268953,2021
5006606,4771500,2021
5006903,464125,2021
5007109,1965364,2021
5007208,3298707,2021
5007307,130213,2021
5007406,601958,2021
5007505,231964,2021
5007554,467080,2021
5007695,2185644,2021
5007703,418189,2021
5007802,1721432,2021
5007901,3327696,2021
5007935,1024261,2021
5007950,313035,2021
5007976,181313,2021
5008008,717675,2021
5008305,11704743,2021
5008404,371816,2021
5100102,109140,2021
5100201,2000535,2021
5100250,2111630,2021
5100300,1172814,2021
5100359,264000,2021
5100409,1197572,2021
5100508,166610,2021
5100607,1295710,2021
5100805,233790,2021
5101001,126561,2021
5101209,28025,2021
5101258,655066,2021
5101308,232216,2021
5101407,1445988,2021
5101605,124583,2021
5101704,1568772,2021
5101803,2578984,2021
5101852,769106,2021
5101902,2087054,2021
5102504,2264298,2021
5102603,437258,2021
5102637,6910185,2021
5102678,4992842,2021
5102686,3302451,2021
5102694,267165,2021
5102702,2931363,2021
5102793,299341,2021
5102850,215078,2021
5103007,1214478,2021
5103056,1068338,2021
5103106,297648,2021
5103205,1269286,2021
5103254,849011,2021
5103304,1258117,2021
5103353,1536916,2021
5103361,143169,2021
5103379,324391,2021
5103403,29743722,2021
5103437,123824,2021
5103452,529572,2021
5103502,5746756,2021
5103601,673289,2021
5103700,1044834,2021
5103809,83603,2021
5103858,1290850,2021
5103908,481705,2021
5103957,89215,2021
5104104,1099092,2021
5104203,727107,2021
5104500,103576,2021
5104526,1924821,2021
5104542,721420,2021
5104559,418990,2021
5104609,2144680,2021
5104807,1197725,2021
5104906,188752,2021
5105002,348767,2021
5105101,1365473,2021
5105150,1332790,2021
5105176,297859,2021
5105200,528595,2021
5105234,244948,2021
5105259,6891172,2021
5105309,41158,2021
5105507,639027,2021
5105580,674525,2021
5105606,1282800,2021
5105622,835566,2021
5105903,1114842,2021
5106000,325635,2021
5106109,387788,2021
5106158,343302,2021
5106174,140562,2021
5106182,445568,2021
5106190,333226,2021
5106208,109110,2021
5106216,909101,2021
5106224,6036492,2021
5106232,732047,2021
5106240,3270100,2021
5106257,1033180,2021
5106265,486222,2021
5106273,101476,2021
5106281,862983,2021
5106299,796134,2021
5106307,2135755,2021
5106315,56622,2021
5106372,1575720,2021
5106422,918432,2021
5106455,231865,2021
5106505,709415,2021
5106653,123203,2021
5106703,31217,2021
5106752,2436063,2021
5106778,568644,2021
5106802,1318753,2021
5106828,308567,2021
5106851,83532,2021
5107008,1077680,2021
5107040,6964815,2021
5107065,4259261,2021
5107107,448462,2021
5107156,47446,2021
5107180,756776,2021
5107198,188968,2021
5107206,107188,2021
5107248,1032285,2021
5107263,161534,2021
5107297,58942,2021
5107305,1465536,2021
5107354,934646,2021
5107404,69263,2021
5107578,114345,2021
5107602,17294386,2021
5107701,534979,2021
5107743,320546,2021
5107750,94294,2021
5107768,1236019,2021
5107776,300549,2021
5107792,1019938,2021
5107800,820042,2021
5107859,1622830,2021
5107875,6978522,2021
5107883,75359,2021
5107909,9623193,2021
5107925,12522102,2021
5107941,1319770,2021
5107958,5584812,2021
5108006,2007623,2021
5108055,502243,2021
5108105,312770,2021
5108204,211334,2021
5108303,504202,2021
5108352,77128,2021
5108402,9916032,2021
5108501,1291884,2021
5108600,879112,2021
5108808,167410,2021
5108857,422820,2021
5108907,1204704,2021
5108956,367193,2021
5200050,353748,2021
5200100,445369,2021
5200134,1051903,2021
5200159,48810,2021
5200175,533256,2021
5200209,63867,2021
5200258,2463488,2021
5200308,1128156,2021
5200506,63743,2021
5200555,1280308,2021
5200605,297039,2021
5200803,173153,2021
5200829,109093,2021
5200852,91419,2021
5200902,118920,2021
5201108,17789474,2021
5201207,21702,2021
5201306,512612,2021
5201405,16981188,2021
5201454,110094,2021
5201504,395754,2021
5201603,73510,2021
5201702,277756,2021
5201801,174344,2021
5202155,180146,2021
5202353,222600,2021
5202502,291985,2021
5202601,81585,2021
5202809,68067,2021
5203104,123257,2021
5203203,1573641,2021
5203302,1481064,2021
5203401,257679,2021
5203500,1229697,2021
5203559,121159,2021
5203575,156648,2021
5203609,93847,2021
5203807,198125,2021
5203906,467748,2021
5203939,56930,2021
5203962,88916,2021
5204003,475971,2021
5204102,281720,2021
5204201,38880,2021
5204250,69505,2021
5204300,912901,2021
5204409,821715,2021
5204508,3001268,2021
5204557,84657,2021
5204607,72754,2021
5204656,110528,2021
5204706,333043,2021
5204805,846766,2021
5204854,165123,2021
5204904,315342,2021
5204953,56359,2021
5205000,488110,2021
5205059,91630,2021
5205109,9916890,2021
5205208,100787,2021
5205307,383048,2021
5205406,734719,2021
5205455,385020,2021
5205471,2188780,2021
5205497,1006341,2021
5205513,436380,2021
5205521,70463,2021
5205703,74387,2021
5205802,260271,2021
5205901,709290,2021
5206206,4602541,2021
5206305,120120,2021
5206404,699386,2021
5206503,99576,2021
5206602,96880,2021
5206701,44989,2021
5206800,52509,2021
5206909,583107,2021
5207105,96859,2021
5207253,400905,2021
5207352,405228,2021
5207402,923375,2021
5207501,74811,2021
5207535,167618,2021
5207600,152416,2021
5207808,272142,2021
5207907,250972,2021
5208004,3248097,2021
5208103,111687,2021
5208152,312545,2021
5208301,91720,2021
5208400,294420,2021
5208509,202210,2021
5208608,1888440,2021
5208707,59870499,2021
5208806,1102805,2021
5208905,763779,2021
5209101,2169650,2021
5209150,169400,2021
5209200,347725,2021
5209291,52186,2021
5209408,86104,2021
5209457,64356,2021
5209606,83890,2021
5209705,1329218,2021
5209804,87757,2021
5209903,226552,2021
5209937,237550,2021
5209952,656345,2021
5210000,1406365,2021
5210109,2429509,2021
5210158,69954,2021
5210208,876399,2021
5210307,71479,2021
5210406,1805075,2021
5210562,98151,2021
5210604,104100,2021
5210802,131521,2021
5210901,547603,2021
5211008,222293,2021
5211206,553625,2021
5211305,324864,2021
5211404,219256,2021
5211503,5324712,2021
5211602,139635,2021
5211701,426843,2021
5211800,919843,2021
5211909,7997057,2021
5212006,83166,2021
5212055,39675,2021
5212105,342155,2021
5212204,693526,2021
5212253,51870,2021
5212303,343236,2021
5212501,5400879,2021
5212600,88307,2021
5212709,107552,2021
5212808,291278,2021
5212907,68550,2021
5212956,170669,2021
5213004,247923,2021
5213053,247572,2021
5213087,1296753,2021
5213103,3288959,2021
5213400,53255,2021
5213509,120282,2021
5213707,498816,2021
5213756,1604454,2021
5213772,108845,2021
5213806,1857571,2021
5213855,54837,2021
5213905,131845,2021
5214002,1025089,2021
5214051,180856,2021
5214101,86431,2021
5214408,276931,2021
5214507,1021269,2021
5214606,1291841,2021
5214705,48893,2021
5214804,71042,2021
5214838,628584,2021
5214861,141181,2021
5214879,61477,2021
5214903,66589,2021
5215009,197285,2021
5215207,85247,2021
5215231,1154253,2021
5215256,160467,2021
5215306,938192,2021
5215405,150022,2021
5215504,765440,2021
5215603,1052238,2021
5215652,173212,2021
5215702,1770858,2021
5215801,55764,2021
5215900,220066,2021
5216007,109643,2021
5216304,236712,2021
5216403,1559971,2021
5216452,708423,2021
5216809,178796,2021
5216908,192761,2021
5217104,1239086,2021
5217203,609418,2021
5217302,640388,2021
5217401,1405175,2021
5217609,1453270,2021
5217708,717261,2021
5218003,1430254,2021
5218052,222488,2021
5218102,367303,2021
5218300,703663,2021
5218391,72101,2021
5218508,2147676,2021
5218607,314517,2021
5218706,83234,2021
5218789,326141,2021
5218805,16307342,2021
5218904,565948,2021
5219001,217582,2021
5219100,154126,2021
5219209,295258,2021
5219258,260186,2021
5219308,1621078,2021
5219357,123191,2021
5219407,204972,2021
5219456,110073,2021
5219506,68318,2021
5219605,87583,2021
5219704,190867,2021
5219712,321015,2021
5219738,154853,2021
5219753,825809,2021
5219803,206273,2021
5219902,130603,2021
5220009,570027,2021
5220058,139629,2021
5220108,1486992,2021
5220157,137418,2021
5220207,691659,2021
5220264,316743,2021
5220280,53464,2021
5220405,1432951,2021
5220454,4765630,2021
5220504,652613,2021
5220603,1315612,2021
5220686,173337,2021
5220702,75928,2021
5221007,89317,2021
5221080,39136,2021
5221197,211092,2021
5221304,63881,2021
5221403,2666874,2021
5221452,70143,2021
5221502,204402,2021
5221551,566499,2021
5221577,77435,2021
5221601,1299993,2021
5221700,294394,2021
5221809,164818,2021
5221858,2964938,2021
5221908,105105,2021
5222005,858016,2021
5222054,480210,2021
5222203,179924,2021
5222302,308035,2021
5300108,286943782,2021
